ID,Title,Year,Age,Rotten Tomatoes,Netflix,Hulu,Prime Video,Disney+,Type,Genre,Country,Language,IMDb,IMDb_ID
1,The Irishman,2019,18+,98/100,1,0,0,0,0,"Biography, Crime, Drama",United States,"English, Italian, Latin, Spanish, German",7.8,tt1302006
2,Dangal,2016,7+,97/100,1,0,0,0,0,"Action, Biography, Drama","India, United States","Hindi, English",8.3,tt5074352
3,David Attenborough: A Life on Our Planet,2020,7+,95/100,1,0,0,0,0,"Documentary, Biography",United Kingdom,English,8.9,tt11989890
4,Lagaan: Once Upon a Time in India,2001,7+,94/100,1,0,0,0,0,"Drama, Musical, Sport","India, United States","Hindi, English",8.1,tt0169102
5,Roma,2018,18+,94/100,1,0,0,0,0,Drama,"Mexico, United States","Spanish, Mixtec, English, Japanese, German, French, Norwegian",7.6,tt6155172
6,To All the Boys I've Loved Before,2018,13+,94/100,1,0,0,0,0,"Comedy, Drama, Romance",United States,English,7.0,tt3846674
7,The Social Dilemma,2020,13+,93/100,1,0,0,0,0,"Documentary, Drama",United States,English,7.6,tt11464826
8,Okja,2017,13+,92/100,1,0,0,0,0,"Action, Adventure, Drama","South Korea, United States","English, Korean, Spanish",7.3,tt3967856
9,The Ballad of Buster Scruggs,2018,16+,92/100,1,0,0,0,0,"Comedy, Drama, Musical",United States,"English, French",7.2,tt6412452
10,The Trial of the Chicago 7,2020,18+,92/100,1,0,0,0,0,"Drama, History, Thriller","United Kingdom, India, United States","English, Latin, French",7.7,tt1070874
11,Article 15,2019,18+,92/100,1,0,0,0,0,"Crime, Drama, Mystery",India,Hindi,8.1,tt10324144
12,"Jim & Andy: The Great Beyond- Featuring a Very Special, Contractually Obligated Mention of Tony Clifton",2017,18+,92/100,1,0,0,0,0,,,,,
13,Dolemite Is My Name,2019,18+,92/100,1,0,0,0,0,"Biography, Comedy, Drama",United States,English,7.2,tt8526872
14,Mudbound,2017,18+,91/100,1,0,0,0,0,"Drama, War",United States,English,7.4,tt2396589
15,Swades,2004,all,91/100,1,0,0,0,0,"Drama, Musical","India, United States","Hindi, English",8.2,tt0367110
16,Fyre,2019,18+,91/100,1,0,0,0,0,"Documentary, Crime, Music",United States,English,7.2,tt9412098
17,Miss Americana,2020,18+,90/100,1,0,0,0,0,"Documentary, Biography, Drama",United States,English,7.4,tt11388580
18,Virunga,2014,16+,90/100,1,0,0,0,0,"Documentary, War","United Kingdom, The Democratic Republic of Congo","English, French, Swahili",8.1,tt3455224
19,Black Friday,2004,18+,90/100,1,0,0,0,0,"Action, Crime, Drama",India,"Hindi, English",8.4,tt0400234
20,Talvar,2015,7+,90/100,1,0,0,0,0,"Crime, Drama, Mystery",India,Hindi,8.1,tt4934950
21,The King,2019,18+,90/100,1,0,0,0,0,"Biography, Drama, History","United Kingdom, Hungary, United States, Australia","English, French, Latin",7.3,tt7984766
22,John Mulaney: Kid Gorgeous at Radio City,2018,18+,89/100,1,0,0,0,0,Comedy,United States,English,7.9,tt8271714
23,I Am Mother,2019,13+,89/100,1,0,0,0,0,"Drama, Mystery, Sci-Fi",Australia,English,6.7,tt6292852
24,Tell Me Who I Am,2019,18+,89/100,1,0,0,0,0,"Documentary, Drama, Mystery",United Kingdom,English,7.6,tt10915286
25,The Departed,2006,18+,89/100,1,0,0,0,0,"Crime, Drama, Thriller","United States, Hong Kong","English, Cantonese",8.5,tt0407887
26,Winter on Fire: Ukraine's Fight for Freedom,2015,16+,89/100,1,0,0,0,0,"Documentary, History","United Kingdom, Ukraine, United States","Ukrainian, Russian, English",8.3,tt4908644
27,Terminator 2: Judgment Day,1991,18+,89/100,1,0,0,0,0,"Action, Adventure, Sci-Fi","United States, France","English, Spanish",8.6,tt0103064
28,I Lost My Body,2019,18+,89/100,1,0,0,0,0,"Animation, Drama, Fantasy","France, United Kingdom, United States",French,7.5,tt9806192
29,Django Unchained,2012,18+,89/100,1,0,0,0,0,"Drama, Western",United States,"English, German, French, Italian",8.5,tt1853728
30,The Half of It,2020,13+,89/100,1,0,0,0,0,"Comedy, Drama",United States,English,6.9,tt9683478
31,The Boy Who Harnessed the Wind,2019,7+,89/100,1,0,0,0,0,"Biography, Drama, History","United Kingdom, Malawi, United States, Kenya","English, Nyanja, Arabic",7.6,tt7533152
32,The Devil All the Time,2020,18+,89/100,1,0,0,0,0,"Crime, Drama, Thriller",United States,English,7.1,tt7395114
33,The Fundamentals of Caring,2016,18+,89/100,1,0,0,0,0,"Comedy, Drama",United States,English,7.3,tt2452386
34,Pieces of a Woman,2020,18+,88/100,1,0,0,0,0,Drama,"Canada, Hungary, United States",English,7.0,tt11161474
35,Gerald's Game,2017,18+,88/100,1,0,0,0,0,"Drama, Horror, Thriller",United States,English,6.5,tt3748172
36,On Body and Soul,2017,,88/100,1,0,0,0,0,"Drama, Fantasy, Mystery",Hungary,Hungarian,7.5,tt5607714
37,Shutter Island,2010,18+,88/100,1,0,0,0,0,"Drama, Mystery, Thriller","Canada, United States","English, German",8.2,tt1130884
38,Always Be My Maybe,2019,13+,88/100,1,0,0,0,0,"Comedy, Romance",United States,English,6.7,tt7374948
39,The Intouchables,2011,7+,88/100,1,0,0,0,0,"Comedy, Drama",France,"French, English",8.5,tt1675434
40,Bill Burr: Paper Tiger,2019,18+,87/100,1,0,0,0,0,Comedy,"United States, United Kingdom",English,8.0,tt10847306
41,Special 26,2013,,87/100,1,0,0,0,0,"Crime, Drama, History",India,Hindi,8.0,tt2377938
42,Kiss the Ground,2020,18+,87/100,1,0,0,0,0,Documentary,United States,English,8.1,tt8618654
43,Crip Camp: A Disability Revolution,2020,18+,87/100,1,0,0,0,0,documentary film,United States,English,9.0,tt8923484
44,Extraction,2020,18+,87/100,1,0,0,0,0,"Action, Crime, Thriller","United States, India, Thailand, Australia, Canada, Bangladesh","English, Hindi, Bengali",6.8,tt8936646
45,No Direction Home: Bob Dylan,2005,all,87/100,1,0,0,0,0,"documentary film, rockumentary","United Kingdom, United States",English,8.4,tt0367555
46,Kabhi Khushi Kabhie Gham,2001,all,87/100,1,0,0,0,0,"Drama, Musical, Romance","India, United Kingdom","Hindi, English, Punjabi, Urdu",7.4,tt0248126
47,His House,2020,16+,87/100,1,0,0,0,0,"Drama, Horror, Thriller","United Kingdom, United States","English, Dinka",6.4,tt8508734
48,Super Deluxe,2019,18+,87/100,1,0,0,0,0,"Comedy, Crime, Drama",India,Tamil,8.2,tt7019942
49,The Guernsey Literary & Potato Peel Pie Society,2018,16+,87/100,1,0,0,0,0,,,,,
50,A Secret Love,2020,18+,87/100,1,0,0,0,0,"Documentary, Biography, Drama",United States,English,7.8,tt3260524
51,The Night Comes for Us,2018,18+,87/100,1,0,0,0,0,"Action, Crime, Thriller","Indonesia, United States","Indonesian, English, Mandarin, French",6.9,tt6116856
52,The Big Lebowski,1998,18+,87/100,1,0,0,0,0,"Comedy, Crime","United Kingdom, United States","English, German, Hebrew, Spanish",8.1,tt0118715
53,Pad Man,2018,13+,87/100,1,0,0,0,0,"Comedy, Drama","India, Hong Kong, United States",Hindi,7.9,tt7218518
54,American Factory,2019,13+,86/100,1,0,0,0,0,Documentary,United States,"English, Mandarin",7.4,tt9351980
55,Bird Box,2018,18+,86/100,1,0,0,0,0,"Horror, Mystery, Sci-Fi",United States,English,6.6,tt2737304
56,The Pianist,2002,18+,86/100,1,0,0,0,0,"Biography, Drama, Music","France, Poland, Germany, United Kingdom, United States","English, German, Russian",8.5,tt0253474
57,3 Idiots,2009,13+,86/100,1,0,0,0,0,"Comedy, Drama",India,"Hindi, English",8.4,tt1187043
58,The Distinguished Citizen,2016,,86/100,1,0,0,0,0,"Comedy, Drama","Argentina, Spain",Spanish,7.5,tt4562518
59,A Shaun the Sheep Movie: Farmageddon,2019,all,86/100,1,0,0,0,0,"Animation, Adventure, Comedy","United Kingdom, France",English,6.8,tt6193408
60,A Clockwork Orange,1971,18+,86/100,1,0,0,0,0,"Crime, Sci-Fi","United Kingdom, United States",English,8.2,tt0066921
61,What Happened to Monday,2017,18+,86/100,1,0,0,0,0,"Action, Crime, Fantasy","United Kingdom, France, United States, Belgium",English,6.8,tt1536537
62,Anthony Jeselnik: Thoughts and Prayers,2015,18+,86/100,1,0,0,0,0,Comedy,United States,English,7.7,tt5087554
63,The White Helmets,2016,16+,86/100,1,0,0,0,0,"Documentary, Short, War",United Kingdom,"Arabic, English",7.5,tt6073176
64,Invader ZIM: Enter the Florpus,2019,7+,86/100,1,0,0,0,0,"Animation, Action, Adventure","South Korea, United States","English, Korean",7.4,tt6739094
65,Happy as Lazzaro,2018,13+,85/100,1,0,0,0,0,"Drama, Fantasy, Mystery","Italy, Switzerland, France, Germany",Italian,7.5,tt6752992
66,Chasing Coral,2017,,85/100,1,0,0,0,0,Documentary,United States,English,8.0,tt6333054
67,Kal Ho Naa Ho,2003,all,85/100,1,0,0,0,0,"Comedy, Drama, Musical",India,"Hindi, English",7.9,tt0347304
68,Pan's Labyrinth,2006,18+,85/100,1,0,0,0,0,"Drama, Fantasy, War","Mexico, Spain",Spanish,8.2,tt0457430
69,Team Foxcatcher,2016,16+,85/100,1,0,0,0,0,"Documentary, Biography, Crime",United States,English,7.2,tt5598216
70,The Meyerowitz Stories (New and Selected),2017,18+,85/100,1,0,0,0,0,comedy drama,United States,English,6.9,tt5536736
71,Casino Royale,2006,13+,85/100,1,0,0,0,0,"Action, Adventure, Thriller","United States, United Kingdom, Czech Republic, Germany, Bahamas, Italy","English, Serbian, German, Italian, French",8.0,tt0381061
72,The Hateful Eight,2015,18+,85/100,1,0,0,0,0,"Crime, Drama, Mystery",United States,"English, Spanish, French, Persian",7.8,tt3460252
73,Rush,2013,18+,84/100,1,0,0,0,0,"Biography, Drama, Sport","United Kingdom, United States","English, German, Italian, French, Japanese, Spanish",8.1,tt1979320
74,Zombieland,2009,18+,84/100,1,0,0,0,0,"Action, Comedy, Horror",United States,"English, Spanish, French",7.5,tt1156398
75,Eurovision Song Contest: The Story of Fire Saga,2020,13+,84/100,1,0,0,0,0,"Comedy, Music","United States, Iceland, Canada","English, Icelandic, Portuguese, French",6.5,tt8580274
76,Kapoor & Sons,2016,13+,84/100,1,0,0,0,0,"Comedy, Crime, Drama",India,Hindi,7.7,tt4900716
77,The Perfection,2018,18+,84/100,1,0,0,0,0,"Drama, Horror, Thriller","United States, Canada","English, Mandarin",6.2,tt7772580
78,Dave Chappelle: Sticks & Stones,2019,18+,84/100,1,0,0,0,0,Comedy,United States,English,8.3,tt10810424
79,There Will Be Blood,2007,18+,84/100,1,0,0,0,0,Drama,United States,"English, American Sign ",8.2,tt0469494
80,Million Dollar Baby,2004,13+,84/100,1,0,0,0,0,"Drama, Sport",United States,"English, Irish Gaelic, German",8.1,tt0405159
81,The Social Network,2010,13+,84/100,1,1,0,0,0,"Biography, Drama",United States,"English, French",7.8,tt1285016
82,The Christmas Chronicles,2018,7+,84/100,1,0,0,0,0,"Adventure, Comedy, Family",United States,"English, Spanish, French, Romanian",7.0,tt2990140
83,Monty Python and the Holy Grail,1975,7+,84/100,1,0,0,0,0,"Adventure, Comedy, Fantasy",United Kingdom,"English, French, Latin, Swedish",8.2,tt0071853
84,The Pixar Story,2007,all,84/100,1,0,0,0,0,Documentary,United States,English,7.7,tt1059955
85,Ma Rainey's Black Bottom,2020,18+,84/100,1,0,0,0,0,"Drama, Music",United States,English,6.9,tt10514222
86,Calibre,2018,18+,84/100,1,0,0,0,0,"Drama, Thriller",United Kingdom,English,6.8,tt6218358
87,Silver Linings Playbook,2012,18+,84/100,1,0,0,0,0,"Comedy, Drama, Romance",United States,"English, Hindi",7.7,tt1045658
88,Over the Moon,2020,7+,84/100,1,0,0,0,0,"Animation, Adventure, Comedy","China, United States",English,6.3,tt7488208
89,"What Happened, Miss Simone?",2015,,84/100,1,0,0,0,0,"Documentary, Biography, Music",United States,"English, French",7.6,tt4284010
90,Nightcrawler,2014,18+,84/100,1,0,0,0,0,"Crime, Drama, Thriller",United States,English,7.8,tt2872718
91,1922,2017,18+,84/100,1,0,0,0,0,"Crime, Drama, Horror","United States, Canada",English,6.2,tt6214928
92,Paddleton,2019,18+,84/100,1,0,0,0,0,"Comedy, Drama",United States,English,7.2,tt8041276
93,Cargo,2017,,84/100,1,0,0,0,0,"Drama, Horror, Sci-Fi","Australia, United States, United Arab Emirates, United Kingdom","English, Aboriginal",6.3,tt3860916
94,Rain Man,1988,18+,83/100,1,0,0,0,0,Drama,United States,"English, Italian",8.0,tt0095953
95,Cuba and the Cameraman,2017,,83/100,1,0,0,0,0,Documentary,United States,"English, Spanish",8.2,tt7320560
96,The Ritual,2017,18+,83/100,1,0,0,0,0,"Horror, Mystery, Thriller","United Kingdom, Canada","English, Swedish",6.4,tt5638642
97,The Hater,2020,18+,83/100,1,0,0,0,0,"Drama, Thriller",Poland,"Polish, English",7.1,tt9506474
98,The Edge of Democracy,2019,16+,83/100,1,0,0,0,0,"Documentary, History","Brazil, United Kingdom","Portuguese, English",7.3,tt6016744
99,22-Jul,2018,18+,83/100,1,0,0,0,0,,,,,
100,Adam Sandler: 100% Fresh,2018,18+,83/100,1,0,0,0,0,"Comedy, Music",United States,English,7.6,tt9036126
101,Guru,2007,13+,83/100,1,0,0,0,0,Drama,India,Hindi,7.7,tt0499375
102,A Twelve-Year Night,2018,18+,83/100,1,0,0,0,0,"Adventure, Biography, Crime","Uruguay, Spain, Argentina, France, Germany",Spanish,7.5,tt6792282
103,Dumplin',2018,13+,83/100,1,0,0,0,0,"Comedy, Drama",United States,English,6.5,tt4878482
104,The Conjuring,2013,18+,83/100,1,0,0,0,0,"Horror, Mystery, Thriller",United States,"English, Latin",7.5,tt1457767
105,Marriage Story,2019,18+,83/100,1,0,0,0,0,"Drama, Romance","United Kingdom, United States","English, Spanish",7.9,tt7653254
106,My Octopus Teacher,2020,all,83/100,1,0,0,0,0,"Documentary, Drama",South Africa,English,8.1,tt12888462
107,About Time,2013,13+,83/100,1,0,0,0,0,"Comedy, Drama, Fantasy","United Kingdom, United States",English,7.8,tt2194499
108,Hey Arnold! The Jungle Movie,2017,7+,83/100,1,1,0,0,0,,,,,
109,Kung Fu Panda,2008,7+,83/100,1,0,0,0,0,"Animation, Action, Adventure","United States, Japan, China, Russia","English, Japanese, Chinese",7.6,tt0441773
110,Superbad,2007,18+,83/100,1,0,0,0,0,Comedy,United States,English,7.6,tt0829482
111,The Invisible Guest,2016,18+,83/100,1,0,0,0,0,"Crime, Drama, Mystery",Spain,"Spanish, English",8.0,tt4857264
112,Chinatown,1974,18+,82/100,1,0,0,0,0,"Drama, Mystery, Thriller",United States,"English, Cantonese, Spanish",8.1,tt0071315
113,Mystic River,2003,18+,82/100,1,0,0,0,0,"Crime, Drama, Mystery","United States, Australia",English,7.9,tt0327056
114,The Theory of Everything,2014,13+,82/100,1,0,0,0,0,"Biography, Drama, Romance","United Kingdom, Japan, United States","English, French, Ukrainian",7.7,tt2980516
115,Springsteen On Broadway,2018,,82/100,1,0,0,0,0,"Documentary, Music",United States,English,8.5,tt8716334
116,The Life Ahead,2020,13+,82/100,1,0,0,0,0,Drama,Italy,"Italian, Spanish, Hebrew, Romanian",6.8,tt10627584
117,The Terminal,2004,13+,82/100,1,0,1,0,0,"Comedy, Drama, Romance",United States,"English, Bulgarian, Spanish, Russian, Mandarin, German, French",7.4,tt0362227
118,Scott Pilgrim vs. the World,2010,13+,82/100,1,0,0,0,0,"Action, Comedy, Fantasy","United States, United Kingdom, Canada, Japan",English,7.5,tt0446029
119,Being Elmo: A Puppeteer's Journey,2011,7+,82/100,1,0,0,0,0,"Documentary, Biography",United States,English,7.6,tt1787660
120,Life of Brian,1979,18+,82/100,1,0,0,0,0,Comedy,United Kingdom,"English, Latin",8.0,tt0079470
121,The Resistance Banker,2018,18+,82/100,1,0,0,0,0,"Biography, Drama, War","Netherlands, Belgium",Dutch,6.9,tt4610378
122,How to Train Your Dragon 2,2014,7+,82/100,1,0,0,0,0,"Animation, Action, Adventure","United States, India",English,7.8,tt1646971
123,The Endless Trench,2019,,82/100,1,0,0,0,0,"Drama, History","Spain, France, Canada",Spanish,7.2,tt7937168
124,Even the Rain,2010,,82/100,1,0,0,0,0,"Drama, History","Spain, Mexico, France","Spanish, Quechua, English",7.4,tt1422032
125,Love Actually,2003,18+,82/100,1,0,0,0,0,"Comedy, Drama, Romance","United Kingdom, France, United States","English, Portuguese, French",7.5,tt0314331
126,Dear Ex,2018,18+,82/100,1,0,0,0,0,"Comedy, Drama, Romance",Taiwan,Mandarin,7.3,tt8443704
127,Braven,2018,18+,82/100,1,0,0,0,0,"Action, Thriller","Canada, United States",English,5.9,tt5001754
128,Period. End of Sentence.,2018,,82/100,1,0,0,0,0,"Documentary, Short",United States,"Hindi, English",7.4,tt6939026
129,Captain Fantastic,2016,18+,82/100,1,0,0,0,0,"Comedy, Drama",United States,"English, Esperanto, German, Chinese",7.8,tt3553976
130,Veronica,2017,18+,81/100,1,0,0,0,0,"Horror, Mystery",Spain,Spanish,6.2,tt5862312
131,The Siege of Jadotville,2016,,81/100,1,0,0,0,0,"Action, Drama, Thriller","Ireland, South Africa","English, Irish Gaelic, French, Spanish",7.2,tt3922798
132,Into the Inferno,2016,,81/100,1,0,0,0,0,Documentary,"United Kingdom, Germany, Canada",English,7.2,tt4846318
133,Ricky Gervais: Humanity,2018,18+,81/100,1,0,0,0,0,Comedy,United Kingdom,English,8.0,tt7830574
134,A Whisker Away,2020,7+,81/100,1,0,0,0,0,"Animation, Adventure, Drama",Japan,Japanese,6.7,tt11958344
135,Lady Bird,2017,18+,81/100,1,0,0,0,0,"Comedy, Drama",United States,"English, Spanish",7.4,tt4925292
136,Road to Perdition,2002,18+,81/100,1,0,0,0,0,"Crime, Drama, Thriller",United States,English,7.6,tt0257044
137,Boogie Nights,1997,18+,81/100,1,0,0,0,0,Drama,United States,English,7.9,tt0118749
138,Total Recall,1990,16+,81/100,1,0,0,0,0,"Action, Adventure, Sci-Fi","United States, Mexico, Netherlands",English,7.5,tt0100802
139,Bo Burnham: Inside,2021,18+,81/100,1,0,0,0,0,"Documentary, Comedy, Drama",United States,English,8.6,tt14544192
140,Snowpiercer,2013,18+,81/100,1,0,0,0,0,"Action, Sci-Fi, Thriller","South Korea, Czech Republic","English, Korean, French, Japanese, Czech, German",7.1,tt1706620
141,Circus of Books,2019,,81/100,1,0,0,0,0,"Documentary, Biography, History",United States,English,7.1,tt8727582
142,Tallulah,2016,,81/100,1,0,0,0,0,"Comedy, Drama, Romance",United States,English,6.7,tt1639084
143,The Conjuring 2,2016,18+,81/100,1,0,0,0,0,"Horror, Mystery, Thriller","Canada, United States, United Kingdom",English,7.3,tt3065204
144,They'll Love Me When I'm Dead,2018,18+,81/100,1,0,0,0,0,"Documentary, Biography",United States,English,7.4,tt6893836
145,Nocturnal Animals,2016,18+,81/100,1,0,0,0,0,"Drama, Thriller","United States, China",English,7.4,tt4550098
146,Get Me Roger Stone,2017,16+,81/100,1,0,0,0,0,"Documentary, Biography",United States,English,7.3,tt6714534
147,Hachi: A Dog's Tale,2009,all,81/100,1,0,0,0,0,"Biography, Drama, Family","United Kingdom, United States","English, Japanese",8.1,tt1028532
148,Dances with Wolves,1990,13+,80/100,1,0,0,0,0,"Adventure, Drama, Western","United States, United Kingdom","English, Sioux, Pawnee",8.0,tt0099348
149,Udta Punjab,2016,18+,80/100,1,0,0,0,0,"Action, Crime, Drama",India,Hindi,7.7,tt4434004
150,Bareilly's Barfi,2017,,80/100,1,0,0,0,0,,,,,
151,Divines,2016,,80/100,1,0,0,0,0,"Crime, Drama","France, Qatar",French,7.3,tt4730986
152,Maktub,2017,7+,80/100,1,0,0,0,0,"Comedy, Drama",Israel,Hebrew,7.2,tt7252000
153,Ittefaq,2017,7+,80/100,1,0,0,0,0,"Mystery, Thriller",India,Hindi,7.2,tt6692354
154,Hannah Gadsby: Nanette,2018,18+,80/100,1,0,0,0,0,"Documentary, Comedy",Australia,English,8.1,tt8465676
155,Ali Wong: Hard Knock Wife,2018,18+,80/100,1,0,0,0,0,Comedy,United States,English,7.3,tt7410684
156,Seven Pounds,2008,13+,80/100,1,0,1,0,0,"Drama, Mystery, Thriller",United States,"English, Spanish",7.6,tt0814314
157,Uncut Gems,2019,18+,80/100,1,0,0,0,0,"Crime, Drama, Thriller",United States,"English, Hebrew",7.4,tt5727208
158,The Kindergarten Teacher,2018,18+,80/100,1,0,0,0,0,"Drama, Thriller","United States, Israel, United Kingdom, Canada",English,6.7,tt6952960
159,Les Misérables,2012,13+,80/100,1,0,1,0,0,"Drama, Musical, Romance","United Kingdom, United States",English,7.5,tt1707386
160,The Sky Is Pink,2019,,80/100,1,0,0,0,0,"Drama, Romance","India, United Kingdom, Canada, United States, China",Hindi,7.6,tt8902990
161,Next Gen,2018,7+,80/100,1,0,0,0,0,"Animation, Action, Adventure","China, Canada, United States","English, Mandarin",6.6,tt7133686
162,Tom Segura: Disgraceful,2018,13+,80/100,1,0,0,0,0,Comedy,United States,English,7.5,tt7379330
163,My Happy Family,2017,,80/100,1,0,0,0,0,Drama,"Georgia, Germany, France",Georgian,7.4,tt5791536
164,The American Meme,2018,,80/100,1,0,0,0,0,Documentary,United States,English,6.1,tt8106160
165,Badla,2019,7+,80/100,1,0,0,0,0,"Crime, Drama, Mystery",India,"Hindi, English",7.7,tt8130968
166,Okko's Inn,2018,7+,80/100,1,0,0,0,0,"Animation, Adventure, Drama",Japan,"Japanese, English",7.1,tt8328740
167,The Willoughbys,2020,7+,80/100,1,0,0,0,0,"Animation, Adventure, Comedy","Canada, United States, United Kingdom",English,6.4,tt5206260
168,Hunt for the Wilderpeople,2016,13+,80/100,1,1,0,0,0,"Adventure, Comedy, Drama",New Zealand,English,7.8,tt4698684
169,Stardust,2007,13+,79/100,1,0,0,0,0,"Adventure, Fantasy, Romance","Iceland, United Kingdom, United States",English,7.6,tt0486655
170,Wheelman,2017,18+,79/100,1,0,0,0,0,"Action, Thriller",United States,English,6.4,tt5723286
171,The Artist,2011,13+,79/100,1,1,0,0,0,"Comedy, Drama, Romance","France, Belgium, United States","English, French",7.8,tt1655442
172,On My Skin,2018,18+,79/100,1,0,0,0,0,"Biography, Drama",Italy,Italian,7.3,tt7121252
173,Gaga: Five Foot Two,2017,18+,79/100,1,0,0,0,0,"Documentary, Music",United States,English,7.0,tt7291268
174,Hugo,2011,7+,79/100,1,0,0,0,0,"Adventure, Drama, Family","United Kingdom, United States",English,7.5,tt0970179
175,The Impossible,2012,13+,79/100,1,0,0,0,0,"Drama, History, Thriller","Spain, Thailand, United States","English, Thai, German, Swedish, Spanish",7.5,tt1649419
176,War Dogs,2016,18+,79/100,1,0,0,0,0,"Biography, Comedy, Crime","United States, Romania","English, Arabic, Albanian, Romanian",7.1,tt2005151
177,Ip Man,2008,18+,79/100,1,0,0,0,0,"Action, Biography, Drama","Hong Kong, China","Cantonese, Mandarin, Japanese, Chinese, English",8.0,tt1220719
178,The Speed Cubers,2020,,79/100,1,0,0,0,0,"Documentary, Short, Sport",United States,English,7.4,tt12038300
179,Kung Fu Panda 2,2011,7+,79/100,1,0,0,0,0,"Animation, Action, Adventure",United States,English,7.3,tt1302011
180,The Dirt,2019,18+,79/100,1,0,0,0,0,"Biography, Comedy, Drama",United States,English,7.0,tt0800325
181,Andhadhun,2018,,79/100,1,0,0,0,0,"Crime, Mystery, Thriller",India,"Hindi, English",8.2,tt8108198
182,Atlantics,2019,13+,79/100,1,0,0,0,0,"Drama, Fantasy, Mystery","France, Senegal, Belgium","Wolof, French, Arabic, English",6.7,tt10199586
183,37 Seconds,2019,,79/100,1,0,0,0,0,Drama,Japan,"Japanese, Thai",7.4,tt6156138
184,El Camino: A Breaking Bad Movie,2019,18+,79/100,1,0,0,0,0,"Documentary, Short",United States,English,7.1,tt11151792
185,Underworld,2003,18+,79/100,1,1,1,0,0,"Action, Fantasy, Thriller","United States, United Kingdom, Germany, Hungary",English,7.0,tt0320691
186,The Ring,2002,13+,79/100,1,0,1,0,0,"Horror, Mystery","United States, Japan",English,7.1,tt0298130
187,Hold the Dark,2018,,79/100,1,0,0,0,0,"Action, Crime, Drama",United States,English,5.7,tt5057140
188,The Karate Kid,1984,7+,79/100,1,0,0,0,0,"Action, Drama, Family",United States,"English, Japanese",7.3,tt0087538
189,Quincy,2018,18+,79/100,1,0,0,0,0,"Documentary, Biography",United States,English,7.6,tt7440432
190,The Patriot,2000,18+,79/100,1,0,0,0,0,"Action, Drama, War","Germany, United States","English, French",7.2,tt0187393
191,Get In,2019,18+,79/100,1,0,0,0,0,"Drama, Horror, Thriller","France, Belgium",French,5.6,tt8246392
192,ZZ Top: That Little Ol' Band From Texas,2019,,79/100,1,0,0,0,0,"Documentary, Biography, Music","United Kingdom, Canada, United States",English,7.5,tt9015306
193,Jerry Before Seinfeld,2017,16+,79/100,1,0,0,0,0,Comedy,United States,English,7.0,tt7310906
194,Mike Birbiglia: The New One,2019,,78/100,1,0,0,0,0,Comedy,United States,English,7.7,tt11163014
195,A Silent Voice: The Movie,2016,13+,78/100,1,0,0,0,0,"Animation, Drama",Japan,"Japanese, Japanese Sign , English",8.2,tt5323662
196,Klaus,2019,7+,78/100,1,0,0,0,0,"Animation, Adventure, Comedy","Spain, United Kingdom, United States, Austria, Canada, France","English, Saami",8.2,tt4729430
197,Snowden,2016,18+,78/100,1,0,0,0,0,"Biography, Crime, Drama","United States, Germany, France","English, American Sign , Russian",7.3,tt3774114
198,"Nick Kroll & John Mulaney: Oh, Hello on Broadway",2017,18+,78/100,1,0,0,0,0,,,,,
199,What's Eating Gilbert Grape,1993,13+,78/100,1,0,0,0,0,Drama,United States,English,7.7,tt0108550
200,The Da Vinci Code,2006,13+,78/100,1,1,0,0,0,"Mystery, Thriller","United States, Malta, France, United Kingdom","English, French, Latin, Spanish",6.6,tt0382625
201,Stranger Than Fiction,2006,13+,78/100,1,0,0,0,0,"Comedy, Drama, Fantasy","United States, United Kingdom",English,7.5,tt0420223
202,Don 2,2011,,78/100,1,0,0,0,0,"Action, Crime, Thriller","India, Germany",Hindi,7.1,tt1285241
203,Elena,2013,,78/100,1,0,0,0,0,"Short, Action, Fantasy",Russia,Russian,,tt7108790
204,Real Steel,2011,13+,78/100,1,0,0,0,0,"Action, Drama, Sci-Fi","United States, India","English, Ukrainian",7.1,tt0433035
205,The Founder,2017,13+,78/100,1,0,0,0,0,"biographical film, drama film",United States,English,7.0,tt4276820
206,Stargate,1994,13+,78/100,1,0,0,0,0,"Action, Adventure, Sci-Fi","France, United States","English, Norwegian, Swedish, Egyptian (Ancient), Arabic",7.0,tt0111282
207,Shirkers,2018,,78/100,1,0,0,0,0,Documentary,"United States, United Kingdom",English,7.3,tt7472352
208,Chef,2014,18+,78/100,1,0,0,0,0,"Adventure, Comedy, Drama",United States,"English, Spanish",7.3,tt2883512
209,Fire in the Blood,2013,,78/100,1,0,0,0,0,"Documentary, History",India,"English, Hindi, Manipuri, Xhosa",7.7,tt1787067
210,Austin Powers: International Man of Mystery,1997,13+,78/100,1,0,0,0,0,"Adventure, Comedy","Germany, United States",English,7.0,tt0118655
211,Miles Davis: Birth of the Cool,2019,,78/100,1,0,0,0,0,"Documentary, Biography, Music",United States,"English, French",7.5,tt1305619
212,Insidious,2010,13+,78/100,1,0,0,0,0,"Horror, Mystery, Thriller","United States, Canada",English,6.8,tt1591095
213,Screwball,2019,,78/100,1,0,0,0,0,documentary film,United States,English,9.0,tt8819596
214,The Old Guard,2020,18+,78/100,1,0,0,0,0,"Action, Thriller","United States, United Kingdom, Morocco","English, Arabic, French, Italian",6.7,tt7556122
215,Rango,2011,7+,78/100,1,0,0,0,0,"Animation, Action, Adventure","United States, United Kingdom",English,7.3,tt1192628
216,Before I Wake,2016,13+,78/100,1,0,0,0,0,"Drama, Fantasy, Horror",United States,English,6.2,tt3174376
217,The Disaster Artist,2017,18+,78/100,1,0,0,0,0,"Biography, Comedy, Drama",United States,English,7.3,tt3521126
218,Fruitvale Station,2013,18+,77/100,1,0,0,0,0,"Biography, Crime, Drama",United States,"English, Spanish",7.5,tt2334649
219,The Florida Project,2017,18+,77/100,1,0,0,0,0,Drama,United States,"English, Spanish, Portuguese",7.6,tt5649144
220,Behind the Curve,2018,16+,77/100,1,0,0,0,0,Documentary,United States,English,6.5,tt8132700
221,Lawless,2012,18+,77/100,1,0,0,0,0,"Biography, Crime, Drama",United States,English,7.2,tt1212450
222,Errementari: The Blacksmith and the Devil,2018,18+,77/100,1,0,0,0,0,"fantasy film, horror film",Spain,Alavese Basque,8.0,tt5592878
223,Audrie & Daisy,2016,,77/100,1,0,0,0,0,"Documentary, Crime",United States,English,7.2,tt5278460
224,Quantum of Solace,2008,13+,77/100,1,0,0,0,0,"Action, Adventure, Mystery","United Kingdom, United States, Italy","English, Spanish, Italian, French, Swiss German, German",6.5,tt0830515
225,The Master,2012,18+,77/100,1,0,0,0,0,Drama,United States,"English, Filipino",7.1,tt1560747
226,Layer Cake,2004,18+,77/100,1,0,0,0,0,"Crime, Drama, Thriller","United Kingdom, United States","English, Romanian",7.2,tt0375912
227,Flipped,2010,7+,77/100,1,0,0,0,0,"Comedy, Drama, Romance",United States,English,7.7,tt0817177
228,Steve Martin and Martin Short: An Evening You Will Forget for the Rest of Your Life,2018,16+,77/100,1,0,0,0,0,Comedy,United States,English,7.1,tt8075256
229,Friends with Benefits,2011,18+,77/100,1,1,0,0,0,"Comedy, Romance",United States,English,6.5,tt1632708
230,Tig,2015,,77/100,1,0,0,0,0,"Documentary, Biography",United States,English,7.4,tt3986532
231,Roll Red Roll,2019,,77/100,1,0,0,0,0,documentary film,United States,English,10.0,tt8092888
232,Enola Holmes,2020,13+,77/100,1,0,0,0,0,"Adventure, Crime, Drama",United States,English,6.6,tt7846844
233,PK,2015,13+,77/100,1,0,0,0,0,"Short, Sport",Canada,English,,tt5172972
234,Good Time,2017,18+,77/100,1,0,0,0,0,"Crime, Drama, Thriller",United States,English,7.3,tt4846232
235,The Next Three Days,2010,13+,77/100,1,0,0,0,0,"Action, Crime, Drama","United States, France",English,7.3,tt1458175
236,Miracle in Cell No. 7,2019,16+,77/100,1,0,0,0,0,Drama,Turkey,Turkish,8.2,tt10431500
237,Like Stars on Earth,2007,7+,77/100,1,0,0,0,0,"Drama, Family",India,"Hindi, English",8.3,tt0986264
238,Trixie Mattel: Moving Parts,2019,,77/100,1,0,0,0,0,Documentary,United States,English,7.3,tt10011508
239,Talaash,2012,,77/100,1,0,0,0,0,"Crime, Drama, Mystery",India,Hindi,7.2,tt1787988
240,Evelyn,2019,,77/100,1,0,0,0,0,"Animation, Short",United States,English,,tt9252244
241,I Am Sam,2001,13+,77/100,1,0,0,0,0,Drama,United States,English,7.6,tt0277027
242,In the Shadow of the Moon,2019,18+,77/100,1,0,0,0,0,"Action, Crime, Mystery","United States, Canada",English,6.2,tt8110640
243,Neon Genesis Evangelion: The End of Evangelion,1997,18+,77/100,1,0,0,0,0,"Animation, Action, Drama",Japan,Japanese,8.1,tt0169858
244,Memoirs of a Geisha,2005,13+,76/100,1,0,0,0,0,"Drama, Romance",United States,"English, Japanese",7.3,tt0397535
245,Mad Max,1979,18+,76/100,1,0,0,0,0,"Action, Adventure, Sci-Fi",Australia,English,6.8,tt0079501
246,John Leguizamo's Latin History for Morons,2018,7+,76/100,1,0,0,0,0,Comedy,United States,English,7.4,tt9777830
247,And Breathe Normally,2018,16+,76/100,1,0,0,0,0,Drama,"Iceland, Sweden, Belgium","Icelandic, English",6.9,tt6776106
248,The Killing of a Sacred Deer,2017,18+,76/100,1,0,0,0,0,"Drama, Horror, Mystery","Ireland, United Kingdom, United States","English, French",7.0,tt5715874
249,Angels & Demons,2009,13+,76/100,1,1,0,0,0,"Mystery, Thriller","United States, Italy","English, Italian, Latin, French, Swiss German, German, Chinese, Spanish, Polish",6.7,tt0808151
250,Smoke & Mirrors,2016,,76/100,1,0,0,0,0,"Biography, Thriller",Spain,"Spanish, French, English",6.8,tt1713440
251,Bright,2017,18+,76/100,1,0,0,0,0,"Action, Fantasy, Thriller","United States, Canada, Australia, Mexico, India","English, Spanish",6.3,tt5519340
252,Yes Man,2008,13+,76/100,1,0,0,0,0,"Comedy, Romance","United States, United Kingdom","English, Korean",6.8,tt1068680
253,Murder Mystery,2019,13+,76/100,1,0,0,0,0,"Crime, Mystery, Romance","United States, Italy, Canada","English, French, Latin, Spanish",6.1,tt1618434
254,Pink,2016,,76/100,1,0,0,0,0,"Crime, Drama, Thriller",India,Hindi,8.0,tt5571734
255,The Photographer of Mauthausen,2018,18+,76/100,1,0,0,0,0,"Biography, Drama, History",Spain,"Spanish, German",6.7,tt6704776
256,Midnight Run,1988,18+,76/100,1,0,0,0,0,"Action, Comedy, Crime",United States,English,7.5,tt0095631
257,Flavors of Youth,2018,13+,76/100,1,0,0,0,0,"Animation, Drama, Romance","China, Japan","Mandarin, English, Chinese, Shanghainese, Japanese, Cantonese",6.6,tt8176578
258,13th,2016,18+,76/100,1,0,0,0,0,"Documentary, Crime, History",United States,English,8.2,tt5895028
259,Ravenous,2017,18+,76/100,1,0,0,0,0,"Action, Adventure, Drama",Canada,French,5.8,tt6243140
260,Austin Powers: The Spy Who Shagged Me,1999,13+,76/100,1,0,0,0,0,"Action, Adventure, Comedy",United States,"English, German",6.7,tt0145660
261,The Life of David Gale,2003,18+,76/100,1,0,0,0,0,"Crime, Drama, Mystery","United Kingdom, Germany, United States","English, Spanish",7.5,tt0289992
262,Tramps,2016,,76/100,1,0,0,0,0,"Adventure, Romance",United States,"English, Polish",6.5,tt4991512
263,The Girl Next Door,2004,18+,76/100,1,0,0,0,0,"Comedy, Drama, Romance",United States,English,6.7,tt0265208
264,The Two Popes,2019,13+,76/100,1,0,0,0,0,"Biography, Drama","United Kingdom, Italy, Argentina, United States, Brazil","English, Spanish, Italian, Latin, Portuguese, French, German",7.6,tt8404614
265,The Wandering Earth,2019,13+,76/100,1,0,0,0,0,"Action, Adventure, Sci-Fi",China,Mandarin,5.9,tt7605074
266,Just Another Love Story,2007,,76/100,1,0,0,0,0,"Crime, Drama, Thriller",Denmark,Danish,7.1,tt1024942
267,Eye for an Eye,2019,18+,76/100,1,0,0,0,0,"Crime, Drama, Thriller","Spain, France, United States",Spanish,6.6,tt7967412
268,Patton Oswalt: Annihilation,2017,,76/100,1,0,0,0,0,Comedy,United States,English,7.2,tt7026230
269,Joan Didion: The Center Will Not Hold,2017,,76/100,1,0,0,0,0,"Documentary, Biography",United States,English,7.5,tt7253506
270,Steve Jobs,2015,18+,76/100,1,0,0,0,0,"Biography, Drama","United Kingdom, Japan, United States","English, Ukrainian",7.2,tt2080374
271,White Fang,2018,7+,76/100,1,0,0,1,0,"Animation, Adventure, Drama","France, Luxembourg, United States","French, English",6.9,tt5222768
272,A Monster Calls,2016,13+,76/100,1,0,0,0,0,"Adventure, Drama, Family","United States, Spain, United Kingdom",English,7.4,tt3416532
273,Olympus Has Fallen,2013,18+,76/100,1,0,0,0,0,"Action, Thriller",United States,"English, Korean",6.5,tt2302755
274,Talladega Nights: The Ballad of Ricky Bobby,2006,13+,76/100,1,0,0,0,0,"Comedy, Sport",United States,"English, French",6.6,tt0415306
275,The Time Traveler's Wife,2009,13+,76/100,1,0,0,0,0,"Drama, Fantasy, Romance",United States,"English, German",7.1,tt0452694
276,State of Play,2009,13+,76/100,1,0,0,0,0,"Crime, Drama, Mystery","United Kingdom, France, United States","English, Cantonese, Irish Gaelic",7.1,tt0473705
277,The Outlaw Josey Wales,1976,7+,76/100,1,0,0,0,0,"Drama, Western",United States,"English, Navajo, Spanish",7.8,tt0075029
278,The Bank Job,2008,18+,76/100,1,0,0,0,0,"Crime, Thriller","United Kingdom, United States, Australia","English, Latin",7.2,tt0200465
279,Miss Sloane,2016,18+,76/100,1,0,0,0,0,Drama,"United Kingdom, France, Canada, United States",English,7.5,tt4540710
280,Unknown,2011,13+,75/100,1,0,0,0,0,"Action, Mystery, Thriller","United States, Germany, United Kingdom, France, Japan, Canada","English, German, Turkish, Arabic",6.8,tt1401152
281,6 Underground,2019,18+,75/100,1,0,0,0,0,"Action, Thriller","United States, Canada, United Arab Emirates, Italy, Hungary","English, Turkmen, Cantonese, Italian, Spanish, Ukrainian, French",6.1,tt8106534
282,Uncorked,2020,13+,75/100,1,0,0,0,0,Drama,"United States, France","English, French",6.4,tt9261218
283,Petta,2019,,75/100,1,0,0,0,0,"Action, Drama",India,Tamil,7.1,tt8959820
284,Justin Timberlake + The Tennessee Kids,2016,,75/100,1,0,0,0,0,"Documentary, Music",United States,English,7.6,tt5001772
285,My Fair Lady,1964,all,75/100,1,0,0,0,0,"Drama, Family, Musical",United States,English,7.7,tt0058385
286,"Bikram: Yogi, Guru, Predator",2019,18+,75/100,1,0,0,0,0,"Documentary, Crime",United States,English,6.7,tt10883004
287,A Futile and Stupid Gesture,2018,18+,75/100,1,0,0,0,0,"Biography, Comedy",United States,English,6.7,tt5566790
288,The Dig,2021,13+,75/100,1,0,0,0,0,"Biography, Drama, History","United Kingdom, United States",English,7.1,tt3661210
289,Legally Blonde,2001,13+,75/100,1,0,0,0,0,"Comedy, Romance",United States,"English, Vietnamese",6.5,tt0250494
290,Legend,2015,18+,75/100,1,0,0,0,0,"Biography, Crime, Drama","United Kingdom, France, United States",English,6.9,tt3569230
291,Notes on Blindness,2016,,75/100,1,0,0,0,0,"Documentary, Drama",United Kingdom,English,7.0,tt5117222
292,When We First Met,2018,16+,75/100,1,0,0,0,0,"Comedy, Fantasy, Romance",United States,"English, Mandarin",6.4,tt5783956
293,Best Worst Thing That Ever Could Have Happened...,2016,,75/100,1,0,0,0,0,Documentary,United States,English,7.6,tt3282712
294,Imperial Dreams,2014,,75/100,1,0,0,0,0,Drama,United States,English,6.7,tt3331028
295,Black Mirror: Bandersnatch,2018,18+,75/100,1,0,0,0,0,"Drama, Fantasy, Mystery","United Kingdom, United States",English,7.1,tt9495224
296,Queen,2013,13+,75/100,1,0,0,0,0,"Adventure, Comedy, Drama",India,Hindi,8.1,tt3322420
297,Joshua: Teenager vs. Superpower,2017,16+,75/100,1,0,0,0,0,Documentary,United States,"English, Cantonese",7.3,tt6333072
298,Air Force One,1997,18+,75/100,1,0,0,0,0,"Action, Crime, Drama",United States,"English, Russian",6.5,tt0118571
299,Shot Caller,2017,18+,75/100,1,0,0,0,0,"Crime, Drama, Thriller",United States,English,7.3,tt4633690
300,What Dreams May Come,1998,13+,75/100,1,0,0,0,0,"Drama, Fantasy, Romance","New Zealand, United States",English,7.0,tt0120889
301,Angel Has Fallen,2019,18+,75/100,1,0,0,0,0,"Action, Thriller","United States, United Kingdom, Portugal, Canada, Bulgaria",English,6.4,tt6189022
302,Crimson Peak,2015,18+,75/100,1,0,0,0,0,"Drama, Horror, Mystery","Mexico, United States",English,6.5,tt2554274
303,Lemony Snicket's A Series of Unfortunate Events,2004,7+,75/100,1,0,0,0,0,"teen film, comedy film, fantasy film, adventure film","France, United States",English,7.0,tt0339291
304,The Red Sea Diving Resort,2019,18+,75/100,1,0,0,0,0,"Drama, History, Thriller","Canada, United States","English, Amharic",6.6,tt4995776
305,The Angel,2018,18+,75/100,1,0,0,0,0,"Action, Biography, Drama","Israel, United Kingdom, Egypt","English, Hebrew, Arabic, Italian",6.7,tt5968274
306,Army of the Dead,2021,18+,75/100,1,0,0,0,0,"Action, Adventure, Crime",United States,"English, Spanish, German, French, Bable, Polish",5.8,tt0993840
307,Madagascar 3: Europe's Most Wanted,2012,7+,75/100,1,0,0,0,0,"Animation, Adventure, Comedy",United States,"English, Spanish",6.8,tt1277953
308,Icarus,2017,18+,75/100,1,0,0,0,0,"Documentary, Sport","United States, United Kingdom","English, Russian",7.9,tt6333060
309,Collateral Beauty,2016,13+,75/100,1,0,0,0,0,"Drama, Romance",United States,English,6.8,tt4682786
310,The Danish Girl,2015,18+,75/100,1,0,0,0,0,"Biography, Drama","United Kingdom, United States, Germany, Denmark, Belgium, Japan","English, French, German, Ukrainian",7.1,tt0810819
311,Green Zone,2010,18+,75/100,1,0,1,0,0,"Action, Drama, Thriller","United Kingdom, France, Spain, Japan, United States","English, Arabic",6.8,tt0947810
312,John Mulaney: New in Town,2012,18+,75/100,1,0,0,0,0,Comedy,United States,English,8.2,tt2246779
313,Strong Island,2017,,75/100,1,0,0,0,0,"Documentary, Crime","United States, Denmark",English,6.4,tt5873150
314,The White Tiger,2021,18+,75/100,1,0,0,0,0,"Crime, Drama","India, United States","Hindi, English",7.1,tt6571548
315,Defiance,2008,18+,75/100,1,0,0,0,0,"Action, Drama, History",United States,"English, German, Russian",7.1,tt1034303
316,A Fortunate Man,2018,16+,75/100,1,0,0,0,0,"Drama, Romance",Denmark,"Danish, German",7.2,tt8436026
317,The Death of Stalin,2017,18+,75/100,1,0,0,0,0,"Comedy, Drama, History","France, United Kingdom, Belgium, Canada",English,7.3,tt4686844
318,2012,2009,13+,75/100,1,1,0,0,0,"Action, Adventure, Sci-Fi",United States,"English, French, Tibetan, Mandarin, Russian, Hindi, Portuguese, Latin, Italian, Spanish",5.8,tt1190080
319,Underworld: Awakening,2012,18+,74/100,1,1,0,0,0,"Action, Fantasy, Horror","United States, Canada","English, Russian",6.3,tt1496025
320,Philomena,2013,13+,74/100,1,0,0,0,0,"Biography, Comedy, Drama","United Kingdom, France, United States",English,7.6,tt2431286
321,Sanju,2018,18+,74/100,1,0,0,0,0,"Biography, Comedy, Drama",India,Hindi,7.6,tt6452574
322,Nappily Ever After,2018,18+,74/100,1,0,0,0,0,"Comedy, Drama, Romance",United States,English,6.4,tt0365545
323,I Care a Lot,2021,18+,74/100,1,0,0,0,0,"comedy film, crime film, thriller film",United States,English,,tt22606428
324,The Butler,2013,13+,74/100,1,0,0,0,0,"Biography, Drama",United States,English,7.2,tt1327773
325,Qarib Qarib Singlle,2017,,74/100,1,0,0,0,0,"drama film, romantic comedy",India,Hindi,8.0,tt7399470
326,A Single Man,2009,18+,74/100,1,0,0,0,0,"Drama, Romance, Thriller",United States,"English, Spanish",7.5,tt1315981
327,Home,2015,7+,74/100,1,0,1,0,0,"Animation, Adventure, Comedy","United States, India","English, French",6.5,tt2224026
328,Zack and Miri Make a Porno,2008,18+,74/100,1,1,1,0,0,"Comedy, Romance",United States,English,6.5,tt1007028
329,Seeing Allred,2018,16+,74/100,1,0,0,0,0,"Documentary, Biography",United States,English,7.3,tt7689924
330,Dostana,2008,13+,74/100,1,0,0,0,0,"Comedy, Drama, Romance","India, United States","Hindi, English",6.4,tt1185420
331,Remember Me,2010,13+,74/100,1,0,0,0,0,"Drama, Romance",United States,"English, Chinese",7.1,tt1403981
332,Underworld: Rise of the Lycans,2009,18+,74/100,1,0,0,0,0,"Action, Fantasy, Thriller","United States, New Zealand, Australia",English,6.5,tt0834001
333,The Lovely Bones,2009,13+,74/100,1,0,0,0,0,"Drama, Fantasy, Thriller","United Kingdom, New Zealand, United States",English,6.6,tt0380510
334,Madagascar: Escape 2 Africa,2008,7+,74/100,1,0,0,0,0,"Animation, Adventure, Comedy",United States,English,6.7,tt0479952
335,No Strings Attached,2011,18+,74/100,1,0,1,0,0,"Comedy, Romance",United States,"English, Ukrainian",6.2,tt1411238
336,Heroin(e),2017,,74/100,1,0,0,0,0,"Documentary, Short",United States,English,6.8,tt7389366
337,A Ghost Story,2017,18+,74/100,1,0,0,0,0,"Drama, Fantasy, Mystery",United States,"English, Spanish",6.8,tt6265828
338,Safety Not Guaranteed,2012,18+,74/100,1,0,0,0,0,"Adventure, Comedy, Drama",United States,English,6.9,tt1862079
339,Game Over,2019,13+,74/100,1,0,0,0,0,"Drama, Mystery, Thriller",India,"Tamil, Telugu, English",6.9,tt8914492
340,Peppermint,2018,18+,74/100,1,0,0,0,0,"Action, Thriller","United States, China","English, Spanish, Korean",6.5,tt6850820
341,Have a Good Trip: Adventures in Psychedelics,2020,18+,74/100,1,0,0,0,0,documentary film,United States,English,8.0,tt12133722
342,Beasts of No Nation,2015,18+,74/100,1,0,0,0,0,"Drama, War",United States,"English, Akan",7.7,tt1365050
343,Extinction,2018,18+,74/100,1,0,0,0,0,"Action, Drama, Sci-Fi",United States,English,5.8,tt3201640
344,Nobody Knows I'm Here,2020,18+,74/100,1,0,0,0,0,"Drama, Music",Chile,"Spanish, English",6.5,tt10728764
345,ARQ,2016,18+,74/100,1,0,0,0,0,"Action, Sci-Fi, Thriller","Canada, United States",English,6.3,tt5640450
346,Ali's Wedding,2017,18+,74/100,1,0,0,0,0,"Comedy, Drama, Romance",Australia,"English, Arabic, Persian",6.9,tt2782692
347,Bo Burnham: Make Happy,2016,18+,74/100,1,0,0,0,0,"Comedy, Music",United States,English,8.3,tt5192124
348,Mank,2020,18+,74/100,1,0,0,0,0,"Biography, Drama",United States,"English, German, Latin",6.8,tt10618286
349,"Extremely Wicked, Shockingly Evil and Vile",2019,18+,74/100,1,0,0,0,0,"Biography, Crime, Drama",United States,English,6.7,tt2481498
350,Due Date,2010,18+,74/100,1,0,0,0,0,"Comedy, Drama",United States,"English, Spanish",6.5,tt1231583
351,Between Two Ferns: The Movie,2019,18+,74/100,1,0,0,0,0,Comedy,United States,English,6.1,tt9398640
352,Ip Man 2,2010,18+,74/100,1,0,0,0,0,"Action, Biography, Drama","Hong Kong, China","Cantonese, Chinese, English",7.5,tt1386932
353,Mirage,2018,18+,74/100,1,0,0,0,0,"Drama, Fantasy, Mystery",Spain,Spanish,7.4,tt6908274
354,Puss in Boots,2011,7+,74/100,1,0,0,0,0,"Animation, Action, Adventure",United States,"English, Spanish",6.6,tt0448694
355,Austin Powers in Goldmember,2002,13+,74/100,1,0,0,0,0,"Action, Adventure, Comedy",United States,"English, Japanese, German, French",6.3,tt0295178
356,The Kissing Booth,2018,16+,73/100,1,0,0,0,0,"Comedy, Romance","United Kingdom, United States",English,5.9,tt3799232
357,Hush,2016,18+,73/100,1,0,0,0,0,"Horror, Thriller",United States,"English, American Sign ",6.6,tt5022702
358,Lost Bullet,2020,18+,73/100,1,0,0,0,0,"Action, Crime, Thriller",France,"French, English",6.3,tt10456740
359,Dil Chahta Hai,2001,all,73/100,1,0,0,0,0,"Comedy, Drama, Romance",India,"Hindi, English",8.1,tt0292490
360,Election,1999,18+,73/100,1,0,1,0,0,"Comedy, Romance",United States,"English, Spanish",7.2,tt0126886
361,Soni,2019,18+,73/100,1,0,0,0,0,,,,,
362,Bāhubali: The Beginning,2015,13+,73/100,1,0,0,0,0,action film,India,"Telugu, Tamil",8.0,tt2631186
363,Killing Them Softly,2012,18+,73/100,1,0,0,0,0,"Crime, Drama, Thriller",United States,English,6.2,tt1764234
364,Swordfish,2001,18+,73/100,1,0,0,0,0,"Action, Crime, Thriller",United States,"English, German",6.5,tt0244244
365,Wish Dragon,2021,7+,73/100,1,0,0,0,0,"Animation, Adventure, Comedy","China, United States, Thailand, Czech Republic",English,7.2,tt5562070
366,Raees,2017,18+,73/100,1,0,0,0,0,"Action, Crime, Drama",India,Hindi,6.6,tt3405236
367,Let It Snow,2019,13+,73/100,1,0,0,0,0,"Comedy, Romance",United States,English,5.9,tt1950235
368,The Babysitter: Killer Queen,2020,,73/100,1,0,0,0,0,"Comedy, Horror",United States,English,5.8,tt11024272
369,Hardcore Henry,2015,18+,73/100,1,0,0,0,0,"Action, Adventure, Sci-Fi","Russia, United States, China","English, Russian",6.7,tt3072482
370,Tig Notaro: Happy To Be Here,2018,16+,73/100,1,0,0,0,0,Comedy,United States,English,6.6,tt8342946
371,Spelling the Dream,2020,all,73/100,1,0,0,0,0,documentary film,United States,English,9.0,tt6193522
372,Knock Down the House,2019,7+,73/100,1,0,0,0,0,Documentary,United States,English,7.4,tt9358052
373,Resident Evil: Extinction,2007,18+,73/100,1,1,0,0,0,"Action, Horror, Sci-Fi","Germany, Japan, Mexico, Canada, United States",English,6.2,tt0432021
374,Polar,2019,18+,73/100,1,0,0,0,0,"Action, Crime, Thriller","United States, Germany","English, Russian",6.3,tt4139588
375,Saving Capitalism,2017,7+,73/100,1,0,0,0,0,Documentary,United States,English,6.8,tt6185286
376,The Untold Tales of Armistead Maupin,2017,,73/100,1,0,0,0,0,Documentary,United States,English,7.6,tt6151222
377,The Mitchells vs. The Machines,2021,7+,73/100,1,0,0,0,0,"Animation, Adventure, Comedy","Hong Kong, Canada, United States",English,7.6,tt7979580
378,Spenser Confidential,2020,18+,73/100,1,0,0,0,0,"Action, Comedy, Crime",United States,"English, Hindi",6.2,tt8629748
379,Psychokinesis,2018,,73/100,1,0,0,0,0,"Action, Comedy, Fantasy",South Korea,Korean,5.9,tt6890582
380,Monsters vs Aliens,2009,7+,73/100,1,0,0,0,0,"Animation, Action, Adventure",United States,English,6.3,tt1482967
381,Twilight,2008,13+,73/100,1,0,1,0,0,"Drama, Fantasy, Romance","United States, United Kingdom",English,5.4,tt1099212
382,Self/less,2015,13+,73/100,1,0,0,0,0,"Action, Mystery, Sci-Fi",United States,English,6.5,tt2140379
383,The Highwaymen,2019,18+,73/100,1,0,0,0,0,"Biography, Crime, Drama",United States,"English, Spanish",6.9,tt1860242
384,ParaNorman,2012,7+,73/100,1,0,0,0,0,"Animation, Adventure, Comedy","United States, United Kingdom",English,7.0,tt1623288
385,Holidate,2020,,73/100,1,0,0,0,0,"Comedy, Romance",United States,"English, Mandarin",6.2,tt9866072
386,Fear Street Part Two: 1978,2021,18+,73/100,1,0,0,0,0,"Drama, Horror, Mystery",United States,English,6.7,tt9701940
387,Pee-wee's Big Holiday,2016,7+,73/100,1,0,0,0,0,"Comedy, Family",United States,"English, Spanish",6.1,tt0837156
388,Gunpowder Milkshake,2021,18+,73/100,1,0,0,0,0,"Action, Crime, Thriller","France, Germany, United States","English, Russian",6.1,tt8368408
389,"Michael Bolton's Big, Sexy Valentine's Day Special",2017,18+,73/100,1,0,0,0,0,"Comedy, Music, Musical",United States,English,6.7,tt6343706
390,I Am Not Your Negro,2017,18+,73/100,1,1,0,0,0,documentary film,"United States, Belgium, Switzerland","English, French",10.0,tt5804038
391,Midnight Special,2016,13+,73/100,1,0,0,0,0,"Drama, Mystery, Sci-Fi",United States,English,6.6,tt2649554
392,Layla M.,2016,,73/100,1,0,0,0,0,Drama,"Netherlands, Belgium, Germany, Jordan","Arabic, English, Dutch",6.6,tt5712152
393,Homefront,2013,18+,73/100,1,0,0,0,0,"Action, Crime, Thriller",United States,English,6.5,tt2312718
394,The Squid and the Whale,2005,18+,73/100,1,0,0,0,0,"Comedy, Drama",United States,English,7.3,tt0367089
395,Comedian,2002,18+,73/100,1,0,0,0,0,"Documentary, Comedy",United States,English,6.9,tt0328962
396,No Escape,2015,18+,73/100,1,0,0,0,0,"Action, Thriller","United States, Thailand","English, Thai, French, Central Khmer, Mandarin, Vietnamese",6.8,tt1781922
397,Mercury 13,2018,,73/100,1,0,0,0,0,Documentary,United States,English,7.0,tt8139850
398,The Professor and the Madman,2019,,73/100,1,0,0,0,0,"Biography, Drama, History","United States, Mexico, United Kingdom, France, Belgium, Iceland, Ireland, Hong Kong",English,7.2,tt5932728
399,Asperger's Are Us,2016,,73/100,1,0,0,0,0,"Documentary, Comedy, Drama",United States,English,6.6,tt4109268
400,The Garden of Words,2013,13+,73/100,1,0,0,0,0,"Animation, Drama, Romance",Japan,"Japanese, English",7.4,tt2591814
401,Fractured,2019,18+,73/100,1,0,1,0,0,"Drama, Mystery, Thriller",United States,English,6.5,tt4332232
402,The Queen,2006,13+,73/100,1,0,0,0,0,"Biography, Drama","United Kingdom, United States, France, Italy","English, German, French",7.3,tt0436697
403,The Whole Nine Yards,2000,18+,72/100,1,0,0,0,0,"Comedy, Crime",United States,"English, French, Spanish",6.7,tt0190138
404,E-Team,2014,,72/100,1,0,0,0,0,"Documentary, War",United States,"English, German, Arabic, Russian, French",7.1,tt3456090
405,The Discovery,2017,18+,72/100,1,0,0,0,0,"Drama, Romance, Sci-Fi",United States,English,6.2,tt5155780
406,The Strangers,2008,18+,72/100,1,0,0,0,0,"Horror, Mystery, Thriller",United States,English,6.1,tt0482606
407,Penguins of Madagascar,2014,7+,72/100,1,0,0,0,0,"Animation, Action, Adventure","United States, Australia, India, Japan, Finland","English, Italian, Mandarin, Spanish, Armenian",6.6,tt1911658
408,She's Out of My League,2010,18+,72/100,1,0,1,0,0,"Comedy, Romance",United States,"English, Ukrainian, Japanese",6.4,tt0815236
409,Voyeur,2017,18+,72/100,1,0,0,0,0,"Documentary, Crime",United States,English,6.1,tt7588790
410,It Comes at Night,2017,18+,72/100,1,0,0,0,0,"Drama, Horror, Mystery",United States,English,6.1,tt4695012
411,The Manchurian Candidate,2004,18+,72/100,1,0,1,0,0,"Drama, Mystery, Sci-Fi",United States,English,6.6,tt0368008
412,Bon Cop Bad Cop 2,2017,,72/100,1,0,0,0,0,"Action, Comedy, Crime",Canada,"English, French",6.6,tt4738174
413,Hot Rod,2007,13+,72/100,1,0,1,0,0,"Comedy, Sport",United States,English,6.7,tt0787475
414,The BFG,2016,7+,72/100,1,0,0,0,0,"Adventure, Family, Fantasy","United States, India, United Kingdom","English, Hindi",6.3,tt3691740
415,Sunday's Illness,2018,13+,72/100,1,0,0,0,0,Drama,Spain,"Spanish, French, Italian",6.9,tt6053948
416,The Lorax,2012,7+,72/100,1,1,0,0,0,"Animation, Adventure, Comedy","United States, France",English,6.4,tt1482459
417,Win It All,2017,18+,72/100,1,0,0,0,0,Comedy,United States,English,6.2,tt3155328
418,Mile 22,2018,18+,72/100,1,0,0,0,0,"Action, Crime, Thriller","United States, China, Colombia, Indonesia","English, Russian, Indonesian, Filipino",6.1,tt4560436
419,Tenacious D in The Pick of Destiny,2006,18+,72/100,1,0,0,0,0,"Adventure, Comedy, Music","United States, Germany",English,6.8,tt0365830
420,The Sum of All Fears,2002,13+,72/100,1,0,0,0,0,"Action, Drama, Thriller","Germany, Canada, United States","English, Russian, Ukrainian, German, Arabic",6.5,tt0164184
421,G.O.R.A.,2004,13+,72/100,1,0,0,0,0,"Adventure, Comedy, Sci-Fi",Turkey,"Turkish, English",8.0,tt0384116
422,The Perfect Date,2019,16+,72/100,1,0,0,0,0,"Comedy, Romance",United States,English,5.8,tt8201170
423,Code 8,2019,,72/100,1,0,0,0,0,"Action, Crime, Drama","Canada, United Kingdom",English,6.1,tt6259380
424,Cowspiracy: The Sustainability Secret,2014,,72/100,1,0,0,0,0,Documentary,United States,English,8.1,tt3302820
425,Life As We Know It,2010,13+,72/100,1,0,0,0,0,"Comedy, Drama, Romance",United States,English,6.5,tt1055292
426,American Assassin,2017,18+,72/100,1,0,0,0,0,"Action, Thriller","United States, Hong Kong, Italy, Malta","English, Spanish, Arabic, Polish, Turkish, Russian, Italian, Persian",6.2,tt1961175
427,August: Osage County,2013,18+,72/100,1,0,0,0,0,"Comedy, Drama",United States,English,7.2,tt1322269
428,Kuch Kuch Hota Hai,1998,all,72/100,1,0,0,0,0,"Comedy, Drama, Musical",India,Hindi,7.5,tt0172684
429,Who Am I,2014,,72/100,1,0,0,0,0,"Crime, Drama, Mystery",Germany,"German, English",7.4,tt3042408
430,Free State of Jones,2016,18+,72/100,1,0,0,0,0,"Action, Biography, Drama","United States, China",English,6.9,tt1124037
431,Beast Stalker,2008,,72/100,1,0,0,0,0,"Action, Thriller",Hong Kong,Cantonese,6.8,tt1330525
432,Dark Skies,2013,16+,72/100,1,0,0,0,0,"Horror, Sci-Fi, Thriller",United States,English,6.3,tt2387433
433,Safe Haven,2013,13+,72/100,1,0,0,0,0,"Drama, Romance, Thriller",United States,"English, Portuguese",6.7,tt1702439
434,Bāhubali 2: The Conclusion,2017,7+,72/100,1,0,0,0,0,,,,,
435,Outlaw King,2018,18+,72/100,1,0,0,0,0,"Action, Biography, Drama","United Kingdom, United States","English, French, Gaelic, Latin",6.9,tt6679794
436,Cloudy with a Chance of Meatballs 2,2013,7+,72/100,1,0,0,0,0,"Animation, Adventure, Comedy","United States, Canada","English, Chinese",6.3,tt1985966
437,Turbo,2013,7+,72/100,1,0,0,0,0,"Animation, Adventure, Comedy","United States, India",English,6.4,tt1860353
438,G.I. Joe: The Rise of Cobra,2009,13+,72/100,1,0,0,0,0,"Action, Adventure, Sci-Fi","United States, Czech Republic, France","English, French, Gaelic",5.7,tt1046173
439,Horns,2013,18+,72/100,1,0,0,0,0,"Comedy, Fantasy, Horror","Canada, United States",English,6.4,tt1528071
440,Drishyam,2015,18+,72/100,1,0,0,0,0,"Crime, Drama, Mystery",India,"Hindi, English",8.2,tt4430212
441,Triple Frontier,2019,18+,72/100,1,0,0,0,0,"Action, Adventure, Thriller","United States, Colombia","English, Spanish, Portuguese",6.5,tt1488606
442,"Hail, Caesar!",2016,13+,72/100,1,0,0,0,0,"Comedy, Drama, Mystery","United States, United Kingdom, Japan",English,6.3,tt0475290
443,The Ice Road,2021,13+,72/100,1,0,0,0,0,"Action, Adventure, Thriller","United States, Canada",English,5.7,tt3758814
444,Monster House,2006,7+,72/100,1,0,0,0,0,"Animation, Comedy, Family",United States,English,6.7,tt0385880
445,Freaks,2019,18+,72/100,1,0,0,0,0,"Short, Drama",USA,English,,tt9747568
446,Felon,2008,18+,72/100,1,0,0,0,0,"Action, Drama, Thriller",United States,English,7.4,tt1117385
447,Horse Girl,2020,18+,72/100,1,0,0,0,0,"Drama, Mystery, Thriller",United States,English,6.0,tt11388406
448,A Christmas Prince,2017,7+,72/100,1,0,1,0,0,"Comedy, Family, Romance",United States,English,5.8,tt7608418
449,Hillbilly Elegy,2020,18+,72/100,1,0,0,0,0,"Biography, Drama",United States,English,6.7,tt6772802
450,American Ultra,2015,18+,72/100,1,0,0,0,0,"Action, Comedy","United States, Switzerland","English, Mandarin",6.1,tt3316948
451,First Match,2018,18+,72/100,1,0,0,0,0,"Drama, Sport",United States,English,6.4,tt6061074
452,The Pelican Brief,1993,13+,72/100,1,0,0,0,0,"Crime, Drama, Mystery",United States,English,6.6,tt0107798
453,The Tourist,2010,13+,72/100,1,0,0,0,0,"Action, Romance, Thriller","United Kingdom, France, Italy, United States","English, French, Italian, Russian, Spanish",6.0,tt1243957
454,The Dawn Wall,2017,16+,72/100,1,0,0,0,0,"Documentary, Biography, Sport","Austria, United States",English,8.1,tt7286916
455,I'm Thinking of Ending Things,2020,18+,71/100,1,0,0,0,0,"Drama, Thriller",United States,"English, Spanish",6.5,tt7939766
456,Shutter,2004,18+,71/100,1,0,0,0,0,"Horror, Mystery, Thriller",Thailand,Thai,7.0,tt0440803
457,Surf's Up,2007,7+,71/100,1,0,1,0,0,"Animation, Adventure, Comedy",United States,English,6.7,tt0423294
458,The Twilight Saga: Breaking Dawn - Part 2,2012,13+,71/100,1,0,0,0,0,"Adventure, Drama, Fantasy",United States,English,5.6,tt1673434
459,Jagga Jasoos,2017,7+,71/100,1,0,0,0,0,"Action, Adventure, Comedy","India, United States",Hindi,6.4,tt4129428
460,The Burial of Kojo,2018,,71/100,1,0,0,0,0,"Drama, Thriller","Ghana, United States","Akan, English",6.5,tt7497366
461,My Best Friend's Wedding,1997,13+,71/100,1,0,0,0,0,"Comedy, Drama, Romance",United States,"English, French, Italian",6.4,tt0119738
462,Bee Movie,2007,7+,71/100,1,0,0,0,0,"Animation, Adventure, Comedy","United States, Canada",English,6.1,tt0389790
463,Seoul Searching,2015,18+,71/100,1,0,0,0,0,"Comedy, Drama, Music","South Korea, China, United States","English, Korean, German, Spanish, Japanese",6.9,tt2566644
464,Before I Fall,2017,13+,71/100,1,0,0,0,0,"Drama, Fantasy, Mystery",United States,English,6.4,tt1691916
465,The Babysitter,2017,18+,71/100,1,0,0,0,0,"Comedy, Horror",United States,English,6.4,tt4225622
466,After,2019,13+,71/100,1,0,0,0,0,"Drama, Romance",United States,English,5.3,tt4126476
467,"As Above, So Below",2014,18+,71/100,1,0,0,0,0,"Adventure, Horror, Mystery","France, United States","English, French, Latin, Persian",6.3,tt2870612
468,Bo Burnham: What.,2013,18+,71/100,1,0,0,0,0,"Comedy, Music",United States,English,8.3,tt3210258
469,Stree,2018,,71/100,1,0,1,0,0,"Comedy, Horror",India,Hindi,7.5,tt8108202
470,Velvet Buzzsaw,2019,18+,71/100,1,0,0,0,0,"Horror, Mystery, Thriller","United States, Canada","English, Chinese, Italian",5.7,tt7043012
471,Savages,2012,18+,71/100,1,0,0,0,0,"Crime, Drama, Thriller",United States,"English, Spanish",6.4,tt1615065
472,Jupiter Ascending,2015,13+,71/100,1,0,0,0,0,"Action, Adventure, Sci-Fi","United States, Australia","English, Russian",5.3,tt1617661
473,Spectral,2016,13+,71/100,1,0,0,0,0,"Action, Adventure, Sci-Fi","United States, Hungary","English, Russian, Romanian, Slovenian",6.3,tt2106651
474,Resident Evil: Afterlife,2010,18+,71/100,1,1,0,0,0,"Action, Horror, Sci-Fi","Germany, Canada, United States","English, Japanese, Spanish",5.8,tt1220634
475,Accepted,2006,13+,71/100,1,0,0,0,0,Comedy,United States,English,6.4,tt0384793
476,"Live Twice, Love Once",2019,18+,71/100,1,0,0,0,0,"Comedy, Drama",Spain,"Spanish, Catalan",7.2,tt9063902
477,Iliza Shlesinger: Elder Millennial,2018,18+,71/100,1,0,0,0,0,stand-up comedy,United States,English,9.0,tt8697266
478,Zindagi Na Milegi Dobara,2011,7+,71/100,1,0,0,0,0,"Comedy, Drama, Musical",India,Hindi,8.2,tt1562872
479,Free Fire,2017,18+,71/100,1,0,0,0,0,"action film, comedy film",United Kingdom,English,8.0,tt4158096
480,Soorma,2018,13+,71/100,1,0,0,0,0,"Biography, Drama, Sport",India,Hindi,7.3,tt7690638
481,The Zookeeper's Wife,2017,13+,71/100,1,0,0,0,0,"Biography, Drama, History","Czech Republic, United Kingdom, United States","English, German, Hebrew, Polish",7.0,tt1730768
482,Time Share,2018,18+,71/100,1,0,0,0,0,"Drama, Mystery, Thriller",Mexico,"Spanish, English",5.9,tt6444140
483,The Outpost,2019,18+,71/100,1,0,0,0,0,"Action, Drama, History",United States,English,6.8,tt3833480
484,Kabir Singh,2019,,71/100,1,0,0,0,0,"Action, Drama, Romance",India,Hindi,7.0,tt8983202
485,Homecoming: A Film by Beyoncé,2019,13+,71/100,1,0,0,0,0,"Documentary, Music",United States,English,7.6,tt10147546
486,Jerry Seinfeld: 23 Hours to Kill,2020,7+,71/100,1,0,0,0,0,Comedy,United States,English,6.7,tt12117854
487,Ip Man 4: The Finale,2019,16+,71/100,1,0,0,0,0,"Action, Biography, Drama","Hong Kong, China","Cantonese, English, Mandarin",7.0,tt2076298
488,The Laundromat,2019,18+,71/100,1,0,0,0,0,"Comedy, Crime, Drama",United States,"English, Mandarin, Spanish, Russian",6.3,tt5865326
489,The 12th Man,2017,,71/100,1,1,0,0,0,"Drama, History, Thriller",Norway,"Norwegian, German, English, Saami",7.3,tt3300980
490,Bad Trip,2020,18+,71/100,1,0,0,0,0,comedy film,United States,English,8.0,tt9684220
491,Mr. Peabody & Sherman,2014,7+,71/100,1,0,0,0,0,"Animation, Adventure, Comedy","United States, India",English,6.7,tt0864835
492,Ip Man 3,2015,13+,71/100,1,0,0,0,0,"Action, Biography, Crime","China, Hong Kong","Cantonese, English",7.0,tt2888046
493,Rang De Basanti,2006,13+,71/100,1,0,0,0,0,"Comedy, Crime, Drama",India,Hindi,8.1,tt0405508
494,The Midnight Sky,2020,13+,71/100,1,0,0,0,0,"Adventure, Drama, Sci-Fi",United States,English,5.7,tt10539608
495,Mr. Right,2016,18+,71/100,1,0,0,0,0,"Short, Comedy, Romance",United States,English,,tt6377954
496,White Christmas,1954,,71/100,1,0,0,0,0,"Comedy, Musical, Romance",United States,English,7.5,tt0047673
497,Synchronic,2020,18+,71/100,1,0,0,0,0,"drama film, time-travel film",United States,English,6.0,tt9016974
498,Adrift,2018,13+,70/100,1,0,0,0,0,"Action, Adventure, Biography","United States, United Kingdom, Hong Kong, Iceland","English, French",6.6,tt6306064
499,The Game Changers,2019,,70/100,1,0,0,0,0,"Comedy, Drama, History",South Korea,"Korean, Mandarin",6.4,tt10892530
500,Michelle Wolf: Joke Show,2019,,70/100,1,0,0,0,0,Comedy,United States,English,7.3,tt11269704
501,Da 5 Bloods,2020,18+,70/100,1,0,0,0,0,"Adventure, Drama, War",United States,"English, Finnish, French, Vietnamese",6.5,tt9777644
502,The American,2010,18+,70/100,1,0,1,0,0,"Crime, Drama, Thriller","United States, United Kingdom","English, Italian",6.3,tt1440728
503,The Best of Enemies,2019,13+,70/100,1,0,0,0,0,"Biography, Drama, History",United States,"English, Latin",7.3,tt4807408
504,Forgotten,2017,18+,70/100,1,0,1,0,0,"Crime, Mystery, Thriller",South Korea,Korean,7.4,tt7057496
505,I Don't Feel at Home in This World Anymore,2017,18+,70/100,1,0,0,0,0,"Comedy, Crime, Drama",United States,English,6.9,tt5710514
506,Lupin the Third: The Castle of Cagliostro,1979,7+,70/100,1,0,0,0,0,,,,,
507,Never Back Down,2008,13+,70/100,1,0,0,0,0,"Action, Drama, Sport",United States,English,6.5,tt1023111
508,Fear Street: 1666,2021,18+,70/100,1,0,0,0,0,"film based on book, horror film, slasher film",United States,English,6.0,tt9701942
509,Zathura: A Space Adventure,2005,7+,70/100,1,0,0,0,0,"Action, Adventure, Comedy",United States,English,6.3,tt0406375
510,"Faith, Hope & Love",2019,7+,70/100,1,0,0,0,0,"Comedy, Romance",United States,English,6.4,tt8310924
511,2 States,2014,7+,70/100,1,0,0,0,0,"Comedy, Drama, Romance",India,Hindi,6.9,tt2372678
512,Grass is Greener,2019,,70/100,1,0,0,0,0,Documentary,United States,,7.1,tt10050782
513,May the Devil Take You,2018,18+,70/100,1,0,0,0,0,"Horror, Mystery, Thriller",Indonesia,Indonesian,5.9,tt8765496
514,Double Jeopardy,1999,18+,70/100,1,0,0,0,0,"Crime, Drama, Mystery","Germany, United States, Canada",English,6.5,tt0150377
515,Ava,2020,18+,70/100,1,0,0,0,0,"Action, Crime, Drama",United States,"English, German, French, Chinese",5.5,tt8784956
516,Barfi!,2012,all,70/100,1,0,0,0,0,"Comedy, Drama, Romance",India,Hindi,8.1,tt2082197
517,Barry,2016,,70/100,1,0,0,0,0,"Biography, Drama",United States,"English, Swahili",6.0,tt5477566
518,Go!,2020,,70/100,1,0,0,0,0,"Animation, Short, Family",Australia,English,6.2,tt13058374
519,Everybody's Fine,2009,13+,70/100,1,0,0,0,0,"Adventure, Drama",United States,English,7.1,tt0780511
520,Monty Python Live at the Hollywood Bowl,1982,18+,70/100,1,0,0,0,0,"Documentary, Comedy, Musical","United Kingdom, United States",English,7.8,tt0084352
521,Parker,2013,18+,70/100,1,0,0,0,0,"Action, Crime, Thriller",United States,English,6.2,tt1904996
522,The Karate Kid Part II,1986,7+,70/100,1,0,0,0,0,"Action, Family, Sport",United States,"English, Japanese",6.2,tt0091326
523,System Crasher,2019,,70/100,1,0,0,0,0,Drama,Germany,"German, English",7.8,tt8535968
524,Under Siege,1992,18+,70/100,1,0,0,0,0,"Action, Thriller","France, United States","English, Italian",6.5,tt0105690
525,Brain on Fire,2017,13+,70/100,1,0,0,0,0,"biographical film, drama film",United States,English,6.0,tt3704700
526,The Butterfly's Dream,2013,13+,70/100,1,0,0,0,0,"Biography, Drama, History",Turkey,Turkish,7.6,tt2608224
527,The Wrong Missy,2020,18+,70/100,1,0,0,0,0,"Comedy, Romance",United States,English,5.8,tt9619798
528,Battle: Los Angeles,2011,13+,70/100,1,0,0,0,0,"Action, Adventure, Sci-Fi",United States,"English, Ukrainian",5.7,tt1217613
529,Pari,2018,13+,70/100,1,0,1,0,0,"Fantasy, Horror, Mystery",India,Hindi,6.6,tt7329858
530,The Beguiled,2017,18+,70/100,1,0,0,0,0,"Drama, History, Thriller",United States,"English, French",6.3,tt5592248
531,Batman: The Killing Joke,2016,18+,70/100,1,0,0,0,0,"Animation, Action, Crime",United States,English,6.4,tt4853102
532,Sex Drive,2008,18+,70/100,1,0,0,0,0,"Comedy, Romance","United States, United Kingdom",English,6.5,tt1135985
533,Mosul,2020,,70/100,1,0,0,0,0,Documentary,Belgium,English,,tt26818737
534,Pokémon the Movie: The Power of Us,2018,all,70/100,1,0,0,0,0,"Animation, Action, Adventure",Japan,Japanese,6.3,tt8108230
535,Underdogs,2013,7+,70/100,1,0,1,0,0,"Animation, Adventure, Comedy","Argentina, Spain, United Kingdom, France, United States","Spanish, English",6.4,tt1634003
536,The Little Rascals,1994,7+,70/100,1,0,0,0,0,"Comedy, Family, Romance",United States,English,6.3,tt0110366
537,Fun with Dick and Jane,2005,13+,70/100,1,0,1,0,0,"Comedy, Crime",United States,"English, Spanish",6.2,tt0369441
538,Ballerina,2016,7+,70/100,1,0,0,0,0,"Short, Drama",Brazil,Portuguese,6.8,tt5349632
539,Hasan Minhaj: Homecoming King,2017,18+,70/100,1,0,0,0,0,Comedy,United States,English,8.2,tt6900644
540,An Easy Girl,2019,18+,70/100,1,0,0,0,0,"Comedy, Drama",France,"French, Italian, English",5.6,tt9632590
541,Highway,2014,13+,70/100,1,0,1,0,0,"Crime, Drama, Romance",India,Hindi,7.6,tt2980794
542,The Book of Henry,2017,13+,70/100,1,0,0,0,0,"Crime, Drama, Thriller",United States,English,6.6,tt4572792
543,Reversing Roe,2018,,70/100,1,0,0,0,0,Documentary,United States,English,7.5,tt8948614
544,The Clovehitch Killer,2018,13+,70/100,1,1,0,0,0,"Crime, Drama, Horror",United States,English,6.5,tt6269368
545,There's Something in the Water,2019,,70/100,1,0,0,0,0,Documentary,Canada,English,6.7,tt10864040
546,Stuart Little,1999,7+,70/100,1,0,0,0,0,"Adventure, Comedy, Family","Germany, United States","English, Dutch",6.0,tt0164912
547,Barakah Meets Barakah,2016,,70/100,1,0,0,0,0,"Comedy, Romance",Saudi Arabia,Arabic,6.2,tt5435084
548,Starsky & Hutch,2004,13+,70/100,1,0,0,0,0,"Comedy, Crime",United States,"English, Korean",6.1,tt0335438
549,Loving,2016,13+,70/100,1,0,0,0,0,"Biography, Drama, Romance","United Kingdom, United States",English,7.0,tt4669986
550,Haider,2014,13+,70/100,1,0,0,0,0,"Action, Crime, Drama",India,Hindi,8.0,tt3390572
551,The Twilight Saga: Eclipse,2010,13+,70/100,1,0,0,0,0,"Action, Adventure, Drama",United States,English,5.1,tt1325004
552,Triple 9,2016,18+,70/100,1,0,0,0,0,"Action, Crime, Drama",United States,"English, Spanish, Russian",6.3,tt1712261
553,Spanglish,2004,13+,70/100,1,0,0,0,0,"Comedy, Drama, Romance",United States,"English, Spanish",6.4,tt0371246
554,The Spiderwick Chronicles,2008,7+,70/100,1,0,0,0,0,"Action, Adventure, Drama",United States,English,6.5,tt0416236
555,Kahaani,2012,16+,69/100,1,0,0,0,0,"Mystery, Thriller",India,Hindi,8.1,tt1821480
556,Lady J,2018,16+,69/100,1,0,0,0,0,"Drama, Romance",France,French,6.8,tt7530986
557,The Interpreter,2005,13+,69/100,1,0,0,0,0,"Crime, Mystery, Thriller","United Kingdom, France, Germany, United States","English, Aboriginal, French, Portuguese, Spanish, Hebrew",6.4,tt0373926
558,"Frankenstein's Monster's Monster, Frankenstein",2019,16+,69/100,1,0,0,0,0,Comedy,United States,English,5.8,tt10516390
559,Not Another Teen Movie,2001,16+,69/100,1,0,1,0,0,"Comedy, Romance",United States,"English, Italian",5.8,tt0277371
560,The Cloverfield Paradox,2018,13+,69/100,1,0,0,0,0,"Horror, Sci-Fi, Thriller",United States,"English, Mandarin, German",5.5,tt2548396
561,Disclosure,2020,18+,69/100,1,0,0,0,0,Documentary,United States,English,8.1,tt8637504
562,Hot Girls Wanted,2015,,69/100,1,0,0,0,0,"Documentary, Crime",United States,English,6.1,tt4382552
563,Dead Man Down,2013,18+,69/100,1,0,0,0,0,"Action, Adventure, Crime",United States,"English, French, Albanian, Spanish, Hungarian",6.4,tt2101341
564,Fear Street: 1994,2021,,69/100,1,0,0,0,0,Comedy,United States,English,,tt16418372
565,Kill the Irishman,2011,18+,69/100,1,0,0,0,0,"Action, Biography, Crime",United States,English,7.0,tt1416801
566,Set It Up,2018,16+,69/100,1,0,0,0,0,"Comedy, Romance",United States,English,6.5,tt5304992
567,Case 39,2009,18+,69/100,1,0,1,0,0,"Horror, Mystery, Thriller","Canada, United States",English,6.2,tt0795351
568,Outside the Wire,2021,18+,69/100,1,0,0,0,0,"Action, Adventure, Fantasy","Hungary, United States","English, Ukrainian, Russian",5.4,tt10451914
569,Steal a Pencil for Me,2007,,69/100,1,0,0,0,0,"Documentary, Romance",United States,"English, Dutch",7.5,tt1045889
570,Project Power,2020,18+,69/100,1,0,0,0,0,"Action, Crime, Sci-Fi","United States, United Kingdom, Canada, France","English, Spanish",6.0,tt7550000
571,High Strung Free Dance,2018,7+,69/100,1,0,0,0,0,"Music, Romance","Romania, United States",English,6.8,tt6428150
572,The Twilight Saga: Breaking Dawn - Part 1,2011,13+,69/100,1,0,0,0,0,"Adventure, Drama, Fantasy",United States,"English, Portuguese",4.9,tt1324999
573,Marc Maron: Too Real,2017,,69/100,1,0,0,0,0,Comedy,United States,English,7.2,tt7335938
574,The Polka King,2017,,69/100,1,0,0,0,0,"Biography, Comedy, Drama",United States,English,6.0,tt5539052
575,6 Balloons,2018,18+,69/100,1,0,0,0,0,Drama,United States,English,5.9,tt6142496
576,Amanda Knox,2016,18+,69/100,1,0,0,0,0,"Documentary, Crime","Denmark, United States","English, Italian",6.9,tt5952332
577,At Eternity's Gate,2018,13+,69/100,1,0,0,0,0,"Biography, Drama, History","Ireland, Switzerland, United Kingdom, France, United States","English, French",6.9,tt6938828
578,Anon,2018,18+,69/100,1,0,0,0,0,"Crime, Mystery, Sci-Fi","United Kingdom, Canada, United States, Germany",English,6.1,tt5397194
579,3 Days to Kill,2014,13+,69/100,1,0,0,0,0,"Action, Drama, Thriller","United States, France","English, French, German, Serbian",6.2,tt2172934
580,To the Bone,2017,18+,69/100,1,0,0,0,0,Drama,United States,English,6.7,tt5541240
581,Trollhunters: Rise of the Titans,2021,7+,69/100,1,0,0,0,0,"Animation, Action, Adventure","United States, Mexico, China, India","English, Mandarin, Portuguese",6.6,tt12851396
582,Mowgli: Legend of the Jungle,2018,13+,69/100,1,0,0,0,0,"Adventure, Drama, Fantasy","United Kingdom, United States","English, Hindi",6.5,tt2388771
583,Mother's Day,2016,13+,69/100,1,0,1,0,0,"Comedy, Drama, Romance",United States,"English, Spanish",5.7,tt4824302
584,Mortal Kombat,1995,13+,69/100,1,0,0,0,0,"Action, Adventure, Fantasy",United States,English,5.8,tt0113855
585,Creep,2014,18+,69/100,1,0,1,0,0,"Horror, Thriller",United States,English,6.3,tt2428170
586,Death to 2020,2020,18+,69/100,1,0,0,0,0,Comedy,"United States, Germany, United Kingdom",English,6.8,tt13567480
587,Operation Finale,2018,13+,69/100,1,0,0,0,0,"Biography, Drama, History","United States, Argentina","English, Spanish, French, German, Hebrew, Arabic",6.6,tt5208252
588,The Great Hack,2019,,69/100,1,0,0,0,0,"Documentary, Biography, History",United States,English,7.0,tt4736550
589,The Land of Steady Habits,2018,,69/100,1,0,0,0,0,"Comedy, Drama",United States,English,6.2,tt6485928
590,Suffragette,2015,13+,69/100,1,0,0,0,0,"Drama, History","United Kingdom, France",English,6.9,tt3077214
591,Wildlife,2018,13+,69/100,1,0,0,0,0,Drama,United States,"English, Spanish",6.8,tt5929754
592,War Machine,2017,18+,69/100,1,0,0,0,0,"Comedy, Drama, War",United States,"English, Pashtu",6.0,tt4758646
593,Bending the Arc,2017,,69/100,1,0,0,0,0,Documentary,United States,English,8.1,tt6370266
594,Kill the Messenger,2014,18+,69/100,1,0,0,0,0,"Biography, Crime, Drama",United States,English,6.9,tt1216491
595,Feminists: What Were They Thinking?,2018,,69/100,1,0,0,0,0,Documentary,United States,English,7.1,tt5419676
596,If Anything Happens I Love You,2020,7+,69/100,1,0,0,0,0,"Animation, Short, Drama",United States,,7.8,tt11768948
597,Nobody Speak: Trials of the Free Press,2017,16+,69/100,1,0,0,0,0,Documentary,"Netherlands, United States",English,6.5,tt6333064
598,Sand Castle,2017,18+,69/100,1,0,0,0,0,"Action, Drama, War","United States, Jordan","English, Arabic",6.3,tt2582576
599,The Forest of Love,2019,18+,69/100,1,0,0,0,0,"Crime, Drama, Horror","Japan, United States","Japanese, English",6.2,tt10589914
600,Kabhi Alvida Naa Kehna,2006,18+,69/100,1,0,0,0,0,"Drama, Romance",India,"Hindi, English",6.1,tt0449999
601,Fatherhood,2021,13+,69/100,1,0,0,0,0,"Comedy, Drama","Canada, United States",English,6.6,tt4733624
602,Our Idiot Brother,2011,18+,69/100,1,0,0,0,0,"Comedy, Drama",United States,English,6.4,tt1637706
603,Quién te cantará,2018,,68/100,1,0,0,0,0,"Drama, Music, Mystery","Spain, France",Spanish,6.9,tt6485304
604,Takers,2010,13+,68/100,1,0,1,0,0,"Action, Crime, Drama",United States,"English, Russian",6.2,tt1135084
605,Udaan,2010,18+,68/100,1,0,0,0,0,Drama,India,Hindi,8.1,tt1639426
606,City of Joy,2016,,68/100,1,0,1,0,0,"Documentary, Crime, Drama","United States, Congo","English, French, Swahili",7.7,tt4078252
607,Under the Shadow,2016,13+,68/100,1,0,0,0,0,"Drama, Fantasy, Horror","United Kingdom, Jordan, Qatar, Iran",Persian,6.8,tt4273292
608,The Silence of Others,2019,,68/100,1,0,0,0,0,documentary film,Spain,Spanish,8.0,tt8099236
609,Nacho Libre,2006,7+,68/100,1,0,0,0,0,"Comedy, Family, Sport","Germany, United States","English, Spanish",5.9,tt0457510
610,Ninja Assassin,2009,18+,68/100,1,0,0,0,0,"Action, Thriller","Germany, United States, France",English,6.3,tt1186367
611,The Twilight Saga: New Moon,2009,13+,68/100,1,0,0,0,0,"Adventure, Drama, Fantasy",United States,"English, Italian",4.8,tt1259571
612,Rocks,2020,18+,68/100,1,0,0,0,0,"Comedy, Drama, Romance",United States,English,6.4,tt9606374
613,Step Up Revolution,2012,13+,68/100,1,1,0,0,0,"Drama, Music, Romance",United States,English,6.4,tt1800741
614,Giving Voice,2020,13+,68/100,1,0,0,0,0,Documentary,United States,English,7.0,tt11394338
615,Like Father,2018,18+,68/100,1,0,0,0,0,Drama,United States,English,6.1,tt7170950
616,Eddie Murphy Raw,1987,18+,68/100,1,0,0,0,0,"Documentary, Comedy",United States,English,7.6,tt0092948
617,Berserk: The Golden Age Arc III - The Advent,2013,18+,68/100,1,0,0,0,0,"Animation, Action, Adventure",Japan,"Japanese, English",7.8,tt2358913
618,Aval,2017,13+,68/100,1,0,0,0,0,Horror,India,"Tamil, Hindi",6.7,tt7471004
619,The Promise,2016,13+,68/100,1,0,0,0,0,"Action, Adventure, Drama","Spain, United States","English, Armenian, German, French, Turkish",6.1,tt4776998
620,Prospect,2018,18+,68/100,1,0,0,0,0,"Adventure, Drama, Sci-Fi","Canada, United States",English,6.3,tt7946422
621,Ne Zha,2019,,68/100,1,0,0,0,0,"Animation, Action, Adventure",China,"Mandarin, Chinese, English",7.3,tt10627720
622,Bad Genius,2017,13+,68/100,1,0,0,0,0,"Comedy, Crime, Drama",Thailand,"Thai, English",7.6,tt6788942
623,Burning Sands,2017,18+,68/100,1,0,0,0,0,Drama,United States,English,6.0,tt5826432
624,Ludo,2020,13+,68/100,1,0,0,0,0,"Action, Comedy, Drama",India,Hindi,7.6,tt7212754
625,Eat Pray Love,2010,13+,68/100,1,0,0,0,0,"Biography, Comedy, Drama","United States, India, Indonesia","English, Italian, Portuguese",5.9,tt0879870
626,Circle,2015,,68/100,1,0,1,0,0,"Drama, Horror, Mystery",United States,English,6.0,tt3118452
627,Rolling Thunder Revue: A Bob Dylan Story by Martin Scorsese,2019,18+,68/100,1,0,0,0,0,"concert film, documentary film",United States,English,9.0,tt9577852
628,Dovlatov,2018,13+,68/100,1,0,0,0,0,"Biography, Drama","Russia, Poland, Serbia","Russian, Spanish, Finnish",6.4,tt7763020
629,Lakshya,2004,all,68/100,1,0,0,0,0,"Action, Drama, Romance",India,Hindi,7.8,tt0323013
630,American Murder: The Family Next Door,2020,18+,68/100,1,0,0,0,0,"Documentary, Crime",United Kingdom,English,7.2,tt12987894
631,Jab We Met,2007,13+,68/100,1,0,1,0,0,"Comedy, Drama, Romance",India,Hindi,7.9,tt1093370
632,Kuchh Bheege Alfaaz,2018,,68/100,1,0,0,0,0,Romance,India,Hindi,7.4,tt7617988
633,John Mulaney: The Comeback Kid,2015,7+,68/100,1,0,0,0,0,Comedy,United States,English,7.9,tt5069564
634,Apostle,2018,18+,68/100,1,0,0,0,0,"Drama, Fantasy, Horror","United Kingdom, United States","English, Chinese",6.3,tt6217306
635,After We Collided,2020,18+,68/100,1,0,0,0,0,"Drama, Romance",United States,"English, Chinese",5.1,tt10362466
636,Mystic Pizza,1988,16+,68/100,1,1,0,0,0,"Comedy, Drama, Romance",United States,English,6.3,tt0095690
637,Middle Men,2009,18+,68/100,1,0,0,0,0,"Comedy, Crime, Drama",United States,English,6.8,tt1251757
638,To All the Boys: P.S. I Still Love You,2020,16+,68/100,1,0,0,0,0,"Comedy, Drama, Romance",United States,English,6.1,tt9354842
639,Malang,2020,,68/100,1,0,0,0,0,"Action, Crime, Drama",India,Hindi,6.5,tt9877170
640,Someone Great,2019,18+,68/100,1,0,0,0,0,"Comedy, Romance",United States,English,6.2,tt8075260
641,Time Trap,2017,18+,68/100,1,0,0,0,0,"Action, Adventure, Mystery",United States,English,6.2,tt4815122
642,In This Corner of the World,2016,13+,68/100,1,0,0,0,0,"Animation, Drama, History",Japan,Japanese,7.8,tt4769824
643,C/o Kancharapalem,2018,7+,68/100,1,0,0,0,0,Drama,India,Telugu,8.8,tt7391996
644,Agneepath,1990,,68/100,1,0,0,0,0,"Action, Crime, Drama",India,Hindi,7.6,tt0098999
645,The Package,2018,18+,67/100,1,0,0,0,0,"Comedy, Thriller","United States, Canada",English,5.6,tt7525778
646,Tau,2018,18+,67/100,1,0,0,0,0,"Horror, Sci-Fi, Thriller",United States,English,5.8,tt4357394
647,Your Highness,2011,18+,67/100,1,0,1,0,0,"Action, Adventure, Comedy",United States,English,5.5,tt1240982
648,Alexander,2004,18+,67/100,1,0,0,0,0,"Action, Biography, Drama","United States, United Kingdom, Germany, Netherlands, France, Italy, Morocco, Thailand",English,5.6,tt0346491
649,Rurouni Kenshin: The Final,2021,,67/100,1,0,0,0,0,"action film, samurai cinema",Japan,Japanese,10.0,tt11809034
650,Bill Burr: I'm Sorry You Feel That Way,2014,18+,67/100,1,0,0,0,0,Comedy,United States,English,8.2,tt3823690
651,Berserk: The Golden Age Arc I - The Egg of the King,2012,18+,67/100,1,0,0,0,0,"Animation, Action, Adventure",Japan,"Japanese, English, German",7.5,tt2210479
652,All the Bright Places,2020,18+,67/100,1,0,0,0,0,"Drama, Romance",United States,English,6.6,tt3907584
653,Streets of Fire,1984,7+,67/100,1,0,0,0,0,"Action, Crime, Drama",United States,English,6.7,tt0088194
654,Sleepless,2017,18+,67/100,1,0,0,0,0,"Action, Thriller",United States,English,5.6,tt2072233
655,An Egyptian Story,1982,,67/100,1,0,0,0,0,Drama,Egypt,"Arabic, English",7.3,tt0084042
656,Major Grom: Plague Doctor,2021,,67/100,1,0,0,0,0,"Action, Comedy, Crime",Russia,Russian,6.3,tt7601480
657,Struggle: The Life and Lost Art of Szukalski,2018,18+,67/100,1,0,0,0,0,"Documentary, Biography","Poland, United States",English,7.9,tt9316022
658,Seaspiracy,2021,18+,67/100,1,0,0,0,0,"Documentary, Adventure",United States,English,8.1,tt14152756
659,Wish I Was Here,2014,18+,67/100,1,0,0,0,0,"Comedy, Drama",United States,English,6.6,tt2870708
660,Moxie,2021,13+,67/100,1,0,0,0,0,"Comedy, Drama",United States,English,6.7,tt6432466
661,18 Presents,2020,18+,67/100,1,0,0,0,0,"Drama, Family, Fantasy",Italy,Italian,6.9,tt10816484
662,Oxygen,2021,18+,67/100,1,0,0,0,0,"Drama, Fantasy, Sci-Fi","France, United States",French,6.5,tt6341832
663,Private Life,2018,18+,67/100,1,0,0,0,0,"Comedy, Drama",United States,English,7.2,tt5536610
664,The Grandmaster,2013,13+,67/100,1,0,0,0,0,"Action, Biography, Drama","Hong Kong, China","Mandarin, Cantonese, Japanese",6.6,tt1462900
665,Home Again,2017,13+,67/100,1,0,0,0,0,"Comedy, Drama, Romance",United States,English,5.8,tt5719700
666,Athlete A,2020,13+,67/100,1,0,0,0,0,"Documentary, Crime, Sport",United States,English,7.6,tt11905462
667,The Outsider,2018,,67/100,1,1,1,0,0,"Crime, Drama, Thriller",United States,"English, Japanese",6.3,tt2011311
668,The Fourth Kind,2009,13+,67/100,1,0,0,0,0,"Horror, Mystery, Sci-Fi","United Kingdom, Bulgaria, United States","English, Aboriginal",5.9,tt1220198
669,Bastille Day,2016,18+,67/100,1,0,0,0,0,"Comedy, Fantasy","France, Belgium, Czech Republic","French, Latin",4.6,tt2441982
670,The Whole Truth,2016,18+,67/100,1,0,0,0,0,"Crime, Drama, Mystery",United States,English,6.2,tt3503406
671,Ibiza,2018,18+,67/100,1,0,0,0,0,"Comedy, Romance",United States,English,5.2,tt3685236
672,Sabotage,2014,18+,67/100,1,0,0,0,0,"Action, Crime, Drama",United States,"English, Spanish",5.7,tt1742334
673,Penguin Bloom,2021,13+,67/100,1,0,0,0,0,"drama film, film based on book","United States, Australia",English,7.0,tt6317656
674,The Kissing Booth 2,2020,,67/100,1,0,0,0,0,"Comedy, Romance","United Kingdom, United States",English,5.7,tt9784456
675,Kingsglaive: Final Fantasy XV,2016,13+,67/100,1,0,0,0,0,"Animation, Action, Adventure","Japan, United States","Japanese, English, Chinese",6.7,tt5595168
676,Mirai,2018,7+,67/100,1,0,0,0,0,"Animation, Adventure, Drama",Japan,"Japanese, English",7.0,tt6900448
677,Child's Play 2,1990,18+,67/100,1,0,0,0,0,"Horror, Thriller",United States,English,6.0,tt0099253
678,World Trade Center,2006,13+,67/100,1,0,1,0,0,"Drama, History, Thriller","Germany, United States",English,6.0,tt0469641
679,OMG: Oh My God!,2012,all,67/100,1,0,0,0,0,"Comedy, Drama, Fantasy",India,Hindi,8.1,tt2283748
680,A Private War,2018,18+,67/100,1,0,0,0,0,"Biography, Drama, War","United Kingdom, United States",English,6.7,tt2368254
681,Get on Up,2014,13+,67/100,1,0,0,0,0,"Biography, Drama, Music","United Kingdom, United States",English,6.9,tt2473602
682,The Possession,2012,13+,67/100,1,0,0,0,0,"Horror, Mystery, Thriller","United States, Canada","English, Polish, Yiddish",5.9,tt0431021
683,The Angry Birds Movie 2,2019,7+,67/100,1,0,0,0,0,"Animation, Action, Adventure","Finland, United States, Australia, Canada, Japan, Kazakhstan",English,6.4,tt6095472
684,Stowaway,2021,18+,67/100,1,0,0,0,0,"Adventure, Sci-Fi, Thriller","United Kingdom, Germany, United States",English,5.7,tt9203694
685,Bill Burr: You People Are All The Same,2012,18+,67/100,1,0,0,0,0,Comedy,United States,English,8.2,tt2290153
686,Four Christmases,2008,13+,67/100,1,0,0,0,0,"Comedy, Drama, Romance","Germany, United States",English,5.7,tt0369436
687,Bombay Talkies,2013,13+,67/100,1,0,0,0,0,"Crime, Drama",India,"Hindi, English",6.6,tt2797242
688,Vampire Academy,2014,13+,67/100,1,0,0,0,0,"Action, Comedy, Drama","United Kingdom, United States, India","English, French",5.4,tt1686821
689,Brick Mansions,2014,13+,67/100,1,0,0,0,0,"Action, Crime, Thriller","France, Canada, United States, Spain","English, Chinese",5.6,tt1430612
690,Kingdom: Ashin of the North,2021,18+,67/100,1,0,0,0,0,"Action, Drama, Fantasy",South Korea,"Korean, Japanese, More",6.9,tt13412252
691,Andaz Apna Apna,1994,7+,67/100,1,0,0,0,0,"Action, Comedy, Romance",India,Hindi,8.0,tt0109117
692,Emicida: AmarElo - It's All for Yesterday,2020,,67/100,1,0,0,0,0,"Documentary, Music",Brazil,Portuguese,8.5,tt13458600
693,Blue Miracle,2021,7+,67/100,1,0,0,0,0,"Adventure, Biography, Drama",United States,English,6.6,tt7084386
694,Holding the Man,2015,,67/100,1,0,0,0,0,"Biography, Drama, History",Australia,"English, Italian",7.4,tt3671542
695,Small Town Crime,2018,18+,67/100,1,0,0,0,0,"Documentary, Short",USA,English,7.2,tt8689648
696,Ek Ladki Ko Dekha Toh Aisa Laga,2019,,67/100,1,0,0,0,0,"Crime, Drama",India,Hindi,5.6,tt8108164
697,First They Killed My Father,2017,18+,67/100,1,0,0,0,0,"Biography, Drama, History","Cambodia, United States","Central Khmer, English, French",7.2,tt4882376
698,Rising Phoenix,2020,13+,67/100,1,0,0,0,0,"Documentary, Sport",United Kingdom,English,8.1,tt10851618
699,The Wolf's Call,2019,16+,67/100,1,0,0,0,0,"Action, Thriller",France,French,6.9,tt7458762
700,Paan Singh Tomar,2012,7+,67/100,1,0,0,0,0,"Action, Biography, Crime",India,Hindi,8.2,tt1620933
701,John Mulaney & The Sack Lunch Bunch,2019,,67/100,1,0,0,0,0,"Comedy, Family, Musical",United States,English,7.3,tt11318624
702,Seventh Son,2015,13+,67/100,1,0,0,0,0,"fantasy film, adventure film, film based on a novel","United States, United Kingdom",English,6.0,tt1121096
703,The Death of Mr. Lazarescu,2005,18+,67/100,1,0,0,0,0,"Comedy, Drama",Romania,Romanian,7.8,tt0456149
704,The Occupant,2020,18+,67/100,1,0,0,0,0,"Drama, Thriller",Spain,Spanish,6.4,tt9345754
705,The Body Remembers When the World Broke Open,2019,18+,67/100,1,0,0,0,0,Drama,"Canada, Norway",English,6.9,tt8230872
706,The Woman in the Window,2021,18+,67/100,1,0,0,0,0,"Crime, Drama, Mystery",United States,English,5.7,tt6111574
707,Berlin Syndrome,2017,18+,67/100,1,0,0,0,0,"Drama, Horror, Mystery","Australia, France","English, German, Russian",6.3,tt3335606
708,What the Health,2017,,67/100,1,0,0,0,0,Documentary,United States,English,7.2,tt5541848
709,The Runaways,2010,18+,67/100,1,0,0,0,0,"Biography, Drama, Music",United States,English,6.5,tt1017451
710,Kodachrome,2017,18+,67/100,1,0,0,0,0,Drama,"Canada, United States",English,6.8,tt1880399
711,Croupier,1998,18+,67/100,1,0,0,0,0,"Crime, Drama, Thriller","United Kingdom, Ireland, France, Germany",English,7.0,tt0159382
712,The Smurfs,2011,7+,67/100,1,0,0,0,0,"Animation, Adventure, Comedy","United States, Belgium, Canada",English,5.4,tt0472181
713,Muppets Most Wanted,2014,7+,67/100,1,0,0,1,0,"Adventure, Comedy, Crime",United States,"English, German",6.4,tt2281587
714,Creep 2,2017,18+,67/100,1,0,0,0,0,"Horror, Thriller",United States,English,6.4,tt3654796
715,Mandela: Long Walk to Freedom,2013,13+,66/100,1,0,0,0,0,"Biography, Drama, History","United Kingdom, France, South Africa","English, Afrikaans, Xhosa",7.1,tt2304771
716,Toilet: A Love Story,2017,,66/100,1,0,0,0,0,"Comedy, Drama, Romance",India,Hindi,7.2,tt5785170
717,The Square,2013,16+,66/100,1,0,0,0,0,"Documentary, Drama, History","United Kingdom, Egypt, United States","Arabic, English",8.0,tt2486682
718,Jerry Seinfeld: I'm Telling You for the Last Time,1998,all,66/100,1,0,0,0,0,Comedy,United States,English,7.8,tt0500140
719,"Roxanne, Roxanne",2017,18+,66/100,1,0,0,0,0,"Biography, Drama, Music",United States,English,6.2,tt5796838
720,Riphagen The Untouchable,2016,,66/100,1,0,0,0,0,,,,,
721,Dear Zindagi,2016,13+,66/100,1,0,0,0,0,"Drama, Romance",India,"Hindi, English",7.4,tt5946128
722,Vizontele,2001,,66/100,1,0,0,0,0,"Comedy, Drama, History",Turkey,Turkish,8.0,tt0270053
723,Good on Paper,2021,18+,66/100,1,0,0,0,0,"Comedy, Romance",United States,English,5.6,tt8231668
724,Ophelia,2019,13+,66/100,1,0,0,0,0,"Short, Drama",United States,,,tt10392858
725,Black Sea,2014,18+,66/100,1,0,0,0,0,"Adventure, Drama, Thriller","United Kingdom, Russia, United States","English, Russian",6.4,tt2261331
726,Girl,2018,18+,66/100,1,1,0,0,0,Drama,"Netherlands, Belgium","French, Flemish, English",7.2,tt8254556
727,Irreplaceable You,2018,18+,66/100,1,0,0,0,0,"Comedy, Drama, Romance",United States,English,6.4,tt6119856
728,The Do-Over,2016,18+,66/100,1,0,0,0,0,"Action, Adventure, Comedy",United States,English,5.7,tt4769836
729,Metallica: Some Kind of Monster,2004,18+,66/100,1,0,0,0,0,"Documentary, Music",United States,English,7.5,tt0387412
730,Handsome Devil,2017,18+,66/100,1,0,0,0,0,"LGBT-related film, drama film",Ireland,English,10.0,tt5016946
731,Unfriended,2015,18+,66/100,1,0,0,0,0,"Animation, Short, Adventure",United States,English,6.1,tt4836716
732,Visaranai,2016,,66/100,1,0,0,0,0,prison film,India,Tamil,8.0,tt4991384
733,Been So Long,2018,,66/100,1,0,0,0,0,"Drama, Musical, Romance",United Kingdom,English,5.5,tt1682886
734,Yes Day,2021,7+,66/100,1,0,0,0,0,"Comedy, Family",United States,"English, Spanish",5.7,tt8521876
735,Blood Red Sky,2021,18+,66/100,1,0,0,0,0,"Action, Drama, Horror","Germany, United States","German, English, Arabic",6.1,tt6402468
736,The Bleeding Edge,2018,16+,66/100,1,0,0,0,0,Documentary,"Australia, United States",English,7.6,tt8106576
737,Tread,2020,,66/100,1,0,0,0,0,"Short, Horror",Australia,,,tt12318974
738,Berserk: The Golden Age Arc II - The Battle for Doldrey,2012,18+,66/100,1,0,0,0,0,"Animation, Action, Adventure",Japan,"Japanese, English",7.7,tt2358911
739,Kevin Hart: Irresponsible,2019,18+,66/100,1,0,0,0,0,Comedy,United States,English,6.6,tt10009796
740,In the Tall Grass,2019,18+,66/100,1,0,0,0,0,"Horror, Mystery, Sci-Fi","Canada, United States",English,5.5,tt4687108
741,Wadjda,2012,7+,66/100,1,0,0,0,0,"Comedy, Drama","Saudi Arabia, Netherlands, Germany, Jordan, United Arab Emirates, United States",Arabic,7.5,tt2258858
742,Ferry,2021,18+,66/100,1,0,0,0,0,"Action, Crime, Drama","Belgium, Netherlands","Flemish, Dutch",7.0,tt14217100
743,The Heartbreak Kid,2007,18+,66/100,1,0,0,0,0,"Comedy, Romance","United States, Mexico","English, Spanish",5.9,tt0408839
744,Fools Rush In,1997,13+,66/100,1,0,0,0,0,"Comedy, Drama, Romance",United States,"English, Spanish",6.1,tt0119141
745,Wild Child,2008,13+,66/100,1,0,0,0,0,Comedy,"United Kingdom, France, United States",English,6.1,tt1024255
746,The Lovebirds,2020,18+,66/100,1,0,0,0,0,"Action, Comedy, Crime",United States,English,6.1,tt8851668
747,Machete Kills,2013,18+,66/100,1,0,0,0,0,"Action, Comedy, Crime","United States, Russia","English, Spanish",5.6,tt2002718
748,Sergio,2020,18+,66/100,1,0,0,0,0,"Biography, Drama, History",United States,"English, Portuguese, Spanish, French",6.2,tt8750570
749,The Last Letter From Your Lover,2021,18+,66/100,1,0,0,0,0,"Drama, Romance","United Kingdom, France, Canada, Spain, United States",English,6.7,tt1893273
750,Kursk,2018,13+,66/100,1,0,0,0,0,,,,,
751,Then Came You,2019,13+,66/100,1,0,0,0,0,"Documentary, Short",USA,English,,tt10925168
752,Gantz:O,2016,18+,66/100,1,0,0,0,0,"Animation, Action, Drama",Japan,Japanese,7.1,tt5923962
753,Jenny Slate: Stage Fright,2019,18+,66/100,1,0,0,0,0,Comedy,United States,English,5.9,tt10971520
754,Taylor Swift: Reputation Stadium Tour,2018,7+,66/100,1,0,0,0,0,"Music, Musical",United States,English,8.4,tt9426852
755,Jodhaa Akbar,2008,13+,66/100,1,0,0,0,0,"Action, Drama, History",India,"Hindi, Urdu",7.5,tt0449994
756,Red Joan,2018,18+,66/100,1,0,0,0,0,"Biography, Drama, History",United Kingdom,English,6.4,tt7615302
757,Amateur,2018,18+,66/100,1,0,0,0,0,"Drama, Sport",United States,English,5.9,tt5580392
758,What a Girl Wants,2003,7+,66/100,1,0,0,0,0,"Comedy, Drama, Family","United States, United Kingdom",English,5.8,tt0286788
759,Quigley Down Under,1990,13+,66/100,1,0,0,0,0,"Action, Adventure, Drama","United States, Australia","English, Aboriginal",6.9,tt0102744
760,Cop Out,2010,18+,66/100,1,0,0,0,0,"Action, Comedy, Crime",United States,"English, Spanish",5.5,tt1385867
761,Mindhorn,2016,18+,66/100,1,0,0,0,0,"Action, Adventure, Comedy","United Kingdom, France, United States",English,6.3,tt4799064
762,Katt Williams: Great America,2018,18+,66/100,1,0,0,0,0,Comedy,United States,English,6.3,tt7752054
763,Lingua Franca,2020,,66/100,1,0,0,0,0,drama film,"United States, Philippines","English, Tagalog, Russian",10.0,tt8943224
764,Abduction,2011,13+,66/100,1,0,1,0,0,"Action, Drama, Mystery",United States,English,5.1,tt1600195
765,Copenhagen,2014,,66/100,1,0,0,0,0,"Adventure, Drama, Romance","Canada, United States, Denmark","English, Danish",7.0,tt2459156
766,High Flying Bird,2019,18+,66/100,1,0,0,0,0,"Drama, Sport",United States,English,6.2,tt8128188
767,Free to Play,2014,,66/100,1,0,0,0,0,"Documentary, Action",United States,"English, Chinese, Russian, Czech, Bulgarian, Japanese, German, Spanish",7.6,tt3203290
768,Life of Crime,2013,18+,66/100,1,0,0,0,0,"Comedy, Crime",United States,English,5.8,tt1663207
769,A Very Murray Christmas,2015,18+,66/100,1,0,0,0,0,"Comedy, Music, Musical",United States,English,5.5,tt4537842
770,The Silence,2019,13+,65/100,1,0,0,0,0,"Drama, Horror, Sci-Fi","United States, Germany","English, American Sign ",5.4,tt7315484
771,Sarah's Key,2010,13+,65/100,1,0,0,0,0,"Drama, War",France,"French, English, Italian, German, Yiddish",7.5,tt1668200
772,Abducted in Plain Sight,2018,all,65/100,1,0,0,0,0,documentary film,United States,English,6.8,tt3444312
773,Winchester,2018,13+,65/100,1,0,0,0,0,"Biography, Fantasy, Horror","Australia, United States",English,5.5,tt1072748
774,Our Souls at Night,2017,16+,65/100,1,0,0,0,0,"Drama, Romance",United States,English,6.9,tt5034266
775,The Karate Kid Part III,1989,7+,65/100,1,0,0,0,0,"Action, Drama, Family",United States,English,5.4,tt0097647
776,Haseen Dillruba,2021,18+,65/100,1,0,0,0,0,"Crime, Drama, Mystery",India,Hindi,6.9,tt11027830
777,SampleThis,2013,,65/100,1,0,0,0,0,,,,,
778,Bride of Chucky,1998,18+,65/100,1,0,0,0,0,"Comedy, Horror, Thriller","United States, Canada",English,5.6,tt0144120
779,Christine,2016,18+,65/100,1,1,0,0,0,"Biography, Drama","United Kingdom, United States",English,6.9,tt4666726
780,Secret Superstar,2017,,65/100,1,0,0,0,0,"Drama, Music","India, United States",Hindi,7.7,tt6108090
781,The Lonely Island Presents: The Unauthorized Bash Brothers Experience,2019,18+,65/100,1,0,0,0,0,,United States,English,8.0,tt10376068
782,WHAT DID JACK DO?,2017,16+,65/100,1,0,0,0,0,"Short, Comedy, Crime",United States,English,6.4,tt11644096
783,Blue Jay,2016,,65/100,1,0,0,0,0,"Drama, Romance",United States,English,7.3,tt5912454
784,Deidra & Laney Rob a Train,2017,16+,65/100,1,0,0,0,0,"Comedy, Crime, Drama",United States,English,6.0,tt4144332
785,Hari Kondabolu: Warn Your Relatives,2018,,65/100,1,0,0,0,0,Comedy,United States,English,6.7,tt8342748
786,Close,2019,18+,65/100,1,0,0,0,0,"Action, Drama, Thriller","United Kingdom, United States","English, Arabic, French",5.7,tt5316540
787,Sir,2018,,65/100,1,0,0,0,0,"Drama, Romance","India, France",Hindi,7.7,tt7142506
788,Congo,1995,13+,65/100,1,0,0,0,0,"Action, Adventure, Mystery",United States,"English, American Sign ",5.3,tt0112715
789,The Prom,2020,13+,65/100,1,0,0,0,0,"Comedy, Drama, Musical",United States,English,5.9,tt10161886
790,Naruto Shippuden the Movie,2007,13+,65/100,1,0,0,0,0,"Animation, Action, Adventure",Japan,Japanese,6.7,tt0988982
791,The Bling Ring,2013,18+,65/100,1,0,0,0,0,"Biography, Crime, Drama","United States, United Kingdom, France, Germany, Japan",English,5.6,tt2132285
792,Greater,2016,7+,65/100,1,0,0,0,0,"Biography, Family, Sport",United States,English,7.4,tt2950418
793,07:19,2016,,65/100,1,0,0,0,0,"Drama, History",Mexico,Spanish,5.8,tt5979312
794,Neal Brennan: 3 Mics,2017,,65/100,1,0,0,0,0,Comedy,United States,English,7.8,tt6438918
795,In the Family,2017,,65/100,1,0,0,0,0,"Documentary, Short",USA,English,5.6,tt7145172
796,The Awakening of Motti Wolkenbruch,2018,,65/100,1,0,0,0,0,"Comedy, Drama",Switzerland,"German, Yiddish, Hebrew, English",6.6,tt4766630
797,Beats,2019,18+,65/100,1,0,1,0,0,"Drama, Music",United States,English,6.4,tt8530978
798,Lost Girls,2020,18+,65/100,1,0,0,0,0,"Crime, Drama, Mystery",United States,English,6.2,tt3111426
799,The Witch: Part 1. The Subversion,2018,,65/100,1,0,0,0,0,action film,South Korea,Korean,8.0,tt8574252
800,Don,2006,13+,65/100,1,0,0,0,0,"Action, Crime, Thriller",India,Hindi,7.2,tt0461936
801,A Little Chaos,2015,18+,65/100,1,0,0,0,0,"Short, Drama",UK,English,8.4,tt6376748
802,Dennis the Menace,1993,7+,65/100,1,0,0,0,0,"Comedy, Family",United States,"English, French",5.7,tt0106701
803,iBoy,2017,,65/100,1,0,0,0,0,"Action, Crime, Sci-Fi",United Kingdom,English,5.9,tt3171832
804,Rush: Beyond The Lighted Stage,2010,,65/100,1,0,0,0,0,"Documentary, Biography, Music",Canada,English,8.4,tt1545103
805,See You Yesterday,2019,,65/100,1,0,0,0,0,"Action, Adventure, Crime",United States,English,5.3,tt8743064
806,Metallica: Through the Never,2013,18+,65/100,1,0,0,0,0,Music,United States,English,7.1,tt2172935
807,Xtreme,2021,18+,65/100,1,0,0,0,0,"Action, Crime, Drama",Spain,Spanish,5.8,tt11658120
808,Beyond the Clouds,2018,,65/100,1,0,0,0,0,"drama film, romance film","Italy, France, Germany","Italian, French, English",6.4,tt0114086
809,Two Distant Strangers,2020,18+,65/100,1,0,0,0,0,"Short, Drama, Sci-Fi",United States,English,6.9,tt13472984
810,Bert Kreischer: Secret Time,2018,18+,65/100,1,0,0,0,0,Comedy,,English,7.3,tt8786466
811,To All the Boys: Always and Forever,2021,,65/100,1,0,0,0,0,"Comedy, Drama, Romance",United States,"English, Korean",6.3,tt10676012
812,Breaking Boundaries: The Science of Our Planet,2021,7+,65/100,1,0,0,0,0,Documentary,United States,English,7.7,tt14539726
813,"Yes, God, Yes",2019,18+,65/100,1,0,0,0,0,"Comedy, Drama",United States,English,6.1,tt8949056
814,The Long Riders,1980,18+,65/100,1,0,1,0,0,"Biography, Crime, Drama",United States,"English, Swedish",6.9,tt0081071
815,Shepherds and Butchers,2017,18+,65/100,1,0,0,0,0,drama film,"South Africa, Germany",English,7.0,tt4627352
816,Big Miracle,2012,7+,65/100,1,0,0,0,0,"Biography, Drama, Romance","United Kingdom, United States",English,6.5,tt1430615
817,Gunjan Saxena: The Kargil Girl,2020,16+,65/100,1,0,0,0,0,"Action, Biography, Drama",India,Hindi,5.6,tt10350626
818,The Invisible Guardian,2017,16+,65/100,1,0,0,0,0,"Crime, Mystery, Thriller","Spain, Germany","Spanish, English, Basque",6.4,tt4924942
819,Cop Car,2015,18+,65/100,1,0,0,0,0,"Crime, Thriller",United States,English,6.3,tt3813310
820,Main Hoon Na,2004,7+,65/100,1,0,0,0,0,"Action, Comedy, Drama",India,Hindi,7.1,tt0347473
821,Last Breath,2019,18+,65/100,1,0,0,0,0,Documentary,"United Kingdom, Belgium, Sweden",English,7.6,tt9056818
822,The Stepfather,2009,13+,65/100,1,1,1,0,0,"Mystery, Thriller",United States,"English, German",5.6,tt0814335
823,Joe Rogan: Strange Times,2018,,65/100,1,0,0,0,0,Comedy,,English,7.2,tt9017614
824,The Sweetest Thing,2002,18+,65/100,1,0,1,0,0,"Comedy, Romance",United States,English,5.2,tt0253867
825,Dil Se..,1998,13+,65/100,1,0,0,0,0,"Drama, Romance",India,Hindi,7.5,tt0164538
826,Thunder Force,2021,13+,65/100,1,0,0,0,0,"Action, Adventure, Comedy",United States,English,4.6,tt10121392
827,The Ivory Game,2016,,65/100,1,0,0,0,0,Documentary,Austria,English,7.8,tt5952266
828,Otherhood,2019,18+,65/100,1,0,0,0,0,Comedy,"United Kingdom, United States",English,6.1,tt4180560
829,Space Sweepers,2021,,65/100,1,0,0,0,0,"Action, Adventure, Drama",South Korea,"Korean, English, Spanish, Danish, French, German, Russian, Chinese, Arabic, Filipino, Mandarin",6.5,tt12838766
830,The Prince & Me,2004,7+,65/100,1,0,1,0,0,"romantic comedy, teen film, comedy film, romance film","United States, Czech Republic",English,7.0,tt0337697
831,For the Love of Spock,2016,,65/100,1,0,0,0,0,"Documentary, Biography","Canada, United States",English,7.6,tt4572820
832,The Green Inferno,2015,18+,64/100,1,0,0,0,0,"horror film, thriller film, adventure film, cannibal film",United States,English,5.4,tt2403021
833,A Babysitter's Guide to Monster Hunting,2020,,64/100,1,0,0,0,0,"Comedy, Family, Fantasy","United States, Canada",English,5.4,tt4844150
834,Fantastic Fungi,2019,16+,64/100,1,0,0,0,0,Documentary,United States,English,7.4,tt8258074
835,West Beirut,1998,13+,64/100,1,0,0,0,0,"Comedy, Drama, Romance","France, Norway, Lebanon, Belgium","Arabic, French",7.6,tt0157183
836,He Never Died,2015,18+,64/100,1,0,0,0,0,"Comedy, Drama, Fantasy",Canada,English,6.3,tt2386404
837,The Nut Job,2014,7+,64/100,1,0,0,0,0,"Animation, Adventure, Comedy","Canada, South Korea, United States","English, Dutch",5.7,tt1821658
838,Unicorn Store,2017,,64/100,1,0,0,0,0,"Comedy, Drama, Fantasy",United States,English,5.6,tt2338454
839,Alex Strangelove,2018,18+,64/100,1,0,0,0,0,"Comedy, Drama, Romance",United States,English,6.3,tt5688996
840,Naruto Shippuden the Movie: The Will of Fire,2009,13+,64/100,1,0,0,0,0,,,,,
841,David Foster: Off the Record,2019,,64/100,1,0,0,0,0,Documentary,Canada,English,7.0,tt10655608
842,Pihu,2018,all,64/100,1,0,0,0,0,"Short, Romance",India,Hindi,7.7,tt8499798
843,American Me,1992,18+,64/100,1,0,0,0,0,"Biography, Crime, Drama",United States,"English, Spanish",7.1,tt0103671
844,The Christmas Chronicles: Part Two,2020,7+,64/100,1,0,0,0,0,"Adventure, Comedy, Family",United States,English,6.0,tt11057644
845,Sinister 2,2015,18+,64/100,1,0,0,0,0,"Horror, Mystery, Thriller","United Kingdom, Canada, United States",English,5.3,tt2752772
846,Don't Go Breaking My Heart,2011,,64/100,1,0,0,0,0,Romance,"Hong Kong, China","Cantonese, Mandarin",6.5,tt1776143
847,Black '47,2018,18+,64/100,1,0,0,0,0,"Action, Drama, History","Ireland, Luxembourg, Belgium, United States, France","English, Irish Gaelic",6.8,tt3208026
848,Mute,2018,18+,64/100,1,0,0,0,0,"Mystery, Sci-Fi, Thriller","United Kingdom, Germany","English, German",5.5,tt1464763
849,"Crouching Tiger, Hidden Dragon: Sword of Destiny",2016,13+,64/100,1,0,0,0,0,"Action, Adventure, Drama","China, United States",English,6.1,tt2652118
850,The Ottoman Lieutenant,2017,18+,64/100,1,0,0,0,0,"Drama, History, War","Turkey, United States",English,6.4,tt4943322
851,Teefa in Trouble,2018,13+,64/100,1,0,0,0,0,"Action, Comedy, Crime",Pakistan,Urdu,7.0,tt8043306
852,David Cross: Making America Great Again,2016,,64/100,1,0,0,0,0,Comedy,United States,English,6.6,tt5943936
853,The Last Days,1998,13+,64/100,1,0,0,0,0,"Documentary, War",United States,"English, German, Hungarian",7.9,tt0174852
854,Fred Claus,2007,7+,64/100,1,0,0,0,0,"Comedy, Family, Fantasy",United States,English,5.7,tt0486583
855,Sierra Burgess Is a Loser,2018,13+,64/100,1,0,0,0,0,"Comedy, Drama, Romance",United States,English,5.8,tt3120280
856,Pariah,2011,18+,64/100,1,0,0,0,0,Drama,United States,English,7.2,tt1233334
857,Cam,2018,18+,64/100,1,0,0,0,0,"Drama, Horror, Mystery",United States,English,5.9,tt8361028
858,The Boys in the Band,2020,18+,64/100,1,0,0,0,0,Drama,"United States, Canada",English,6.8,tt10199914
859,Kai Po Che!,2013,,64/100,1,0,0,0,0,"Drama, Sport",India,Hindi,7.8,tt2213054
860,The Tree of Blood,2018,18+,64/100,1,0,0,0,0,Drama,"France, Spain",Spanish,6.4,tt6433832
861,Magic Carpet Ride,2005,13+,64/100,1,0,0,0,0,"Comedy, Drama",Turkey,Turkish,7.4,tt0470883
862,A Sun,2019,,64/100,1,0,0,0,0,"Crime, Drama",Taiwan,Mandarin,7.6,tt10883506
863,The Mirror Has Two Faces,1996,13+,64/100,1,0,0,0,0,"Comedy, Drama, Romance",United States,English,6.6,tt0117057
864,The Skin of the Wolf,2018,,64/100,1,0,0,0,0,"drama film, romance film",Spain,Spanish,10.0,tt6347150
865,Come Sunday,2018,16+,64/100,1,0,0,0,0,"Biography, Drama",United States,English,6.0,tt1690967
866,The Forty-Year-Old Version,2020,18+,64/100,1,0,0,0,0,"Comedy, Drama",United States,English,7.2,tt10642834
867,Eli,2019,18+,64/100,1,0,0,0,0,"Drama, Horror, Mystery",United States,English,5.8,tt5294518
868,Naruto the Movie: Ninja Clash in the Land of Snow,2004,16+,64/100,1,0,0,0,0,"Animation, Action, Adventure",Japan,Japanese,6.6,tt0476680
869,Tony Robbins: I Am Not Your Guru,2016,,64/100,1,0,0,0,0,Documentary,United States,English,6.6,tt5151716
870,Good Burger,1997,7+,64/100,1,0,0,0,0,"Comedy, Family",United States,English,5.8,tt0119215
871,Jimmy Neutron: Boy Genius,2001,all,64/100,1,0,0,0,0,"Animation, Action, Adventure",United States,English,6.1,tt0268397
872,American Son,2019,,64/100,1,0,0,0,0,Drama,United States,English,5.9,tt9664078
873,The Call,2020,,64/100,1,0,0,0,0,"Crime, Horror, Mystery",South Korea,Korean,7.1,tt10530176
874,Nights in Rodanthe,2008,13+,64/100,1,0,0,0,0,"Drama, Romance","United States, Australia","English, Spanish",6.0,tt0956038
875,Dick Johnson Is Dead,2020,13+,64/100,1,0,0,0,0,"Documentary, Biography, Drama",United States,English,7.4,tt11394180
876,Maps to the Stars,2014,18+,64/100,1,0,0,0,0,"Comedy, Drama, Mystery","Canada, Germany, France, United States",English,6.2,tt2172584
877,The Hows of Us,2018,,64/100,1,0,0,0,0,"Comedy, Drama, Romance",Philippines,"Tagalog, Filipino, English",6.8,tt8769032
878,Mimi,2021,,64/100,1,0,0,0,0,"Comedy, Drama",India,Hindi,7.8,tt10895576
879,100 Meters,2016,,64/100,1,0,0,0,0,"Biography, Comedy, Drama","Spain, Portugal",Spanish,7.5,tt5089786
880,The Death and Life of Marsha P. Johnson,2017,,64/100,1,0,0,0,0,"Documentary, Biography","Greece, United States",English,7.2,tt5233558
881,No Game No Life: Zero,2017,18+,64/100,1,0,0,0,0,"Animation, Adventure, Drama",Japan,Japanese,7.3,tt5914996
882,Taylor Tomlinson: Quarter-Life Crisis,2020,16+,64/100,1,0,0,0,0,Comedy,United States,English,7.4,tt11738792
883,All Day and a Night,2020,18+,64/100,1,0,0,0,0,Drama,United States,English,6.0,tt3993886
884,Ali Wong: Baby Cobra,2016,18+,64/100,1,0,0,0,0,Comedy,United States,English,7.5,tt5066574
885,Parmanu: The Story of Pokhran,2018,,64/100,1,0,0,0,0,"Action, Drama, History",India,Hindi,7.6,tt6826438
886,The Incredible Jessica James,2017,,64/100,1,0,0,0,0,Comedy,United States,English,6.5,tt5990342
887,The Happytime Murders,2018,18+,64/100,1,0,0,0,0,"Action, Comedy, Crime","United States, China",English,5.5,tt1308728
888,The Strangers: Prey at Night,2018,18+,64/100,1,0,0,0,0,Horror,"United Kingdom, United States",English,5.3,tt1285009
889,Cradle 2 the Grave,2003,18+,64/100,1,0,0,0,0,"Action, Crime, Drama",United States,"English, Mandarin, Korean",5.8,tt0306685
890,Jim Gaffigan: King Baby,2009,7+,64/100,1,0,0,0,0,Comedy,United States,English,7.7,tt1390471
891,Rust Creek,2019,18+,64/100,1,0,0,0,0,thriller film,Italy,Italian,7.0,tt6610158
892,The Smurfs 2,2013,7+,64/100,1,0,0,0,0,"Animation, Adventure, Comedy","United States, France, Canada, Belgium","English, French",5.3,tt2017020
893,Asmaa,2011,,64/100,1,0,0,0,0,Drama,Egypt,Arabic,8.1,tt1826603
894,Rock On!!,2008,,64/100,1,0,1,0,0,"Drama, Music",India,Hindi,7.7,tt1230165
895,Fisherman’s Friends,2019,13+,64/100,1,0,0,0,0,"Comedy, Drama, Music",United Kingdom,English,7.0,tt1648186
896,Avengement,2019,,64/100,1,0,0,0,0,"Action, Crime, Thriller",United Kingdom,English,6.6,tt8836988
897,Other People,2016,,64/100,1,0,0,0,0,"Comedy, Drama",United States,English,6.8,tt4158876
898,Kicking and Screaming,1995,18+,64/100,1,0,1,0,0,"Comedy, Drama, Romance",United States,English,6.6,tt0113537
899,Tamasha,2015,7+,64/100,1,0,0,0,0,"Comedy, Drama, Romance",India,Hindi,7.4,tt3148502
900,The Meddler,2016,13+,64/100,1,0,0,0,0,,United States,,,tt0016099
901,White Girl,2016,,64/100,1,0,0,0,0,"Crime, Drama",United States,English,5.7,tt4129870
902,Below Zero,2021,18+,64/100,1,0,0,0,0,"Action, Adventure, Crime",Spain,Spanish,6.2,tt9845564
903,The Climb,2017,,64/100,1,0,1,0,0,"Comedy, Drama, Romance",France,"French, English, German, Nepali",6.9,tt5157682
904,The Rachel Divide,2018,18+,64/100,1,0,0,0,0,Documentary,United States,English,6.3,tt8106570
905,1000 Mabrouk,2009,,64/100,1,0,0,0,0,comedy film,Egypt,Arabic,9.0,tt2210425
906,Undefeated,2011,13+,64/100,1,0,0,0,0,"Documentary, Sport",United States,English,7.7,tt1860355
907,Lying and Stealing,2019,18+,64/100,1,0,0,0,0,"Crime, Drama, Thriller",United States,English,5.5,tt7558302
908,Who Would You Take to a Deserted Island?,2019,,64/100,1,0,0,0,0,Drama,Spain,"Spanish, English",5.3,tt8976832
909,Richard Pryor: Live in Concert,1979,18+,64/100,1,0,0,0,0,"Documentary, Comedy",United States,English,8.0,tt0079807
910,Om Shanti Om,2007,7+,63/100,1,0,0,0,0,"Action, Comedy, Drama",India,"Hindi, Urdu",6.8,tt1024943
911,Year One,2009,13+,63/100,1,0,0,0,0,Comedy,United States,English,4.9,tt1045778
912,"Waiting for ""Superman""",2010,7+,63/100,1,0,0,0,0,Documentary,United States,"English, Spanish",7.4,tt1566648
913,Andhaghaaram,2020,,63/100,1,0,0,0,0,"Horror, Mystery, Thriller",India,Tamil,7.5,tt9110340
914,Hop,2011,all,63/100,1,0,0,0,0,"Animation, Adventure, Comedy","United States, Japan, United Kingdom, Canada","English, Chinese, Spanish, French, Ukrainian",5.4,tt1411704
915,Coming Soon,2014,7+,63/100,1,0,0,0,0,"Comedy, Drama, Romance",Turkey,Turkish,7.3,tt3698408
916,The Rugrats Movie,1998,all,63/100,1,0,0,0,0,"Animation, Adventure, Comedy",United States,English,5.9,tt0134067
917,Jingle Jangle: A Christmas Journey,2020,7+,63/100,1,0,0,0,0,"Family, Fantasy, Musical",United States,English,6.4,tt7736496
918,Mission Blue,2014,7+,63/100,1,0,0,0,0,"Documentary, Drama","United States, Bermuda, Ecuador",English,7.9,tt2004304
919,Beverly Hills Ninja,1997,13+,63/100,1,0,0,0,0,"Action, Comedy",United States,"English, Japanese",5.6,tt0118708
920,In a Valley of Violence,2016,18+,63/100,1,0,0,0,0,"Action, Western",United States,English,6.1,tt3608930
921,The Battered Bastards of Baseball,2014,,63/100,1,0,0,0,0,"Documentary, Sport",United States,English,8.0,tt3445270
922,Inhuman Kiss,2019,,63/100,1,0,0,0,0,Documentary,Thailand,Thai,,tt20244700
923,The Motive,2017,18+,63/100,1,0,0,0,0,"Comedy, Crime, Drama","Spain, Mexico","Spanish, English",6.5,tt5451244
924,Lust Stories,2018,13+,63/100,1,0,0,0,0,"Drama, Romance",India,"Hindi, English",6.4,tt8439854
925,Beyond Skyline,2017,18+,63/100,1,0,0,0,0,"Action, Adventure, Horror","United States, Canada, Indonesia, United Kingdom, China, Singapore","English, Indonesian",5.3,tt1724970
926,Holiday in the Wild,2019,7+,63/100,1,0,0,0,0,"Comedy, Drama, Romance",United States,English,6.2,tt8510488
927,Umrika,2015,,63/100,1,0,0,0,0,"Comedy, Drama",India,Hindi,6.6,tt2614722
928,The Seven Deadly Sins: Prisoners of the Sky,2018,,63/100,1,0,0,0,0,"Animation, Action, Adventure",Japan,Japanese,7.0,tt9089294
929,Long Shot,2017,16+,63/100,1,0,0,0,0,"Documentary, Crime, Sport",United States,English,7.4,tt7344360
930,Dev.D,2009,13+,63/100,1,0,0,0,0,"Comedy, Drama, Romance",India,Hindi,7.9,tt1327035
931,Judd Apatow: The Return,2017,16+,63/100,1,0,0,0,0,Comedy,United States,English,6.3,tt7738550
932,Jaane Tu... Ya Jaane Na,2008,,63/100,1,0,0,0,0,"Comedy, Drama, Romance",India,Hindi,7.4,tt0473367
933,Escape from Planet Earth,2012,7+,63/100,1,0,0,0,0,"fantasy film, children's film, science fiction film, comedy film","United States, Canada",English,5.0,tt0765446
934,Aziz Ansari: Live at Madison Square Garden,2015,18+,63/100,1,0,0,0,0,stand-up comedy,United States,English,1.0,tt4530184
935,"Yours, Mine & Ours",2005,7+,63/100,1,0,1,0,0,"Comedy, Family, Romance",United States,English,5.5,tt0443295
936,Bully,2011,13+,63/100,1,0,0,0,0,"Documentary, Drama",United States,English,7.3,tt1682181
937,Sleight,2016,18+,63/100,1,0,0,0,0,"Crime, Drama, Sci-Fi",United States,English,5.9,tt4573516
938,The Hummingbird Project,2019,18+,63/100,1,0,0,0,0,"thriller film, drama film","Canada, Belgium",English,7.0,tt6866224
939,"Game Over, Man!",2018,18+,63/100,1,0,0,0,0,"Action, Comedy",United States,English,5.5,tt3317234
940,Edge of Seventeen,1998,18+,63/100,1,0,0,0,0,"Comedy, Drama, Romance",United States,English,6.8,tt0138414
941,A Christmas Prince: The Royal Wedding,2018,7+,63/100,1,0,0,0,0,"Comedy, Drama, Romance",United States,English,5.3,tt8709036
942,American Outlaws,2001,13+,63/100,1,0,0,0,0,"Action, Drama, Western",United States,English,5.9,tt0244000
943,Jim Jefferies: Bare,2014,18+,63/100,1,0,0,0,0,Comedy,United States,English,8.0,tt3958494
944,Wake Up Sid,2009,,63/100,1,0,0,0,0,"Comedy, Drama, Romance",India,Hindi,7.6,tt1324059
945,Bill Hicks: Relentless,1992,,63/100,1,0,0,0,0,"Documentary, Comedy",UK,English,8.6,tt0148668
946,Mary Magdalene,2018,18+,63/100,1,0,0,0,0,"Biography, Drama, History","United Kingdom, Australia, United States, Italy","English, Hebrew",5.9,tt5360996
947,BLACKPINK: Light Up the Sky,2020,all,63/100,1,0,0,0,0,"Documentary, Music","United States, South Korea","Korean, English, Thai",7.3,tt13058290
948,Madras Cafe,2013,13+,63/100,1,0,0,0,0,"Action, Drama, Thriller",India,Hindi,7.6,tt2855648
949,Berlin Calling,2008,,63/100,1,0,0,0,0,"Comedy, Drama, Music",Germany,German,7.2,tt0211946
950,The Titan,2018,18+,63/100,1,0,0,0,0,"Drama, Mystery, Romance","United Kingdom, Spain, United States, Germany",English,4.8,tt4986098
951,I Am Not an Easy Man,2018,,63/100,1,0,0,0,0,"Comedy, Fantasy, Romance",France,French,6.3,tt6857988
952,Love Off the Cuff,2017,,63/100,1,0,0,0,0,"Comedy, Drama, Romance","Hong Kong, China","Cantonese, Mandarin",6.5,tt5956006
953,Child's Play 3,1991,18+,63/100,1,0,0,0,0,"Horror, Thriller",United States,English,5.2,tt0103956
954,Rugrats in Paris: The Movie,2000,all,63/100,1,0,0,0,0,,,,,
955,Naruto Shippuden the Movie: Bonds,2008,16+,63/100,1,0,0,0,0,"Animation, Action, Fantasy",Japan,Japanese,6.8,tt1160524
956,Heneral Luna,2015,18+,63/100,1,0,0,0,0,"Action, Biography, History",Philippines,"Filipino, English, Spanish",7.2,tt4944352
957,Delhi Belly,2011,,63/100,1,0,0,0,0,"Action, Comedy, Crime",India,"English, Hindi",7.6,tt1934231
958,Armed to the Teeth,2018,,63/100,1,0,0,0,0,"Documentary, Crime, Thriller",Mexico,Spanish,7.9,tt7609436
959,I Am All Girls,2021,18+,63/100,1,0,0,0,0,"Crime, Drama, Mystery",South Africa,English,6.0,tt9013182
960,Jagame Thandhiram,2021,18+,63/100,1,0,0,0,0,"Action, Crime, Drama","United Kingdom, India","Tamil, Telugu",5.8,tt10661848
961,Master Z: Ip Man Legacy,2019,13+,63/100,1,0,0,0,0,"adventure film, action film, martial arts film","People's Republic of China, Hong Kong",,8.0,tt7262882
962,Hubie Halloween,2020,13+,63/100,1,0,0,0,0,"Comedy, Horror, Mystery",United States,English,5.3,tt10682266
963,Naruto Shippuden the Movie: Blood Prison,2011,13+,63/100,1,0,0,0,0,"Animation, Action, Mystery",Japan,Japanese,7.1,tt1999167
964,Awake,2021,,63/100,1,0,1,0,0,"Action, Adventure, Drama",United States,"English, Greek, Spanish",4.9,tt10418662
965,Bulbbul,2020,18+,63/100,1,0,0,0,0,"Drama, Horror, Mystery",India,Hindi,6.6,tt12393526
966,Malcolm & Marie,2021,18+,63/100,1,0,0,0,0,"Drama, Romance",United States,English,6.6,tt12676326
967,Fukrey,2013,13+,63/100,1,0,0,0,0,"Comedy, Drama, Romance",India,Hindi,6.9,tt2806788
968,Furie,2019,18+,63/100,1,0,0,0,0,"Action, Drama, Thriller",Vietnam,Vietnamese,6.3,tt9412268
969,The Blue Elephant Part 2,2019,,63/100,1,0,0,0,0,,,,,
970,Orbiter 9,2017,16+,63/100,1,0,0,0,0,"science fiction film, drama film","Spain, Colombia",Spanish,6.0,tt3469798
971,Awe!,2018,,63/100,1,0,0,0,0,"Drama, Fantasy, Horror",India,Telugu,7.6,tt7797658
972,Our Lovers,2016,,63/100,1,0,0,0,0,"Comedy, Drama, Romance",Spain,Spanish,6.7,tt4631532
973,Newness,2017,,63/100,1,0,0,0,0,"Drama, Romance",United States,"English, Catalan, Spanish",6.3,tt6408226
974,Freak Show,2018,,63/100,1,1,0,0,0,"comedy drama, LGBT-related film, drama film",United States,English,8.0,tt5089534
975,Black or White,2014,13+,63/100,1,0,0,0,0,Drama,United States,English,6.6,tt2883434
976,Everybody's Everything,2019,18+,63/100,1,0,0,0,0,"Documentary, Music",United States,English,7.5,tt9617716
977,The Darkest Hour,2011,13+,63/100,1,0,0,0,0,"Action, Adventure, Horror","Russia, United States","English, Russian",4.9,tt1093357
978,Headshot,2016,,63/100,1,0,0,0,0,"Action, Drama, Thriller","Indonesia, Singapore","Indonesian, English",6.3,tt5147214
979,Ratchet & Clank,2016,7+,63/100,1,0,0,0,0,"Animation, Action, Adventure","Hong Kong, Canada, United States, China",English,5.5,tt2865120
980,Blind Detective,2013,,63/100,1,0,0,0,0,"Action, Comedy, Crime","Hong Kong, China","Cantonese, Mandarin, Portuguese, English",6.4,tt2332707
981,Capital in the Twenty-First Century,2019,,63/100,1,0,0,0,0,Documentary,"France, New Zealand","English, French",7.3,tt5723056
982,Rim of the World,2019,7+,63/100,1,0,0,0,0,"Action, Adventure, Comedy",United States,"English, Chinese",5.3,tt8179388
983,America: The Motion Picture,2021,,63/100,1,0,0,0,0,"Animation, Action, Adventure","Brazil, Mexico, United States, Czech Republic","English, French, Spanish",5.6,tt6733874
984,The Princess Switch,2018,7+,63/100,1,0,0,0,0,"Comedy, Drama, Family",United States,English,6.1,tt8954732
985,Belgica,2016,,63/100,1,0,0,0,0,Drama,"Belgium, France, Netherlands","Flemish, Dutch",6.7,tt3544218
986,Pyaar Ka Punchnama 2,2015,13+,63/100,1,0,0,0,0,"Comedy, Drama, Romance",India,Hindi,7.2,tt4430136
987,Love Jones,1997,18+,63/100,1,0,0,0,0,"Comedy, Drama, Romance",United States,English,7.3,tt0119572
988,Kevin Hart: Seriously Funny,2010,18+,63/100,1,0,0,0,0,"Documentary, Comedy",United States,English,7.5,tt1714196
989,Violet Evergarden: Eternity and the Auto Memory Doll,2019,7+,63/100,1,0,0,0,0,"Animation, Drama, Family",Japan,Japanese,7.5,tt10477558
990,Little Monsters,1989,7+,63/100,1,1,0,0,0,"Adventure, Comedy, Family",United States,English,6.0,tt0097758
991,Mucize,2015,18+,63/100,1,0,0,0,0,comedy drama,Turkey,Turkish,10.0,tt3138782
992,Playing for Keeps,2012,13+,62/100,1,0,0,0,0,"Comedy, Romance, Sport",United States,English,5.7,tt1540128
993,#Alive,2020,,62/100,1,0,0,0,0,"Action, Drama, Horror",South Korea,Korean,6.3,tt10620868
994,Finding 'Ohana,2021,7+,62/100,1,0,0,0,0,"Action, Adventure, Comedy",United States,"English, Hawaiian, Spanish",6.1,tt10332588
995,Three,2016,13+,62/100,1,0,0,0,0,"Action, Crime, Thriller","Hong Kong, China","Mandarin, English, Cantonese",5.9,tt4379728
996,Aziz Ansari: Right Now,2019,,62/100,1,0,0,0,0,Comedy,United States,English,7.5,tt10575038
997,Bill Hicks: Revelations,1993,,62/100,1,0,0,0,0,"Documentary, Comedy",United Kingdom,English,8.4,tt0152183
998,Love Happens,2009,13+,62/100,1,0,0,0,0,"Drama, Romance","United States, Canada, United Kingdom",English,5.7,tt0899106
999,The Wind,2019,18+,62/100,1,0,0,0,0,"Biography, Drama, History","United Kingdom, Malawi, United States, Kenya","English, Nyanja, Arabic",7.6,tt7533152
1000,Habibie & Ainun,2012,,62/100,1,0,0,0,0,drama film,Indonesia,"Indonesian, German",10.0,tt2589132
1001,Feel the Beat,2020,all,62/100,1,0,0,0,0,"teen film, family film, dance film, comedy drama",United States,English,8.0,tt10714856
1002,Hotel for Dogs,2009,7+,62/100,1,0,0,0,0,"teen film, film based on a novel, comedy film",United States,English,5.5,tt0785006
1003,Silver Skates,2020,18+,62/100,1,0,0,0,0,"romance film, Christmas film, historical drama, adventure film",Russia,Russian,10.0,tt10525672
1004,Elizabeth Harvest,2018,18+,62/100,1,0,0,0,0,thriller film,United States,English,5.8,tt6852872
1005,Joseph: King of Dreams,2000,all,62/100,1,0,0,0,0,,,,,
1006,Choked: Paisa Bolta Hai,2020,16+,62/100,1,0,0,0,0,drama film,India,Hindi,3.0,tt11651780
1007,Carrie Pilby,2017,,62/100,1,0,0,0,0,comedy drama,United States,English,7.0,tt2989524
1008,Blame!,2017,13+,62/100,1,0,0,0,0,,,,,
1009,Ala Vaikunthapurramuloo,2020,13+,62/100,1,0,0,0,0,action film,India,"Telugu, Malayalam",10.0,tt9537292
1010,The Operative,2019,18+,62/100,1,0,0,0,0,drama film,"Israel, Germany, France",English,5.0,tt8000718
1011,Pelé,2021,13+,62/100,1,0,0,0,0,,,,,
1012,Little Evil,2017,18+,62/100,1,0,0,0,0,comedy horror,United States,English,5.0,tt2937366
1013,Mersal,2017,,62/100,1,0,0,0,0,action film,India,Tamil,6.0,tt6485666
1014,Hannah Gadsby: Douglas,2020,18+,62/100,1,0,0,0,0,,,,,
1015,Operation Christmas Drop,2020,all,62/100,1,0,0,0,0,"family film, comedy film, Christmas film, romantic comedy",United States,English,5.0,tt13236566
1016,Pokémon the Movie: I Choose You!,2017,7+,62/100,1,0,0,0,0,,,,,
1017,Sweetheart,2019,13+,62/100,1,0,0,0,0,"LGBT-related film, coming-of-age film, comedy drama, romance film",United Kingdom,English,8.0,tt10919362
1018,Delirium,2018,18+,62/100,1,0,0,0,0,,,,,tt2952640
1019,The Bar,2017,,62/100,1,0,0,0,0,,,,,
1020,Herod's Law,1999,18+,62/100,1,0,0,0,0,"black comedy film, political satire, drama film, satirical film or television program",Mexico,Spanish,7.8,tt0221344
1021,A Princess for Christmas,2011,7+,62/100,1,0,0,0,0,,,,,
1022,Triple Threat,2019,18+,62/100,1,0,0,0,0,"action film, martial arts film",Thailand,"English, Mandarin, Thai",6.0,tt6643972
1023,Kevin Hart: What Now?,2016,18+,62/100,1,0,0,0,0,"documentary film, comedy film, stand-up comedy",United States,English,7.0,tt4669186
1024,Goon: Last of the Enforcers,2017,18+,62/100,1,0,0,0,0,"sport film, comedy drama",United States,English,5.0,tt2417712
1025,The Unknown Known,2013,13+,62/100,1,0,0,0,0,"documentary film, biographical film",United States,English,8.0,tt2390962
1026,The Paramedic,2020,18+,62/100,1,0,0,0,0,thriller film,Spain,Spanish,6.0,tt11127690
1027,Yuva,2004,7+,62/100,1,0,0,0,0,,,,,
1028,Can't Help Falling in Love,2017,,62/100,1,0,0,0,0,,,,,
1029,Sandy Wexler,2017,16+,62/100,1,0,0,0,0,"comedy film, musical film",United States,English,7.0,tt5893332
1030,Nothing to Hide,2018,18+,62/100,1,0,0,0,0,"comedy film, drama film",France,French,7.0,tt7489816
1031,Sad Hill Unearthed,2017,,62/100,1,0,0,0,0,documentary film,Spain,French,9.0,tt6997426
1032,How I Became a Superhero,2021,,62/100,1,0,0,0,0,,,,,
1033,Isi & Ossi,2020,18+,62/100,1,0,0,0,0,"romantic comedy, boxing film",Germany,"German, Kurpfalz dialects",7.0,tt9806322
1034,Naruto Shippuden the Movie: The Lost Tower,2010,7+,62/100,1,0,0,0,0,,,,,
1035,Trailer Park Boys: The Movie,2006,18+,62/100,1,0,0,0,0,comedy film,Canada,English,7.0,tt0425601
1036,The Ridiculous 6,2015,13+,62/100,1,0,0,0,0,"comedy film, action film",United States,English,6.0,tt2479478
1037,Sword of Trust,2019,18+,62/100,1,0,0,0,0,comedy film,United States,English,8.0,tt8484012
1038,Bad Seeds,2018,18+,62/100,1,0,0,0,0,comedy film,France,French,7.0,tt6708116
1039,Wildling,2018,18+,62/100,1,0,0,0,0,"fantasy film, horror film",United States,English,5.0,tt5085924
1040,Uyare,2019,,62/100,1,0,0,0,0,thriller film,India,Malayalam,9.0,tt9271408
1041,Christmas Inheritance,2017,,62/100,1,0,0,0,0,,,,,
1042,Chopsticks,2019,,62/100,1,0,0,0,0,drama film,India,Hindi,9.0,tt10243678
1043,2 Hearts,2020,13+,62/100,1,0,0,0,0,drama film,United States,English,9.0,tt5616176
1044,The Night Clerk,2020,18+,62/100,1,0,0,0,0,"crime film, drama film, mystery film, romance film",United States,English,6.0,tt7979142
1045,Kevin Hart: I'm a Grown Little Man,2009,18+,62/100,1,0,0,0,0,stand-up comedy,United States,English,3.0,tt1420554
1046,Work It,2020,16+,62/100,1,0,0,0,0,comedy film,United States,English,7.0,tt10276470
1047,Domestic Disturbance,2001,13+,62/100,1,0,0,0,0,"thriller film, drama film",United States,English,5.6,tt0249478
1048,Gimme Shelter,2013,13+,62/100,1,0,0,0,0,"music documentary film, concert film",United States,English,9.0,tt0065780
1049,My Beautiful Broken Brain,2014,,62/100,1,0,0,0,0,documentary film,United Kingdom,English,10.0,tt3815136
1050,Bill Burr: Walk Your Way Out,2017,,62/100,1,0,0,0,0,,United States,English,7.2,tt6184894
1051,Minimalism: A Documentary About the Important Things,2015,,62/100,1,0,0,0,0,documentary film,United States,,4.0,tt3810760
1052,Toc Toc,2017,7+,62/100,1,0,0,0,0,comedy film,Spain,Spanish,9.0,tt6060156
1053,Secret Magic Control Agency,2021,7+,62/100,1,0,0,0,0,,,,,
1054,The Three Deaths of Marisela Escobedo,2020,18+,62/100,1,0,0,0,0,"documentary film, crime film",Mexico,Spanish,8.0,tt13206564
1055,Message from the King,2016,18+,62/100,1,0,0,0,0,crime film,"United Kingdom, France, Belgium",English,8.0,tt1712192
1056,Falling Inn Love,2019,7+,62/100,1,0,0,0,0,romantic comedy,United States,English,6.0,tt9860728
1057,Demetri Martin: The Overthinker,2018,,62/100,1,0,0,0,0,,,,,
1058,Nayattu,2021,18+,61/100,1,0,0,0,0,,India,Malayalam,9.0,tt11604676
1059,Cairo Station,1958,,61/100,1,0,0,0,0,drama film,Egypt,Egyptian Arabic,7.5,tt0051390
1060,No Longer kids,1979,,61/100,1,0,0,0,0,,,,,
1061,Demonic,2015,18+,61/100,1,0,0,0,0,horror film,United States,English,6.0,tt1841642
1062,Wine Country,2019,18+,61/100,1,0,0,0,0,comedy film,United States,English,7.0,tt8169446
1063,The Fury of a Patient Man,2016,,61/100,1,0,0,0,0,drama film,Spain,Spanish,8.0,tt4771896
1064,4 latas,2019,,61/100,1,0,0,0,0,"drama film, comedy film",Spain,"Spanish, French, Afrikaans",8.0,tt8242160
1065,The Last Summer,2019,16+,61/100,1,0,0,0,0,comedy film,United States,English,7.0,tt7957694
1066,Jeff Dunham: Arguing with Myself,2006,13+,61/100,1,0,1,0,0,comedy film,United States,English,6.0,tt0806102
1067,Initial D,2005,7+,61/100,1,0,0,0,0,"action film, teen film","Hong Kong, People's Republic of China",Cantonese,7.0,tt0439630
1068,In Darkness,2018,,61/100,1,0,0,0,0,thriller film,"United Kingdom, United States",English,5.8,tt5164184
1069,Mike Birbiglia: My Girlfriend's Boyfriend,2013,,61/100,1,0,0,0,0,stand-up comedy,United States,English,10.0,tt2937390
1070,Seth Meyers: Lobby Baby,2019,18+,61/100,1,0,0,0,0,,,,,
1071,Audrey,2020,16+,61/100,1,0,0,0,0,,,,,
1072,I'm No Longer Here,2019,18+,61/100,1,0,0,0,0,drama film,Mexico,Spanish,9.0,tt4323594
1073,Bad Day for the Cut,2017,,61/100,1,0,0,0,0,thriller film,United Kingdom,English,7.0,tt5653514
1074,The Other Side of the Wind,2018,18+,61/100,1,0,0,0,0,mockumentary,United States,English,6.0,tt0069049
1075,"Best Wishes, Warmest Regards: A Schitt's Creek Farewell",2020,,61/100,1,0,0,0,0,,,,,
1076,Modest Heroes,2018,7+,61/100,1,0,0,0,0,"adventure film, family film, fantasy film, anthology film",Japan,Japanese,7.0,tt8223844
1077,Bennett's War,2019,13+,61/100,1,0,0,0,0,sport film,United States,English,7.0,tt7370952
1078,Seed of Chucky,2004,18+,61/100,1,0,0,0,0,"comedy film, slasher film, comedy horror, parody film","United States, United Kingdom, Romania",English,6.0,tt0387575
1079,Welcome Home,2018,18+,61/100,1,0,0,0,0,,,,,
1080,1BR,2020,16+,61/100,1,0,0,0,0,"drama film, horror film, thriller film",United States,English,6.0,tt7541106
1081,The Debt Collector,2018,,61/100,1,0,1,0,0,"action film, comedy film",United States,English,7.0,tt7448180
1082,Happy New Year,2014,all,61/100,1,0,0,0,0,"heist film, romantic comedy, drama film, comedy drama",India,Hindi,5.0,tt2461132
1083,Katt Williams: The Pimp Chronicles Pt. 1,2006,18+,61/100,1,0,0,0,0,,,,,
1084,The Last Blockbuster,2020,16+,61/100,1,0,0,0,0,documentary film,United States,,4.0,tt8704802
1085,Acts of Vengeance,2017,18+,61/100,1,0,0,0,0,action film,"Bulgaria, United States",English,6.0,tt6288694
1086,Mandela,2021,16+,61/100,1,0,0,0,0,,,,,
1087,Calm with Horses,2020,18+,61/100,1,0,0,0,0,drama film,"Ireland, United Kingdom",English,7.0,tt4460792
1088,A Haunted House 2,2014,18+,61/100,1,0,0,0,0,"comedy film, parody film, comedy horror, found footage",United States,English,5.0,tt2828996
1089,Giant,2017,13+,61/100,1,0,0,0,0,,,,,
1090,Dancing with the Birds,2019,,61/100,1,0,0,0,0,documentary film,United States,English,8.0,tt11101698
1091,Guzaarish,2010,7+,61/100,1,0,0,0,0,"drama film, romance film",India,"Hindi, English",9.0,tt1438298
1092,The Seventh Day,2021,18+,61/100,1,0,0,0,0,horror film,United States,,4.0,tt11263022
1093,Chris Rock: Tamborine,2018,18+,61/100,1,0,0,0,0,comedy film,United States,English,8.0,tt8005338
1094,6 Bullets,2012,18+,61/100,1,0,0,0,0,"action film, thriller film, martial arts film",United States,English,8.0,tt1975249
1095,Shimmer Lake,2017,18+,61/100,1,0,0,0,0,"thriller film, crime film",United States,English,7.0,tt1386691
1096,Altered Carbon: Resleeved,2020,18+,61/100,1,0,0,0,0,,,,,
1097,I Am the Pretty Thing That Lives in the House,2016,,61/100,1,0,0,0,0,horror film,United States,English,3.0,tt5059406
1098,Don't Listen,2020,,61/100,1,0,0,0,0,horror film,Spain,Spanish,5.0,tt11750282
1099,The International,2006,13+,61/100,1,0,1,0,0,,,,,
1100,The Last Airbender,2010,7+,61/100,1,0,0,0,0,"martial arts film, superhero film, kung fu film, children's film",United States,English,3.9,tt0938283
1101,Things Heard & Seen,2021,18+,61/100,1,0,0,0,0,"horror film, film based on a novel, ghost film",United States,English,3.0,tt10962368
1102,Life 2.0,2010,,61/100,1,0,0,0,0,documentary film,United States,English,10.0,tt1518809
1103,Fighting,2009,13+,61/100,1,0,0,0,0,"action film, teen film, martial arts film, drama film",United States,English,6.0,tt1082601
1104,Wanda Sykes: Not Normal,2019,,61/100,1,0,0,0,0,,,,,
1105,Studio 54,2018,18+,61/100,1,0,0,0,0,documentary film,United States,English,7.0,tt5773986
1106,Best of the Best,1989,13+,61/100,1,0,0,0,0,"action film, martial arts film, drama film",United States,English,6.4,tt0096913
1107,Incarnate,2016,13+,61/100,1,0,0,0,0,"horror film, thriller film",United States,English,5.0,tt3216348
1108,Raman Raghav 2.0,2016,,61/100,1,0,0,0,0,"thriller film, drama film",India,Hindi,8.0,tt5662932
1109,Steel Rain,2017,18+,61/100,1,0,0,0,0,"spy film, action film, drama film",South Korea,Korean,7.0,tt6769508
1110,Jim Gaffigan: Beyond the Pale,2006,16+,61/100,1,0,0,0,0,,,,,
1111,Ajji,2017,,61/100,1,0,0,0,0,drama film,India,Hindi,10.0,tt6471054
1112,The Legend of Bhagat Singh,2002,,61/100,1,0,0,0,0,"biographical film, drama film",India,Hindi,8.2,tt0319736
1113,Hell Fest,2018,18+,61/100,1,0,0,0,0,slasher film,United States,English,7.0,tt1999890
1114,Oththa Seruppu Size 7,2019,,61/100,1,0,0,0,0,drama film,India,Tamil,9.0,tt10370116
1115,Wasp Network,2020,18+,61/100,1,0,0,0,0,"spy film, drama film","France, Brazil, Spain",Spanish,8.0,tt6760876
1116,Monster,2021,18+,61/100,1,0,1,0,0,,,,,
1117,Kaminey,2009,13+,61/100,1,0,0,0,0,"action film, drama film",India,Hindi,7.4,tt1274295
1118,Hasee Toh Phasee,2014,13+,61/100,1,0,0,0,0,romantic comedy,India,Hindi,10.0,tt3173910
1119,A Plastic Ocean,2016,,61/100,1,0,0,0,0,documentary film,"United States, Hong Kong, United Kingdom",English,8.0,tt5203824
1120,Naruto the Movie: Legend of the Stone of Gelel,2005,16+,61/100,1,0,0,0,0,,,,,
1121,Shrek the Musical,2013,13+,61/100,1,0,0,0,0,,,English,8.0,tt3070936
1122,Maximum Risk,1996,18+,61/100,1,1,0,0,0,"crime film, action film, buddy cop film",United States,English,7.0,tt0117011
1123,True Memoirs of an International Assassin,2016,16+,61/100,1,0,0,0,0,,,,,
1124,Animal World,2018,18+,61/100,1,0,0,0,0,survival film,People's Republic of China,,8.0,tt7946836
1125,Sightless,2020,,61/100,1,0,0,0,0,"thriller film, drama film",United States,English,6.0,tt10303430
1126,Red Dot,2021,18+,61/100,1,0,0,0,0,"drama film, thriller film, horror film","Sweden, United States","Swedish, English",6.0,tt11307814
1127,Tom Segura: Ball Hog,2020,18+,61/100,1,0,0,0,0,,,,,
1128,Earthquake Bird,2019,18+,61/100,1,0,0,0,0,"drama film, thriller film, mystery film",United States,"Japanese, English",7.0,tt8178486
1129,Your Name Engraved Herein,2020,,61/100,1,0,0,0,0,drama film,Taiwan,"Standard Taiwanese Mandarin, Taiwanese Hokkien, English",10.0,tt10329134
1130,Skater Girl,2021,7+,61/100,1,0,0,0,0,,"India, United States","Hindi, English",7.0,tt6964940
1131,Bhavesh Joshi Superhero,2018,,61/100,1,0,0,0,0,"drama film, action film, vigilante film",India,Hindi,7.0,tt6129302
1132,5 Flights Up,2014,13+,60/100,1,0,0,0,0,"comedy film, drama film",United States,English,6.0,tt2933544
1133,Murder by the Coast,2021,18+,60/100,1,0,0,0,0,"true crime, mystery film, documentary film",Spain,"Spanish, English",7.0,tt13323092
1134,Radio Rebel,2012,all,60/100,1,0,0,0,0,"comedy film, buddy film",United States,English,7.0,tt0109068
1135,"Crack: Cocaine, Corruption & Conspiracy",2021,18+,60/100,1,0,0,0,0,documentary film,United States,English,8.0,tt13649700
1136,Bittersweet,2010,,60/100,1,0,0,0,0,,,,,
1137,Rangoon,2017,,60/100,1,0,0,0,0,historical drama,India,Hindi,7.0,tt4909752
1138,How It Ends,2018,18+,60/100,1,0,0,0,0,"thriller film, action film, science fiction film",United States,English,3.0,tt5246700
1139,Arjun: The Warrior Prince,2012,all,60/100,1,0,0,0,0,"fantasy film, action film",India,Hindi,9.0,tt2404027
1140,Love per Square Foot,2018,16+,60/100,1,0,0,0,0,"comedy film, romantic comedy",India,Hindi,9.0,tt7853242
1141,Nail Bomber: Manhunt,2021,18+,60/100,1,0,0,0,0,documentary film,United Kingdom,English,8.0,tt12939812
1142,We the Animals,2018,18+,60/100,1,0,0,0,0,"independent film, drama film, LGBT-related film",United States,English,6.9,tt7681824
1143,"Take the Ball, Pass the Ball",2018,,60/100,1,0,0,0,0,,,,,
1144,Pee Mak Phrakanong,2013,13+,60/100,1,0,0,0,0,"romantic comedy, comedy horror",Thailand,Thai,10.0,tt2776344
1145,Cut Bank,2014,18+,60/100,1,0,0,0,0,thriller film,United States,English,6.1,tt1661820
1146,Gabbar Is Back,2015,13+,60/100,1,0,0,0,0,"drama film, action film, vigilante film",India,Hindi,7.0,tt2424988
1147,Pete Davidson: Alive from New York,2020,18+,60/100,1,0,0,0,0,,,,,
1148,Boy Missing,2016,,60/100,1,0,0,0,0,"thriller film, mystery film, crime film, drama film",Spain,Spanish,8.0,tt4621630
1149,Sorry For Disturbing,2008,,60/100,1,0,0,0,0,,,,,
1150,Advantageous,2015,,60/100,1,0,0,0,0,"science fiction film, drama film",United States,English,8.0,tt3090670
1151,David Brent: Life on the Road,2016,,60/100,1,0,0,0,0,pseudo-documentary,United Kingdom,English,6.0,tt3137630
1152,A Fall from Grace,2020,18+,60/100,1,0,0,0,0,thriller film,United States,English,6.0,tt11390036
1153,The Legacy of the Bones,2019,18+,60/100,1,0,0,0,0,"thriller film, crime film, film based on a novel","Spain, Germany",Spanish,9.0,tt7304802
1154,Luka Chuppi,2019,7+,60/100,1,0,0,0,0,romantic comedy,India,Hindi,6.4,tt8908002
1155,Ankhon Dekhi,2014,,60/100,1,0,0,0,0,drama film,India,Hindi,9.0,tt3614516
1156,Polaroid,2019,13+,60/100,1,0,0,0,0,,,,,
1157,Unbreakable Kimmy Schmidt: Kimmy vs. the Reverend,2020,13+,60/100,1,0,0,0,0,,,,,
1158,Naruto the Movie: Guardians of the Crescent Moon Kingdom,2006,13+,60/100,1,0,0,0,0,,,,,
1159,This Changes Everything,2019,7+,60/100,1,0,0,0,0,"documentary film, film based on book","Canada, United States",English,7.0,tt1870548
1160,Rebecca,2020,13+,60/100,1,0,0,0,0,,,,,
1161,Take Your Pills,2018,,60/100,1,0,0,0,0,documentary film,United States,English,6.3,tt7983844
1162,Jim Jefferies: Freedumb,2016,18+,60/100,1,0,0,0,0,stand-up comedy,United States,English,10.0,tt5849950
1163,The African Doctor,2016,,60/100,1,0,0,0,0,"comedy drama, comedy film","France, Belgium","French, Lingala",7.0,tt5555502
1164,Secrets of the Saqqara Tomb,2020,7+,60/100,1,0,0,0,0,documentary film,United Kingdom,English,5.0,tt13150630
1165,Jim Gaffigan: Mr. Universe,2012,,60/100,1,0,0,0,0,,,,,
1166,The Reason I Jump,2020,,60/100,1,0,0,0,0,"documentary film, drama film","United States, United Kingdom",English,10.0,tt9098928
1167,Retablo,2018,,60/100,1,0,0,0,0,"LGBT-related film, drama film",Peru,"Southern Quechua, Spanish",9.0,tt7761590
1168,Aamir,2008,18+,60/100,1,0,0,0,0,"drama film, action film",India,Hindi,8.0,tt1241195
1169,Yucatán,2018,7+,60/100,1,0,0,0,0,,,,,
1170,Opening Night,2016,,60/100,1,0,0,0,0,"drama film, art film, ghost film",United States,English,7.8,tt0079672
1171,AK vs AK,2020,18+,60/100,1,0,0,0,0,"black comedy, thriller film",India,Hindi,9.0,tt11651796
1172,My Ex & Whys,2017,,60/100,1,0,0,0,0,,,,,
1173,Rogue City,2020,13+,60/100,1,0,0,0,0,drama film,France,French,7.0,tt10127684
1174,Dragon Quest: Your Story,2019,7+,60/100,1,0,0,0,0,fantasy film,Japan,Japanese,9.0,tt10127562
1175,Full Out,2015,7+,60/100,1,0,0,0,0,drama film,United States,English,8.0,tt3977462
1176,Welcome,2007,,60/100,1,0,0,0,0,"drama film, romantic comedy",India,"Hindi, German",9.0,tt0488798
1177,Rose Island,2020,,60/100,1,0,0,0,0,"comedy film, adventure film, drama film",Italy,Italian,10.0,tt10287954
1178,Paheli,2005,13+,60/100,1,0,0,0,0,"fantasy film, romance film, romantic comedy, ghost film",India,Hindi,10.0,tt0451850
1179,Echo in the Canyon,2019,13+,60/100,1,0,0,0,0,"documentary film, musical film",United States,English,8.0,tt8884430
1180,The Wedding Guest,2019,18+,60/100,1,0,0,0,0,thriller film,United Kingdom,English,5.0,tt7645780
1181,Malevolent,2018,18+,60/100,1,0,0,0,0,horror film,United States,English,6.0,tt2386237
1182,Donald Glover: Weirdo,2012,,60/100,1,0,0,0,0,stand-up comedy,United States,English,1.0,tt2345525
1183,Jim Gaffigan: Obsessed,2014,16+,60/100,1,0,0,0,0,,United States,English,8.0,tt3481550
1184,We Have Always Lived in the Castle,2018,,60/100,1,0,0,0,0,"thriller film, mystery film",United States,English,6.0,tt5952138
1185,The Coldest Game,2019,18+,60/100,1,0,0,0,0,spy film,Poland,English,6.0,tt6445414
1186,The Perfect Dictatorship,2014,,60/100,1,0,0,0,0,comedy film,Mexico,Spanish,5.0,tt3970854
1187,La tribu,2018,18+,60/100,1,0,0,0,0,drama film,France,,5.4,tt0100815
1188,Good Hair,2009,13+,60/100,1,0,0,0,0,documentary film,United States,English,8.0,tt1213585
1189,I Am Divine,2013,,60/100,1,0,0,0,0,"documentary film, LGBT-related film",United States,English,6.0,tt1356790
1190,The Secret,2006,7+,60/100,1,0,0,0,0,"documentary film, self-help","Australia, United States",English,5.5,tt0846789
1191,Paper Lives,2021,,60/100,1,0,0,0,0,drama film,Turkey,Turkish,8.0,tt13045890
1192,The Knight Before Christmas,2019,7+,60/100,1,0,0,0,0,"Christmas film, romance film",United States,English,7.0,tt10060094
1193,Biggie: I Got a Story to Tell,2021,18+,60/100,1,0,0,0,0,documentary film,United States,English,7.0,tt14058484
1194,Race,2008,,60/100,1,0,0,0,0,,,,,
1195,Seventeen,2019,18+,60/100,1,0,0,0,0,,,,,
1196,Concrete Cowboy,2020,,60/100,1,0,0,0,0,drama film,United States,English,7.0,tt8846176
1197,W.E.,2011,18+,60/100,1,0,0,0,0,"drama film, romance film",United Kingdom,"French, Russian, English",7.0,tt1536048
1198,Aziz Ansari: Buried Alive,2013,,60/100,1,0,0,0,0,stand-up comedy,United States,English,1.0,tt2836450
1199,Judah Friedlander: America Is the Greatest Country in the United States,2017,18+,60/100,1,0,0,0,0,,,,,
1200,Into the Grizzly Maze,2015,18+,60/100,1,0,0,0,0,"action film, thriller film, horror film","United States, Canada",English,6.0,tt1694021
1201,The Vanished,2020,18+,60/100,1,0,0,0,0,"thriller film, psychological film",United States,English,7.0,tt9794630
1202,Buster's Mal Heart,2017,,60/100,1,0,0,0,0,"drama film, mystery film",United States,Spanish,8.0,tt5173032
1203,Dangerous Lies,2020,16+,60/100,1,0,0,0,0,thriller film,United States,English,6.0,tt10183816
1204,Blaze,2018,18+,60/100,1,0,0,0,0,,,,,
1205,The Book of Sun,2020,,60/100,1,0,0,0,0,comedy film,Saudi Arabia,Arabic,9.0,tt11833648
1206,Chalte Chalte,2003,13+,60/100,1,0,0,0,0,"romantic comedy, drama film",India,Hindi,8.0,tt0346723
1207,The Week Of,2018,13+,60/100,1,0,0,0,0,comedy film,United States,English,4.0,tt6821012
1208,Tom Segura: Mostly Stories,2016,18+,60/100,1,0,0,0,0,,,,9.0,tt4970632
1209,Security,2021,,60/100,1,0,0,0,0,,,,,
1210,Untamed Romania,2018,7+,60/100,1,0,0,0,0,nature documentary,"United Kingdom, Romania",,10.0,tt8076222
1211,Angel Eyes,2001,18+,60/100,1,0,0,0,0,"romance film, drama film",United States,English,5.7,tt0225071
1212,Hostel: Part III,2011,18+,60/100,1,0,0,0,0,"horror film, slasher film, splatter film",United States,English,5.0,tt1255916
1213,What Keeps You Alive,2018,18+,60/100,1,0,0,0,0,"horror film, LGBT-related film",Canada,English,6.0,tt7073710
1214,Cinema Bandi,2021,all,60/100,1,0,0,0,0,,India,,7.8,tt14554338
1215,Ghosts of War,2020,18+,60/100,1,0,0,0,0,"war film, supernatural horror film",United States,English,6.0,tt6508228
1216,The Wild Thornberrys Movie,2002,7+,60/100,1,0,1,0,0,"adventure film, animated film, comedy film, family film",United States,English,7.0,tt0282120
1217,Inside Man: Most Wanted,2019,18+,60/100,1,0,0,0,0,crime thriller film,United States,English,6.0,tt7832848
1218,Kabhi Haan Kabhi Naa,1994,all,60/100,1,0,0,0,0,"drama film, romance film",India,Hindi,10.0,tt0110222
1219,Illang: The Wolf Brigade,2018,18+,60/100,1,0,0,0,0,"drama film, action film",South Korea,Korean,6.0,tt3967878
1220,Night in Paradise,2020,16+,60/100,1,0,0,0,0,"film noir, gangster film",South Korea,Korean,7.0,tt12792418
1221,The Ballad of Lefty Brown,2017,18+,60/100,1,0,0,0,0,"drama film, action film, Western film",United States,English,7.0,tt4400994
1222,Rodney King,2017,,60/100,1,0,0,0,0,"comedy film, drama film",United States,English,6.2,tt6624312
1223,Tune in for Love,2019,,60/100,1,0,0,0,0,"romance film, drama film",South Korea,Korean,8.0,tt10763618
1224,Semana Santa,2015,,60/100,1,0,0,0,0,drama film,Mexico,Spanish,10.0,tt3616724
1225,Jimmy Carr: Funny Business,2016,,60/100,1,0,0,0,0,"documentary film, comedy film",United Kingdom,,8.0,tt5222724
1226,Trevor Noah: Son of Patricia,2018,18+,60/100,1,0,0,0,0,,,,10.0,tt9170648
1227,The History of Future Folk,2012,,60/100,1,0,0,0,0,,,,9.0,tt2245195
1228,Romeo Akbar Walter,2019,,60/100,1,0,0,0,0,action film,India,Hindi,8.0,tt8550208
1229,Nobody Sleeps in the Woods Tonight,2020,18+,59/100,1,0,0,0,0,"slasher film, splatter film, thriller film",Poland,Polish,8.0,tt11240506
1230,Bon Cop Bad Cop,2006,13+,59/100,1,0,0,0,0,"action comedy film, buddy cop film, crime film",Canada,"English, French",9.0,tt0479647
1231,IO,2019,13+,59/100,1,0,0,0,0,,,,,
1232,My Little Pony: Best Gift Ever,2018,7+,59/100,1,0,0,0,0,,,,,
1233,Casting JonBenet,2017,16+,59/100,1,0,0,0,0,documentary film,United States,English,5.0,tt6333052
1234,For Here or to Go?,2017,,59/100,1,0,0,0,0,,,,8.0,tt4157510
1235,Term Life,2016,18+,59/100,1,0,0,0,0,"crime film, action film",United States,English,6.0,tt2978102
1236,Merku Thodarchi Malai,2018,,59/100,1,0,0,0,0,,,,,
1237,Outside In,2018,,59/100,1,0,0,0,0,documentary film,United States,,3.0,tt1879017
1238,El Camino Christmas,2017,18+,59/100,1,0,0,0,0,"Christmas film, black comedy film",United States,English,8.0,tt3255590
1239,"ariana grande: excuse me, i love you",2020,,59/100,1,0,0,0,0,"documentary film, concert film, musical film",United States,English,8.0,tt13615386
1240,Stephanie,2017,18+,59/100,1,0,0,0,0,,,,,
1241,Benji,2018,7+,59/100,1,0,1,0,0,,,,,
1242,3 Generations,2016,13+,59/100,1,0,0,0,0,"comedy film, drama film, LGBT-related film",United States,"English, Spanish",4.0,tt4158624
1243,Never Back Down 2: The Beatdown,2011,18+,59/100,1,0,0,0,0,"action film, teen film, martial arts film, coming-of-age fiction",United States,English,5.7,tt1754264
1244,Bill Hicks: Sane Man,1989,18+,59/100,1,0,0,0,0,,,,,
1245,Hampstead,2017,13+,59/100,1,0,0,0,0,,,,,
1246,Zach Galifianakis: Live at the Purple Onion,2007,,59/100,1,0,0,0,0,stand-up comedy,United States,,7.0,tt0804558
1247,Burn Out,2018,18+,59/100,1,0,0,0,0,,,,,
1248,The Next Karate Kid,1994,7+,59/100,1,0,0,0,0,"teen film, coming-of-age film, martial arts film, drama film",United States,English,5.0,tt0110657
1249,Kung Fu Panda: Secrets of the Scroll,2012,all,59/100,1,0,0,0,0,,,,,
1250,Holy Camp!,2017,,59/100,1,0,0,0,0,"musical film, comedy film",Spain,Spanish,9.0,tt5176252
1251,Bleach the Movie: Hell Verse,2010,16+,59/100,1,0,0,0,0,,,,,
1252,Naomi and Ely's No Kiss List,2015,,59/100,1,0,0,0,0,"romantic comedy, comedy drama, drama film, LGBT-related film",United States,English,3.0,tt3282858
1253,U Turn,2016,18+,59/100,1,0,1,0,0,thriller film,India,Kannada,7.0,tt5377564
1254,The 8th Night,2021,18+,59/100,1,0,0,0,0,mystery film,South Korea,Korean,7.0,tt14781176
1255,Time to Hunt,2020,,59/100,1,0,0,0,0,thriller film,South Korea,Korean,7.0,tt11777040
1256,The Soul,2021,16+,59/100,1,0,0,0,0,"neo-noir, science fiction film, mystery film, crime film","People's Republic of China, Taiwan","Standard Taiwanese Mandarin, Putonghua",8.0,tt13598976
1257,Monty Python Live (Mostly),2014,18+,59/100,1,0,0,0,0,"comedy film, anti-humor",United Kingdom,English,10.0,tt3872778
1258,Extremis,2016,7+,59/100,1,0,0,0,0,documentary film,United States,English,9.0,tt5538078
1259,Joe Rogan: Triggered,2016,,59/100,1,0,0,0,0,,,,,
1260,Trailer Park Boys: Countdown to Liquor Day,2009,18+,59/100,1,0,0,0,0,comedy film,Canada,English,8.0,tt1337032
1261,Straight Up,2019,,59/100,1,0,0,0,0,LGBT-related film,United States,English,8.0,tt8855960
1262,Wazir,2016,13+,59/100,1,0,0,0,0,crime thriller film,India,Hindi,9.0,tt4303010
1263,Vampires vs. the Bronx,2020,13+,59/100,1,0,0,0,0,"horror film, vampire film",United States,English,5.0,tt8976576
1264,Rocko's Modern Life: Static Cling,2019,7+,59/100,1,0,0,0,0,"comedy film, LGBT-related film, animated film with LGBT character(s)",United States,English,9.0,tt6172460
1265,My Masterpiece,2018,,59/100,1,0,0,0,0,black comedy film,"Argentina, Spain",Spanish,10.0,tt7605922
1266,Raajneeti,2010,7+,59/100,1,0,0,0,0,political thriller film,India,Hindi,7.1,tt1291465
1267,Leslie Jones: Time Machine,2020,,59/100,1,0,0,0,0,,,,,
1268,Hum Aapke Hain Koun..!,1994,,59/100,1,0,0,0,0,"drama film, musical film, romance film, romantic comedy",India,Hindi,8.0,tt0110076
1269,Dragonheart: Vengeance,2020,13+,59/100,1,0,0,0,0,"prequel film, medieval film",United States,,5.0,tt9711106
1270,Anthony Jeselnik: Fire in the Maternity Ward,2019,18+,59/100,1,0,0,0,0,stand-up comedy,United States,English,10.0,tt10050780
1271,All Together Now,2020,7+,59/100,1,0,0,0,0,,,,,
1272,The Fluffy Movie,2014,13+,59/100,1,0,0,0,0,"comedy film, stand-up comedy",United States,English,10.0,tt3532608
1273,Population 436,2006,18+,59/100,1,0,0,0,0,"horror film, drama film","United States, Canada","Spanish, English",6.0,tt0462482
1274,Bullet Head,2017,18+,59/100,1,0,0,0,0,"crime film, thriller film","Bulgaria, United States",English,8.0,tt6204340
1275,By the Sea,2015,18+,59/100,1,0,0,0,0,"drama film, romance film",United States,"English, French",7.0,tt3707106
1276,Raat Akeli Hai,2020,,59/100,1,0,0,0,0,"drama film, crime film, mystery film, detective film",India,Hindi,10.0,tt12567088
1277,The Darkness,2016,13+,59/100,1,0,0,0,0,horror film,United States,English,5.0,tt1878841
1278,Tom Segura: Completely Normal,2014,,59/100,1,0,1,0,0,,,,,
1279,The Present,2020,13+,59/100,1,0,0,0,0,drama film,Palestine,"Arabic, English",8.0,tt11474480
1280,Dream/Killer,2015,,59/100,1,0,0,0,0,documentary film,United States,,9.0,tt4504438
1281,Unknown Origins,2020,18+,59/100,1,0,0,0,0,comedy film,Spain,Spanish,5.0,tt5827790
1282,The Sleepover,2020,,59/100,1,0,0,0,0,drama film,United States,English,6.0,tt10888708
1283,Qismat,2018,,59/100,1,0,0,0,0,,India,Punjabi,10.0,tt8665634
1284,Skins,2017,18+,59/100,1,0,0,0,0,"black comedy film, drama film",Spain,Spanish,6.0,tt5808778
1285,K. D.,2019,,59/100,1,0,0,0,0,,,,,
1286,Trevor Noah: Afraid of the Dark,2017,,59/100,1,0,0,0,0,stand-up comedy,United States,English,9.0,tt6562866
1287,Haraamkhor,2015,,59/100,1,0,0,0,0,drama film,India,Hindi,6.0,tt2361746
1288,Dil Dhadakne Do,2015,13+,59/100,1,0,0,0,0,"comedy drama, drama film",India,Hindi,8.0,tt4110568
1289,Revolt,2017,18+,59/100,1,0,0,0,0,,,,,
1290,Ronny Chieng: Asian Comedian Destroys America!,2019,18+,59/100,1,0,0,0,0,comedy film,United States,English,7.0,tt11248800
1291,Gangaajal,2003,,59/100,1,0,0,0,0,drama film,India,Hindi,10.0,tt0373856
1292,Why Do Fools Fall In Love,1998,18+,59/100,1,0,0,0,0,"musical film, biographical film, drama film, romance film",United States,English,7.0,tt0123324
1293,Lovesong,2017,,59/100,1,0,0,0,0,"LGBT-related film, drama film",United States,English,8.0,tt4305148
1294,365 Days,2020,18+,59/100,1,0,0,0,0,"erotic film, drama film, romance film, film based on a novel",Poland,"Polish, English, Italian",1.0,tt10886166
1295,Unrest,2017,,59/100,1,0,0,0,0,horror film,United States,English,7.0,tt0453533
1296,Starship Troopers: Traitor of Mars,2017,18+,59/100,1,0,0,0,0,"military science fiction, action film","United States, Japan",English,5.5,tt6977240
1297,Shéhérazade,2018,18+,59/100,1,0,0,0,0,drama film,France,French,8.0,tt8459250
1298,Mine 9,2019,,59/100,1,0,0,0,0,,,,,
1299,Jack Whitehall: At Large,2017,18+,59/100,1,0,0,0,0,,,,10.0,tt7539884
1300,Power of Grayskull: The Definitive History of He-Man and the Masters of the Universe,2017,,59/100,1,0,0,0,0,documentary film,United States,English,7.0,tt5338774
1301,Mike Birbiglia: Thank God for Jokes,2017,,59/100,1,0,0,0,0,,,,,
1302,The Lost Husband,2020,13+,59/100,1,0,0,0,0,romance film,United States,English,8.0,tt4257940
1303,Blind Date,2015,,59/100,1,0,0,0,0,romantic comedy,United States,English,7.0,tt0092666
1304,Namastey London,2007,7+,59/100,1,0,0,0,0,"romance film, comedy film",India,Hindi,9.0,tt0795434
1305,An Evening with Beverly Luff Linn,2018,18+,59/100,1,0,0,0,0,comedy film,"United States, United Kingdom",English,7.0,tt6518270
1306,K-ON! The Movie,2011,16+,59/100,1,0,0,0,0,,,,,
1307,The Grizzlies,2019,18+,59/100,1,0,0,0,0,"sport film, drama film",Canada,"English, Inuktitut",9.0,tt6365796
1308,No Escape Room,2018,,59/100,1,0,0,0,0,,,,,
1309,Bayonet,2018,18+,59/100,1,0,0,0,0,drama film,"Mexico, Finland",Spanish,8.0,tt6472116
1310,Dabbe: Cin Çarpması,2013,,59/100,1,0,0,0,0,horror film,Turkey,Turkish,8.0,tt3069758
1311,ReMastered: The Two Killings of Sam Cooke,2019,18+,59/100,1,0,0,0,0,"documentary film, musical film",United States,English,9.0,tt9046564
1312,Aśoka,2001,18+,59/100,1,0,0,0,0,"period drama film, biographical film, drama film",India,Hindi,8.0,tt0249371
1313,Public Works,2015,,59/100,1,0,0,0,0,"historical film, period drama film",Netherlands,Dutch,7.0,tt3765078
1314,The Eichmann Show,2015,,59/100,1,0,0,0,0,,,,,
1315,Framing John DeLorean,2019,,59/100,1,1,0,0,0,biographical film,United States,,4.0,tt6256978
1316,The Guide to the Perfect Family,2021,,59/100,1,0,0,0,0,"comedy film, drama film",Canada,French,8.0,tt11991786
1317,Search Party,2014,18+,59/100,1,0,0,0,0,"comedy film, buddy film",United States,English,6.0,tt2758904
1318,Nate Bargatze: The Greatest Average American,2021,all,59/100,1,0,0,0,0,,,,,
1319,Pagglait,2021,16+,59/100,1,0,0,0,0,comedy drama,India,Hindi,8.0,tt11142762
1320,The Trailer Park Boys Xmas Special,2004,,59/100,1,0,0,0,0,,,,,
1321,Operation Varsity Blues: The College Admissions Scandal,2021,18+,59/100,1,0,0,0,0,documentary film,United States,English,8.0,tt14111734
1322,Shaitan,2011,13+,59/100,1,0,0,0,0,"crime thriller film, action film",India,Hindi,7.2,tt1836912
1323,Phir Hera Pheri,2006,,59/100,1,0,0,0,0,"comedy film, Bollywood",India,Hindi,8.0,tt0419058
1324,Children of the Sea,2019,,59/100,1,0,0,0,0,silent film,United States,,,tt1786429
1325,She's Dating the Gangster,2014,7+,59/100,1,0,0,0,0,"romantic comedy, comedy drama",Philippines,"English, Filipino, Tagalog",8.0,tt3772640
1326,Scary Movie 5,2013,13+,59/100,1,0,0,0,0,"comedy horror, comedy drama, horror film",United States,English,4.0,tt0795461
1327,A Perfect Ending,2012,,59/100,1,1,0,0,0,"drama film, LGBT-related film",United States,English,6.0,tt1823059
1328,Raising Victor Vargas,2002,18+,59/100,1,0,1,0,0,"comedy drama, coming-of-age fiction, drama film","France, United States",English,4.0,tt0316188
1329,A Land Imagined,2019,,59/100,1,0,0,0,0,"mystery film, drama film","Singapore, France",Singaporean Mandarin,9.0,tt8726116
1330,Pet Sematary II,1992,18+,59/100,1,0,0,0,0,"horror film, zombie film",United States,English,7.0,tt0105128
1331,Zapped,2014,all,59/100,1,1,1,1,0,"science fiction comedy, science fiction film, parody film",United States,English,4.3,tt0101005
1332,The Art of Loving: Story of Michalina Wislocka,2017,,59/100,1,0,0,0,0,,,,,
1333,Michael Che Matters,2016,18+,59/100,1,0,0,0,0,,United States,English,10.0,tt6209400
1334,The Most Assassinated Woman in the World,2018,18+,58/100,1,0,0,0,0,"thriller film, drama film, biographical film",France,French,8.0,tt6186696
1335,Inuyasha the Movie 3: Swords of an Honorable Ruler,2003,7+,58/100,1,0,0,0,0,,,,,
1336,Jim Jefferies: This Is Me Now,2018,18+,58/100,1,0,0,0,0,,,,,
1337,Iron Sky: The Coming Race,2019,18+,58/100,1,0,0,0,0,"science fiction film, comedy film, parody film, alternate history film","Finland, Germany",English,5.0,tt3038708
1338,I Am Kalam,2010,all,58/100,1,0,1,0,0,children's film,India,Hindi,9.0,tt1805263
1339,Curtiz,2018,18+,58/100,1,0,0,0,0,biographical film,Hungary,"English, Hungarian",7.0,tt6774588
1340,First Kill,2017,18+,58/100,1,0,0,0,0,"thriller film, action film, crime film",United States,English,5.0,tt5884234
1341,The World Is Yours,2018,18+,58/100,1,0,0,0,0,,,,,
1342,Rize,2005,13+,58/100,1,0,0,0,0,,,,,
1343,The Four Seasons,1981,7+,58/100,1,0,0,0,0,"romantic comedy, comedy drama",United States,English,6.8,tt0082405
1344,Cloudburst,2011,,58/100,1,0,1,0,0,"comedy drama, drama film, LGBT-related film","Canada, United States",English,9.0,tt1466054
1345,Small Crimes,2017,18+,58/100,1,0,0,0,0,"comedy film, crime film",United States,English,7.0,tt5717492
1346,Offering to the Storm,2020,18+,58/100,1,0,0,0,0,"film based on a novel, thriller film",Spain,Spanish,5.0,tt7304824
1347,Ali & Ratu Ratu Queens,2021,16+,58/100,1,0,0,0,0,comedy drama,Indonesia,"Indonesian, English",7.0,tt11271990
1348,Ultras,2020,,58/100,1,0,0,0,0,"documentary film, association football film",Sweden,,10.0,tt34939690
1349,6 Years,2015,,58/100,1,0,0,0,0,"drama film, romance film",United States,"Spanish, English",7.0,tt3799372
1350,Katherine Ryan: In Trouble,2017,18+,58/100,1,0,0,0,0,,,,,
1351,Burning Cane,2019,18+,58/100,1,0,0,0,0,drama film,United States,English,4.0,tt7358154
1352,Sarkar,2018,,58/100,1,0,0,0,0,drama film,India,Tamil,6.7,tt7715202
1353,Bleach the Movie: Fade to Black,2008,16+,58/100,1,0,0,0,0,,,,,
1354,Jailbreak,2017,18+,58/100,1,0,0,0,0,,,,,
1355,Jackass Presents: Bad Grandpa .5,2014,13+,58/100,1,0,0,0,0,comedy film,United States,English,7.0,tt3766424
1356,The Crimes That Bind,2020,,58/100,1,0,0,0,0,"drama film, legal drama",Argentina,Spanish,9.0,tt10915060
1357,Lu Over the Wall,2017,7+,58/100,1,0,0,0,0,,,,,
1358,Last Summer,2021,,58/100,1,0,0,0,0,"drama film, romance film",Turkey,Turkish,6.0,tt13067004
1359,Us and Them,2018,,58/100,1,0,0,0,0,romance film,People's Republic of China,Mandarin,8.0,tt8033592
1360,Five Element Ninjas,1982,18+,58/100,1,0,0,0,0,"martial arts film, ninja film","Hong Kong, British Hong Kong",Cantonese,7.2,tt0084921
1361,The House of Flowers: The Movie,2021,18+,58/100,1,0,0,0,0,comedy film,Mexico,Spanish,4.0,tt14549558
1362,Trailer Park Boys: Say Goodnight to the Bad Guys,2008,,58/100,1,0,0,0,0,,,,,
1363,Red,2021,16+,58/100,1,0,0,0,0,,,,,
1364,Waist Deep,2006,18+,58/100,1,0,0,0,0,"romance film, drama film, hood film, crime film",United States,English,5.8,tt0456020
1365,Barbra: The Music ... The Mem'ries ... The Magic!,2017,,58/100,1,0,0,0,0,concert film,United States,English,10.0,tt7588584
1366,Love Jacked,2018,13+,58/100,1,0,0,0,0,romantic comedy,Canada,English,7.0,tt4329242
1367,Strange But True,2019,13+,58/100,1,0,0,0,0,"thriller film, film based on a novel",United States,English,7.0,tt2866708
1368,Keith Richards: Under the Influence,2015,7+,58/100,1,0,0,0,0,documentary film,United States,,7.0,tt4900018
1369,The Late Bloomer,2016,18+,58/100,1,0,0,0,0,comedy drama,United States,English,5.0,tt1588878
1370,Rock the Kasbah,2015,18+,58/100,1,0,0,0,0,"comedy film, comedy drama, war film",United States,English,5.5,tt3164256
1371,Crazy About Her,2021,18+,58/100,1,0,0,0,0,"comedy film, romance film",Spain,Spanish,8.0,tt11698630
1372,All Good,2018,,58/100,1,0,0,0,0,drama film,Germany,German,7.0,tt7776430
1373,Death Race: Beyond Anarchy,2018,18+,58/100,1,0,0,0,0,action film,United States,English,7.0,tt3807900
1374,Inuyasha the Movie 2: The Castle Beyond the Looking Glass,2002,7+,58/100,1,0,0,0,0,,,,,
1375,We Summon the Darkness,2019,18+,58/100,1,0,0,0,0,"horror film, thriller film",United States,English,3.0,tt8058874
1376,Why Me?,2015,,58/100,1,0,0,0,0,drama film,Romania,Romanian,6.0,tt4373980
1377,Billu,2009,7+,58/100,1,0,0,0,0,comedy film,India,Hindi,7.0,tt1230448
1378,Pokémon: Mewtwo Strikes Back - Evolution,2019,7+,58/100,1,0,0,0,0,,,,,
1379,Ride Like a Girl,2019,7+,58/100,1,0,0,0,0,"biographical film, sport film",Australia,English,7.0,tt7600382
1380,The Saint,2017,13+,58/100,1,0,1,0,0,"action film, thriller film, spy film, romance film",United States,English,6.2,tt0120053
1381,Atlas Shrugged: Part II,2012,13+,58/100,1,0,1,0,0,"science fiction film, drama film, dystopian film, film based on a novel",United States,English,8.0,tt1985017
1382,Coven,2020,18+,58/100,1,0,0,0,0,,,,,
1383,New Gods: Nezha Reborn,2021,13+,58/100,1,0,0,0,0,,,,,
1384,Why Did You Kill Me?,2021,18+,58/100,1,0,0,0,0,documentary film,United States,English,2.0,tt14318430
1385,Pootie Tang,2001,13+,58/100,1,0,0,0,0,"action film, blaxploitation film, hood film",United States,English,6.0,tt0258038
1386,Mary Kom,2014,13+,58/100,1,0,0,0,0,"biographical film, boxing film",India,Hindi,7.0,tt3001638
1387,Godzilla: City on the Edge of Battle,2018,13+,58/100,1,0,0,0,0,,,,,
1388,My Mother's Wound,2016,,58/100,1,0,0,0,0,drama film,Turkey,Turkish,10.0,tt4994736
1389,Frank & Lola,2016,,58/100,1,0,0,0,0,"mystery film, drama film",United States,English,7.0,tt1290138
1390,End Game,2018,7+,58/100,1,0,0,0,0,documentary film,United States,"English, Persian",10.0,tt7879350
1391,Trolls Holiday,2017,7+,58/100,1,0,0,0,0,,,,,
1392,W. Kamau Bell: Private School Negro,2018,,58/100,1,0,0,0,0,stand-up comedy,United States,English,3.0,tt8467788
1393,The Keeping Hours,2017,13+,58/100,1,0,0,0,0,horror film,United States,English,7.0,tt5114154
1394,Hey Arnold! The Movie,2002,7+,58/100,1,0,0,0,0,"teen film, animated film, adventure film, comedy film",United States,English,9.0,tt0314166
1395,Chillar Party,2011,all,58/100,1,0,0,0,0,children's film,India,Hindi,7.0,tt1841542
1396,Tanu Weds Manu,2011,13+,58/100,1,0,0,0,0,"comedy drama, romantic comedy",India,Hindi,7.0,tt1694542
1397,Ashin of the North,2021,18+,58/100,1,0,0,0,0,,,,,
1398,Manto,2018,,58/100,1,0,0,0,0,,,,,
1399,Singham,2011,,58/100,1,0,0,0,0,"action comedy film, drama film",India,Hindi,10.0,tt1948150
1400,Whisky,2004,,58/100,1,0,0,0,0,drama film,"Uruguay, Germany, Spain","Italian, Spanish",9.0,tt0331370
1401,Inuyasha the Movie: Affections Touching Across Time,2001,,58/100,1,0,0,0,0,,,,,
1402,Piercing,2018,18+,58/100,1,0,0,0,0,"comedy horror, thriller film, horror film",United States,English,7.0,tt6516314
1403,Ishqiya,2010,18+,58/100,1,0,0,0,0,drama film,India,Hindi,9.0,tt1345777
1404,Mission Control: The Unsung Heroes of Apollo,2017,7+,58/100,1,0,0,0,0,documentary film,"United States, United Kingdom",English,10.0,tt5959952
1405,Effie Gray,2014,13+,58/100,1,0,0,0,0,"biographical film, drama film",United Kingdom,English,6.0,tt1605798
1406,The Man Without Gravity,2019,16+,58/100,1,0,0,0,0,,,,,
1407,Return to the 36th Chamber,1980,18+,58/100,1,0,0,0,0,"action film, comedy film, martial arts film",Hong Kong,Cantonese,7.0,tt0081494
1408,Sun Dogs,2017,,58/100,1,0,0,0,0,"drama film, comedy film",United States,English,7.0,tt5665452
1409,Sweet & Sour,2021,,58/100,1,0,0,0,0,romance film,South Korea,Korean,7.0,tt14599938
1410,Truth or Dare,2017,16+,58/100,1,0,0,0,0,,Germany,English,5.5,tt27302416
1411,Mucho Mucho Amor: The Legend of Walter Mercado,2020,16+,58/100,1,0,0,0,0,documentary film,United States,,10.0,tt11378264
1412,Sky Tour: The Movie,2020,,58/100,1,0,0,0,0,documentary film,Vietnam,Vietnamese,9.0,tt12486200
1413,The Decline,2020,18+,58/100,1,0,0,0,0,thriller film,Canada,French,8.0,tt10307440
1414,99 Songs,2021,,58/100,1,0,0,0,0,musical film,India,Hindi,9.0,tt7559180
1415,One Day,2016,,58/100,1,0,1,0,0,"drama film, romance film","United Kingdom, United States",English,9.0,tt1563738
1416,Rocky Handsome,2016,18+,58/100,1,0,0,0,0,heroic bloodshed,India,Hindi,8.0,tt3410408
1417,Deon Cole: Cole Hearted,2019,,58/100,1,0,0,0,0,,,,,
1418,Ladies First,2017,all,58/100,1,0,0,0,0,documentary film,India,Hindi,8.0,tt6896078
1419,"Hello, Love, Goodbye",2019,7+,58/100,1,0,0,0,0,,Philippines,,10.0,tt10156112
1420,Khoobsurat,2014,7+,57/100,1,0,0,0,0,comedy film,India,Hindi,9.0,tt3554418
1421,Mascots,2016,18+,57/100,1,0,0,0,0,comedy film,United States,English,5.0,tt4936176
1422,Canvas,2020,all,57/100,1,0,0,0,0,,,,,
1423,Eric Andre: Legalize Everything,2020,18+,57/100,1,0,0,0,0,,,,,
1424,Kingdom of Us,2017,,57/100,1,0,0,0,0,documentary film,United Kingdom,English,10.0,tt7321274
1425,Hitler: A Career,1977,7+,57/100,1,0,0,0,0,documentary film,Germany,German,9.0,tt0191182
1426,The Disciple,2020,,57/100,1,0,0,0,0,drama film,India,Marathi,9.0,tt11423784
1427,Jim Gaffigan: Cinco,2017,16+,57/100,1,0,0,0,0,,,,3.0,tt6090102
1428,Mobile Suit Gundam: Hathaway,2021,,57/100,1,0,0,0,0,,,,,
1429,Nas: Time Is Illmatic,2014,16+,57/100,1,0,0,0,0,documentary film,United States,English,10.0,tt3549508
1430,Jeff Dunham: Controlled Chaos,2011,,57/100,1,0,1,0,0,comedy film,United States,English,4.0,tt2058636
1431,Radium Girls,2020,,57/100,1,0,0,0,0,,United States,,5.0,tt6317180
1432,Pachamama,2018,7+,57/100,1,0,0,0,0,,,,,
1433,Do Dooni Chaar,2010,7+,57/100,1,0,0,0,0,comedy film,India,Hindi,8.0,tt1714832
1434,"I Love You, Stupid",2020,18+,57/100,1,0,0,0,0,romantic comedy,Spain,Spanish,6.0,tt9359344
1435,Ari Eldjárn: Pardon My Icelandic,2020,18+,57/100,1,0,0,0,0,,,,,
1436,Inuyasha the Movie 4: Fire on the Mystic Island,2004,7+,57/100,1,0,0,0,0,,,,,
1437,Memories of a Teenager,2019,,57/100,1,0,0,0,0,"teen drama television, gay romance",Argentina,Argentine Spanish,9.0,tt11254858
1438,Still Smokin,1983,18+,57/100,1,0,0,0,0,comedy film,United States,English,5.0,tt0086366
1439,The Land,1970,,57/100,1,0,0,0,0,,,,,
1440,The Black Godfather,2019,18+,57/100,1,0,0,0,0,"documentary film, biographical film",United States,English,5.0,tt10289996
1441,The Drug King,2018,,57/100,1,0,0,0,0,"crime film, drama film",South Korea,Korean,7.0,tt6914542
1442,Black Holes: The Edge of All We Know,2020,,57/100,1,0,0,0,0,documentary film,,,6.0,tt11863046
1443,The Boy Who Cried Werewolf,2010,all,57/100,1,0,0,0,0,werewolf film,United States,English,8.0,tt0069820
1444,Killing Gunther,2017,18+,57/100,1,0,0,0,0,"comedy film, action film",United States,English,6.0,tt5689068
1445,Betty White: First Lady of Television,2018,,57/100,1,0,0,0,0,,,,,
1446,Dilwale,2015,7+,57/100,1,0,0,0,0,"romance film, drama film, action comedy film, romantic comedy",India,Hindi,1.0,tt4535650
1447,Get the Goat,2021,13+,57/100,1,0,0,0,0,"comedy film, action film, crime film",Brazil,Brazilian Portuguese,5.0,tt14111726
1448,Bert Kreischer: Hey Big Boy,2020,,57/100,1,0,0,0,0,,,,,
1449,Mubarakan,2017,13+,57/100,1,0,0,0,0,,India,Hindi,7.0,tt6272828
1450,The Lighthouse of the Orcas,2016,,57/100,1,0,0,0,0,drama film,Argentina,Spanish,7.0,tt4944658
1451,Take Me,2017,18+,57/100,1,0,0,0,0,,,,,
1452,Sir! No Sir!,2005,,57/100,1,0,0,0,0,"documentary film, anti-war film",United States,English,10.0,tt0469589
1453,The Young Messiah,2016,13+,57/100,1,0,0,0,0,"drama film, film based on a novel",United States,English,5.7,tt1002563
1454,678,2010,,57/100,1,0,0,0,0,,,,,
1455,Mean Girls 2,2011,13+,57/100,1,0,0,0,0,,,,,
1456,Marc Maron: Thinky Pain,2013,,57/100,1,0,0,0,0,stand-up comedy,,,8.0,tt3004634
1457,Dragons: Dawn Of The Dragon Racers,2014,,57/100,1,0,0,0,0,"adventure film, film based on a novel",United States,English,8.0,tt4191768
1458,Point Blank,2019,18+,57/100,1,0,0,0,0,"heist film, neo-noir, drama film, crime thriller film",United States,English,7.0,tt0062138
1459,Aykut Enişte,2019,,57/100,1,0,0,0,0,sitcom,,,9.0,tt10320050
1460,Sentinelle,2021,,57/100,1,0,0,0,0,"action film, drama film, LGBT-related film",France,"French, Russian, Arabic",3.0,tt11734264
1461,Superlópez,2018,,57/100,1,0,0,0,0,"comedy film, superhero film",Spain,Spanish,7.0,tt4110388
1462,Fatima,2020,13+,57/100,1,0,0,0,0,,,,,
1463,Mobile Suit Gundam: Char's Counterattack,1988,,57/100,1,0,0,0,0,,,,,
1464,A Cinderella Story: Christmas Wish,2019,7+,57/100,1,0,0,0,0,Christmas film,United States,English,5.0,tt10326928
1465,Ready to Mingle,2019,18+,57/100,1,0,0,0,0,comedy film,Mexico,Spanish,9.0,tt6736198
1466,The Girl King,2015,,57/100,1,1,1,0,0,"drama film, LGBT-related film","Canada, Finland, Germany",English,6.0,tt1254322
1467,Battle,2018,18+,57/100,1,0,0,0,0,,,,,
1468,Girl on the Third Floor,2019,18+,57/100,1,0,0,0,0,horror film,United States,English,6.0,tt9026184
1469,Indian Horse,2018,13+,57/100,1,0,0,0,0,"sport film, drama film",Canada,,8.0,tt5672286
1470,All My Friends Are Dead,2020,18+,57/100,1,0,0,0,0,,Poland,Polish,7.0,tt13723064
1471,Life in a Metro,2007,,57/100,1,0,0,0,0,"drama film, romance film",India,Hindi,7.0,tt0800956
1472,The Warning,2018,18+,57/100,1,0,0,0,0,,,,,
1473,Kevin James: Sweat the Small Stuff,2001,7+,57/100,1,0,0,0,0,,,,,
1474,Joy,2018,18+,57/100,1,0,0,0,0,,,,,
1475,Bert Kreischer: The Machine,2016,18+,57/100,1,0,0,0,0,,,,,
1476,Print the Legend,2014,,57/100,1,0,0,0,0,,United States,English,7.0,tt3557464
1477,LA Originals,2020,,57/100,1,0,0,0,0,documentary film,"United States, Argentina",,4.0,tt12027020
1478,Sour Apples,2016,7+,57/100,1,0,0,0,0,comedy film,Turkey,Turkish,10.0,tt5985288
1479,The Legend of Cocaine Island,2018,18+,57/100,1,0,0,0,0,documentary film,United States,English,7.0,tt8106596
1480,Adú,2020,18+,57/100,1,0,0,0,0,,,,,
1481,Wedding Association,2013,13+,57/100,1,0,0,0,0,,,,,
1482,Bliss,1997,18+,57/100,1,0,1,0,0,"drama film, science fiction film",United States,English,6.0,tt10333426
1483,Sudani from Nigeria,2018,,57/100,1,0,0,0,0,"comedy film, association football film",India,Malayalam,8.0,tt7581572
1484,Step Sisters,2018,13+,57/100,1,0,0,0,0,"comedy film, dance film",United States,English,8.0,tt5267472
1485,Oye Lucky! Lucky Oye!,2008,13+,57/100,1,0,0,0,0,comedy film,India,Hindi,9.0,tt1292703
1486,Mr. Pig,2016,,57/100,1,0,0,0,0,drama film,Mexico,English,5.8,tt2722504
1487,No One Killed Jessica,2011,13+,57/100,1,0,0,0,0,drama film,India,Hindi,9.0,tt1734110
1488,Naked,2017,16+,57/100,1,0,0,0,0,,,,,
1489,Animal Crackers,2020,7+,57/100,1,0,0,0,0,"comedy film, slapstick, musical film, satirical film or television program",United States,English,8.0,tt0020640
1490,Forensic,2020,,57/100,1,0,0,0,0,,,,,
1491,Marc Maron: End Times Fun,2020,,57/100,1,0,0,0,0,,,,,
1492,Svaha: The Sixth Finger,2019,,57/100,1,0,0,0,0,"mystery film, thriller film",South Korea,Korean,7.0,tt7299298
1493,American Pie Presents: Girls' Rules,2020,18+,57/100,1,0,0,0,0,"teen film, sex comedy",United States,English,3.9,tt11771594
1494,Candy Jar,2018,13+,57/100,1,0,0,0,0,comedy film,United States,English,6.0,tt6744044
1495,Harishchandrachi Factory,2009,all,57/100,1,0,0,0,0,biographical film,India,Marathi,8.0,tt1524539
1496,Hunterrr,2015,18+,57/100,1,0,0,0,0,comedy film,India,Hindi,9.0,tt4333674
1497,The Breaker Upperers,2018,,57/100,1,0,0,0,0,"comedy film, romance film",New Zealand,English,7.0,tt6728096
1498,Snow Day,2000,7+,57/100,1,0,1,0,0,"children's film, comedy film",United States,English,7.0,tt0184907
1499,A California Christmas,2020,13+,57/100,1,0,0,0,0,"Christmas film, romantic comedy",United States,,5.9,tt13055780
1500,XOXO,2016,18+,57/100,1,0,0,0,0,"musical film, drama film, romance film",United States,English,5.3,tt4855748
1501,3022,2019,18+,57/100,1,0,0,0,0,"science fiction film, science fiction horror film, horror film",United States,,4.0,tt9465600
1502,Tremors: Shrieker Island,2020,13+,57/100,1,0,0,0,0,"action thriller, documentary film",United States,English,5.0,tt8322060
1503,I Am Woman,2020,18+,57/100,1,0,0,0,0,biographical drama film,Australia,English,10.0,tt9185316
1504,The Outcasts,2017,13+,57/100,1,0,0,0,0,comedy film,United States,English,6.0,tt2597760
1505,Sebastian Maniscalco: What's Wrong with People?,2012,16+,57/100,1,0,0,0,0,,,,,
1506,Desperados,2020,18+,57/100,1,0,0,0,0,comedy film,United States,English,4.0,tt1545304
1507,A Classic Horror Story,2021,18+,57/100,1,0,0,0,0,horror film,Italy,Italian,7.0,tt12877640
1508,Made You Look: A True Story About Fake Art,2020,18+,57/100,1,0,0,0,0,documentary film,Canada,English,8.0,tt11994750
1509,Monty Python: Parrot Sketch Not Included,1989,,57/100,1,0,0,0,0,,,,,
1510,Accident,2009,18+,57/100,1,0,1,0,0,,,,,
1511,Ben Platt: Live from Radio City Music Hall,2020,7+,57/100,1,0,0,0,0,concert film,United States,English,8.3,tt11000894
1512,The Princess Switch: Switched Again,2020,all,57/100,1,0,0,0,0,"romantic comedy, Christmas film",United States,English,6.0,tt11199410
1513,Luck by Chance,2009,,57/100,1,0,0,0,0,drama film,India,Hindi,10.0,tt0886539
1514,Angela's Christmas,2017,all,57/100,1,0,0,0,0,"children's film, Christmas film",Ireland,English,10.0,tt7829544
1515,Ajeeb Daastaans,2021,,57/100,1,0,0,0,0,,India,Hindi,8.0,tt14091818
1516,Fun Mom Dinner,2017,18+,57/100,1,0,0,0,0,comedy film,United States,English,6.0,tt5829040
1517,Dabbe 5: Zehr-i Cin,2014,18+,57/100,1,0,0,0,0,horror film,Turkey,Turkish,8.0,tt3886722
1518,Dog Gone Trouble,2019,7+,57/100,1,0,0,0,0,"comedy film, family film",United States,English,3.0,tt6772524
1519,Raising the Bar,2017,7+,57/100,1,0,1,0,0,documentary film,,,,tt8431292
1520,Kardec,2019,,57/100,1,0,0,0,0,drama film,Brazil,Portuguese,10.0,tt9213932
1521,The Devil Below,2021,18+,57/100,1,0,0,0,0,,United States,,4.0,tt7646322
1522,Catfight,2017,,57/100,1,0,0,0,0,"action comedy film, action film, drama film, LGBT-related film",United States,English,7.0,tt5294198
1523,Tall Girl,2019,7+,57/100,1,0,0,0,0,romantic comedy,United States,English,6.0,tt9252508
1524,Alone/Together,2019,,56/100,1,0,0,0,0,romance film,Philippines,,10.0,tt9526822
1525,Gridlocked,2016,18+,56/100,1,0,0,0,0,action film,Canada,English,8.0,tt2724532
1526,Mard Ko Dard Nahi Hota,2019,,56/100,1,0,0,0,0,action comedy film,India,Hindi,8.0,tt8055888
1527,Craig Ferguson: Tickle Fight,2017,,56/100,1,0,0,0,0,,United States,,6.0,tt7193448
1528,Jeff Dunham's Very Special Christmas Special,2008,13+,56/100,1,0,1,0,0,Christmas film,United States,English,5.0,tt1295909
1529,122,2019,,56/100,1,0,0,0,0,,,,,
1530,Special Correspondents,2016,13+,56/100,1,0,0,0,0,comedy film,"United Kingdom, United States",English,7.0,tt4181052
1531,Charming,2018,all,56/100,1,0,0,0,0,,,,,
1532,Njan Prakashan,2018,all,56/100,1,0,0,0,0,comedy film,India,Malayalam,10.0,tt8286926
1533,Sniper: Ghost Shooter,2016,18+,56/100,1,0,0,0,0,"action film, drama film",United States,English,5.0,tt5090828
1534,1898: Our Last Men in the Philippines,2016,13+,56/100,1,0,0,0,0,,,,,
1535,What Lies Below,2020,18+,56/100,1,0,0,0,0,thriller film,United States,English,6.0,tt9264728
1536,Double World,2020,,56/100,1,0,0,0,0,"fantasy film, action film","Hong Kong, People's Republic of China",Mandarin,7.0,tt10508838
1537,Kevin Hart: Zero F**ks Given,2020,18+,56/100,1,0,0,0,0,comedy film,United States,English,7.0,tt13433082
1538,Spy Kids: All the Time in the World,2011,7+,56/100,1,0,0,0,0,"spy film, action film, comedy film, time-travel film",United States,English,4.0,tt1517489
1539,The Irishman: In Conversation,2019,18+,56/100,1,0,0,0,0,documentary film,United States,English,6.0,tt11353562
1540,I Called Him Morgan,2016,,56/100,1,0,0,0,0,"documentary film, drama film, historical film",United States,English,7.0,tt4170344
1541,Lost in London,2017,,56/100,1,0,0,0,0,comedy film,Nigeria,English,9.0,tt6926236
1542,Simon Killer,2012,,56/100,1,0,0,0,0,drama film,"France, United States","English, French",9.0,tt1790834
1543,Peepli Live,2010,7+,56/100,1,0,0,0,0,satirical film or television program,India,Hindi,9.0,tt1447508
1544,Rudy Habibie,2016,,56/100,1,0,0,0,0,,Indonesia,Indonesian,4.0,tt5874502
1545,Expelled from Paradise,2014,16+,56/100,1,0,0,0,0,,,,,
1546,Guilty,2020,,56/100,1,0,0,0,0,,,,,
1547,Katt Williams: American Hustle,2007,18+,56/100,1,0,0,0,0,road movie,United States,English,1.0,tt1135090
1548,Love on Delivery,1994,16+,56/100,1,0,0,0,0,comedy film,Hong Kong,Cantonese,7.0,tt0110852
1549,A Week Away,2021,18+,56/100,1,0,0,0,0,musical film,United States,English,8.0,tt11388278
1550,Tigertail,2020,7+,56/100,1,0,0,0,0,drama film,United States,"English, Standard Taiwanese Mandarin",8.0,tt8902948
1551,Paskal: The Movie,2018,,56/100,1,0,0,0,0,action film,Malaysia,Malay,7.0,tt9063106
1552,Wild Oats,2016,13+,56/100,1,0,0,0,0,comedy film,United States,English,5.0,tt1655461
1553,Revenger,2018,18+,56/100,1,0,0,0,0,action film,South Korea,Korean,9.0,tt9426186
1554,Rubaru Roshni,2019,,56/100,1,0,0,0,0,documentary film,India,Hindi,9.0,tt9663460
1555,Kappela,2020,,56/100,1,0,0,0,0,drama film,India,Malayalam,8.0,tt11230868
1556,Cuties,2020,,56/100,1,0,0,0,0,"teen film, drama film, comedy film",France,French,3.6,tt9196192
1557,Jim Jefferies: Intolerant,2020,18+,56/100,1,0,0,0,0,,,,,
1558,Dilan 1990,2018,,56/100,1,0,0,0,0,drama film,Indonesia,Indonesian,8.0,tt7843946
1559,Dragon Tiger Gate,2006,,56/100,1,0,0,0,0,"action film, martial arts film",Hong Kong,Cantonese,7.0,tt0482930
1560,Prom Night,2008,13+,56/100,1,0,0,0,0,"horror film, slasher film, teen film",United States,English,4.0,tt0926129
1561,Out of Thin Air,2017,,56/100,1,0,0,0,0,documentary film,"United Kingdom, Iceland",,5.0,tt6330514
1562,Karthik Calling Karthik,2010,7+,56/100,1,0,0,0,0,psychological thriller,India,Hindi,7.0,tt1373156
1563,Mobile Suit Gundam III: Encounters in Space,1982,,56/100,1,0,0,0,0,,,,,
1564,"Love, Guaranteed",2020,,56/100,1,0,0,0,0,romantic comedy,United States,English,8.0,tt11100856
1565,A Family,2021,,56/100,1,0,0,0,0,yakuza film,Japan,Japanese,10.0,tt13356884
1566,Spyder,2017,,56/100,1,0,0,0,0,spy film,India,"Telugu, Tamil",4.0,tt6522546
1567,Cosmic Sin,2021,18+,56/100,1,0,0,0,0,,United States,English,2.0,tt11762434
1568,Ana e Vitória,2018,,56/100,1,0,0,0,0,comedy film,Brazil,Portuguese,8.0,tt8583378
1569,Birdshot,2017,18+,56/100,1,0,0,0,0,drama film,Philippines,Filipino,9.0,tt6135042
1570,X-Large,2011,,56/100,1,0,0,0,0,romantic comedy,Egypt,Arabic,10.0,tt2156807
1571,Jimmy Carr: The Best of Ultimate Gold Greatest Hits,2019,18+,56/100,1,0,0,0,0,,,,,
1572,Pretty Guardians Sailor Moon Eternal The MOVIE - Part 1,2021,,56/100,1,0,0,0,0,,,,,
1573,Tim Minchin and the Heritage Orchestra: Live at the Royal Albert Hall,2011,,56/100,1,0,0,0,0,,,,,
1574,Mumbai Diaries,2010,16+,56/100,1,0,0,0,0,drama film,India,"Hindi, English",10.0,tt1433810
1575,Cousins,2021,18+,56/100,1,0,0,0,0,"romantic comedy, melodrama",United States,English,8.0,tt0097116
1576,Heaven Without People,2017,,56/100,1,0,0,0,0,comedy drama,Lebanon,Arabic,8.0,tt7583280
1577,Road to Roma,2020,,56/100,1,0,0,0,0,documentary film,Mexico,Mexican Spanish,7.0,tt11763742
1578,Phobia 2,2009,18+,56/100,1,0,0,0,0,horror film,Thailand,Thai,7.0,tt1521846
1579,Mr. Roosevelt,2017,18+,56/100,1,0,0,0,0,comedy film,United States,English,8.0,tt6212496
1580,Ee Nagaraniki Emaindi,2018,,56/100,1,0,0,0,0,,,,,
1581,Ani... Dr. Kashinath Ghanekar,2018,,56/100,1,0,0,0,0,,India,Marathi,10.0,tt8784906
1582,Let It Fall: Los Angeles 1982-1992,2017,18+,56/100,1,0,0,0,0,documentary film,United States,,10.0,tt6379314
1583,White Boy,2017,,56/100,1,0,0,0,0,,United States,English,10.0,tt5635638
1584,Fashion,2008,13+,56/100,1,0,0,0,0,,,,,
1585,Godzilla: The Planet Eater,2018,7+,56/100,1,0,0,0,0,,,,,
1586,Walt Disney Animation Studios Short Films Collection,2015,all,56/100,1,0,0,0,0,,,,,
1587,Death of Me,2020,18+,56/100,1,0,0,0,0,horror film,United States,English,4.0,tt1830643
1588,Sniper: Legacy,2014,18+,56/100,1,0,0,0,0,"drama film, action film",United States,English,4.0,tt3776288
1589,Words Bubble Up Like Soda Pop,2021,,56/100,1,0,0,0,0,,,,,
1590,Dynasty Warriors,2021,,56/100,1,0,0,0,0,"fantasy film, film based on a novel",Hong Kong,Japanese,6.0,tt7587604
1591,Coded Bias,2020,,56/100,1,0,0,0,0,documentary film,United States,,8.0,tt11394170
1592,Starting Over Again,2014,,56/100,1,0,0,0,0,,,,,
1593,Phir Bhi Dil Hai Hindustani,2000,13+,56/100,1,0,0,0,0,"musical film, drama film",India,Hindi,10.0,tt0222270
1594,Dedh Ishqiya,2014,18+,56/100,1,0,0,0,0,LGBT-related film,India,Hindi,9.0,tt2675978
1595,Dance of the 41,2020,,56/100,1,0,0,0,0,"biographical film, LGBT-related film, historical film",Mexico,Spanish,5.0,tt11525022
1596,Love in a Puff,2010,,56/100,1,0,0,0,0,romantic comedy,Hong Kong,Cantonese,8.0,tt1602479
1597,School Life,2019,18+,56/100,1,0,0,0,0,comedy drama,France,French,8.0,tt8783532
1598,The After Party,2018,,56/100,1,0,0,0,0,comedy film,United States,English,7.0,tt3960240
1599,Await Further Instructions,2018,18+,56/100,1,0,0,0,0,,United Kingdom,English,5.0,tt4971408
1600,I Am Michael,2015,,56/100,1,0,0,0,0,"biographical film, film adaptation, LGBT-related film, drama film",United States,English,3.0,tt3713030
1601,Cadaver,2020,18+,56/100,1,0,0,0,0,,Norway,,6.0,tt11284280
1602,Results,2015,18+,56/100,1,0,0,0,0,romantic comedy,United States,English,7.0,tt3824412
1603,Mobile Suit Gundam I,1981,,56/100,1,0,0,0,0,,,,,
1604,A Christmas Prince: The Royal Baby,2019,,56/100,1,0,0,0,0,"romantic comedy, Christmas film",United States,English,6.0,tt10006006
1605,The Long Dumb Road,2018,18+,56/100,1,0,0,0,0,"road movie, drama film",United States,English,7.0,tt4712076
1606,Demetri Martin: Live (At The Time),2015,,56/100,1,0,0,0,0,,United States,English,4.0,tt4512714
1607,This Little Love of Mine,2021,all,56/100,1,0,0,0,0,comedy film,Australia,English,5.4,tt12546872
1608,"El Pepe, A Supreme Life",2019,,56/100,1,0,0,0,0,,,,,
1609,My Suicide,2009,18+,56/100,1,0,0,0,0,"comedy drama, teen film, coming-of-age fiction",United States,English,10.0,tt0492896
1610,Amy Schumer: Growing,2019,18+,56/100,1,0,0,0,0,documentary film,United States,,7.0,tt9770590
1611,Zozo,2005,,56/100,1,0,0,0,0,drama film,"Sweden, Denmark, United Kingdom","Arabic, Swedish",6.5,tt0448267
1612,Debt Collectors,2020,18+,56/100,1,0,0,0,0,"comedy film, action film",United States,English,8.0,tt10933680
1613,Can't Complain,2007,,56/100,1,0,0,0,0,comedy film,United States,English,,tt1547625
1614,Clinical,2017,,56/100,1,0,0,0,0,,,,,
1615,Sky Ladder: The Art of Cai Guo-Qiang,2017,,56/100,1,0,0,0,0,documentary film,United States,"English, Mandarin",9.0,tt5278930
1616,Rowdy Rathore,2012,13+,56/100,1,0,0,0,0,"action film, thriller film",India,Hindi,5.8,tt2077833
1617,Sebastian Maniscalco: Why Would You Do That?,2016,16+,56/100,1,0,0,0,0,,,,,
1618,Ordinary People,2016,18+,56/100,1,1,0,0,0,"drama film, film based on a novel",United States,English,10.0,tt0081283
1619,Bigfoot Family,2020,7+,56/100,1,0,0,0,0,"animated film, family film","Belgium, France","French, English",4.0,tt9204164
1620,The Minimalists: Less Is Now,2021,,56/100,1,0,0,0,0,documentary film,United States,English,4.0,tt13583144
1621,Iliza Shlesinger: Freezing Hot,2015,18+,56/100,1,0,0,0,0,stand-up comedy,United States,English,8.0,tt4073952
1622,The Most Unknown,2018,,56/100,1,0,0,0,0,documentary film,United States,English,6.0,tt8126390
1623,Rich in Love,2020,,56/100,1,0,0,0,0,romantic comedy,Brazil,Brazilian Portuguese,9.0,tt10329566
1624,Deep,2021,18+,56/100,1,0,0,0,0,,,,,
1625,Biking Borders - eine etwas andere Reise,2021,,56/100,1,0,0,0,0,documentary film,Germany,German,10.0,tt11188850
1626,Ghost Lab,2021,18+,56/100,1,0,0,0,0,"horror film, science fiction film",Thailand,,4.0,tt13446126
1627,Uppity: The Willy T. Ribbs Story,2020,,56/100,1,0,0,0,0,,,,,
1628,The Legacy of a Whitetail Deer Hunter,2018,16+,56/100,1,0,0,0,0,comedy film,United States,English,7.0,tt4762824
1629,How to Get Over a Breakup,2018,18+,56/100,1,0,0,0,0,comedy film,Peru,Spanish,7.0,tt8435268
1630,Between Worlds,2018,18+,56/100,1,0,0,0,0,thriller film,"Spain, United States",English,5.0,tt7295450
1631,A Perfect Fit,2021,,56/100,1,0,0,0,0,drama film,Indonesia,Indonesian,4.0,tt13606090
1632,Sillu Karupatti,2019,all,56/100,1,0,0,0,0,,India,,6.0,tt9614988
1633,Jiu Jitsu,2020,18+,56/100,1,0,0,0,0,action film,United States,English,1.0,tt9624766
1634,Loev,2016,,56/100,1,0,0,0,0,"LGBT-related film, drama film",India,Hindi,10.0,tt5050788
1635,Chelsea Peretti: One of the Greats,2014,,56/100,1,0,0,0,0,,United States,English,10.0,tt3804556
1636,The Last Laugh,2019,18+,56/100,1,0,0,0,0,"silent film, drama film","Germany, Weimar Republic",German,8.0,tt0015064
1637,Dil,1990,,55/100,1,0,0,0,0,,,,,
1638,Mike Birbiglia: What I Should Have Said Was Nothing,2008,,55/100,1,0,1,0,0,,,,6.0,tt1188112
1639,The Same Blood,2019,18+,55/100,1,0,0,0,0,drama film,Belarus,Russian,,
1640,Nigerian Prince,2018,18+,55/100,1,0,0,0,0,thriller film,"United States, Nigeria","Igbo, English",4.0,tt6851966
1641,Iliza Shlesinger: Confirmed Kills,2016,18+,55/100,1,0,0,0,0,stand-up comedy,United States,,10.0,tt6081882
1642,The 101-Year-Old Man Who Skipped Out on the Bill and Disappeared,2016,,55/100,1,0,0,0,0,"comedy film, adventure film",Sweden,Swedish,10.0,tt4940370
1643,An Ordinary Man,2018,18+,55/100,1,0,0,0,0,thriller film,United States,English,7.0,tt1785288
1644,The Silence of the Marsh,2019,18+,55/100,1,0,0,0,0,"thriller film, adventure film",Spain,Spanish,5.0,tt8743032
1645,MFKZ,2018,18+,55/100,1,0,0,0,0,,,,,
1646,The Most Hated Woman in America,2017,18+,55/100,1,0,0,0,0,"mystery film, drama film, biographical film",United States,English,7.0,tt4842646
1647,Fireworks,2017,13+,55/100,1,0,0,0,0,"crime film, drama film",Japan,Japanese,8.0,tt0119250
1648,Bébé's Kids,1992,13+,55/100,1,0,1,0,0,comedy film,United States,English,6.0,tt0103783
1649,My Little Pony: Equestria Girls - Legend of Everfree,2016,all,55/100,1,0,0,0,0,"musical film, fantasy film, adventure film",United States,English,3.0,tt5474644
1650,Prime Time,2021,18+,55/100,1,0,0,0,0,,Poland,Polish,5.2,tt11460976
1651,Wedding Unplanned,2017,16+,55/100,1,0,0,0,0,comedy film,France,,5.0,tt6009140
1652,Banana Split,2018,18+,55/100,1,0,0,0,0,comedy film,United States,,7.0,tt7755856
1653,Hannibal Buress: Comedy Camisado,2016,18+,55/100,1,0,0,0,0,,United States,English,1.0,tt5352432
1654,Father of the Year,2018,16+,55/100,1,0,0,0,0,comedy film,United States,English,6.0,tt7256866
1655,Hot Sweet Sour,2017,,55/100,1,0,0,0,0,romance film,Turkey,Turkish,10.0,tt7535964
1656,Doom: Annihilation,2019,18+,55/100,1,0,0,0,0,"science fiction film, horror film, action film",United States,English,2.0,tt8328716
1657,Legends of the Hidden Temple,2016,7+,55/100,1,0,0,0,0,,,,,
1658,Taxi No. 9 2 11: Nau Do Gyarah,2006,,55/100,1,0,0,0,0,,,,,
1659,Ajab Prem Ki Ghazab Kahani,2009,7+,55/100,1,0,0,0,0,romantic comedy,India,Hindi,10.0,tt1252596
1660,Mallesham,2019,,55/100,1,0,0,0,0,biographical film,India,,9.0,tt9742362
1661,Four Sisters and a Wedding,2013,,55/100,1,0,0,0,0,,Philippines,Filipino,10.0,tt3008034
1662,Crazy Beautiful You,2015,,55/100,1,0,0,0,0,"romantic comedy, coming-of-age fiction",Philippines,English,9.0,tt4377918
1663,Organize İşler: Sazan Sarmalı,2019,,55/100,1,0,0,0,0,comedy film,Turkey,Turkish,6.0,tt8442644
1664,Baggio: The Divine Ponytail,2021,16+,55/100,1,0,0,0,0,"biographical film, drama film, association football film",Italy,Italian,7.0,tt14025788
1665,Patrick,2018,16+,55/100,1,0,0,0,0,,,,,
1666,I Am Jonas,2018,,55/100,1,0,0,0,0,drama film,France,French,7.0,tt8168186
1667,Jarhead: Law of Return,2019,18+,55/100,1,0,0,0,0,,,,7.0,tt10767720
1668,The Clapper,2018,18+,55/100,1,0,0,0,0,comedy film,United States,English,7.0,tt5461956
1669,Force 2,2016,7+,55/100,1,0,0,0,0,action thriller,India,Hindi,6.2,tt5156746
1670,Jab Harry Met Sejal,2017,7+,55/100,1,0,0,0,0,"comedy film, melodrama",India,Hindi,1.0,tt5997666
1671,Hating Peter Tatchell,2020,,55/100,1,0,0,0,0,documentary film,Australia,English,7.5,tt6076668
1672,Baaghi,2016,,55/100,1,0,0,0,0,"action film, romance film",India,Hindi,5.4,tt4864932
1673,Sarah Silverman: A Speck of Dust,2017,,55/100,1,0,0,0,0,,United States,English,6.9,tt6948354
1674,Middle of Nowhere,2012,18+,55/100,1,0,0,0,0,drama film,United States,English,9.0,tt1211890
1675,MOTHER,2020,,55/100,1,1,0,0,0,,,,,
1676,Dreamy Eyes,2019,,55/100,1,0,0,0,0,,Vietnam,Vietnamese,9.0,tt10622410
1677,Whose Streets?,2017,18+,55/100,1,0,0,0,0,documentary film,United States,English,9.0,tt6176928
1678,The Scorpion King: Book of Souls,2018,13+,55/100,1,0,0,0,0,"action film, fantasy film",United States,English,4.6,tt7338690
1679,The Crystal Calls - Making The Dark Crystal: Age of Resistance,2019,,55/100,1,0,0,0,0,behind-the-scenes film,United States,English,7.5,tt10924716
1680,Sextuplets,2019,16+,55/100,1,0,0,0,0,comedy film,United States,English,6.0,tt8976710
1681,Jem and the Holograms,2015,7+,55/100,1,0,0,0,0,"comedy drama, romantic comedy, musical film, fantasy film",United States,English,2.0,tt3614530
1682,Rip Tide,2017,,55/100,1,0,0,0,0,family film,Australia,English,8.0,tt6262764
1683,7 Years,2016,,55/100,1,0,0,0,0,prison film,France,French,6.0,tt0808462
1684,Gabriel Iglesias: One Show Fits All,2019,16+,55/100,1,0,0,0,0,,,,,
1685,Luciano Mellera: Infantiloide,2018,13+,55/100,1,0,0,0,0,,,,,
1686,Menashe,2017,7+,55/100,1,0,0,0,0,"independent film, drama film",United States,Yiddish,7.0,tt6333086
1687,The Girl on the Train,2021,18+,55/100,1,0,0,0,0,"mystery film, thriller film, drama film, film based on a novel",India,Hindi,1.0,tt11090488
1688,Mercy Black,2019,16+,55/100,1,0,0,0,0,horror film,United States,English,4.9,tt8758086
1689,Swearnet: The Movie,2014,18+,55/100,1,0,0,0,0,comedy film,Canada,English,3.0,tt2380564
1690,I Fine..Thank You..Love You,2014,,55/100,1,0,0,0,0,romantic comedy,Thailand,Thai,5.0,tt4222718
1691,Monsoon,2020,,55/100,1,0,0,0,0,"drama film, LGBT-related film","United Kingdom, Vietnam","English, Vietnamese",6.0,tt8090564
1692,The Players,2012,18+,55/100,1,0,0,0,0,comedy film,France,French,8.0,tt2087850
1693,Nate Bargatze: The Tennessee Kid,2019,,55/100,1,0,0,0,0,,,,,
1694,The Warriors Gate,2016,13+,55/100,1,0,0,0,0,adventure film,"France, People's Republic of China",English,7.0,tt4652532
1695,Sebastian Maniscalco: Stay Hungry,2019,18+,55/100,1,0,0,0,0,,,,,
1696,Rurouni Kenshin: The Beginning,2021,,55/100,1,0,0,0,0,action film,Japan,Japanese,10.0,tt11991748
1697,One,2021,,55/100,1,0,0,0,0,,,,,
1698,Laddaland,2011,18+,55/100,1,0,0,0,0,horror film,Thailand,Thai,6.0,tt2063782
1699,BuyBust,2018,,55/100,1,0,0,0,0,martial arts film,Philippines,,5.0,tt5938084
1700,Garfunkel and Oates: Trying to be Special,2016,18+,55/100,1,0,0,0,0,,,,,
1701,Travis Scott: Look Mom I Can Fly,2019,18+,55/100,1,0,0,0,0,"documentary film, musical film",United States,English,3.0,tt10856726
1702,Uma Maheswara Ugra Roopasya,2020,,55/100,1,0,0,0,0,,India,Telugu,7.0,tt11506054
1703,ABCD,2013,13+,55/100,1,0,0,0,0,,,,,
1704,Fire in Paradise,2019,18+,55/100,1,0,0,0,0,documentary film,United States,,3.0,tt11127056
1705,From One Second to the Next,2013,,55/100,1,0,0,0,0,documentary film,United States,English,10.0,tt3108864
1706,Residue,2020,,55/100,1,0,0,0,0,drama film,United States,Spanish,10.0,tt11568878
1707,Dancing Queens,2021,,55/100,1,0,0,0,0,"drama film, comedy film",Sweden,Swedish,7.0,tt13032716
1708,Company of Heroes,2013,18+,55/100,1,0,0,0,0,"drama film, war film",United States,"English, German",5.0,tt2555426
1709,Jeff Dunham: Minding the Monsters,2012,13+,55/100,1,0,1,0,0,comedy film,United States,English,10.0,tt2461736
1710,Half Girlfriend,2017,7+,55/100,1,0,0,0,0,romance film,India,Hindi,6.0,tt5474042
1711,Shaun the Sheep: The Farmer's Llamas,2015,all,55/100,1,0,0,0,0,,,,,
1712,I See You,2017,7+,55/100,1,0,1,0,0,"comedy film, romance film",India,Hindi,8.0,tt0857381
1713,Girls und Panzer: The Movie,2015,16+,55/100,1,0,0,0,0,,,,,
1714,Septembers of Shiraz,2015,13+,55/100,1,0,0,0,0,drama film,United States,English,7.0,tt3661298
1715,Mobile Suit Gundam II: Soldiers of Sorrow,1981,,55/100,1,0,0,0,0,,,,,
1716,Manorama Six Feet Under,2007,18+,55/100,1,0,0,0,0,thriller film,India,Hindi,9.0,tt0920464
1717,Transformer,2018,,55/100,1,0,0,0,0,,,,,
1718,The Plagues of Breslau,2018,,55/100,1,0,0,0,0,"crime film, thriller film",Poland,Polish,7.0,tt8618118
1719,The Ruthless,2019,18+,55/100,1,0,0,0,0,"drama film, crime film","Italy, France",Italian,8.0,tt9239888
1720,Humpty Sharma Ki Dulhania,2014,all,55/100,1,0,0,0,0,romantic comedy,India,Hindi,6.0,tt3678938
1721,The Mars Generation,2017,,55/100,1,0,0,0,0,documentary film,United States,,4.0,tt6333096
1722,It's for Your Own Good,2017,,55/100,1,0,0,0,0,comedy film,Spain,Spanish,7.0,tt5790492
1723,Dave Chappelle: The Kennedy Center Mark Twain Prize,2020,18+,55/100,1,0,0,0,0,,,,,
1724,Kidnapping Stella,2019,18+,55/100,1,0,0,0,0,crime film,Germany,German,1.0,tt8613876
1725,The Stand In,2020,18+,55/100,1,0,0,0,0,romantic comedy,United States,English,7.0,tt7970348
1726,Fan Girl,2020,,55/100,1,0,0,0,0,coming-of-age film,Philippines,,8.0,tt11091664
1727,Gabriel Iglesias: I'm Sorry for What I Said When I Was Hungry,2016,,55/100,1,0,0,0,0,,,,,
1728,Chup Chup Ke,2006,all,55/100,1,0,0,0,0,"comedy drama, comedy film, romance film",India,Hindi,7.1,tt0464160
1729,Duck Butter,2018,,55/100,1,0,0,0,0,"comedy drama, LGBT-related film",United States,English,5.0,tt6958014
1730,Sand Storm,2017,,55/100,1,0,0,0,0,drama film,Israel,Arabic,9.0,tt4365518
1731,Nothing to Lose,2018,7+,55/100,1,0,0,0,0,"buddy film, comedy film, action film",United States,English,6.7,tt0119807
1732,The Resurrection of Gavin Stone,2017,7+,55/100,1,0,0,0,0,"comedy drama, drama film",United States,English,6.3,tt4902904
1733,Zion,2018,,55/100,1,0,0,0,0,,,,,
1734,Hazaaron Khwaishein Aisi,2003,,55/100,1,0,0,0,0,drama film,India,Hindi,7.0,tt0411469
1735,Freedom at Midnight,2018,,55/100,1,0,0,0,0,,,,,
1736,The Black Prince,2017,13+,55/100,1,0,0,0,0,,India,,9.0,tt3962984
1737,Budhia Singh: Born to Run,2016,,55/100,1,0,0,0,0,biographical film,India,Hindi,8.0,tt5805252
1738,Madame Claude,2021,18+,55/100,1,0,0,0,0,"drama film, biographical film",France,French,7.0,tt10307724
1739,Jeff Dunham: Beside Himself,2019,18+,55/100,1,0,0,0,0,,,,,
1740,Happy Anniversary,2018,18+,55/100,1,0,0,0,0,,France,French,7.0,tt0056066
1741,The Silence of the Sky,2016,,55/100,1,0,0,0,0,"psychological thriller, drama film","Brazil, Argentina","Spanish, Brazilian Portuguese",9.0,tt5125930
1742,Elisa & Marcela,2019,18+,55/100,1,0,0,0,0,"drama film, biographical film, LGBT-related film",Spain,Spanish,9.0,tt6704898
1743,Manu,2018,,55/100,1,0,0,0,0,,,,,
1744,Have You Ever Seen Fireflies?,2021,16+,55/100,1,0,0,0,0,,,,,
1745,Tony Manero,2008,18+,55/100,1,0,0,0,0,drama film,Chile,"Spanish, English",7.0,tt1223975
1746,Patton Oswalt: Talking for Clapping,2016,18+,55/100,1,0,0,0,0,,,,,
1747,"The Other One: The Long, Strange Trip of Bob Weir",2014,,54/100,1,0,0,0,0,documentary film,United States,English,9.0,tt3692768
1748,Dukhtar,2014,7+,54/100,1,0,0,0,0,drama film,Pakistan,Urdu,8.0,tt3175888
1749,That Thing Called Tadhana,2014,7+,54/100,1,0,0,0,0,romantic comedy,Philippines,,7.0,tt4170436
1750,Must Be... Love,2013,,54/100,1,0,0,0,0,"romantic comedy, coming-of-age fiction",Philippines,English,4.0,tt2769454
1751,House of the Witch,2017,,54/100,1,0,0,0,0,horror film,,English,3.0,tt6988208
1752,Baazaar,2018,,54/100,1,0,0,0,0,"crime film, drama film",India,Hindi,7.0,tt6519690
1753,Line Walker,2016,,54/100,1,0,1,0,0,"crime film, drama film",People's Republic of China,Cantonese,5.0,tt5896962
1754,Tim Minchin: So F**king Rock Live,2008,,54/100,1,0,1,0,0,,,,,
1755,Twin Murders: The Silence of the White City,2019,18+,54/100,1,0,0,0,0,thriller film,Spain,Spanish,4.0,tt8393332
1756,Jinxed,2013,all,54/100,1,0,0,0,0,comedy drama,United States,English,7.0,tt0084173
1757,Mariposa,2020,,54/100,1,0,0,0,0,,,,,
1758,Legendary Weapons of China,1982,18+,54/100,1,0,0,0,0,kung fu film,Hong Kong,Cantonese,6.8,tt0084671
1759,The Wedding Party,2016,13+,54/100,1,0,0,0,0,"romantic comedy, drama film",Nigeria,"English, Igbo, Yoruba",3.0,tt5992120
1760,The Laws of Thermodynamics,2018,,54/100,1,0,0,0,0,romantic comedy,Spain,Spanish,6.0,tt6053938
1761,Love You to the Stars and Back,2017,,54/100,1,0,0,0,0,romantic comedy,Philippines,,9.0,tt7127344
1762,Monsters: Dark Continent,2014,18+,54/100,1,0,0,0,0,"science fiction film, horror film, thriller film",United Kingdom,English,4.0,tt1935302
1763,Mad World,2016,,54/100,1,0,0,0,0,,,,,
1764,Torbaaz,2020,18+,54/100,1,0,0,0,0,drama film,India,Hindi,5.0,tt7805960
1765,Kannum Kannum Kollaiyadithaal,2020,,54/100,1,0,0,0,0,"thriller film, romantic comedy",India,Tamil,8.0,tt8042292
1766,Badland,2019,13+,54/100,1,0,0,0,0,"Western film, action film",United States,English,6.0,tt10253466
1767,Red Istanbul,2017,,54/100,1,0,0,0,0,drama film,"Turkey, Italy","Turkish, Italian",9.0,tt5927352
1768,Big Time Movie,2012,all,54/100,1,1,0,0,0,,,,,
1769,What We Started,2018,,54/100,1,0,0,0,0,documentary film,United States,English,10.0,tt6191876
1770,Happy Old Year,2019,,54/100,1,0,0,0,0,romance film,Thailand,Thai,10.0,tt11316824
1771,Race 2,2013,,54/100,1,0,0,0,0,action film,India,Hindi,5.0,tt1375789
1772,Big Stone Gap,2014,13+,54/100,1,0,0,0,0,"drama film, romantic comedy",United States,English,10.0,tt3254796
1773,Universal Soldier: The Return,1999,18+,54/100,1,0,0,0,0,"action film, science fiction film, martial arts film, biopunk",United States,English,5.0,tt0176269
1774,Monty Python: The Meaning of Live,2014,,54/100,1,0,0,0,0,documentary film,United Kingdom,English,8.0,tt4256544
1775,Psycho,2020,18+,54/100,1,0,0,0,0,,,,,
1776,Brothers,2015,13+,54/100,1,0,0,0,0,,,,,
1777,Killa,2014,,54/100,1,0,0,0,0,,,,,
1778,In Our Mothers' Gardens,2021,,54/100,1,0,0,0,0,,,,,
1779,Dry Martina,2018,,54/100,1,0,0,0,0,drama film,"Chile, Argentina",Spanish,5.0,tt6312802
1780,Lommbock,2017,,54/100,1,0,0,0,0,comedy film,Germany,German,7.0,tt5075584
1781,The Lift Boy,2019,18+,54/100,1,0,0,0,0,,India,,8.0,tt6937368
1782,We Can Be Heroes,2020,7+,54/100,1,0,0,0,0,"adventure film, family film, action comedy film, superhero film",United States,English,7.0,tt10600398
1783,Close Enemies,2018,18+,54/100,1,0,0,0,0,drama film,"France, Belgium",French,7.0,tt6527586
1784,Maria,2019,18+,54/100,1,0,0,0,0,,,,,
1785,We Are Young. We Are Strong.,2014,,54/100,1,0,0,0,0,"drama film, crime film, historical film",Germany,German,9.0,tt4076058
1786,"Kalel, 15",2019,,54/100,1,0,0,0,0,,Philippines,"Tagalog, English",8.0,tt11530234
1787,The Watchman,2019,,54/100,1,0,0,0,0,,,,,
1788,Drunk Parents,2019,18+,54/100,1,0,0,0,0,comedy film,United States,English,4.0,tt5037840
1789,Caught by a Wave,2021,16+,54/100,1,0,0,0,0,,,,,
1790,Barça Dreams,2015,,54/100,1,0,0,0,0,documentary film,Spain,"Spanish, Catalan, English",9.0,tt5001576
1791,Life Overtakes Me,2019,,54/100,1,0,0,0,0,documentary film,"Sweden, United States",Swedish,3.0,tt9204606
1792,Jeff Dunham: All Over the Map,2014,13+,54/100,1,0,1,0,0,comedy film,United States,English,9.0,tt4209802
1793,Iliza Shlesinger: Unveiled,2019,18+,54/100,1,0,0,0,0,stand-up comedy,United States,English,4.0,tt11163008
1794,Mumbai Meri Jaan,2008,13+,54/100,1,0,0,0,0,drama film,India,Hindi,10.0,tt1266583
1795,The Block Island Sound,2020,,54/100,1,0,0,0,0,"science fiction film, horror film, thriller film",United States,English,7.0,tt8747160
1796,Recovery Boys,2018,,54/100,1,0,0,0,0,documentary film,United States,English,7.0,tt8167872
1797,Classmates Minus,2020,,54/100,1,0,0,0,0,,Taiwan,,8.0,tt12899858
1798,Martial Arts of Shaolin,1986,13+,54/100,1,0,1,0,0,"action film, martial arts film, historical film","People's Republic of China, Hong Kong","Chinese, Yue Chinese",6.0,tt0091607
1799,#AnneFrank. Parallel Stories,2019,,54/100,1,0,0,0,0,documentary film,"Italy, Czech Republic, France",,4.0,tt9850370
1800,Sitara: Let Girls Dream,2019,,54/100,1,0,0,0,0,,,,,
1801,Mohenjo Daro,2016,,54/100,1,0,0,0,0,"action film, drama film, romance film",India,Hindi,5.0,tt3859980
1802,Greg Davies: You Magnificent Beast,2018,18+,54/100,1,0,0,0,0,,,,,
1803,Ordinary World,2016,,54/100,1,0,0,0,0,comedy drama,United States,English,6.0,tt4189494
1804,Phantom,2015,,54/100,1,0,0,0,0,,,,,
1805,Much Loved,2015,,54/100,1,0,0,0,0,drama film,"Morocco, France",Moroccan Arabic,6.0,tt4685750
1806,Denis Leary: No Cure for Cancer,1993,18+,54/100,1,0,0,0,0,,,,,
1807,Franca: Chaos and Creation,2016,,54/100,1,0,0,0,0,"documentary film, biographical film","United States, Italy",,6.0,tt5317286
1808,Freaks – You're One of Us,2020,18+,54/100,1,0,0,0,0,,,,,
1809,Class Rank,2017,,54/100,1,0,0,0,0,romantic comedy,United States,English,8.0,tt5219972
1810,Little Big Women,2020,,54/100,1,0,0,0,0,,Taiwan,,8.0,tt12397078
1811,Rocco,2016,18+,54/100,1,0,0,0,0,,,,,
1812,My Big Night,2015,,54/100,1,0,0,0,0,comedy film,Spain,Spanish,10.0,tt4412362
1813,My Little Pony: Equestria Girls - Forgotten Friendship,2018,all,54/100,1,0,0,0,0,,,,,
1814,The Blue Umbrella,2005,,54/100,1,0,0,1,0,"children's film, film adaptation",India,Hindi,8.0,tt0457802
1815,Weed the People,2018,,54/100,1,0,0,0,0,documentary film,United States,English,10.0,tt7968976
1816,#realityhigh,2017,,54/100,1,0,0,0,0,comedy film,United States,English,7.0,tt6119504
1817,Jeff Dunham: Unhinged in Hollywood,2015,7+,54/100,1,0,1,0,0,,,,,
1818,ReMastered: Devil at the Crossroads,2019,,54/100,1,0,0,0,0,,United States,English,9.0,tt9046574
1819,Oprah Winfrey Presents: When They See Us Now,2019,16+,54/100,1,0,0,0,0,,,,,
1820,Irul,2021,,54/100,1,0,0,0,0,,India,Malayalam,6.0,tt13103212
1821,Only,2020,all,54/100,1,0,0,0,0,,,,,
1822,Juanita,2019,18+,54/100,1,0,0,0,0,,Spain,"Spanish, Catalan",,tt35444072
1823,Bluffmaster!,2005,7+,54/100,1,0,0,0,0,"thriller film, comedy film, action film",India,Hindi,7.0,tt0476527
1824,Wonder Boy,2019,,54/100,1,0,0,0,0,documentary film,France,"French, English, Italian",10.0,tt9176600
1825,Stereo,2014,,54/100,1,0,0,0,0,,,,,
1826,Héroes. Silencio y Rock & Roll,2021,,54/100,1,0,0,0,0,documentary film,Spain,Spanish,8.0,tt14354838
1827,Bwakaw,2012,7+,54/100,1,0,0,0,0,drama film,Philippines,Filipino,8.0,tt2244376
1828,A Grand Night In: The Story of Aardman,2015,7+,54/100,1,0,0,0,0,,,,,
1829,Sister Cities,2016,16+,54/100,1,0,0,0,0,,,,,
1830,My Amanda,2021,,54/100,1,0,0,0,0,,Philippines,Filipino,10.0,tt13136084
1831,A Second Chance,2015,,54/100,1,1,1,0,0,,Philippines,English,7.1,tt5226380
1832,Serious Men,2020,,54/100,1,0,0,0,0,drama film,India,,6.0,tt10230414
1833,The Lovers,2017,18+,54/100,1,0,0,0,0,"adventure film, time-travel film","Australia, India, Belgium",English,4.0,tt1321869
1834,The Yin-Yang Master: Dream of Eternity,2020,,54/100,1,0,0,0,0,,People's Republic of China,Mandarin,7.0,tt11454718
1835,Christmas with a View,2018,7+,54/100,1,0,0,0,0,,,,,
1836,The Lion Woman,2016,18+,54/100,1,0,0,0,0,"drama film, film based on literature","Norway, Germany, Sweden",Norwegian,10.0,tt4677578
1837,He Even Has Your Eyes,2017,,54/100,1,0,0,0,0,,,,,
1838,Ghadi,2013,13+,53/100,1,0,0,0,0,drama film,Lebanon,Arabic,8.0,tt2552296
1839,It Takes a Man and a Woman,2013,7+,53/100,1,0,0,0,0,romantic comedy,Philippines,"English, Filipino",10.0,tt2816740
1840,Dolly Parton: Here I Am,2019,16+,53/100,1,0,0,0,0,documentary film,United Kingdom,English,10.0,tt11497544
1841,Hamid,2019,,53/100,1,0,0,0,0,,,,,
1842,Russell Peters: Almost Famous,2016,,53/100,1,0,0,0,0,,,,,
1843,Accomplice,2021,,53/100,1,0,0,0,0,documentary film,United States,English,9.0,tt13947978
1844,Dude,2018,18+,53/100,1,0,0,0,0,,,,,
1845,Saladin the Victorious,1963,,53/100,1,0,0,0,0,"war film, medieval film, historical film, drama film",Egypt,Arabic,10.0,tt0057357
1846,Homunculus,2021,,53/100,1,0,0,0,0,thriller film,Japan,Japanese,5.0,tt14404280
1847,LEGO Marvel Super Heroes: Avengers Reassembled!,2015,7+,53/100,1,0,0,0,0,,,,,
1848,LEGO Jurassic World: The Indominus Escape,2016,7+,53/100,1,0,0,0,0,adventure film,United States,,5.7,tt6101862
1849,Shelby American,2019,,53/100,1,0,0,0,0,,,,,
1850,S.W.A.T.: Under Siege,2017,18+,53/100,1,0,0,0,0,crime thriller film,United States,English,4.0,tt6014472
1851,Ten Years,2015,,53/100,1,0,0,0,0,"anthology film, dystopian film",Hong Kong,"Cantonese, Putonghua",10.0,tt5269560
1852,Backdraft 2,2019,18+,53/100,1,0,0,0,0,drama film,United States,English,5.0,tt8172466
1853,Sahara,2017,7+,53/100,1,0,1,0,0,,,,,
1854,Taramani,2017,,53/100,1,0,1,0,0,drama film,India,"Tamil, Telugu",9.0,tt4328934
1855,Cosmos Laundromat,2015,,53/100,1,0,0,0,0,,,,,
1856,The Witness Who Didn't See Anything,1976,,53/100,1,0,0,0,0,,,,,
1857,Muramba,2017,7+,53/100,1,0,0,0,0,drama film,India,Marathi,10.0,tt7155460
1858,Hum Saath Saath Hain,1999,all,53/100,1,0,0,0,0,"romance film, drama film, melodrama",India,Hindi,6.4,tt0216817
1859,Vivah,2006,,53/100,1,0,0,0,0,"romance film, drama film",India,Hindi,8.0,tt0494290
1860,Yeh Ballet,2020,13+,53/100,1,0,0,0,0,,India,,7.0,tt10230436
1861,Tony Parker: The Final Shot,2021,,53/100,1,0,0,0,0,documentary film,France,French,6.0,tt13696668
1862,Cut Throat City,2020,18+,53/100,1,0,0,0,0,"heist film, drama film, action film",United States,English,5.0,tt3547306
1863,Anelka: Misunderstood,2020,16+,53/100,1,0,0,0,0,"documentary film, association football film",France,French,6.0,tt12724622
1864,Everyday I Love You,2015,,53/100,1,0,0,0,0,romantic comedy,Philippines,English,10.0,tt4944460
1865,Bulbul Can Sing,2019,,53/100,1,0,0,0,0,"drama film, LGBT-related film",India,Assamese,9.0,tt8659050
1866,Sarajevo,2014,,53/100,1,0,0,0,0,drama film,"France, United Kingdom",French,10.0,tt0032384
1867,And Tomorrow the Entire World,2020,,53/100,1,0,0,0,0,"drama film, political film","Germany, France",German,7.0,tt7716120
1868,Funan,2019,,53/100,1,0,0,0,0,,,,,
1869,Rising High,2020,,53/100,1,0,0,0,0,"comedy film, drama film",Germany,German,9.0,tt9806336
1870,The Short Game,2013,7+,53/100,1,0,0,0,0,"sport film, documentary film",United States,"English, French, Mandarin",7.3,tt2466830
1871,One Day We'll Talk About Today,2020,all,53/100,1,0,0,0,0,drama film,Indonesia,Indonesian,9.0,tt10773114
1872,Chris Tucker Live,2015,18+,53/100,1,0,0,0,0,,United States,English,2.0,tt4835636
1873,Nang Nak,1999,13+,53/100,1,0,0,0,0,horror film,Thailand,Thai,7.0,tt0217680
1874,Mitt,2014,,53/100,1,0,0,0,0,,,,,
1875,Dark Light,2019,,53/100,1,0,0,0,0,,,,,
1876,Lucknow Central,2017,,53/100,1,0,0,0,0,"drama film, action film",India,Hindi,7.0,tt5697870
1877,Our Godfather,2019,,53/100,1,0,0,0,0,documentary film,United Kingdom,English,8.0,tt10095336
1878,93 Days,2016,7+,53/100,1,0,0,0,0,"drama film, legend",Nigeria,English,7.0,tt5305246
1879,Vince & Kath & James,2016,,53/100,1,0,0,0,0,,,,,
1880,Dharam Sankat Mein,2015,13+,53/100,1,0,0,0,0,comedy film,India,Hindi,8.0,tt4354740
1881,Secrets in the Hot Spring,2018,,53/100,1,0,0,0,0,,Taiwan,,5.0,tt8587122
1882,Bye Bye London,1982,,53/100,1,0,0,0,0,,,,,
1883,Bheeshma,2020,,53/100,1,0,0,0,0,romantic comedy,India,Telugu,6.0,tt11199356
1884,Liberated: The New Sexual Revolution,2017,,53/100,1,0,0,0,0,documentary film,"United States, Mexico",English,6.0,tt6710214
1885,Almost Love,2019,,53/100,1,0,0,0,0,,United States,English,8.0,tt8739582
1886,Stuck Apart,2021,,53/100,1,0,0,0,0,"comedy film, drama film",Turkey,Turkish,8.0,tt11213372
1887,Late Life: The Chien-Ming Wang Story,2018,,53/100,1,0,0,0,0,"documentary film, sport film","United States, Taiwan","Standard Chinese, English, Taiwanese Hokkien",10.0,tt8234502
1888,"Justice, My Foot!",1992,7+,53/100,1,0,0,0,0,comedy film,Hong Kong,Yue Chinese,9.0,tt0105385
1889,Ginny Weds Sunny,2020,,53/100,1,0,0,0,0,"romantic comedy, drama film",India,Hindi,5.0,tt10543680
1890,You Are My Sunday,2016,,53/100,1,0,0,0,0,,,,,
1891,Grandmaster,2012,,53/100,1,0,0,0,0,"biographical film, drama film, action film, martial arts film","People's Republic of China, Hong Kong",Chinese,9.0,tt1462900
1892,Just Another Christmas,2020,,53/100,1,0,0,0,0,"comedy film, Christmas film",Brazil,Brazilian Portuguese,9.0,tt13354204
1893,7 Khoon Maaf,2011,,53/100,1,0,0,0,0,"crime film, drama film, black comedy film",India,"Hindi, English, Russian",8.0,tt1629376
1894,Class of '83,2020,16+,53/100,1,0,0,0,0,,India,Hindi,4.0,tt10306444
1895,Duck Duck Goose,2018,7+,53/100,1,0,0,0,0,,,,,
1896,Very Big Shot,2015,18+,53/100,1,0,0,0,0,"crime film, drama film, comedy drama",Lebanon,Arabic,1.0,tt4971824
1897,"Dana Carvey: Straight White Male, 60",2016,,53/100,1,0,0,0,0,,United States,,9.0,tt6217368
1898,Wild Dog,2021,18+,53/100,1,0,0,0,0,,India,,6.0,tt11503178
1899,Dolly Parton's Christmas on the Square,2020,7+,53/100,1,0,0,0,0,"musical film, Christmas film",United States,English,5.0,tt10627548
1900,The Little Vampire 3D,2017,,53/100,1,0,0,0,0,"adventure film, vampire film, film based on a novel","Germany, Netherlands, Denmark",German,5.0,tt4729560
1901,John Was Trying to Contact Aliens,2020,,53/100,1,0,0,0,0,documentary film,United States,English,7.0,tt11733790
1902,Dilan 1991,2019,,53/100,1,0,0,0,0,"drama film, romance film",Indonesia,Indonesian,10.0,tt9648942
1903,Made In China,2019,,53/100,1,0,0,0,0,,India,Hindi,9.0,tt8983180
1904,Ronnie Coleman: The King,2018,,53/100,1,0,0,0,0,documentary film,United States,English,10.0,tt7217214
1905,All in My Family,2019,,53/100,1,0,0,0,0,"documentary film, LGBT-related film",United States,English,10.0,tt9097148
1906,Chris D'Elia: Incorrigible,2015,18+,53/100,1,0,0,0,0,,United States,English,7.0,tt4624852
1907,Carmen Sandiego: To Steal or Not to Steal,2020,7+,53/100,1,0,0,0,0,,,,,
1908,Seven Sundays,2017,7+,53/100,1,0,0,0,0,"comedy film, drama film",Philippines,"Filipino, Tagalog",7.6,tt7502214
1909,Whitney Cummings: Can I Touch It?,2019,,53/100,1,0,0,0,0,,,,,
1910,Girlfriend's Day,2017,18+,53/100,1,0,0,0,0,comedy drama,United States,English,7.0,tt2962984
1911,Funny Boy,2020,,53/100,1,0,0,0,0,,,,7.0,tt13345636
1912,Seven in Heaven,2018,13+,53/100,1,0,0,0,0,thriller film,United States,English,3.0,tt4269118
1913,Cracked Up: The Darrell Hammond Story,2019,18+,53/100,1,0,0,0,0,documentary film,United States,English,10.0,tt5165880
1914,Father Soldier Son,2020,18+,53/100,1,0,0,0,0,documentary film,United States,English,10.0,tt12187586
1915,NiNoKuni,2019,16+,53/100,1,0,0,0,0,,,,,
1916,CIA: Comrade In America,2017,,53/100,1,0,0,0,0,adventure film,India,Malayalam,6.0,tt5925772
1917,Monty Python: Live at Aspen,1998,,53/100,1,0,0,0,0,,,,,
1918,Jo Koy: Comin’ In Hot,2019,,53/100,1,0,0,0,0,stand-up comedy,United States,English,7.0,tt10377036
1919,Varane Avashyamund,2020,,53/100,1,0,0,0,0,,India,Malayalam,7.0,tt11531530
1920,Every Time I Die,2020,,53/100,1,0,0,0,0,independent film,United States,English,5.0,tt6659936
1921,Perdida,2018,18+,53/100,1,0,0,0,0,drama film,Spain,Spanish,7.0,tt7841496
1922,Eeb Allay Ooo!,2020,,53/100,1,0,0,0,0,,India,Hindi,7.0,tt9343754
1923,Counterpunch,2017,,53/100,1,0,0,0,0,documentary film,United States,English,6.0,tt7022034
1924,Noblemen,2019,,53/100,1,0,0,0,0,drama film,India,English,1.0,tt6514218
1925,Battle Drone,2018,13+,53/100,1,0,0,0,0,,United States,English,5.0,tt2936390
1926,Olmo and the Seagull,2015,,53/100,1,0,0,0,0,documentary film,Portugal,Spanish,10.0,tt4160256
1927,"Colin Quinn: Red State, Blue State",2019,16+,53/100,1,0,0,0,0,,,,,
1928,"Liar, Liar, Vampire",2015,all,53/100,1,0,0,0,0,,,,,
1929,Hard Kill,2020,18+,53/100,1,0,0,0,0,,United States,,1.0,tt11656172
1930,Boss,2013,,53/100,1,0,0,0,0,,,,,
1931,One-Way to Tomorrow,2020,18+,53/100,1,0,0,0,0,"romance film, comedy film, drama film",Turkey,Turkish,7.0,tt11988512
1932,Villain,2020,18+,52/100,1,0,0,0,0,,,,,
1933,Bethany Hamilton: Unstoppable,2019,7+,52/100,1,0,0,0,0,documentary film,United States,English,10.0,tt6435258
1934,Axone,2019,,52/100,1,0,0,0,0,,India,Hindi,8.0,tt8747548
1935,Bangkok Traffic Love Story,2009,7+,52/100,1,0,0,0,0,comedy film,Thailand,Thai,6.0,tt1621642
1936,Chris D'Elia: No Pain,2020,,52/100,1,0,0,0,0,,,,,
1937,Michael,2011,,52/100,1,0,0,0,0,,,,,
1938,Disciples of the 36th Chamber,1985,18+,52/100,1,0,0,0,0,action film,Hong Kong,Cantonese,5.0,tt0089029
1939,Midnight at the Magnolia,2020,all,52/100,1,0,0,0,0,"comedy film, romance film",Canada,English,6.0,tt13318052
1940,Oh! Baby,2019,,52/100,1,0,0,0,0,comedy drama,India,Telugu,9.0,tt9348296
1941,J.T. LeRoy,2019,18+,52/100,1,0,0,0,0,"drama film, LGBT-related film, romance film","Canada, United States, United Kingdom",English,5.0,tt5460522
1942,26 Years,2012,,52/100,1,0,0,0,0,"action film, thriller film",South Korea,Korean,3.0,tt2551894
1943,A Very Country Christmas,2017,all,52/100,1,0,0,0,0,family film,United States,,6.0,tt7001906
1944,Walk. Ride. Rodeo.,2019,7+,52/100,1,0,0,0,0,"comedy drama, biographical film, drama film",United States,English,7.0,tt5848416
1945,Under the Bombs,2007,16+,52/100,1,0,0,0,0,drama film,France,Arabic,9.0,tt1094275
1946,In the Shadow of Iris,2016,18+,52/100,1,0,0,0,0,"drama film, erotic thriller, crime film",France,French,7.0,tt5598110
1947,Little Boxes,2017,,52/100,1,0,0,0,0,,Germany,,5.7,tt26345195
1948,Russell Howard: Recalibrate,2017,18+,52/100,1,0,0,0,0,,,,,
1949,The Yinyang Master,2021,,52/100,1,0,0,0,0,"action film, adventure film, drama film, fantasy film",People's Republic of China,Chinese,8.0,tt12151820
1950,Shine Your Eyes,2020,,52/100,1,0,0,0,0,drama film,"Brazil, France","Portuguese, English, Igbo",6.0,tt8477336
1951,Uppena,2021,,52/100,1,0,0,0,0,action film,India,Telugu,8.0,tt9633480
1952,ABCD 2,2015,7+,52/100,1,0,0,0,0,musical film,India,Hindi,7.0,tt3679000
1953,ReMastered: Tricky Dick & The Man in Black,2018,,52/100,1,0,0,0,0,"biographical film, documentary film",United States,English,10.0,tt9046556
1954,Yol Arkadaşım,2017,13+,52/100,1,0,0,0,0,comedy film,Turkey,Turkish,10.0,tt7535792
1955,Manson Family Vacation,2015,,52/100,1,0,0,0,0,comedy film,United States,English,7.0,tt3275216
1956,Barbie: Dolphin Magic,2017,all,52/100,1,0,0,0,0,,,,,
1957,The Boss Baby: Get That Baby!,2020,,52/100,1,0,0,0,0,,,,,
1958,Secret Obsession,2019,13+,52/100,1,0,0,0,0,psychological thriller,United States,English,4.0,tt9419834
1959,Naam Shabana,2017,,52/100,1,0,0,0,0,action thriller,India,Hindi,6.0,tt6170954
1960,Bill Nye: Science Guy,2017,,52/100,1,0,0,0,0,documentary film,United States,English,6.8,tt4853154
1961,Murder to Mercy: The Cyntoia Brown Story,2020,,52/100,1,0,0,0,0,documentary film,United States,English,4.0,tt9050898
1962,Road Trip: Beer Pong,2009,18+,52/100,1,0,0,0,0,comedy film,United States,English,5.0,tt1319733
1963,Carnaval,2021,,52/100,1,0,0,0,0,,,,,
1964,Everything About Her,2016,7+,52/100,1,0,0,0,0,comedy drama,Philippines,,10.0,tt3860092
1965,Rattlesnake,2019,,52/100,1,0,0,0,0,drama film,United States,English,5.0,tt9257484
1966,The Hard Way,2019,,52/100,1,0,0,0,0,"crime film, buddy film, comedy film, action film",United States,English,7.0,tt0102004
1967,Sara's Notebook,2018,18+,52/100,1,0,0,0,0,thriller film,Spain,"Spanish, Swahili",7.0,tt6599742
1968,Jeff Dunham: Relative Disaster,2017,18+,52/100,1,0,0,0,0,,,,,
1969,Kandasamys The Wedding,2019,,52/100,1,0,0,0,0,,,,,
1970,Day of the Dead: Bloodline,2017,18+,52/100,1,0,0,0,0,"horror film, action film","United States, Bulgaria",English,3.5,tt3053228
1971,The Ryan White Story,1989,,52/100,1,0,0,0,0,"biographical film, drama film",United States,English,1.0,tt0098237
1972,Thambi,2019,,52/100,1,0,0,0,0,,India,Tamil,7.0,tt10468636
1973,You Get Me,2017,18+,52/100,1,0,0,0,0,thriller film,United States,English,4.0,tt5539054
1974,Carbone,2017,,52/100,1,0,0,0,0,,,,,
1975,Love Wedding Repeat,2020,18+,52/100,1,0,0,0,0,"romantic comedy, comedy film, romance film",United Kingdom,English,6.0,tt5096470
1976,Tom Papa: Live in New York City,2011,,52/100,1,0,1,0,0,,,,,
1977,The Drowning,2016,,52/100,1,0,0,0,0,"drama film, thriller film","United States, Hong Kong",English,4.5,tt4653586
1978,Sturgill Simpson Presents Sound & Fury,2019,,52/100,1,0,0,0,0,"anime film, musical film",United States,,8.0,tt10682000
1979,Zoot Suit,1981,18+,52/100,1,0,0,0,0,"musical film, drama film",United States,English,10.0,tt0083365
1980,Out Of The Clear Blue Sky,2019,,52/100,1,0,0,0,0,,,,,
1981,"Norm Macdonald: Hitler's Dog, Gossip & Trickery",2017,,52/100,1,0,0,0,0,,,,,
1982,Rampage: President Down,2016,,52/100,1,0,0,0,0,action thriller,Canada,English,4.7,tt4146622
1983,Arlo the Alligator Boy,2021,7+,52/100,1,0,0,0,0,,,,,
1984,Eerie,2018,,52/100,1,0,0,0,0,ghost film,Philippines,,5.0,tt8723216
1985,Woody Woodpecker,2017,7+,52/100,1,0,0,0,0,comedy film,United States,English,4.0,tt2114504
1986,Clair Obscur,2016,,52/100,1,0,0,0,0,drama film,"Turkey, Germany, Poland",Turkish,7.0,tt4373956
1987,Cities of Last Things,2018,18+,52/100,1,0,0,0,0,drama film,"Taiwan, People's Republic of China, France","Standard Chinese, English, Standard Taiwanese Mandarin",8.0,tt4397342
1988,Vir Das: For India,2020,18+,52/100,1,0,0,0,0,,,,,
1989,Ride or Die,2021,18+,52/100,1,0,0,0,0,"thriller film, romance film, drama film",Japan,Japanese,9.0,tt14164234
1990,Fitoor,2016,,52/100,1,0,0,0,0,film based on a novel,India,Hindi,6.0,tt4399594
1991,The Con Is On,2018,18+,52/100,1,0,0,0,0,heist film,"United States, United Kingdom",English,3.0,tt4685806
1992,I'll Sleep When I'm Dead,2016,,52/100,1,0,0,0,0,documentary film,United States,English,10.0,tt4679136
1993,Super Me,2021,,52/100,1,0,0,0,0,,People's Republic of China,Putonghua,9.0,tt10097544
1994,How to Be Really Bad,2018,,52/100,1,0,0,0,0,comedy film,Germany,German,8.0,tt5571754
1995,Alexandria… Why?,1979,,52/100,1,0,0,0,0,"drama film, autobiography",Egypt,Egyptian Arabic,7.3,tt0077751
1996,Kara Bela,2015,13+,52/100,1,0,0,0,0,comedy film,Turkey,Turkish,9.0,tt4974684
1997,The Zoya Factor,2019,,52/100,1,0,0,0,0,romantic comedy,India,Hindi,1.0,tt8304386
1998,Generation Iron 2,2017,13+,52/100,1,0,0,0,0,documentary film,United States,English,1.0,tt6263642
1999,Panipat,2019,,52/100,1,0,0,0,0,historical film,India,Hindi,4.0,tt8176040
2000,Abzurdah,2015,13+,52/100,1,0,0,0,0,"biographical film, drama film",Argentina,Spanish,6.0,tt4413338
2001,A New York Christmas Wedding,2020,18+,52/100,1,0,0,0,0,,,,,
2002,Mosquita y Mari,2012,,52/100,1,1,0,0,0,"coming-of-age fiction, LGBT-related film, drama film",United States,English,8.0,tt1978480
2003,The Beginning of Life,2016,all,52/100,1,0,0,0,0,"documentary film, family film",Brazil,,10.0,tt5140248
2004,We Need to Talk,2016,,52/100,1,0,0,0,0,romantic comedy,Spain,Spanish,8.0,tt4699534
2005,Pizza,2014,,52/100,1,0,0,0,0,,,,,
2006,She Made Me a Criminal,2006,,52/100,1,0,0,0,0,comedy film,Egypt,Egyptian Arabic,6.5,tt1020956
2007,The Unknown Saint,2020,,52/100,1,0,0,0,0,"drama film, comedy film, black comedy film","France, Morocco, Qatar",Moroccan Arabic,8.0,tt10077998
2008,Pottersville,2017,13+,52/100,1,0,0,0,0,Christmas film,United States,English,8.0,tt3672120
2009,Barcelona: A Love Untold,2016,7+,52/100,1,0,0,0,0,drama film,Philippines,,8.0,tt5755912
2010,Just The Way You Are,2015,,52/100,1,0,0,0,0,comedy drama,"France, United States",English,8.0,tt0087525
2011,Mostly Sunny,2017,,52/100,1,0,0,0,0,documentary film,Canada,,1.0,tt5935072
2012,Ek Main Aur Ekk Tu,2012,7+,52/100,1,0,0,0,0,"romance film, comedy film, romantic comedy",India,Hindi,8.0,tt1703958
2013,Toro,2016,13+,52/100,1,0,0,0,0,,,,,
2014,Russell Brand: Re:Birth,2018,,52/100,1,0,0,0,0,"comedy film, stand-up comedy",United Kingdom,English,7.0,tt9349942
2015,Creating an Army of the Dead,2021,18+,52/100,1,0,0,0,0,,,,,
2016,The Maus,2017,,52/100,1,0,0,0,0,"drama film, fantasy film, horror film",Spain,,2.0,tt5586362
2017,Just Say Yes,2021,,52/100,1,0,0,0,0,romantic comedy,Netherlands,Dutch,1.0,tt12154638
2018,Christmas Wedding Planner,2017,7+,52/100,1,0,0,0,0,"romance film, drama film, Christmas film",Canada,English,2.0,tt7074092
2019,The Strange House,2020,18+,52/100,1,0,0,0,0,"children's film, teen film","Austria, Germany","German, Slovene",7.0,tt9654108
2020,Temple,2017,18+,52/100,1,0,0,0,0,,,,,
2021,MILF,2018,18+,52/100,1,0,0,0,0,,,,,
2022,When Angels Sleep,2018,18+,52/100,1,0,0,0,0,drama film,Spain,Spanish,8.0,tt3732280
2023,The 2nd,2020,16+,52/100,1,0,0,0,0,,,,,
2024,Welcome to Sudden Death,2020,18+,52/100,1,0,0,0,0,action film,United States,English,2.0,tt10804786
2025,Kurbaan,2009,18+,52/100,1,0,0,0,0,"thriller film, drama film, action film",India,Hindi,7.0,tt1185442
2026,Fortune Feimster: Sweet & Salty,2020,,52/100,1,0,0,0,0,,,,,
2027,Tracy Morgan: Staying Alive,2017,,52/100,1,0,0,0,0,,,,,
2028,Sam Kinison: Breaking the Rules,1987,18+,52/100,1,0,0,0,0,,,,,
2029,Zaki Chan,2005,,52/100,1,0,0,0,0,,Egypt,Arabic,10.0,tt0827788
2030,Sky High,2020,,51/100,1,0,0,1,0,thriller film,Spain,Spanish,5.0,tt10978398
2031,Gad Elmaleh: American Dream,2018,16+,51/100,1,0,0,0,0,,,,,
2032,Love Beats Rhymes,2017,18+,51/100,1,0,0,0,0,musical film,United States,English,8.0,tt4686108
2033,Ram Jaane,1995,13+,51/100,1,0,0,0,0,"drama film, crime film, action film",India,Hindi,5.4,tt0114231
2034,Wish You,2021,,51/100,1,0,0,0,0,"romance film, LGBT-related film",South Korea,Korean,8.0,tt13866142
2035,A Life of Speed: The Juan Manuel Fangio Story,2020,,51/100,1,0,0,0,0,,Argentina,,1.0,tt6668212
2036,Antoine Griezmann: The Making of a Legend,2019,,51/100,1,0,0,0,0,"documentary film, association football film",France,French,6.5,tt9817308
2037,Strange Weather,2016,18+,51/100,1,0,0,0,0,drama film,United States,English,9.0,tt5205210
2038,Pa Paandi,2017,,51/100,1,0,0,0,0,,,,,
2039,Darc,2018,18+,51/100,1,0,0,0,0,,,,,
2040,Mehandi Circus,2019,,51/100,1,0,0,0,0,action film,India,Tamil,9.0,tt9665400
2041,Goyo: The Boy General,2018,16+,51/100,1,0,0,0,0,epic film,Philippines,"Filipino, Tagalog, English",7.0,tt8443480
2042,Escape from Mr. Lemoncello's Library,2017,all,51/100,1,0,0,0,0,,,,,
2043,A Love Song for Latasha,2019,,51/100,1,0,0,0,0,,United States,,6.8,tt8993180
2044,Samantaral,2017,,51/100,1,0,0,0,0,,India,Bangla,8.0,tt7746986
2045,Riot,2015,,51/100,1,0,0,0,0,,,,,
2046,Jungle Beat: The Movie,2020,all,51/100,1,0,0,0,0,,,,,
2047,Honeytrap,2015,,51/100,1,0,0,0,0,"thriller film, drama film",United Kingdom,English,10.0,tt0275409
2048,O Vendedor de Sonhos,2016,,51/100,1,0,0,0,0,drama film,Brazil,Portuguese,8.0,tt5496926
2049,Duplicate,1998,7+,51/100,1,0,0,0,0,"drama film, action film",India,Hindi,5.6,tt0164550
2050,What We Wanted,2020,18+,51/100,1,0,0,0,0,drama film,Austria,German,8.0,tt13279528
2051,Jim Norton: Mouthful of Shame,2017,18+,51/100,1,0,0,0,0,stand-up comedy,United States,English,1.0,tt6664120
2052,Michael McIntyre: Showman,2020,18+,51/100,1,0,0,0,0,,,,,
2053,No Other Woman,2011,16+,51/100,1,0,0,0,0,,Philippines,English,1.0,tt2057445
2054,River's Edge,2018,,51/100,1,0,0,0,0,teen film,Japan,Japanese,6.0,tt7476946
2055,Love and Shukla,2017,,51/100,1,0,0,0,0,,,,,
2056,Ali Baba and the 7 Dwarfs,2015,13+,51/100,1,0,0,0,0,,,,,
2057,Merata: How Mum Decolonised the Screen,2019,,51/100,1,0,0,0,0,,,,,
2058,I Hate Luv Storys,2010,7+,51/100,1,0,0,0,0,"romantic comedy, musical film",India,Hindi,5.7,tt1667838
2059,FTA,1972,18+,51/100,1,0,0,0,0,,,,,
2060,Let's Dance,2019,18+,51/100,1,0,0,0,0,"romantic comedy, musical film",United States,English,6.0,tt0042674
2061,Tere Naal Love Ho Gaya,2012,7+,51/100,1,0,0,0,0,romantic comedy,India,Hindi,8.0,tt2130242
2062,Lady Driver,2020,7+,51/100,1,0,0,0,0,,,,3.0,tt7562334
2063,Sarah Cooper: Everything's Fine,2020,18+,51/100,1,0,0,0,0,,,,,
2064,League of Legends Origins,2019,,51/100,1,0,0,0,0,documentary film,United States,English,7.0,tt11131032
2065,The Creative Brain,2019,,51/100,1,0,0,0,0,documentary film,,English,4.0,tt10338308
2066,Jacob's Ladder,2019,18+,51/100,1,0,0,0,0,"horror film, thriller film, psychological horror, war film",United States,English,7.4,tt0099871
2067,Free Rein: The Twelve Neighs of Christmas,2018,,51/100,1,0,0,0,0,,,,,
2068,Love for Sale,2018,,51/100,1,0,0,0,0,,,,,
2069,Hate by Dani Rovira,2021,,51/100,1,0,0,0,0,,,,,
2070,The Heaven None Missed,2015,,51/100,1,0,0,0,0,,,,,
2071,An American Girl: McKenna Shoots for the Stars,2012,all,51/100,1,0,0,0,0,,,,,
2072,Guest House,2020,18+,51/100,1,0,0,0,0,horror film,India,Hindi,9.0,tt0260060
2073,Squared Love,2021,13+,51/100,1,0,0,0,0,romantic comedy,Poland,Polish,5.0,tt13846542
2074,The Milk System,2018,,51/100,1,0,0,0,0,documentary film,Germany,German,3.0,tt7274546
2075,Tottaa Pataaka Item Maal,2018,,51/100,1,0,0,0,0,,India,Hindi,8.0,tt9000388
2076,Whitney Cummings: Money Shot,2010,18+,51/100,1,0,1,0,0,,,,,
2077,Battlefield Earth,2000,13+,51/100,1,0,0,0,0,"action film, science fiction film, post-apocalyptic film, dystopian film",United States,English,1.0,tt0185183
2078,Alice Júnior,2019,,51/100,1,0,0,0,0,comedy film,Brazil,Portuguese,6.0,tt8217188
2079,Private Network: Who Killed Manuel Buendia,2021,,51/100,1,0,0,0,0,,,,,
2080,Milada,2017,,51/100,1,0,0,0,0,,,,,
2081,Kilometers and Kilometers,2020,,51/100,1,0,0,0,0,"comedy drama, road movie",India,Malayalam,7.0,tt7268736
2082,Tom Papa: You're Doing Great!,2020,,51/100,1,0,0,0,0,,,,,
2083,Prem Ratan Dhan Payo,2015,,51/100,1,0,0,0,0,"romance film, drama film, action film",India,Hindi,1.0,tt3595298
2084,Black Beach,2020,18+,51/100,1,0,0,0,0,,,,,
2085,Judwaa 2,2017,16+,51/100,1,0,0,0,0,"action comedy film, romantic comedy",India,Hindi,1.0,tt5456546
2086,Roped,2020,7+,51/100,1,0,0,0,0,"drama film, romance film",United States,English,4.0,tt8523028
2087,Yol Arkadaşım 2,2018,13+,51/100,1,0,0,0,0,comedy film,Turkey,Turkish,10.0,tt8748256
2088,"Ray Romano: Right Here, Around the Corner",2019,,51/100,1,0,0,0,0,,,,,
2089,M8 - When Death Rescues Life,2019,,51/100,1,0,0,0,0,,,,,
2090,Selfie 69,2016,,51/100,1,0,0,0,0,comedy film,Romania,Romanian,6.0,tt4796634
2091,Brian Regan: On the Rocks,2021,,51/100,1,0,0,0,0,,,,,
2092,Hulk: Where Monsters Dwell,2016,7+,51/100,1,0,0,0,0,,,,,
2093,Arctic Dogs,2019,7+,51/100,1,0,0,0,0,,,,,
2094,The Blazing Sun,1954,,51/100,1,0,1,0,0,drama film,Egypt,Egyptian Arabic,7.0,tt0044429
2095,7 Yards: The Chris Norton Story,2021,,51/100,1,0,0,0,0,,,,,
2096,Shonar Pahar,2018,,51/100,1,0,0,0,0,drama film,India,Bangla,9.0,tt8347882
2097,Material,2012,,51/100,1,0,0,0,0,,,,,
2098,Masameer: The Movie,2020,,51/100,1,0,0,0,0,"animated film, comedy film",Saudi Arabia,Arabic,6.0,tt11561866
2099,DNA,2020,18+,51/100,1,0,0,0,0,,,,,
2100,Desire,2017,,51/100,1,0,0,0,0,,,,,
2101,The Lost Brother,2017,,51/100,1,0,0,0,0,thriller film,Argentina,Spanish,5.0,tt6522634
2102,This Earth of Mankind,2019,,51/100,1,0,0,0,0,,,,,
2103,Cuddle Weather,2019,,51/100,1,0,0,0,0,,,,,
2104,Husband Factor: Resurrection,2015,7+,51/100,1,0,0,0,0,comedy film,Turkey,Turkish,10.0,tt4994718
2105,Born in Gaza,2014,,51/100,1,0,0,0,0,documentary film,Spain,"Arabic, English",9.0,tt4205416
2106,Chameli,2003,,51/100,1,0,0,0,0,"romance film, drama film",India,Hindi,6.0,tt0383975
2107,The Stolen,2017,16+,51/100,1,0,0,0,0,,,French,6.0,tt1680140
2108,Love Aaj Kal,2020,,51/100,1,0,0,0,0,,India,Hindi,1.0,tt10023024
2109,Pyaar Ke Side Effects,2006,all,51/100,1,0,0,0,0,romantic comedy,India,Hindi,9.0,tt0480572
2110,Eddie: Strongman,2015,16+,51/100,1,0,0,0,0,,,,,
2111,Sam Jay: 3 in the Morning,2020,,51/100,1,0,0,0,0,,,,,
2112,What About Dick?,2012,all,51/100,1,0,0,0,0,,,,,
2113,"Main, Meri Patni Aur Woh",2005,all,51/100,1,0,0,0,0,romantic comedy,India,Hindi,8.0,tt0485513
2114,Audible,2021,13+,51/100,1,0,0,0,0,,United States,English,3.0,tt12771540
2115,Bartkowiak,2021,18+,51/100,1,0,0,0,0,"drama film, action film, crime film, sport film",Poland,,7.0,tt14315566
2116,Tarek's Situation,2006,,51/100,1,0,0,0,0,"comedy film, romance film",Egypt,Egyptian Arabic,10.0,tt0830700
2117,My Führer,2007,,51/100,1,0,0,0,0,,,,,
2118,Gnome Alone,2017,7+,51/100,1,0,0,0,0,horror film,United States,,5.0,tt3381068
2119,Bride for Rent,2014,,51/100,1,0,0,0,0,,Philippines,,5.0,tt3469386
2120,The Holiday Calendar,2018,,51/100,1,0,0,0,0,"romantic comedy, Christmas film",United States,English,6.0,tt8262802
2121,A Kid from Coney Island,2019,18+,51/100,1,0,0,0,0,,,,,
2122,Aruna & Her Palate,2018,,51/100,1,0,0,0,0,,Indonesia,Indonesian,8.0,tt8894180
2123,Sabrina,2018,,51/100,1,1,0,0,0,,,,,
2124,Operações Especiais,2015,,51/100,1,0,0,0,0,crime film,Brazil,Portuguese,3.0,tt4058210
2125,The Main Event,2020,,51/100,1,0,0,0,0,"romantic comedy, boxing film",United States,English,4.0,tt0079510
2126,Once Again,2019,,51/100,1,0,0,0,0,"drama film, romance film","Germany, India, Austria",Hindi,8.0,tt4232066
2127,"Ken Jeong: You Complete Me, Ho",2019,18+,51/100,1,0,0,0,0,,,,,
2128,Old Thieves: The Legend of Artegio,2007,,51/100,1,0,0,0,0,documentary film,Mexico,Spanish,8.0,tt1020042
2129,Chaman Bahar,2020,,51/100,1,0,0,0,0,,,,,
2130,Delhi-6,2009,,51/100,1,0,0,0,0,drama film,India,Hindi,7.0,tt1043451
2131,ReMastered: The Miami Showband Massacre,2019,,51/100,1,0,0,0,0,,,,,
2132,Consequences,2014,13+,51/100,1,0,0,0,0,,,,,
2133,You're My Boss,2015,7+,51/100,1,0,0,0,0,romantic comedy,Philippines,English,5.0,tt4489160
2134,Sen Kiminle Dans Ediyorsun?,2017,13+,51/100,1,0,0,0,0,comedy film,Turkey,Turkish,8.0,tt7533878
2135,Miss Virginia,2019,16+,51/100,1,0,0,0,0,drama film,United States,English,10.0,tt6246534
2136,Kevin James: Never Don't Give Up,2018,7+,51/100,1,0,0,0,0,,,,4.0,tt8324578
2137,Coffee & Kareem,2020,18+,51/100,1,0,0,0,0,comedy film,United States,English,4.0,tt9898858
2138,Only Mine,2019,16+,51/100,1,0,0,0,0,,United States,English,4.0,tt9271164
2139,Lens,2016,,51/100,1,0,0,0,0,,,,,
2140,Back to the 90s,2015,,50/100,1,0,0,0,0,musical film,Thailand,,7.0,tt4556700
2141,Tiffany Haddish: She Ready! From the Hood to Hollywood!,2017,18+,50/100,1,0,0,0,0,,,,,
2142,Pets United,2019,7+,50/100,1,0,0,0,0,,,,,
2143,DeRay Davis: How to Act Black,2017,7+,50/100,1,0,0,0,0,,United States,English,6.2,tt7288084
2144,The C Word,2016,,50/100,1,0,0,0,0,documentary film,United States,English,10.0,tt5212792
2145,John & Yoko: Above Us Only Sky,2018,,50/100,1,0,0,0,0,documentary film,United Kingdom,English,8.0,tt8965432
2146,ReMastered: Massacre at the Stadium,2019,18+,50/100,1,0,0,0,0,,United States,,9.0,tt9046562
2147,Fate/Grand Order: First Order,2016,,50/100,1,0,0,0,0,,,,,
2148,Headspace: Unwind Your Mind,2021,all,50/100,1,0,0,0,0,,,,,
2149,Free Rein: Valentine's Day,2019,,50/100,1,0,0,0,0,,,,,
2150,Toll Booth,2011,,50/100,1,0,0,0,0,drama film,Turkey,Turkish,6.4,tt1753866
2151,I Will Follow,2010,13+,50/100,1,0,0,0,0,,United States,English,6.1,tt1624426
2152,The Mistress,2012,13+,50/100,1,0,0,0,0,romance film,Philippines,English,7.0,tt2389344
2153,Double Dad,2021,,50/100,1,0,0,0,0,"comedy film, family film",Brazil,Brazilian Portuguese,9.0,tt11821818
2154,Expedition Happiness,2017,all,50/100,1,0,0,0,0,documentary film,Germany,"German, English",5.9,tt6688136
2155,Golmaal Returns,2008,7+,50/100,1,0,0,0,0,comedy drama,India,Hindi,5.0,tt1092005
2156,Well Done Abba,2010,,50/100,1,0,0,0,0,political film,India,Hindi,7.2,tt1397492
2157,Running Shaadi,2017,,50/100,1,0,0,0,0,romantic comedy,India,Hindi,8.0,tt6296236
2158,Hedefim Sensin,2018,,50/100,1,0,0,0,0,,,,,
2159,The Unmarried Wife,2016,,50/100,1,0,0,0,0,,Philippines,,10.0,tt5755796
2160,Trippin’ with the Kandasamys,2021,,50/100,1,0,0,0,0,,South Africa,,8.0,tt14611368
2161,Deuces,2017,18+,50/100,1,0,0,0,0,,,,,
2162,Chaahat,1996,all,50/100,1,0,0,0,0,"comedy drama, comedy film, romance film",India,Hindi,9.0,tt0172234
2163,Brené Brown: The Call to Courage,2019,,50/100,1,0,0,0,0,,United States,English,10.0,tt10050766
2164,Ryan Hamilton: Happy Face,2017,,50/100,1,0,0,0,0,,,,7.0,tt6892378
2165,Luv Shuv Tey Chicken Khurana,2012,7+,50/100,1,0,0,0,0,comedy film,India,Hindi,10.0,tt2186933
2166,The Bridge Curse,2020,,50/100,1,0,0,0,0,horror film,Taiwan,"Standard Chinese, Standard Taiwanese Mandarin",6.0,tt11242242
2167,"My Teacher, My Obsession",2018,16+,50/100,1,0,0,0,0,,United States,English,1.0,tt6997574
2168,1000 Rupee Note,2016,,50/100,1,0,0,0,0,drama film,India,Marathi,8.0,tt2937158
2169,Break,2018,,50/100,1,0,1,0,0,,,,,
2170,Deadly Illusions,2021,,50/100,1,0,0,0,0,"thriller film, drama film, erotic thriller film, LGBT-related film",United States,English,1.0,tt7897330
2171,For the Birds,2018,,50/100,1,0,1,1,0,,,,,
2172,Duniya,1984,,50/100,1,0,0,0,0,,India,Hindi,9.0,tt0301231
2173,Door Ke Darshan,2020,,50/100,1,0,1,0,0,,,,,
2174,Jaoon Kahan Bata Ae Dil,2018,,50/100,1,0,0,0,0,drama film,India,Hindi,8.0,tt8998738
2175,Laerte-se,2017,,50/100,1,0,0,0,0,"documentary film, LGBT-related film",Brazil,Portuguese,10.0,tt6795136
2176,Nathicharami,2018,,50/100,1,0,0,0,0,,India,Kannada,10.0,tt9084890
2177,Michelle Buteau: Welcome to Buteaupia,2020,18+,50/100,1,0,0,0,0,,,,,
2178,The Ronda Rousey Story: Through My Father's Eyes,2019,18+,50/100,1,0,0,0,0,documentary film,"United States, Canada",,3.0,tt2710166
2179,Frank and Cindy,2015,18+,50/100,1,0,0,0,0,comedy film,United States,English,9.0,tt1239242
2180,My Amnesia Girl,2010,,50/100,1,0,0,0,0,romantic comedy,Philippines,English,9.0,tt1783350
2181,Jen Kirkman: I'm Gonna Die Alone (And I Feel Fine),2015,,50/100,1,0,0,0,0,,United States,English,6.8,tt4703660
2182,The Killer,2017,,50/100,1,0,0,0,0,"neo-noir, action thriller, film based on literature",United States,English,7.0,tt1136617
2183,Marlon Wayans: Woke-ish,2018,18+,50/100,1,0,0,0,0,,United States,English,7.0,tt7655590
2184,We Are Family,2016,,50/100,1,0,0,0,0,,,,,
2185,Love.com,2017,,50/100,1,0,0,0,0,comedy film,Germany,German,5.2,tt1542678
2186,Drive,2019,13+,50/100,1,0,0,0,0,pornographic film,United States,English,7.6,tt11309414
2187,Saaho,2019,,50/100,1,0,0,0,0,"action thriller, action film",India,Telugu,3.0,tt6836936
2188,Rebirth,2016,18+,50/100,1,0,0,0,0,,,,,
2189,All I Wish,2018,18+,50/100,1,0,0,0,0,comedy film,United States,English,6.0,tt1492705
2190,Talentime,2009,,50/100,1,0,0,0,0,drama film,Malaysia,English,10.0,tt1351669
2191,The Twins Effect II,2004,,50/100,1,0,0,0,0,"action film, martial arts film","People's Republic of China, Hong Kong",Cantonese,7.0,tt0398373
2192,Kaal,2005,13+,50/100,1,0,0,0,0,"horror film, adventure film",India,Hindi,2.0,tt0415908
2193,Birth Reborn,2013,,50/100,1,0,0,0,0,documentary film,Brazil,Brazilian Portuguese,7.8,tt2974412
2194,Angela's Christmas Wish,2020,,50/100,1,0,0,0,0,,,,,
2195,Heroine,2012,,50/100,1,0,0,0,0,drama film,Spain,Spanish,6.0,tt0436385
2196,Tini: The New Life of Violetta,2016,all,50/100,1,0,0,0,0,,,,,
2197,Cycle,2018,,50/100,1,0,0,0,0,,,,,
2198,Seriously Single,2020,18+,50/100,1,0,0,0,0,"comedy film, romance film",South Africa,English,9.0,tt11010144
2199,And Then Came Lola,2009,7+,50/100,1,0,0,0,0,"comedy drama, LGBT-related film",United States,English,10.0,tt1123894
2200,Killing Hasselhoff,2017,18+,50/100,1,0,0,0,0,comedy film,United States,English,8.0,tt2967226
2201,Air Strike,2018,18+,50/100,1,0,0,0,0,drama film,United States,English,3.0,tt0047805
2202,The Mansion,2017,13+,50/100,1,0,0,0,0,,,,,
2203,Children of God,1994,,50/100,1,0,1,0,0,"drama film, romance film, LGBT-related film",The Bahamas,English,6.6,tt1490602
2204,The Tambour of Retribution,2021,,50/100,1,0,0,0,0,drama film,Saudi Arabia,Arabic,10.0,tt13657102
2205,Ferrari Ki Sawaari,2012,all,50/100,1,0,0,0,0,comedy film,India,Hindi,7.0,tt2122340
2206,Doob,2017,,50/100,1,0,0,0,0,,"Bangladesh, India",Bangla,5.0,tt5513920
2207,Exes Baggage,2018,,50/100,1,0,0,0,0,comedy film,Philippines,,2.0,tt8835552
2208,God Bless the Broken Road,2018,7+,50/100,1,0,0,0,0,drama film,United States,English,6.0,tt5702446
2209,Leal,2018,,50/100,1,0,0,0,0,,,,,
2210,Awara Paagal Deewana,2002,13+,50/100,1,0,0,0,0,"action comedy film, comedy film",India,Hindi,6.0,tt0319020
2211,Brian Regan: Nunchucks and Flamethrowers,2017,,50/100,1,0,0,0,0,,United States,English,6.0,tt7679532
2212,Cops and Robbers,2020,13+,50/100,1,0,0,0,0,"comedy film, comedy drama",Italy,Italian,8.0,tt0043606
2213,Sitting in Limbo,2020,,50/100,1,0,0,0,0,drama film,United Kingdom,,8.0,tt10619332
2214,The Meaning of Monty Python,2013,,50/100,1,0,0,0,0,,,,,
2215,ATM,2012,,50/100,1,0,0,0,0,,,,,
2216,Asphalt Burning,2020,16+,50/100,1,0,0,0,0,action comedy film,"Norway, Germany",Norwegian,6.0,tt6527456
2217,Rainbow Time,2016,,50/100,1,0,0,0,0,drama film,United States,English,7.0,tt5167174
2218,Friendsgiving,2020,18+,50/100,1,0,0,0,0,comedy film,United States,English,3.0,tt8431078
2219,Christina P: Mother Inferior,2017,,50/100,1,0,0,0,0,,,,9.0,tt7057376
2220,Sarvam Thaala Mayam,2019,7+,50/100,1,0,0,0,0,"musical film, drama film",India,Tamil,9.0,tt7719976
2221,Rory Scovel Tries Stand-Up for the First Time,2017,18+,50/100,1,0,0,0,0,,,,,
2222,Salam - The First ****** Nobel Laureate,2019,,50/100,1,0,0,0,0,documentary film,United States,,10.0,tt7904606
2223,Aiyaary,2018,,50/100,1,0,0,0,0,"drama film, crime film, thriller film",India,Hindi,4.0,tt6774212
2224,Clive Davis: The Soundtrack of Our Lives,2017,13+,50/100,1,0,0,0,0,documentary film,United States,English,6.0,tt6494358
2225,Posesif,2017,,50/100,1,0,0,0,0,,Indonesia,Indonesian,2.0,tt7541708
2226,Puerto Ricans in Paris,2015,18+,50/100,1,0,0,0,0,crime comedy film,United States,English,7.0,tt3730510
2227,Chamatkar,1992,7+,50/100,1,0,0,0,0,comedy film,India,Hindi,7.0,tt0126234
2228,Poeslief: een ode aan de kat,2021,,50/100,1,0,0,0,0,,,,,
2229,Brave Blue World: Racing to Solve Our Water Crisis,2019,,50/100,1,0,0,0,0,documentary film,,English,9.0,tt11921004
2230,Apaharan,2005,,50/100,1,0,0,0,0,"film noir, drama film",India,Hindi,7.0,tt0451631
2231,Off Course,2015,,50/100,1,0,0,0,0,comedy film,Spain,Spanish,10.0,tt3500544
2232,"Oh, Ramona!",2019,18+,50/100,1,0,0,0,0,romantic comedy,Romania,English,4.0,tt7200946
2233,Tragic Jungle,2020,,50/100,1,0,0,0,0,"thriller film, drama film",Mexico,"Spanish, English, Yucatec Maya",8.0,tt12792598
2234,The Beast,2020,,50/100,1,0,0,0,0,,,,,
2235,House Arrest,2019,,50/100,1,0,1,0,0,"teen film, comedy film",United States,English,5.8,tt0116571
2236,Jeremiah Tower: The Last Magnificent,2016,18+,50/100,1,0,0,0,0,"documentary film, biographical film",United States,English,3.0,tt5163286
2237,Wandering Stars,2019,,50/100,1,0,0,0,0,,Soviet Union,Russian,6.4,tt0315847
2238,23:59,2011,18+,50/100,1,0,0,0,0,horror film,Singapore,,4.0,tt2100376
2239,Intuition,2020,18+,50/100,1,0,0,0,0,,,,,
2240,Kevin Hart's Guide to Black History,2019,7+,50/100,1,0,0,0,0,,,,,
2241,Spanish Affair 2,2015,,50/100,1,0,0,0,0,comedy film,Spain,Spanish,8.0,tt3626742
2242,The Stand at Paxton County,2020,18+,50/100,1,0,0,0,0,,,,,
2243,SuckSeed,2011,13+,50/100,1,0,0,0,0,comedy film,Thailand,Thai,10.0,tt1869682
2244,Back of the Net,2019,,50/100,1,0,1,0,0,children's film,Australia,English,2.0,tt8211214
2245,My Perfect Romance,2018,13+,50/100,1,0,0,0,0,,,English,1.0,tt7358936
2246,Jen Kirkman: Just Keep Livin'?,2017,,50/100,1,0,0,0,0,,,,6.0,tt6386352
2247,Paradise Lost,2018,,50/100,1,0,1,0,0,,,,,
2248,Cemara's Family,2019,all,50/100,1,0,0,0,0,,Indonesia,,9.0,tt7885874
2249,Headwinds,2011,,50/100,1,0,0,0,0,drama film,France,French,10.0,tt1730689
2250,Tales from the Hood 2,2018,18+,50/100,1,0,0,0,0,"anthology film, horror film",United States,English,1.0,tt8403680
2251,Painted Faces,1988,7+,50/100,1,0,0,0,0,drama film,Hong Kong,Cantonese,10.0,tt0095937
2252,Despite Everything,2019,18+,50/100,1,0,0,0,0,comedy film,Spain,Spanish,1.0,tt9150970
2253,Aapla Manus,2018,,50/100,1,0,0,0,0,crime film,India,Marathi,4.0,tt7867076
2254,"Isa Pa, with Feelings",2019,,50/100,1,0,0,0,0,,,,,
2255,Romantik Komedi,2010,all,50/100,1,0,0,0,0,romantic comedy,Turkey,Turkish,3.0,tt1587263
2256,The Doll,2016,,50/100,1,0,0,0,0,"film based on literature, drama film",Poland,Polish,7.0,tt0064570
2257,Beauties of the Night,2016,,50/100,1,0,0,0,0,documentary film,Mexico,Spanish,10.0,tt4958426
2258,Roohi,2021,,50/100,1,0,0,0,0,"comedy horror, romantic comedy",India,Hindi,4.0,tt10098288
2259,Grand-Daddy Day Care,2019,13+,50/100,1,0,0,0,0,comedy film,United States,English,3.0,tt8749922
2260,Born to Play,2020,,49/100,1,1,0,0,0,,,,,
2261,Elliot: The Littlest Reindeer,2018,7+,49/100,1,0,0,0,0,animated film,Canada,,3.0,tt4177856
2262,Your Son,2018,,49/100,1,0,0,0,0,"drama film, thriller film","Spain, France",Spanish,7.0,tt7807026
2263,Family Seductions,2021,,49/100,1,0,0,0,0,,,,,
2264,Sila Samayangalil,2016,16+,49/100,1,0,0,0,0,"comedy film, drama film",India,Tamil,7.0,tt5877882
2265,The B-Side: Elsa Dorfman's Portrait Photography,2017,18+,49/100,1,0,0,0,0,documentary film,United States,English,7.0,tt5952468
2266,S.M.A.R.T. Chase,2017,,49/100,1,0,0,0,0,"adventure film, action film",People's Republic of China,English,4.0,tt5648036
2267,Ishq Vishk,2003,,49/100,1,0,0,0,0,"coming-of-age fiction, comedy film, romance film",India,Hindi,6.1,tt0362771
2268,Fred Armisen: Standup for Drummers,2018,,49/100,1,0,0,0,0,,,English,4.0,tt7924798
2269,Milkwater,2020,,49/100,1,0,0,0,0,"comedy film, drama film",United States,,7.0,tt9165740
2270,Solo,2018,,49/100,1,0,0,0,0,,,,,
2271,Deadly Switch,2019,,49/100,1,0,0,0,0,"mystery film, thriller film",,,7.0,tt8354582
2272,London Heist,2017,18+,49/100,1,0,0,0,0,action film,,,7.0,tt1024855
2273,Uriyadi 2,2019,all,49/100,1,0,0,0,0,political thriller film,India,Tamil,7.0,tt10121762
2274,My Stupid Boss,2016,,49/100,1,0,0,0,0,drama film,Indonesia,Indonesian,5.0,tt5514296
2275,Saheb Biwi Aur Gangster Returns,2013,,49/100,1,0,0,0,0,gangster film,India,Hindi,7.0,tt2362778
2276,Layla Majnun,2021,16+,49/100,1,0,0,0,0,drama film,Indonesia,Indonesian,9.0,tt11313944
2277,Unspeakable Acts,1990,,49/100,1,0,0,0,0,,,,6.0,tt0100848
2278,Zindagi Kitni Haseen Hay,2016,all,49/100,1,0,0,0,0,,Pakistan,Urdu,1.0,tt5297578
2279,Raja Natwarlal,2014,7+,49/100,1,0,0,0,0,crime thriller film,India,Hindi,6.0,tt3483712
2280,The Trap,2019,,49/100,1,0,0,0,0,"drama film, silent film",United States,,,tt0003474
2281,Dead Again in Tombstone,2017,18+,49/100,1,0,0,0,0,action film,United States,English,6.0,tt5794440
2282,Amy Tan: Unintended Memoir,2021,,49/100,1,0,0,0,0,,,,,
2283,Bill Hicks: One Night Stand,1991,18+,49/100,1,0,0,0,0,,,,,
2284,The Emigrant,1994,,49/100,1,0,0,0,0,comedy film,France,French,6.7,tt0191670
2285,Picture a Scientist,2020,13+,49/100,1,0,0,0,0,"biographical film, documentary film",United States,English,10.0,tt11906032
2286,Devil's Mistress,2016,,49/100,1,0,0,0,0,"drama film, biographical film, historical film","Czech Republic, Slovakia",Czech,9.0,tt4240406
2287,Life's Speed Bump,2006,,49/100,1,0,0,0,0,comedy film,Egypt,Arabic,10.0,tt1010422
2288,Manje Bistre,2017,,49/100,1,0,0,0,0,drama film,India,Punjabi,10.0,tt6705612
2289,Kartini: Princess of Java,2017,,49/100,1,0,0,0,0,biographical film,Indonesia,Indonesian,9.0,tt5882416
2290,Thackeray,2019,,49/100,1,0,0,0,0,biographical film,India,"Marathi, Hindi",4.0,tt7777196
2291,Hurricane Bianca: From Russia with Hate,2018,,49/100,1,0,0,0,0,"comedy film, LGBT-related film",United States,English,2.0,tt6113122
2292,Kismat Konnection,2008,all,49/100,1,0,0,0,0,"drama film, romantic comedy",India,Hindi,6.0,tt1105733
2293,Iron Fists and Kung Fu Kicks,2019,,49/100,1,0,0,0,0,"documentary film, historical film",Australia,English,1.0,tt9169764
2294,"Lorena, Light-footed Woman",2019,,49/100,1,0,0,0,0,documentary film,Mexico,"Spanish, Tarahumara",7.0,tt11162992
2295,African America,2021,,49/100,1,0,0,0,0,drama film,South Africa,,1.0,tt13920016
2296,Christmas Catch,2018,7+,49/100,1,0,0,0,0,,,,,
2297,Brent Morin: I'm Brent Morin,2015,,49/100,1,0,0,0,0,,,,2.0,tt5280664
2298,Dead Kids,2019,18+,49/100,1,0,0,0,0,,Philippines,,3.0,tt11156614
2299,Bygones Be Bygones,2017,13+,49/100,1,0,0,0,0,,,,,
2300,The Royal Bengal Tiger,2014,,49/100,1,0,0,0,0,,India,Bangla,8.0,tt3479858
2301,Puss in Book: Trapped in an Epic Tale,2017,all,49/100,1,0,0,0,0,,,,,
2302,The Next Skin,2016,18+,49/100,1,0,0,0,0,"drama film, mystery film, thriller film","Spain, Switzerland","Catalan, French, Spanish",10.0,tt4034208
2303,"Strip Down, Rise Up",2021,18+,49/100,1,0,0,0,0,documentary film,United States,English,8.0,tt13787118
2304,Shawn Mendes: In Wonder,2020,18+,49/100,1,0,0,0,0,documentary film,United States,English,5.0,tt13276386
2305,Lowriders,2017,13+,49/100,1,0,0,0,0,drama film,United States,English,7.0,tt1366338
2306,Satyagraha,2013,7+,49/100,1,0,0,0,0,political thriller film,India,Hindi,6.0,tt2275802
2307,The Brave,2019,18+,49/100,1,0,0,0,0,drama film,United States,English,6.0,tt0118768
2308,In Family I Trust,2019,,49/100,1,0,0,0,0,romantic comedy,Spain,Spanish,10.0,tt6869362
2309,The Great Magician,2011,,49/100,1,0,0,0,0,"action comedy film, mystery film","People's Republic of China, Hong Kong",Mandarin,7.0,tt1869721
2310,Maz Jobrani: Immigrant,2017,,49/100,1,0,0,0,0,,United States,English,9.0,tt7164714
2311,A Beautiful Life,2011,,49/100,1,0,0,0,0,"drama film, romance film","Hong Kong, mainland China","Yue Chinese, Standard Chinese",5.0,tt1934335
2312,Lang Tong,2015,18+,49/100,1,0,0,0,0,"erotic thriller, drama film",Singapore,,2.0,tt6423578
2313,Gori Tere Pyaar Mein,2013,,49/100,1,0,0,0,0,romantic comedy,India,Hindi,5.0,tt2275794
2314,Nikki Glaser: Bangin',2019,,49/100,1,0,0,0,0,,,,,
2315,Growing Up Wild,2016,all,49/100,1,0,0,0,0,,,,7.0,tt6332994
2316,What Would Sophia Loren Do?,2021,,49/100,1,0,0,0,0,documentary film,United States,English,8.0,tt13802658
2317,Wedding Association 2: Circumcision,2015,13+,49/100,1,0,0,0,0,,,,,
2318,Bhaji in Problem,2013,,49/100,1,0,0,0,0,,India,Punjabi,10.0,tt2879770
2319,What Did I Mess,2018,,49/100,1,0,0,0,0,,,,,
2320,The Journey Is the Destination,2016,18+,49/100,1,0,0,0,0,drama film,United States,,1.0,tt3292080
2321,Sister In Law,2016,,49/100,1,0,0,0,0,,,,,
2322,Ahaan,2021,,49/100,1,0,0,0,0,,India,Hindi,8.0,tt10833732
2323,Dolly Kitty and Those Twinkling Stars,2019,18+,49/100,1,0,0,0,0,,,,,
2324,Brij Mohan Amar Rahe!,2018,,49/100,1,0,0,0,0,,,,,
2325,Citation,2020,,49/100,1,0,0,0,0,drama film,Nigeria,English,9.0,tt11481312
2326,Rock my Heart,2017,7+,49/100,1,0,0,0,0,drama film,Germany,German,8.0,tt5870322
2327,Silent,2014,,49/100,1,0,0,0,0,,,,,
2328,Cristina,2016,,49/100,1,0,0,0,0,,,,,
2329,Bankrolled,2021,,49/100,1,0,0,0,0,comedy film,Mexico,Spanish,1.0,tt14961160
2330,Adam Devine: Best Time of Our Lives,2019,13+,49/100,1,0,0,0,0,stand-up comedy,United States,English,3.0,tt10376844
2331,Mann,1999,,49/100,1,0,0,0,0,,,,,
2332,Anjaan,2014,,49/100,1,0,0,0,0,action film,India,Tamil,5.0,tt3563156
2333,Love or Money,2021,,49/100,1,0,0,0,0,,Philippines,Filipino,10.0,tt11602582
2334,Lionheart,2018,,49/100,1,0,1,0,0,,,,,
2335,Much Ado About Nothing,2016,,49/100,1,0,0,0,0,romantic comedy,"United Kingdom, United States",English,9.0,tt0107616
2336,Todd Glass: Act Happy,2018,,49/100,1,0,0,0,0,,,,10.0,tt7752142
2337,Ave Maryam,2019,,49/100,1,0,0,0,0,,Indonesia,Indonesian,10.0,tt9307666
2338,Making the Witcher,2020,,49/100,1,0,0,0,0,behind-the-scenes film,United States,English,10.0,tt12987838
2339,Todd Barry: Spicy Honey,2017,16+,49/100,1,0,0,0,0,,,,10.0,tt6856186
2340,Joe Mande's Award-Winning Comedy Special,2017,18+,49/100,1,0,0,0,0,,,,2.0,tt7183876
2341,"Trailer Park Boys: Drunk, High and Unemployed: Live In Austin",2015,,49/100,1,0,0,0,0,,,,10.0,tt5087462
2342,Alt-Right: Age of Rage,2018,,49/100,1,0,0,0,0,documentary film,United States,English,8.0,tt7980006
2343,Back to School,2019,18+,49/100,1,0,0,0,0,comedy film,United States,English,6.7,tt0090685
2344,The Girl from the Song,2017,,49/100,1,0,0,0,0,drama film,Spain,English,4.0,tt6336270
2345,Aelay,2021,,49/100,1,0,0,0,0,,India,Tamil,8.0,tt10275546
2346,Care Of Kaadhal,2021,,49/100,1,0,0,0,0,,,,,
2347,HiGH&LOW The Movie,2016,,49/100,1,0,0,0,0,action film,Japan,Japanese,8.0,tt5659172
2348,Aakhri Adaalat,1988,,49/100,1,0,0,0,0,,India,Hindi,7.0,tt0177505
2349,Redemption,2019,,49/100,1,0,1,0,0,,,,,
2350,Alien Xmas,2020,,49/100,1,0,0,0,0,"family film, science fiction film, Christmas film, adventure film",United States,English,7.0,tt11332750
2351,Neevevaro,2018,,49/100,1,0,0,0,0,action thriller,India,Telugu,3.0,tt8484586
2352,World Famous Lover,2020,,49/100,1,0,0,0,0,,India,,1.0,tt10991188
2353,Under the Riccione Sun,2020,18+,49/100,1,0,0,0,0,romantic comedy,Italy,Italian,2.0,tt10941528
2354,Norman Lear: Just Another Version of You,2016,13+,49/100,1,0,0,0,0,"documentary film, biographical film, historical film",United States,,10.0,tt5275866
2355,Motichoor Chaknachoor,2019,,49/100,1,0,0,0,0,comedy drama,India,Hindi,7.0,tt9172840
2356,Neşeli Hayat,2009,,49/100,1,0,0,0,0,comedy film,Turkey,Turkish,5.0,tt1523515
2357,The Jews,2016,,49/100,1,0,0,0,0,,,,,
2358,Bon Bini Holland,2015,,49/100,1,0,0,0,0,comedy film,Netherlands,Dutch,1.0,tt4247144
2359,Surviving Christmas with the Relatives,2018,,49/100,1,0,0,0,0,"Christmas film, comedy film",United Kingdom,English,7.0,tt8255490
2360,One 2 Ka 4,2001,7+,49/100,1,0,0,0,0,"thriller film, action film, comedy film",India,Hindi,7.0,tt0227194
2361,ReMastered: Who Shot the Sheriff,2018,,49/100,1,0,0,0,0,"biographical film, documentary film, crime film, historical film",United States,English,7.0,tt9046548
2362,Dolly Parton: A MusiCares Tribute,2021,7+,49/100,1,0,0,0,0,concert film,United States,English,1.0,tt14299926
2363,Invisible,2017,,49/100,1,0,0,0,0,,,,,
2364,Maska,2020,,49/100,1,0,1,0,0,,,,,
2365,Theo Von: No Offense,2016,,49/100,1,0,0,0,0,,United States,,8.0,tt5066564
2366,Maria Bamford: Old Baby,2017,18+,49/100,1,0,0,0,0,,,,8.0,tt6264596
2367,Overnight Republic,2017,,49/100,1,0,0,0,0,comedy film,Turkey,Turkish,5.8,tt6721848
2368,Christmas with a Prince,2018,7+,49/100,1,0,0,0,0,,Canada,,10.0,tt10481792
2369,Barbie: Princess Adventure,2020,all,49/100,1,0,0,0,0,,,,,
2370,Guddiyan Patole,2019,,48/100,1,0,0,0,0,comedy drama,India,Punjabi,8.0,tt9390254
2371,El testigo: Caín y Abel,2018,,48/100,1,0,0,0,0,,,,,
2372,The Suit,2018,,48/100,1,0,0,0,0,"comedy film, drama film","France, Germany, Russia",Russian,8.0,tt0357169
2373,The Love Affair,2015,,48/100,1,0,0,0,0,drama film,Philippines,English,8.0,tt4202506
2374,Sam Smith: Love Goes - Live at Abbey Road Studios,2021,,48/100,1,0,0,0,0,,,,,
2375,Colin Quinn: The New York Story,2016,,48/100,1,0,0,0,0,,United States,,1.0,tt6257714
2376,Swiped,2018,16+,48/100,1,0,0,0,0,romantic comedy,United States,English,1.0,tt4867110
2377,Pinky Memsaab,2018,7+,48/100,1,0,0,0,0,comedy drama,Pakistan,Urdu,7.0,tt8529070
2378,Thi Mai,2018,16+,48/100,1,0,0,0,0,comedy film,Spain,"Spanish, English, Vietnamese",7.0,tt6126346
2379,Verses of Love,2008,,48/100,1,0,0,0,0,drama film,Indonesia,Indonesian,10.0,tt1198186
2380,Joan Rivers: Don't Start with Me,2012,18+,48/100,1,0,0,0,0,stand-up comedy,,English,6.0,tt2519318
2381,Get the Grift,2021,,48/100,1,0,0,0,0,,,,10.0,tt14371060
2382,The F**k-It List,2020,18+,48/100,1,0,0,0,0,"teen film, comedy film",United States,English,5.0,tt8145202
2383,The Last Paradiso,2021,,48/100,1,0,0,0,0,"romance film, drama film",Italy,Italian,5.0,tt11428926
2384,LEGO Marvel Super Heroes: Black Panther - Trouble in Wakanda,2018,,48/100,1,0,0,0,0,,,,,
2385,"2,215",2018,,48/100,1,0,0,0,0,documentary film,Thailand,Thai,8.0,tt8891536
2386,Namaste Wahala,2020,,48/100,1,0,0,0,0,romantic comedy,Nigeria,English,3.0,tt12423052
2387,Hantu Kak Limah,2018,,48/100,1,0,0,0,0,comedy film,Malaysia,Malay,4.0,tt8757960
2388,"Yours Sincerely, Kanan Gill",2020,18+,48/100,1,0,0,0,0,,,,,
2389,Tribhanga,2021,,48/100,1,0,0,0,0,drama film,India,Hindi,6.0,tt11102314
2390,A Love Story,2007,,48/100,1,0,0,0,0,drama film,Spain,Spanish,6.9,tt0060509
2391,The Mad Monk,1993,,48/100,1,0,0,0,0,comedy film,Hong Kong,Cantonese,6.2,tt0106538
2392,Mrs. Serial Killer,2020,,48/100,1,0,0,0,0,drama film,India,Hindi,4.0,tt10230426
2393,John Henry,2020,18+,48/100,1,0,0,0,0,,,,,
2394,HiGH&LOW The Movie 3: Final Mission,2017,,48/100,1,0,0,0,0,,,,,
2395,Tiffany Haddish: Black Mitzvah,2019,18+,48/100,1,0,0,0,0,,,,,
2396,Helios,2015,,48/100,1,0,0,0,0,,,,,
2397,Jeff Foxworthy & Larry the Cable Guy: We've Been Thinking,2016,,48/100,1,0,0,0,0,,,,,
2398,Milestone,2020,,48/100,1,0,0,0,0,,,,,
2399,Chronically Metropolitan,2016,,48/100,1,0,0,0,0,comedy drama,United States,English,8.0,tt4460854
2400,Spivak,2018,18+,48/100,1,0,0,0,0,comedy film,United States,English,4.0,tt6342110
2401,Reggie Watts: Spatial,2016,,48/100,1,0,0,0,0,,,,,
2402,Fiza,2000,,48/100,1,0,0,0,0,drama film,India,Hindi,6.0,tt0248012
2403,"Sincerely Yours, Dhaka",2019,,48/100,1,0,0,0,0,,,,,
2404,Roll with Me,2017,,48/100,1,0,0,0,0,,,,,
2405,Kalakalappu,2012,all,48/100,1,0,0,0,0,comedy film,India,Tamil,7.0,tt2262126
2406,Chhota Bheem And The Curse of Damyaan,2012,all,48/100,1,0,0,0,0,children's film,India,Hindi,10.0,tt2798620
2407,The Last Thing He Wanted,2020,18+,48/100,1,0,0,0,0,thriller film,"United States, United Kingdom",English,1.0,tt7456312
2408,Barbie & Chelsea the Lost Birthday,2021,,48/100,1,0,0,0,0,,,,,
2409,Dying to Tell,2019,,48/100,1,0,0,0,0,documentary film,Spain,Spanish,8.0,tt5900870
2410,Calum Von Moger: Unbroken,2019,,48/100,1,0,0,0,0,documentary film,United States,English,9.0,tt10308686
2411,Welcome to Sajjanpur,2008,7+,48/100,1,0,0,0,0,"drama film, comedy film",India,Hindi,6.9,tt1221139
2412,Hero,1997,18+,48/100,1,0,1,0,0,,,,,
2413,Until Midnight,2018,,48/100,1,0,0,0,0,,United Arab Emirates,,9.0,tt7741602
2414,Pretty Guardians Sailor Moon Eternal The MOVIE - Part 2,2021,,48/100,1,0,0,0,0,,,,,
2415,Sisters on Track,2021,7+,48/100,1,0,0,0,0,,United States,,6.2,tt9337574
2416,HiGH&LOW THE WORST,2019,,48/100,1,0,0,0,0,,Japan,Japanese,10.0,tt11135936
2417,Slam,2016,,48/100,1,0,0,0,0,,,,,
2418,All the Reasons to Forget,2017,,48/100,1,0,0,0,0,romantic comedy,Brazil,Portuguese,9.0,tt6964520
2419,Cedric the Entertainer: Live from the Ville,2016,,48/100,1,0,0,0,0,,United States,,6.2,tt5753806
2420,Jo Koy: Live from Seattle,2017,,48/100,1,0,0,0,0,stand-up comedy,United States,English,1.0,tt6720442
2421,Ghosts of Sugar Land,2019,,48/100,1,0,0,0,0,documentary film,United States,English,4.0,tt9671828
2422,Kathleen Madigan: Bothering Jesus,2016,18+,48/100,1,0,0,0,0,,,,,
2423,Professor,1962,,48/100,1,0,0,0,0,,,,,
2424,Jhankaar Beats,2003,,48/100,1,0,0,0,0,"buddy film, drama film, romantic comedy",India,"Hindi, English",10.0,tt0347278
2425,Qila,1998,,48/100,1,0,0,0,0,,India,Hindi,5.0,tt0286907
2426,Disco Dancer,1982,13+,48/100,1,0,0,0,0,"romantic comedy, musical film, drama film, action film",India,Hindi,8.0,tt0208903
2427,The Girl Allergic to Wi-Fi,2018,,48/100,1,0,0,0,0,romantic comedy,Philippines,,10.0,tt7619554
2428,A Heavy Heart,2015,,48/100,1,0,0,0,0,drama film,Germany,German,9.0,tt3296980
2429,Paradise Beach,2019,18+,48/100,1,0,0,0,0,thriller film,France,French,3.0,tt7511008
2430,Chelsea Handler: Uganda Be Kidding Me Live,2014,,48/100,1,0,0,0,0,stand-up comedy,United States,English,10.0,tt4079776
2431,Chris D'Elia: Man on Fire,2017,18+,48/100,1,0,0,0,0,,,,8.0,tt7068896
2432,Quiet,2020,,48/100,1,0,0,0,0,,,,,
2433,Mama's Boy,2018,,48/100,1,0,0,0,0,"comedy film, comedy drama",United States,English,7.0,tt0415141
2434,Mayday Life,2019,,48/100,1,0,0,0,0,concert film,Taiwan,,10.0,tt10346206
2435,Coin Heist,2017,7+,48/100,1,0,0,0,0,"crime film, drama film, film based on a novel",United States,English,7.0,tt5740806
2436,Dance Dreams: Hot Chocolate Nutcracker,2020,all,48/100,1,0,0,0,0,documentary film,United States,English,10.0,tt8741182
2437,Belmonte,2019,,48/100,1,0,0,0,0,,,,,
2438,ReMastered: The Lion's Share,2019,13+,48/100,1,0,0,0,0,,United States,English,10.0,tt9046576
2439,Holiday Rush,2019,7+,48/100,1,0,0,0,0,Christmas film,United States,English,6.0,tt10091530
2440,Searching for Sheela,2021,13+,48/100,1,0,0,0,0,documentary film,India,English,1.0,tt14167424
2441,The Last Hour,2017,,48/100,1,0,0,0,0,drama film,Peru,Spanish,6.0,tt7370000
2442,Under the Eiffel Tower,2019,,48/100,1,0,0,0,0,comedy film,United States,English,8.0,tt6251390
2443,A Truthful Mother,2019,,48/100,1,0,0,0,0,,,,,
2444,Lynne Koplitz: Hormonal Beast,2017,,48/100,1,0,0,0,0,,,,10.0,tt6892388
2445,40 Sticks,2020,,48/100,1,0,0,0,0,thriller film,Kenya,,9.0,tt13483050
2446,Pulang,2018,16+,48/100,1,0,0,0,0,historical film,Malaysia,Malay,10.0,tt8595708
2447,Road To High & Low,2016,,48/100,1,0,0,0,0,,Japan,Japanese,6.5,tt5659164
2448,From A to B,2015,,48/100,1,0,0,0,0,comedy film,United Arab Emirates,English,2.0,tt1666287
2449,Gardeners of Eden,2015,,48/100,1,0,0,0,0,,,,,
2450,Jessica Darling's It List,2016,,48/100,1,0,0,0,0,family film,United States,English,10.0,tt5213744
2451,Woodshock,2017,18+,48/100,1,0,0,0,0,psychological horror,United States,English,3.0,tt4677924
2452,Pants on Fire,2014,,48/100,1,0,1,0,0,,,,,
2453,F.R.E.D.I.,2018,,48/100,1,0,0,0,0,,United States,English,5.0,tt6146590
2454,Opium and the Kung Fu Master,1984,,48/100,1,0,0,0,0,"thriller film, martial arts film",Hong Kong,Standard Chinese,7.0,tt0087623
2455,Dad Wanted,2020,,48/100,1,0,0,0,0,"family film, comedy film",Mexico,Spanish,2.0,tt12721188
2456,Husband Factor,2015,13+,48/100,1,0,0,0,0,romantic comedy,Turkey,Turkish,4.0,tt4450706
2457,A Second Chance: Rivals!,2019,7+,48/100,1,0,0,0,0,,,,,
2458,Latte and the Magic Waterstone,2019,,48/100,1,0,0,0,0,"animated film, children's film, film based on literature, comedy film","Germany, Belgium",German,10.0,tt9038290
2459,A Sort of Family,2017,,48/100,1,0,0,0,0,drama film,Argentina,Spanish,8.0,tt6386168
2460,Rajma Chawal,2018,,48/100,1,0,0,0,0,"drama film, romantic comedy",India,Hindi,9.0,tt6747420
2461,Pegasus,2019,,48/100,1,0,0,0,0,,,,,
2462,Unchained: The Untold Story of Freestyle Motocross,2016,,48/100,1,0,0,0,0,documentary film,United States,,10.0,tt5116896
2463,Airplane Mode,2020,,48/100,1,0,0,0,0,comedy film,Brazil,Portuguese,6.0,tt10731748
2464,Getaway Plan,2017,,48/100,1,0,0,0,0,,Spain,,,
2465,Paris Is Us,2019,,48/100,1,0,0,0,0,drama film,France,French,3.0,tt7920024
2466,Unexpectedly Yours,2017,16+,48/100,1,0,0,0,0,romantic comedy,Philippines,,8.0,tt7686876
2467,Qlimax - The Source,2020,,48/100,1,0,0,0,0,,,,,
2468,Game,2011,,48/100,1,0,0,0,0,,,,,
2469,Eeda,2018,,48/100,1,0,0,0,0,romance film,India,Malayalam,8.0,tt7477108
2470,The George McKenna Story,1986,,48/100,1,0,0,0,0,,,,,
2471,Bhai - Vyakti ki Valli,2019,,48/100,1,0,0,0,0,,,,9.0,tt9680076
2472,Too Handsome To Handle,2019,,48/100,1,0,0,0,0,,Indonesia,,8.0,tt9543488
2473,What the F* Is Going On?,2019,,48/100,1,0,0,0,0,,,,,
2474,Budapest,2018,,48/100,1,0,0,0,0,,,,,
2475,The Married Couples,1981,,48/100,1,0,0,0,0,,,,,
2476,Jatt James Bond,2014,7+,48/100,1,0,0,0,0,comedy film,India,Punjabi,8.0,tt3732110
2477,One Last Shot,1998,,48/100,1,0,0,0,0,,,,,
2478,HiGH&LOW The Movie 2: End of Sky,2017,,48/100,1,0,0,0,0,,,,,
2479,Liar's Dice,2013,,48/100,1,0,0,0,0,drama film,India,Hindi,7.0,tt2343621
2480,Maria Bamford: The Special Special Special!,2012,18+,48/100,1,0,1,0,0,,,,,
2481,LEGO Marvel Super Heroes - Guardians of the Galaxy: The Thanos Threat,2017,,48/100,1,0,0,0,0,,,,,
2482,Brahman Naman,2016,,48/100,1,0,0,0,0,drama film,"India, United Kingdom",English,3.0,tt5240748
2483,Anjelah Johnson: Not Fancy,2015,,48/100,1,0,0,0,0,,United States,English,6.0,tt4199110
2484,Locksmith’s Debt,2016,13+,47/100,1,0,0,0,0,comedy film,Turkey,Turkish,4.0,tt5535942
2485,Xico's Journey,2020,,47/100,1,0,0,0,0,,,,,
2486,"Look Out, Officer!",1990,18+,47/100,1,0,0,0,0,"slapstick, ghost film",Hong Kong,Cantonese,7.0,tt0100600
2487,Girls with Balls,2019,,47/100,1,0,0,0,0,comedy film,"France, Belgium",French,4.0,tt4725842
2488,Sofía Niño de Rivera: Exposed,2016,18+,47/100,1,0,0,0,0,,,,,
2489,"Love, Surreal and Odd",2017,all,47/100,1,0,0,0,0,comedy film,Turkey,Turkish,5.0,tt6555772
2490,The 3rd Eye 2,2019,,47/100,1,0,0,0,0,horror film,Indonesia,Indonesian,4.0,tt8890582
2491,"Ron White: If You Quit Listening, I'll Shut Up",2018,,47/100,1,0,0,0,0,stand-up comedy,United States,English,10.0,tt9060534
2492,Camarón: The Film,2018,,47/100,1,0,0,0,0,documentary film,Spain,Spanish,8.0,tt8067306
2493,Party Monster: Scratching the Surface,2018,,47/100,1,0,0,0,0,,,,,
2494,Shawn Mendes: Live in Concert,2020,7+,47/100,1,0,0,0,0,concert film,,English,4.0,tt13528990
2495,Metro,2016,,47/100,1,0,0,0,0,,,,,
2496,Little Door Gods,2016,,47/100,1,0,0,0,0,,People's Republic of China,,4.0,tt4788934
2497,#FriendButMarried 2,2020,16+,47/100,1,0,0,0,0,,,,,
2498,Marvel Super Hero Adventures: Frost Fight!,2015,7+,47/100,1,0,0,0,0,,United States,,10.0,tt5272052
2499,My Way: The Rise and Fall of Silvio Berlusconi,2016,,47/100,1,0,0,0,0,documentary film,,,5.0,tt5159024
2500,Evvarikee Cheppoddu,2019,,47/100,1,0,0,0,0,,India,,9.0,tt10081202
2501,Rhys Nicholson: Live at the Athenaeum,2020,,47/100,1,0,0,0,0,,,,,
2502,Simon Amstell: Set Free,2019,,47/100,1,0,0,0,0,,,,,
2503,Action Replayy,2010,7+,47/100,1,0,0,0,0,"science fiction film, romantic comedy",India,Hindi,7.0,tt1396208
2504,Interview with a Serial Killer,2008,13+,47/100,1,0,0,0,0,thriller film,United Kingdom,English,6.0,tt0108558
2505,Christmas Break-In,2019,,47/100,1,0,0,0,0,,,,,
2506,The Return of the Prodigal Son,1976,,47/100,1,0,0,0,0,,,,,
2507,Saawan,2016,,47/100,1,0,0,0,0,children's film,Pakistan,Urdu,10.0,tt5580778
2508,Nasha Natasha,2020,7+,47/100,1,0,0,0,0,"documentary film, biographical film",Uruguay,,6.5,tt5818722
2509,Zip & Zap and the Captain's Island,2016,,47/100,1,0,0,0,0,comedy film,Spain,Spanish,10.0,tt4110400
2510,Love Is a Story,2015,,47/100,1,0,0,0,0,comedy film,Romania,Romanian,7.0,tt3764686
2511,Haani,2013,7+,47/100,1,0,0,0,0,,,,,
2512,Alibaba Aur 40 Chor,1979,,47/100,1,0,0,0,0,"fantasy film, adventure film, family film, action film","Soviet Union, India","Hindi, Russian",6.0,tt0079749
2513,Carlos Ballarta: Furia Ñera,2018,18+,47/100,1,0,0,0,0,,,,,
2514,Casablancas: The Man Who Loved Women,2016,,47/100,1,0,0,0,0,documentary film,France,,6.0,tt5078372
2515,Chance Pe Dance,2010,all,47/100,1,0,0,0,0,"romantic comedy, drama film",India,Hindi,10.0,tt1392744
2516,Bulletproof 2,2020,,47/100,1,0,0,0,0,,,,1.0,tt9887580
2517,Meghnadbodh Rohoshyo,2017,,47/100,1,0,0,0,0,,,,,
2518,Jatts in Golmaal,2013,7+,47/100,1,0,0,0,0,,India,Punjabi,10.0,tt2805974
2519,Seven,2019,,47/100,1,0,0,0,0,,,,,
2520,Jonaki,2018,,47/100,1,0,0,0,0,drama film,India,Bangla,8.0,tt6346982
2521,Colin Quinn: Unconstitutional,2015,,47/100,1,0,0,0,0,,,,,
2522,Gold Statue,2021,,47/100,1,0,0,0,0,"adventure film, comedy film, drama film",Nigeria,mixed language,6.0,tt10377292
2523,Belief: The Possession of Janet Moses,2015,,47/100,1,0,0,0,0,documentary film,New Zealand,English,5.7,tt4930242
2524,Kenny Sebastian: The Most Interesting Person in the Room,2020,18+,47/100,1,0,0,0,0,,,,,
2525,Ghost of the Mountains,2017,all,47/100,1,0,0,0,0,documentary film,United States,English,7.0,tt7332500
2526,Vir Das: Losing It,2018,13+,47/100,1,0,0,0,0,,,,10.0,tt9315848
2527,So Much Love to Give,2020,16+,47/100,1,0,0,0,0,comedy film,Argentina,Spanish,2.0,tt11827806
2528,Wish Upon a Unicorn,2020,7+,47/100,1,0,0,0,0,family film,United States,English,7.0,tt10798660
2529,Nightmare in Columbia County,1991,,47/100,1,0,0,0,0,,,,,
2530,Lucid Dream,2017,,47/100,1,0,0,0,0,science fiction film,South Korea,Korean,7.0,tt6830780
2531,Dhan Dhana Dhan Goal,2007,7+,47/100,1,0,0,0,0,"drama film, association football film","India, United Kingdom",Hindi,4.0,tt1120897
2532,Blood Money,2012,7+,47/100,1,0,0,0,0,horror film,United Kingdom,English,,tt8559558
2533,Moshe Kasher: Live in Oakland,2012,,47/100,1,0,0,0,0,,,,,
2534,Bobby Jasoos,2014,,47/100,1,0,0,0,0,romantic comedy,India,Hindi,5.0,tt3359290
2535,9to5: The Story of a Movement,2020,,47/100,1,0,0,0,0,documentary film,United States,English,7.4,tt11753730
2536,Kuntilanak,2018,16+,47/100,1,0,0,0,0,horror film,Indonesia,Indonesian,3.0,tt8512746
2537,Lift Like a Girl,2020,,47/100,1,0,0,0,0,,,,,
2538,The Car: Road to Revenge,2019,,47/100,1,0,0,0,0,,,,,
2539,Vaya,2017,18+,47/100,1,0,0,0,0,drama film,South Africa,Zulu,8.0,tt4996954
2540,Kath & Kimderella,2012,,47/100,1,0,0,0,0,comedy film,Australia,English,8.0,tt1859607
2541,The Open House,2018,18+,47/100,1,0,0,0,0,"thriller film, horror film",United States,English,1.0,tt7608028
2542,Blessed Benefit,2017,,47/100,1,0,0,0,0,"drama film, comedy film","Germany, Jordan, Netherlands",Arabic,10.0,tt5161784
2543,Katt Williams: Kattpacalypse,2012,18+,47/100,1,0,0,0,0,stand-up comedy,United States,English,9.0,tt2370686
2544,Rangreza,2017,,47/100,1,0,0,0,0,musical film,Pakistan,Urdu,4.0,tt7765900
2545,Danur,2017,,47/100,1,0,0,0,0,horror film,Indonesia,Indonesian,3.0,tt6496236
2546,Naan Sigappu Manithan,2014,,47/100,1,0,0,0,0,"action thriller, action film",India,"Tamil, Telugu",7.0,tt3569788
2547,Hikaru Utada Laughter in the Dark Tour 2018,2019,all,47/100,1,0,0,0,0,,,,,
2548,Dogwashers,2020,,47/100,1,0,0,0,0,"black comedy film, drama film",Colombia,Spanish,5.0,tt13248198
2549,A Remarkable Tale,2019,7+,47/100,1,0,0,0,0,comedy film,Spain,Spanish,8.0,tt8296660
2550,#FriendButMarried,2018,,47/100,1,0,0,0,0,drama film,Indonesia,Indonesian,7.0,tt8076266
2551,Players,2012,,47/100,1,0,0,0,0,"heist film, thriller film, drama film, action film",India,Hindi,3.0,tt1784589
2552,Unbridled,2018,13+,47/100,1,0,0,0,0,"thriller film, drama film",Spain,Spanish,7.0,tt7474914
2553,Jo Pil-ho: The Dawning Rage,2019,,47/100,1,0,0,0,0,"action film, crime film, thriller film, drama film",South Korea,Korean,9.0,tt7738048
2554,The Reconquest,2016,,47/100,1,0,0,0,0,romantic drama,Spain,Spanish,6.5,tt5900208
2555,Stars in the Sky: A Hunting Story,2018,,47/100,1,0,0,0,0,documentary film,United States,English,9.0,tt10078502
2556,Before the Flying Circus,2008,,47/100,1,0,0,0,0,,,,,
2557,Forever Chape,2018,,47/100,1,0,0,0,0,documentary film,Uruguay,,7.0,tt8788634
2558,Blanche Gardin: I Talk to Myself,2017,,47/100,1,0,0,0,0,,,,,
2559,Malibu Rescue,2019,,47/100,1,0,0,0,0,,United States,English,5.0,tt9228950
2560,Malibu Rescue: The Next Wave,2020,,47/100,1,0,0,0,0,,United States,English,10.0,tt11032990
2561,The Binding,2020,,47/100,1,0,0,0,0,horror film,Italy,Italian,5.0,tt10914452
2562,Justine,2019,18+,47/100,1,0,0,0,0,,,,,
2563,Brother,2019,,47/100,1,0,0,0,0,,,,,
2564,Notes from Dunblane: Lessons from a School Shooting,2018,,47/100,1,0,0,0,0,,,,,
2565,Walk Away from Love,2017,,47/100,1,0,0,0,0,,,,,
2566,Elizabeth and Margaret: Love and Loyalty,2020,,47/100,1,0,0,0,0,,,,,
2567,Lavell Crawford: Can a Brother Get Some Love?,2011,18+,47/100,1,0,0,0,0,stand-up comedy,,English,10.0,tt2084872
2568,Animals on the Loose: A You vs. Wild Movie,2021,,47/100,1,0,0,0,0,,United States,English,5.0,tt13853720
2569,Sparring,2017,,47/100,1,0,0,0,0,drama film,France,,8.0,tt7222552
2570,Journey To Greenland,2016,,47/100,1,0,0,0,0,comedy drama,France,French,8.0,tt4641248
2571,The Heaven None Missed 2,2017,,47/100,1,0,0,0,0,,,,,
2572,LEGO Marvel Super Heroes: Maximum Overload,2013,7+,47/100,1,0,0,0,0,,,,,
2573,Four Sisters Before the Wedding,2020,,47/100,1,0,0,0,0,,Philippines,,1.0,tt11867144
2574,The Larva Island Movie,2020,,47/100,1,0,0,0,0,,,,,
2575,Whindersson Nunes: Adult,2019,,47/100,1,0,0,0,0,,,,,
2576,The Fisherman's Diary,2020,,46/100,1,0,0,0,0,drama film,Cameroon,Cameroon Pidgin,10.0,tt13297136
2577,Best of Stand-up 2020,2020,,46/100,1,0,0,0,0,,,,,
2578,Tell Me When,2020,,46/100,1,0,0,0,0,comedy film,Mexico,Spanish,7.0,tt10648198
2579,Sofía Niño de Rivera: Natural Selection,2018,18+,46/100,1,0,0,0,0,,,,,
2580,Not a Game,2020,,46/100,1,0,0,0,0,drama film,Belarus,"Russian, Belarusian",6.0,tt14637704
2581,Maya Memsaab,1993,13+,46/100,1,0,0,0,0,"drama film, erotic film, romance film, film based on a novel",India,Hindi,3.0,tt0137100
2582,Buddies,2013,,46/100,1,0,0,0,0,"LGBT-related film, drama film",United States,English,7.0,tt0088864
2583,Crossroads: One Two Jaga,2018,,46/100,1,0,0,0,0,action film,Malaysia,Malay,9.0,tt6603812
2584,Goli Soda 2,2018,,46/100,1,0,0,0,0,action film,India,Tamil,6.0,tt8011288
2585,Santa Girl,2019,,46/100,1,0,0,0,0,,,,,
2586,The Kite,2003,,46/100,1,0,0,0,0,"drama film, melodrama","Lebanon, France",Arabic,5.0,tt0377610
2587,"Alexandria, Again and Forever",1989,,46/100,1,0,0,0,0,drama film,"Egypt, France",Egyptian Arabic,7.0,tt0099858
2588,So My Grandma's a Lesbian!,2020,18+,46/100,1,0,0,0,0,,,,,
2589,Mercenary,2016,,46/100,1,0,0,0,0,"Spaghetti Western, buddy film, comedy film, Western film","Spain, Italy",Italian,9.0,tt0063293
2590,Ascharya Fuck It,2018,,46/100,1,0,0,0,0,drama film,India,Hindi,1.0,tt6531196
2591,Komola Rocket,2018,,46/100,1,0,0,0,0,drama film,Bangladesh,Bangla,9.0,tt8506874
2592,Manusangada,2018,,46/100,1,0,0,0,0,drama film,India,Tamil,7.0,tt7475710
2593,Benchwarmers 2: Breaking Balls,2019,13+,46/100,1,0,0,0,0,,,,7.0,tt8750122
2594,Breaking the Bank,2016,,46/100,1,0,0,0,0,,,,7.0,tt3105662
2595,Love for Sale 2,2019,,46/100,1,0,0,0,0,,Indonesia,Indonesian,8.0,tt10643938
2596,The Tenth Man,2016,,46/100,1,0,0,0,0,drama film,Argentina,Spanish,8.0,tt5446610
2597,"Ram Dass, Going Home",2017,13+,46/100,1,0,0,0,0,documentary film,,,10.0,tt6089564
2598,Bomb Scared,2017,,46/100,1,0,0,0,0,"black comedy film, comedy film",Spain,Spanish,8.0,tt6895746
2599,Dedemin Fişi,2016,7+,46/100,1,0,0,0,0,comedy film,Turkey,Turkish,7.0,tt5191238
2600,Romance Doll,2020,,46/100,1,0,0,0,0,,Japan,Japanese,5.0,tt10914712
2601,Frank & Cindy,2007,,46/100,1,0,0,0,0,,,,10.0,tt0986354
2602,Lifeline,1997,16+,46/100,1,0,0,0,0,thriller film,Hong Kong,Cantonese,7.0,tt0120115
2603,Bombay Rose,2019,13+,46/100,1,0,0,0,0,,,,,
2604,One More Try,2012,16+,46/100,1,0,0,0,0,,Philippines,Tagalog,6.0,tt2590280
2605,Uncertain Glory,2017,,46/100,1,0,0,0,0,drama film,Spain,Catalan,6.1,tt5304874
2606,Cinderella Pop,2019,,46/100,1,0,0,0,0,comedy film,Brazil,Portuguese,8.0,tt8716800
2607,Vikruthi,2019,,46/100,1,0,0,0,0,comedy drama,India,Malayalam,8.0,tt10608668
2608,The Influence,2019,18+,46/100,1,0,0,0,0,horror film,Spain,Spanish,3.0,tt4008566
2609,LEGO Marvel Spider-Man: Vexed By Venom,2019,7+,46/100,1,0,0,0,0,,,,,
2610,Bill Hicks: Reflections,2015,,46/100,1,0,0,0,0,,,,,
2611,Fida,2004,,46/100,1,0,0,0,0,"thriller film, romance film",India,Hindi,5.5,tt0422236
2612,The Plane Tree,2011,13+,46/100,1,0,0,0,0,comedy drama,Turkey,Turkish,7.0,tt1727564
2613,The World We Make,2019,7+,46/100,1,0,0,0,0,,,,9.0,tt7643622
2614,Octonauts: The Ring of Fire,2021,all,46/100,1,0,0,0,0,,,,,
2615,Sigaram Thodu,2014,,46/100,1,0,0,0,0,thriller film,India,Tamil,7.0,tt3949626
2616,Break Ke Baad,2010,,46/100,1,0,0,0,0,"comedy film, romantic comedy",India,Hindi,2.0,tt1578261
2617,Lucas Brothers: On Drugs,2017,,46/100,1,0,0,0,0,,United States,English,7.0,tt6218048
2618,Going for Gold,2018,all,46/100,1,0,0,0,0,,Australia,English,1.0,tt7104578
2619,Sardar Ka Grandson,2021,,46/100,1,0,0,0,0,,India,Hindi,1.0,tt11213600
2620,Light of My Eyes,2010,13+,46/100,1,0,0,0,0,drama film,Italy,Italian,8.0,tt0282701
2621,Honeymoon Travels Pvt. Ltd.,2007,13+,46/100,1,0,0,0,0,"drama film, romance film, LGBT-related film",India,Hindi,7.0,tt0808306
2622,The Day of the Lord,2020,,46/100,1,0,0,0,0,"drama film, horror film","Mexico, Spain",Spanish,3.0,tt5603212
2623,Kiss of Life,2015,all,46/100,1,0,0,0,0,,,,,
2624,Cristela Alonzo: Lower Classy,2017,18+,46/100,1,0,0,0,0,,,,6.0,tt6550456
2625,The Other,1999,,46/100,1,0,0,0,0,"mystery film, horror film, psychological thriller, film based on literature",United States,English,6.8,tt0069050
2626,Shimla Mirchi,2020,,46/100,1,0,0,0,0,comedy drama,India,,7.0,tt4486148
2627,June & Kopi,2021,,46/100,1,0,0,0,0,family drama film,Indonesia,Indonesian,10.0,tt13728764
2628,Puriyaatha Puthir,2017,,46/100,1,0,0,0,0,,,,,
2629,A 3 Minute Hug,2018,,46/100,1,0,0,0,0,documentary film,"Mexico, United States",,6.6,tt9098586
2630,Mo Gilligan: Momentum,2019,,46/100,1,0,0,0,0,,,,,
2631,Deliha,2014,13+,46/100,1,0,0,0,0,comedy film,Turkey,Turkish,10.0,tt4003066
2632,Full Count,2019,,46/100,1,0,0,0,0,,,,,
2633,The Bare-Footed Kid,1993,18+,46/100,1,0,0,0,0,"action film, martial arts film, comedy drama",Hong Kong,Cantonese,7.0,tt0106552
2634,Strange Voices,1987,,46/100,1,0,0,0,0,drama film,United States,,6.2,tt0094052
2635,Dragons: Rescue Riders: Secrets of the Songwing,2020,all,46/100,1,0,0,0,0,,United States,English,9.0,tt12599350
2636,Gun City,2018,,46/100,1,0,0,0,0,thriller film,Spain,Spanish,6.0,tt7104984
2637,Patria,2019,18+,46/100,1,0,0,0,0,,,,,
2638,The 3rd Eye,2017,18+,46/100,1,0,0,0,0,"horror film, thriller film",Indonesia,Indonesian,6.0,tt6506146
2639,Fatal Affair,2020,16+,46/100,1,0,0,0,0,,United States,English,4.0,tt11057594
2640,Born Beautiful,2019,,46/100,1,0,0,0,0,,,,4.0,tt9364848
2641,One in a Billion,2016,,46/100,1,0,0,0,0,documentary film,United States,,7.0,tt6045798
2642,Earth and Blood,2020,18+,46/100,1,0,0,0,0,action film,"France, Belgium",French,4.0,tt10092752
2643,BNK48: Girls Don't Cry,2018,,46/100,1,0,0,0,0,documentary film,Thailand,Thai,10.0,tt8730152
2644,Strain,2021,,46/100,1,0,0,0,0,,,,,
2645,Gatao 2: Rise of the King,2018,,46/100,1,0,0,0,0,gangster film,Taiwan,"Taiwanese Hokkien, Standard Taiwanese Mandarin",4.0,tt8324576
2646,The Student Cop,2004,,46/100,1,0,0,0,0,comedy film,Egypt,Arabic,6.5,tt0419482
2647,Emicida: AmarElo – Live in São Paulo,2021,,46/100,1,0,0,0,0,,,,,
2648,The Letter Reader,2019,,46/100,1,0,0,0,0,,,,,
2649,Hello Brother,1999,,46/100,1,0,0,0,0,comedy horror,India,Hindi,4.0,tt0233856
2650,Mustang Island,2017,,46/100,1,0,0,0,0,comedy film,United States,,8.0,tt6589292
2651,Loving You,1995,16+,46/100,1,0,0,0,0,"romance film, musical film, drama film",United States,English,8.0,tt0050659
2652,Weeds on Fire,2016,,46/100,1,0,0,0,0,drama film,Hong Kong,Cantonese,8.0,tt5128712
2653,Perú: Tesoro Escondido,2017,,46/100,1,0,0,0,0,documentary film,Peru,Spanish,1.0,tt7679306
2654,Seth Rogen's Hilarity for Charity,2018,18+,46/100,1,0,0,0,0,comedy film,United States,English,2.0,tt8178116
2655,Alelí,2019,18+,46/100,1,0,0,0,0,,,,,
2656,Manoranjan,1974,,46/100,1,0,0,0,0,"erotic film, romantic comedy",India,Hindi,8.0,tt0071811
2657,Abdullah : The Final Witness,2016,,46/100,1,0,0,0,0,,,,,
2658,The Panti Sisters,2019,13+,46/100,1,0,0,0,0,,Philippines,,4.0,tt10637682
2659,Forgive Us Our Debts,2018,18+,46/100,1,0,0,0,0,drama film,Italy,Italian,8.0,tt6679412
2660,Mukhsin,2006,,46/100,1,0,0,0,0,comedy drama,Malaysia,English,9.0,tt0863091
2661,How High 2,2019,,46/100,1,0,0,0,0,,,,,
2662,True: Grabbleapple Harvest,2019,all,46/100,1,0,0,0,0,,,,,
2663,My Own Man,2014,16+,46/100,1,0,0,0,0,documentary film,United States,English,10.0,tt3356434
2664,God Calling,2018,,46/100,1,0,0,0,0,,Nigeria,,2.0,tt9680512
2665,Sol Levante,2020,,46/100,1,0,0,0,0,"mystery film, crime film, thriller film, drama film",United States,English,6.0,tt0107969
2666,A Very Special Love,2008,7+,46/100,1,0,0,0,0,romantic comedy,Philippines,English,4.0,tt1243381
2667,Good Sam,2019,7+,46/100,1,0,0,0,0,drama film,United States,English,6.0,tt9032888
2668,#cats_the_mewvie,2020,16+,46/100,1,0,0,0,0,,,,,
2669,Offline: Are You Ready for the Next Level?,2016,,46/100,1,0,0,0,0,"adventure film, comedy film",Germany,German,7.0,tt5351044
2670,The Violin Player,2016,,46/100,1,0,0,0,0,,,,,
2671,Tim Allen: Men Are Pigs,1990,,46/100,1,0,0,0,0,,,,,
2672,My Little Pony: Equestria Girls - Rollercoaster of Friendship,2018,all,46/100,1,0,0,0,0,,,,,
2673,Oct-01,2014,,46/100,1,0,0,0,0,,,,,
2674,Léa & I,2019,,46/100,1,0,0,0,0,documentary film,United States,English,10.0,tt9382396
2675,You Are My Home,2020,,46/100,1,0,0,0,0,,,,,
2676,The Knight & The Princess,2020,,46/100,1,0,0,0,0,,,,,
2677,A Chaster Marriage,2016,13+,46/100,1,0,0,0,0,,,,,
2678,Munafik 2,2018,,46/100,1,0,0,0,0,"horror film, thriller film",Malaysia,Malay,3.0,tt7059506
2679,Parchís: The Documentary,2019,,46/100,1,0,0,0,0,documentary film,Spain,Spanish,6.0,tt10511826
2680,The Last Days of American Crime,2020,18+,46/100,1,0,0,0,0,"crime thriller film, action film",United States,English,3.0,tt1552211
2681,Hawaizaada,2015,7+,46/100,1,0,0,0,0,biographical film,India,Hindi,6.0,tt4338154
2682,The Doll 2,2017,,46/100,1,0,0,0,0,horror film,Indonesia,Indonesian,1.0,tt6409782
2683,JFK: The Making of a President,2017,,46/100,1,0,0,0,0,documentary film,United Kingdom,,1.0,tt7139622
2684,All the Freckles in the World,2019,16+,46/100,1,0,0,0,0,"comedy film, coming-of-age fiction, romantic comedy",Mexico,Spanish,1.0,tt9809140
2685,Jagat,2015,,46/100,1,0,0,0,0,,,,,
2686,3 Türken und ein Baby,2015,,46/100,1,0,0,0,0,comedy film,Germany,German,5.0,tt3598648
2687,I'm Leaving Now,2019,18+,46/100,1,0,0,0,0,,,,,
2688,Fuga,2006,,46/100,1,0,0,0,0,drama film,"Belgium, Peru",Spanish,6.3,tt23867366
2689,Mike Epps: Only One Mike,2019,16+,46/100,1,0,0,0,0,stand-up comedy,United States,English,9.0,tt10376958
2690,Heroes Wanted,2016,,46/100,1,0,0,0,0,"comedy film, action film",Spain,Spanish,6.0,tt4806012
2691,Kambili: The Whole 30 Yards,2021,,46/100,1,0,0,0,0,romance film,"Nigeria, South Africa, China",English,6.8,tt11831084
2692,D.L. Hughley: Contrarian,2018,,46/100,1,0,0,0,0,,,,9.0,tt8426270
2693,Two Champions of Shaolin,1980,18+,46/100,1,0,0,0,0,,,,,
2694,Def Comedy Jam 25,2017,,46/100,1,0,0,0,0,,United States,English,6.6,tt7427130
2695,A Tale of Two Kitchens,2019,,46/100,1,0,0,0,0,documentary film,"United States, Mexico",,7.0,tt10243660
2696,Tarung Sarung,2020,16+,46/100,1,0,0,0,0,"drama film, action film",Indonesia,"Indonesian, Bugis, Makassar Malay",1.0,tt11749980
2697,All About Asado,2016,,46/100,1,0,0,0,0,,,,,
2698,The Russian Revloution,2017,16+,45/100,1,0,0,0,0,,,,,
2699,Bbuddah Hoga Terra Baap,2011,13+,45/100,1,0,0,0,0,,,,,
2700,Pickpockets,2018,,45/100,1,0,0,0,0,drama film,Colombia,Spanish,10.0,tt7527694
2701,Michael Lost and Found,2017,,45/100,1,0,0,0,0,documentary film,"Canada, United States",English,1.0,tt4831522
2702,Adam: His Song Continues,1986,,45/100,1,0,0,0,0,,,,7.0,tt0090589
2703,A Fairly Odd Summer,2014,all,45/100,1,1,0,0,0,,,,,
2704,Wheels of Fortune,2020,18+,45/100,1,0,0,0,0,,,,,
2705,Boi,2019,18+,45/100,1,0,0,0,0,,,,,
2706,The Girl and The Gun,2019,,45/100,1,0,0,0,0,silent film,United States,,,tt1318874
2707,ReMastered: Who Killed Jam Master Jay?,2018,,45/100,1,0,0,0,0,,United States,English,5.0,tt9046560
2708,Casino Tycoon,1992,,45/100,1,0,1,0,0,action film,Hong Kong,Cantonese,4.0,tt0104145
2709,Born Racer,2018,18+,45/100,1,0,0,0,0,documentary film,"United States, New Zealand",English,,
2710,Out of Life,1991,,45/100,1,0,0,0,0,drama film,"France, Belgium, Italy",French,7.0,tt0102058
2711,Finally Found Someone,2017,,45/100,1,0,0,0,0,romantic comedy,Philippines,,10.0,tt7151438
2712,Resurface,2017,,45/100,1,0,0,0,0,documentary film,United States,English,5.0,tt6081408
2713,14 Minutes from Earth,2016,,45/100,1,0,0,0,0,documentary film,United States,,2.0,tt5626716
2714,I Am Vengeance: Retaliation,2020,18+,45/100,1,0,0,0,0,,United Kingdom,,1.0,tt8972556
2715,Halkaa,2018,,45/100,1,0,0,0,0,family film,India,Hindi,6.0,tt8136908
2716,Ungli,2014,13+,45/100,1,0,0,0,0,"crime film, vigilante film",India,Hindi,6.0,tt2392447
2717,MindGamers,2015,18+,45/100,1,0,0,0,0,science fiction film,"United States, Austria",English,3.0,tt3625516
2718,Thiago Ventura: POKAS,2020,18+,45/100,1,0,0,0,0,,,,,
2719,Catching Feelings,2017,18+,45/100,1,0,0,0,0,drama film,South Africa,English,6.0,tt5827360
2720,Minnaminungu The Firefly,2017,,45/100,1,0,0,0,0,,,,,
2721,American Woman,2019,,45/100,1,0,0,0,0,drama film,United States,English,9.0,tt4465572
2722,Aashik Aawara,1993,,45/100,1,0,0,0,0,,,,,
2723,Therapy,2021,,45/100,1,0,0,0,0,,,,,
2724,Time Out,2015,,45/100,1,0,0,0,0,drama film,France,French,7.3,tt0279065
2725,Madam Chief Minister,2021,,45/100,1,0,0,0,0,,India,,6.0,tt13773882
2726,A Trash Truck Christmas,2020,,45/100,1,0,0,0,0,,,,,
2727,Fasel Wa Naoud,2011,,45/100,1,0,0,0,0,,,,,
2728,Handsome: A Netflix Mystery Movie,2017,16+,45/100,1,0,0,0,0,comedy film,United States,English,5.0,tt5809020
2729,Hope Frozen: A Quest to Live Twice,2019,,45/100,1,0,0,0,0,documentary film,Thailand,"Thai, English",7.0,tt8060472
2730,48 Christmas Wishes,2017,all,45/100,1,0,0,0,0,"Christmas film, family film",Canada,English,4.0,tt7422638
2731,It Takes a Lunatic,2019,,45/100,1,0,0,0,0,biographical film,"United States, United Kingdom, Germany",,8.0,tt11052346
2732,Tersanjung the Movie,2021,,45/100,1,0,0,0,0,drama film,Indonesia,Indonesian,7.0,tt11668994
2733,Sakaling Maging Tayo,2019,,45/100,1,0,0,0,0,,,,,
2734,SDU: Sex Duties Unit,2013,,45/100,1,0,0,0,0,"action comedy film, comedy film",Hong Kong,Cantonese,5.9,tt3044248
2735,Leyla Everlasting,2020,18+,45/100,1,0,0,0,0,comedy film,Turkey,Turkish,4.0,tt11792734
2736,Eggnoid,2019,,45/100,1,0,0,0,0,"romantic drama, fantasy drama",Indonesia,Indonesian,2.0,tt10640262
2737,Amy Schumer: The Leather Special,2017,18+,45/100,1,0,0,0,0,stand-up comedy,United States,,3.2,tt6616074
2738,A Mighty Team,2016,,45/100,1,0,0,0,0,,,,,
2739,Thank You,2011,,45/100,1,0,0,0,0,,,,,
2740,Hostage House,2021,,45/100,1,0,0,0,0,,,,3.0,tt13033790
2741,Up Among the Stars,2018,,45/100,1,0,0,0,0,drama film,Spain,Spanish,7.0,tt6984530
2742,Shaandaar,2015,13+,45/100,1,0,0,0,0,"romantic comedy, drama film",India,Hindi,3.0,tt4007558
2743,The Little Switzerland,2019,13+,45/100,1,0,0,0,0,comedy film,"Spain, Portugal",Spanish,7.0,tt9100028
2744,Misfit,2017,,45/100,1,0,0,0,0,,,,,
2745,Afonso Padilha: Classless,2020,,45/100,1,0,0,0,0,,,,,
2746,Suzzanna: Buried Alive,2018,,45/100,1,0,0,0,0,"comedy drama, horror film",Indonesia,Indonesian,7.0,tt9044128
2747,Si Doel the Movie,2018,,45/100,1,0,0,0,0,,Indonesia,,6.0,tt8669070
2748,Across Grace Alley,2013,all,45/100,1,0,0,0,0,,United States,English,8.0,tt2813432
2749,Lola Igna,2019,,45/100,1,0,0,0,0,,Philippines,,10.0,tt10965300
2750,Fierce,2020,,45/100,1,0,0,0,0,"musical film, comedy film",Poland,Polish,5.0,tt11692986
2751,Dragons: Rescue Riders: Hunt for the Golden Dragon,2020,all,45/100,1,0,0,0,0,,United States,English,5.2,tt11875456
2752,The Last Kids on Earth: Happy Apocalypse to You,2021,18+,45/100,1,0,0,0,0,,,,,
2753,Beauty and the Bestie,2015,16+,45/100,1,0,0,0,0,"action film, LGBT-related film",Philippines,"English, Tagalog",7.0,tt4842270
2754,15-Aug,2019,,45/100,1,0,0,0,0,,,,,
2755,Milea,2020,,45/100,1,0,0,0,0,,,,,
2756,Scarecrow,2019,,45/100,1,0,0,0,0,,,,,
2757,Geez & Ann,2021,16+,45/100,1,0,0,0,0,"romantic drama film, adaptation",Indonesia,Indonesian,1.0,tt11936782
2758,Whispers,1980,,45/100,1,0,0,0,0,,,,,
2759,Ghanchakkar,2013,7+,45/100,1,0,0,0,0,crime thriller film,India,Hindi,9.0,tt2246724
2760,Listen,2017,,45/100,1,0,0,0,0,,,,,
2761,Aagey Se Right,2009,all,45/100,1,0,0,0,0,comedy film,India,Hindi,10.0,tt1479667
2762,Dr Jason Leong: Hashtag Blessed,2020,,45/100,1,0,0,0,0,,,,,
2763,Between Maybes,2019,,45/100,1,0,0,0,0,,Philippines,,7.0,tt10044704
2764,Naughty Jatts,2013,all,45/100,1,0,0,0,0,,India,Punjabi,6.3,tt2984648
2765,Five Nights in Maine,2016,,45/100,1,0,0,0,0,drama film,United States,English,4.0,tt3352034
2766,"To Each, Her Own",2018,18+,45/100,1,0,0,0,0,comedy film,France,French,1.0,tt6290418
2767,Two Catalonias,2018,,45/100,1,0,0,0,0,documentary film,Spain,"Spanish, Catalan, English",4.0,tt8893608
2768,Felix Lobrecht: Hype,2020,,45/100,1,0,0,0,0,,,,,
2769,Nacido en Siria,2016,,45/100,1,0,0,0,0,documentary film,Spain,"Spanish, Arabic",10.0,tt5356680
2770,Question Mark,2011,,45/100,1,0,0,0,0,,,,,
2771,Malaal,2019,,45/100,1,0,0,0,0,crime film,India,Hindi,6.0,tt10305616
2772,Countdown to Death: Pablo Escobar,2017,,45/100,1,0,0,0,0,documentary film,,,6.0,tt10864124
2773,Women of Mafia 2,2019,18+,45/100,1,0,0,0,0,,,,1.0,tt8858420
2774,Düğüm Salonu,2018,all,45/100,1,0,0,0,0,comedy film,Turkey,,4.0,tt8045670
2775,Love Like the Falling Rain,2020,,45/100,1,0,0,0,0,drama film,Indonesia,Indonesian,10.0,tt12217814
2776,Amrapali,1966,,44/100,1,0,0,0,0,biographical film,India,Hindi,8.0,tt0060104
2777,Judge Singh LLB,2015,all,44/100,1,0,0,0,0,,India,Punjabi,9.0,tt4678200
2778,BlackRose,2018,,44/100,1,0,0,0,0,drama film,Nigeria,English,10.0,tt10549360
2779,The (Silent) War,2019,18+,44/100,1,0,0,0,0,"Western film, war film",Spain,Spanish,7.0,tt7336684
2780,Paranormal Investigation,2018,,44/100,1,0,0,0,0,,,,5.1,tt8159944
2781,Theeya Velai Seiyyanum Kumaru,2013,,44/100,1,0,0,0,0,romantic comedy,India,Tamil,6.0,tt2889234
2782,Garfield's Fun Fest,2008,7+,44/100,1,0,0,0,0,,,,,
2783,Bhangra Paa Le,2020,,44/100,1,0,0,0,0,musical film,India,,8.0,tt9766280
2784,Asees,2018,,44/100,1,0,0,0,0,,,,,
2785,Christmas Crossfire,2020,,44/100,1,0,0,0,0,"action film, comedy film, Christmas film",Germany,German,4.0,tt13446424
2786,Cook Off,2017,18+,44/100,1,0,0,0,0,"comedy film, romance film",Zimbabwe,English,10.0,tt7981318
2787,Upstarts,2019,,44/100,1,0,0,0,0,drama film,India,Hindi,7.0,tt11066130
2788,Wannabe Courageous,2019,,44/100,1,0,0,0,0,,,,,
2789,My Stupid Boss 2,2019,,44/100,1,0,0,0,0,,Indonesia,Indonesian,9.0,tt10039468
2790,Poster Boys,2017,13+,44/100,1,0,0,0,0,comedy film,India,Hindi,,tt4023596
2791,Madness in the Desert: The Paris to Dakar Story,2013,,44/100,1,0,0,0,0,,,,,
2792,Öldür Beni Sevgilim,2019,,44/100,1,0,0,0,0,drama film,,Turkish,,
2793,The Heartbreak Club,2021,16+,44/100,1,0,0,0,0,"comedy drama, musical film",Indonesia,"Indonesian, Javanese",5.0,tt11841144
2794,Verses of Love 2,2017,,44/100,1,0,0,0,0,drama film,Indonesia,Indonesian,5.0,tt7127652
2795,Take the 10,2017,,44/100,1,0,0,0,0,comedy film,United States,English,1.0,tt5792472
2796,Manmadhudu 2,2019,,44/100,1,0,0,0,0,"comedy drama, romantic comedy",India,Telugu,1.0,tt10076106
2797,Rainbow Jelly,2018,,44/100,1,0,0,0,0,,India,Bangla,9.0,tt8396306
2798,Wyatt Cenac: Brooklyn,2014,,44/100,1,0,0,0,0,,United States,English,6.3,tt4286560
2799,Into the Beat,2020,,44/100,1,0,0,0,0,"romance film, dance film, coming-of-age fiction",Germany,German,7.0,tt10662234
2800,The Bros,2017,,44/100,1,0,0,0,0,comedy drama,South Korea,Korean,7.0,tt7967580
2801,Lembi 8 Giga,2010,,44/100,1,0,0,0,0,,,,,
2802,Santana,2020,,44/100,1,0,0,0,0,,,,,
2803,The Road to El Camino: Behind the Scenes of El Camino: A Breaking Bad Movie,2019,13+,44/100,1,0,0,0,0,documentary film,United States,English,7.0,tt11151792
2804,El Dealer,2010,,44/100,1,0,0,0,0,action film,Egypt,Arabic,5.7,tt2364114
2805,Jezebel,2020,,44/100,1,0,0,0,0,"romance film, drama film",United States,English,9.0,tt0030287
2806,Tootsies & The Fake,2019,,44/100,1,0,0,0,0,comedy film,Thailand,Thai,8.0,tt11280100
2807,True: Tricky Treat Day,2019,,44/100,1,0,0,0,0,,,,,
2808,A StoryBots Christmas,2017,,44/100,1,0,0,0,0,,United States,,5.9,tt7018722
2809,Lee Su-geun: The Sense Coach,2021,,44/100,1,0,0,0,0,,,,,
2810,Thottappan,2019,,44/100,1,0,0,0,0,,India,,9.0,tt9448362
2811,Heirs,2015,,44/100,1,0,0,0,0,,,,,
2812,Urzila Carlson: Overqualified Loser,2020,,44/100,1,0,0,0,0,,,,,
2813,Sam Kinison: Family Entertainment Hour,1991,,44/100,1,0,0,0,0,,,,,
2814,Too Young The Hero,1988,,44/100,1,0,0,0,0,,,,,
2815,Chashme Baddoor,2013,,44/100,1,0,0,0,0,"buddy film, romantic comedy",India,Hindi,5.4,tt2229848
2816,Soy Rada: Serendipia,2021,,44/100,1,0,0,0,0,,,,,
2817,Shanghai Fortress,2019,,44/100,1,0,0,0,0,science fiction film,People's Republic of China,,5.0,tt6628322
2818,Andaleeb El Dokki,2008,,44/100,1,0,0,0,0,comedy film,Egypt,Arabic,5.2,tt1048144
2819,Vettai,2012,,44/100,1,0,0,0,0,action film,India,Tamil,5.0,tt1956697
2820,The Claudia Kishi Club,2020,,44/100,1,0,0,0,0,,United States,English,10.0,tt12411586
2821,Welcome Mr. President!,2013,,44/100,1,0,0,0,0,,,,,
2822,Chris Rock Total Blackout: The Tamborine Extended Cut,2021,,44/100,1,0,0,0,0,,,,,
2823,Bibi & Tina: Bewildered and Bewitched,2014,,44/100,1,0,0,0,0,,,,,
2824,Sugar High,2020,all,44/100,1,0,0,0,0,,,,9.0,tt12806000
2825,Los Tigres del Norte at Folsom Prison,2019,,44/100,1,0,0,0,0,documentary film,United States,Spanish,7.0,tt10857582
2826,A Family Reunion Christmas,2019,,44/100,1,0,0,0,0,,,,,
2827,Franco Escamilla: bienvenido al mundo,2019,18+,44/100,1,0,0,0,0,,,,,
2828,Resort to Love,2021,,44/100,1,0,0,0,0,,United States,,7.0,tt12929990
2829,Larry The Cable Guy: Remain Seated,2020,18+,44/100,1,0,0,0,0,,,,,
2830,Rooting for Roona,2020,,44/100,1,0,0,0,0,documentary film,India,Bangla,10.0,tt8995696
2831,My Step Dad: The Hippie,2018,,44/100,1,0,0,0,0,comedy film,Turkey,Turkish,5.0,tt8061070
2832,Gatao: The Last Stray,2021,,44/100,1,0,0,0,0,,Taiwan,"Taiwanese Hokkien, Standard Taiwanese Mandarin",5.9,tt14720502
2833,Mugamoodi,2012,,44/100,1,0,0,0,0,martial arts film,India,Tamil,9.0,tt2367996
2834,Clash,2021,,44/100,1,0,0,0,0,,,,,
2835,You've Got This,2020,,44/100,1,0,0,0,0,"comedy film, romance film",Mexico,Spanish,8.0,tt13118012
2836,I Love You - A Divorce Comedy,2016,,44/100,1,0,0,0,0,comedy film,Sweden,"Swedish, Italian",1.0,tt5183654
2837,Todo lo que sería Lucas Lauriente,2018,,44/100,1,0,0,0,0,stand-up comedy,Argentina,Spanish,7.1,tt7607452
2838,The Day I Lost My Shadow,2018,,44/100,1,0,0,0,0,"drama film, war film","Syria, France, Lebanon",Arabic,6.1,tt8900142
2839,Rafinha Bastos: Ultimatum,2018,18+,44/100,1,0,0,0,0,,,,,
2840,Kalushi,2017,,44/100,1,0,0,0,0,,South Africa,,8.0,tt3487278
2841,Mutiny of the Worker Bees,2020,18+,44/100,1,0,0,0,0,comedy film,Mexico,Mexican Spanish,1.0,tt9014248
2842,Krishna and His Leela,2020,,44/100,1,0,0,0,0,romantic comedy,India,Telugu,7.0,tt11773276
2843,Evening Shadows,2018,,44/100,1,0,0,0,0,"drama film, LGBT-related film",India,Hindi,9.0,tt6028796
2844,Fantastica,2018,all,44/100,1,0,0,0,0,musical film,"Canada, France",French,5.2,tt0080718
2845,Vir Das: Abroad Understanding,2017,18+,44/100,1,0,0,0,0,,,,1.0,tt6822400
2846,Mere Pyare Prime Minister,2019,,44/100,1,0,0,0,0,comedy drama,India,Hindi,10.0,tt8207768
2847,Deliha 2,2018,all,44/100,1,0,0,0,0,,Turkey,Turkish,1.0,tt7871636
2848,Chupan Chupai,2018,,44/100,1,0,0,0,0,comedy thriller,Pakistan,Urdu,9.0,tt5457656
2849,Main Aurr Mrs Khanna,2009,,44/100,1,0,0,0,0,"comedy film, romantic comedy",India,Hindi,3.0,tt1174041
2850,SunGanges,2019,,44/100,1,0,0,0,0,,,,,
2851,Vir Das: Outside in - The Lockdown Special,2020,,44/100,1,0,0,0,0,comedy film,India,English,10.0,tt13529992
2852,One Lagos Night,2021,,44/100,1,0,0,0,0,"comedy film, crime film",Nigeria,English,10.0,tt14211236
2853,Stretch Armstrong: The Breakout,2018,,44/100,1,0,0,0,0,,,,,
2854,Bibi & Tina: Girls vs. Boys,2016,,44/100,1,0,0,0,0,,,,,
2855,Hazel Brugger: Tropical,2020,,44/100,1,0,0,0,0,,,,,
2856,Kiss and Cry,2017,13+,44/100,1,0,0,0,0,"sport film, drama film",Canada,English,10.0,tt5224012
2857,The Rope Curse 2,2020,,44/100,1,0,0,0,0,horror film,Taiwan,,1.0,tt13212006
2858,Amandla! A Revolution in Four-Part Harmony,2002,13+,44/100,1,0,0,0,0,documentary film,South Africa,English,7.4,tt0303297
2859,Elaan,1971,,44/100,1,0,0,0,0,thriller film,India,Hindi,1.0,tt0367695
2860,Coffee for All,2017,,44/100,1,0,0,0,0,documentary film,"Italy, Argentina, United States",Spanish,1.0,tt6721132
2861,Hometown Holiday,2018,7+,44/100,1,0,0,0,0,,,,,
2862,The Massively Mixed-Up Middle School Mystery,2015,all,44/100,1,0,0,0,0,,,,,
2863,Salaakhen,1975,,44/100,1,0,0,0,0,,India,Hindi,5.8,tt0395743
2864,Bypass Road,2019,,44/100,1,0,0,0,0,thriller film,India,Hindi,3.0,tt9176260
2865,Sisterakas,2012,,44/100,1,0,0,0,0,drama film,Philippines,,1.0,tt2590214
2866,Un + une,2015,,44/100,1,0,0,0,0,romantic comedy,France,French,9.0,tt1918911
2867,Rogue Warfare,2019,18+,44/100,1,0,0,0,0,"war film, action film",,,1.0,tt5266668
2868,From Stress To Happiness,2020,,44/100,1,0,0,0,0,,,,,
2869,Spookley the Square Pumpkin,2004,all,44/100,1,0,0,0,0,children's film,"Canada, United States",English,9.0,tt0426581
2870,Nila,2016,,44/100,1,0,0,0,0,,,,,
2871,Story of Kale: When Someone's in Love,2020,18+,44/100,1,0,0,0,0,drama film,Indonesia,Indonesian,6.0,tt13081264
2872,Dark Waters,1956,,44/100,1,0,0,0,0,"drama film, biographical film, historical film",United States,English,8.0,tt9071322
2873,Holly Star,2018,7+,44/100,1,0,0,0,0,,,,8.0,tt6268734
2874,West Coast,2015,,44/100,1,0,0,0,0,,,,,
2875,The Insomnia Club,2018,13+,44/100,1,0,0,0,0,,,,,
2876,First Love,2018,,44/100,1,0,1,0,0,"musical film, romance film",United States,English,7.0,tt0031311
2877,Saudi Arabia Uncovered,2016,,44/100,1,0,0,0,0,,,,,
2878,Willy and the Guardians of the Lake,2018,,44/100,1,0,0,0,0,,,,,
2879,Prince,1969,,44/100,1,0,0,0,0,,,,,
2880,Girl's Revenge,2020,,44/100,1,0,0,0,0,,,,,
2881,Arctic Heart,2016,16+,44/100,1,0,0,0,0,comedy film,France,French,5.0,tt4607228
2882,Garfield Gets Real,2007,all,44/100,1,0,0,0,0,,,,,
2883,El club de los buenos infieles,2018,,43/100,1,0,0,0,0,comedy film,Spain,Spanish,5.5,tt3398808
2884,Felipe Esparza: They're Not Gonna Laugh At You,2012,,43/100,1,0,0,0,0,,,,,
2885,This Is the Life,2008,,43/100,1,0,0,0,0,documentary film,United States,English,1.0,tt1178658
2886,Omar & Salma 2,2009,,43/100,1,0,0,0,0,,Egypt,Arabic,4.9,tt1822275
2887,Oversize Cops,2017,,43/100,1,0,0,0,0,comedy film,Thailand,Thai,,
2888,French Toast,2015,,43/100,1,0,0,0,0,,South Africa,,4.0,tt5000984
2889,Mohamed Hussein,2019,,43/100,1,0,0,0,0,,,,,
2890,Little Miss Sumo,2018,,43/100,1,0,0,0,0,"documentary film, biographical film",United Kingdom,"Japanese, English",5.0,tt9195844
2891,Ma Rainey's Black Bottom: A Legacy Brought to Screen,2020,7+,43/100,1,0,0,0,0,documentary film,,English,,
2892,Pedal the World,2014,,43/100,1,0,0,0,0,documentary film,Germany,"German, English",1.0,tt6020164
2893,Pretty Little Stalker,2018,16+,43/100,1,0,0,0,0,,,,,
2894,Tum Milo Toh Sahi,2010,,43/100,1,0,0,0,0,,India,Hindi,6.0,tt1442583
2895,Andre and His Olive Tree,2020,,43/100,1,0,0,0,0,,,,,
2896,A Triumph of the Heart: The Ricky Bell Story,1991,,43/100,1,0,0,0,0,,,,,
2897,D.L. Hughley: Clear,2014,,43/100,1,0,1,0,0,,,,,
2898,Mundina Nildana,2019,,43/100,1,0,0,0,0,,India,Kannada,2.0,tt10882938
2899,Katti Batti,2015,,43/100,1,0,0,0,0,"comedy film, drama film",India,Hindi,7.0,tt4467262
2900,Souk Bazaar,2015,7+,43/100,1,0,0,0,0,,,,,
2901,Wira,2019,,43/100,1,0,0,0,0,,,,,
2902,Deadcon,2019,,43/100,1,0,0,0,0,,,English,1.0,tt7262990
2903,Edge of Fear,2018,18+,43/100,1,0,0,0,0,,United States,English,1.0,tt7149916
2904,The Spooky Tale of Captain Underpants Hack-a-ween,2019,,43/100,1,0,0,0,0,,,,,
2905,Living in Bondage: Breaking Free,2019,,43/100,1,0,0,0,0,thriller film,Nigeria,"English, Igbo, Pidgin English",7.0,tt12539758
2906,Saye Bahr,2004,,43/100,1,0,0,0,0,,Egypt,Arabic,4.9,tt2215481
2907,Jai Mummy Di,2020,,43/100,1,0,0,0,0,"comedy film, romantic comedy",India,Hindi,3.0,tt9817760
2908,Monster Run,2020,,43/100,1,0,0,0,0,,,,,
2909,Malena Pichot: Estupidez compleja,2018,,43/100,1,0,0,0,0,,,,,
2910,Adel Karam: Live from Beirut,2018,18+,43/100,1,0,0,0,0,comedy film,,,1.0,tt8081748
2911,Bigflo & Oli: Hip Hop Frenzy,2020,,43/100,1,0,0,0,0,,France,French,6.6,tt13161318
2912,X: Past Is Present,2015,13+,43/100,1,0,0,0,0,anthology film,India,English,6.0,tt5207116
2913,U-Turn,2020,,43/100,1,0,0,0,0,thriller film,India,Kannada,7.0,tt5377564
2914,Fanatyk,2017,,43/100,1,0,0,0,0,comedy drama,,Polish,9.0,tt7786346
2915,Sethum Aayiram Pon,2019,all,43/100,1,0,0,0,0,"drama film, comedy film",India,Tamil,8.0,tt8976418
2916,Alejandro Sanz: What I Was Is What I Am,2018,,43/100,1,0,0,0,0,biographical film,Spain,Spanish,7.1,tt8237768
2917,Pandigai,2017,,43/100,1,0,1,0,0,"action thriller, boxing film",India,Tamil,6.0,tt7087944
2918,Rabun,2003,,43/100,1,0,0,0,0,,,,,
2919,Super Monsters: Once Upon a Rhyme,2021,,43/100,1,0,0,0,0,,,,2.0,tt14586752
2920,Alien Warfare,2019,,43/100,1,0,0,0,0,"action film, science fiction film",United States,English,2.0,tt9562694
2921,Spirit Riding Free: Spirit of Christmas,2019,7+,43/100,1,0,0,0,0,,,,,
2922,Mayurakshi,2017,,43/100,1,0,0,0,0,drama film,India,Bangla,1.0,tt7570242
2923,A Choo,2020,,43/100,1,0,0,0,0,teen film,Taiwan,Standard Taiwanese Mandarin,10.0,tt12689526
2924,The Lost Okoroshi,2020,,43/100,1,0,0,0,0,,Nigeria,English,10.0,tt10888456
2925,No Place Like Home,2019,16+,43/100,1,0,0,0,0,,,,,
2926,KL Zombie,2013,,43/100,1,0,0,0,0,,,,,
2927,Alaska Is a Drag,2012,,43/100,1,0,0,0,0,,,,,
2928,Chhota Bheem - Neeli Pahaadi,2021,,43/100,1,0,0,0,0,,,,,
2929,Camellia Sisters,2020,,43/100,1,0,0,0,0,,Vietnam,,4.9,tt14023894
2930,Casino Tycoon II,1992,,43/100,1,0,0,0,0,action film,Hong Kong,Cantonese,8.0,tt0104146
2931,"Rob Schneider: Asian Momma, Mexican Kids",2020,18+,43/100,1,0,0,0,0,,,,,
2932,Zulu Man in Japan,2020,,43/100,1,0,0,0,0,,,,,
2933,The Match,2020,,43/100,1,0,0,0,0,"romantic comedy, association football film",United Kingdom,English,7.0,tt0165384
2934,Miranda Sings Live... Your Welcome.,2019,,43/100,1,0,0,0,0,,,,,
2935,The Third Party,2016,,43/100,1,0,0,0,0,,Philippines,,7.0,tt6088634
2936,Monster Island,2017,7+,43/100,1,0,0,0,0,children's film,Mexico,English,5.0,tt6269658
2937,Yaar Gaddar,1994,,43/100,1,0,0,0,0,,India,Hindi,6.0,tt0111780
2938,Fary Is the New Black,2018,18+,43/100,1,0,0,0,0,,,,,
2939,Autumn,2010,,43/100,1,0,0,0,0,,,,,
2940,Shubh Aarambh,2017,,43/100,1,0,0,0,0,,,,,
2941,The Misadventures of Hedi and Cokeman,2021,,43/100,1,0,0,0,0,,France,French,7.0,tt13669344
2942,Tuesdays And Fridays,2021,,43/100,1,0,0,0,0,,India,,6.0,tt9176102
2943,Ralphie May: Unruly,2015,,43/100,1,0,0,0,0,,United States,English,2.0,tt4454406
2944,Indoo Ki Jawani,2020,,43/100,1,0,0,0,0,"coming-of-age fiction, comedy film",India,Hindi,1.0,tt11112526
2945,The Truth About Alcohol,2016,,43/100,1,0,0,0,0,documentary film,,,,
2946,Chhota Bheem Aur Krishna,2008,all,43/100,1,0,0,0,0,,India,Hindi,10.0,tt2827516
2947,Katherine Ryan: Glitter Room,2019,,43/100,1,0,0,0,0,stand-up comedy,United States,English,5.0,tt10438648
2948,Mo Amer: The Vagabond,2018,18+,43/100,1,0,0,0,0,,,,10.0,tt9060526
2949,Revenge of the Pontianak,2019,,43/100,1,0,0,0,0,horror film,Singapore,Malay,6.0,tt9113332
2950,Me or My Aunt,2005,7+,43/100,1,0,0,0,0,,,,,
2951,Hospital,2020,,43/100,1,0,0,0,0,,,,,
2952,A Home with a View,2019,,43/100,1,0,0,0,0,comedy film,Hong Kong,,10.0,tt8443432
2953,A Stoning in Fulham County,1988,,43/100,1,0,0,0,0,,,,,
2954,Holiday on Mars,2020,,43/100,1,0,0,0,0,"comedy film, science fiction film",Italy,Italian,4.0,tt12780384
2955,Undercover Brother 2,2019,18+,43/100,1,0,0,0,0,action comedy film,United States,English,4.0,tt6843446
2956,My Wife & I,2017,,43/100,1,0,0,0,0,"comedy film, family film, fantasy film","South Africa, Nigeria",English,4.9,tt10505048
2957,Brad Paisley's Comedy Rodeo,2017,,43/100,1,0,0,0,0,,,,5.7,tt6794448
2958,Deviant Love,2019,16+,43/100,1,0,0,0,0,,,,1.0,tt10255320
2959,Couples Counseling,2016,,43/100,1,0,0,0,0,comedy film,Brazil,Portuguese,8.0,tt5820146
2960,Illegal Woman,2020,,43/100,1,0,0,0,0,"thriller film, drama film",Spain,"Catalan, Spanish",7.0,tt10101806
2961,Generation Iron 3,2018,,43/100,1,0,0,0,0,documentary film,United States,,10.0,tt8178958
2962,The Royal Hibiscus Hotel,2018,7+,43/100,1,0,0,0,0,"comedy film, romance film",Nigeria,English,10.0,tt7229730
2963,For the Broken Hearted,2018,,43/100,1,0,0,0,0,,,,,
2964,Poshter Girl,2016,,43/100,1,0,0,0,0,drama film,India,Marathi,9.0,tt5323386
2965,Mommy Issues,2021,,43/100,1,0,0,0,0,,,,,
2966,Bridget Christie: Stand Up For Her,2016,,43/100,1,0,0,0,0,,,,,
2967,Enter the Anime,2019,,43/100,1,0,0,0,0,documentary film,"United States, Japan",Japanese,1.0,tt10662450
2968,"Out of Many, One",2018,,43/100,1,0,0,0,0,documentary film,United States,English,10.0,tt9283302
2969,Set Off,2008,,43/100,1,0,0,0,0,romance film,People's Republic of China,,5.0,tt1307008
2970,Octonauts and the Caves of Sac Actun,2020,,43/100,1,0,0,0,0,,,English,7.0,tt12759408
2971,Mission Kathmandu: The Adventures of Nelly & Simon,2017,,43/100,1,0,0,0,0,,Canada,French,6.0,tt5433884
2972,Sayed The Servant,1985,,43/100,1,0,0,0,0,,,,,
2973,Rogue Warfare: Death of a Nation,2020,18+,43/100,1,0,0,0,0,,,,,
2974,Shabd,2005,,43/100,1,0,0,0,0,drama film,India,Hindi,5.0,tt0409527
2975,Break Up 100,2014,,43/100,1,0,0,0,0,romantic comedy,Hong Kong,,2.0,tt3898860
2976,Liefling Die Movie,2010,,43/100,1,0,0,0,0,musical film,South Africa,Afrikaans,8.0,tt1808262
2977,Loyiso Gola: Unlearning,2021,16+,43/100,1,0,0,0,0,,,,,
2978,Tita Rahiba,2012,,43/100,1,0,0,0,0,,,,,
2979,The Body,2019,,42/100,1,0,0,0,0,,,,,
2980,III Smoking Barrels,2017,,42/100,1,0,0,0,0,drama film,India,Assamese,8.0,tt5791986
2981,Music Teacher,2018,,42/100,1,0,0,0,0,drama film,India,Hindi,7.0,tt3257794
2982,Firebrand,2019,,42/100,1,0,0,0,0,drama film,India,Marathi,5.0,tt8852536
2983,Stray Bullet,2011,,42/100,1,0,0,0,0,comedy drama,Lebanon,Arabic,8.0,tt1726871
2984,Òlòtūré,2019,,42/100,1,0,0,0,0,"crime film, drama film",Nigeria,English,9.0,tt9725830
2985,Sylvia,2018,16+,42/100,1,0,0,0,0,,,,,
2986,Dhh,2018,,42/100,1,0,0,0,0,,,,,
2987,True: Happy Hearts Day,2019,all,42/100,1,0,0,0,0,,,,,
2988,Bibi & Tina,2014,,42/100,1,0,0,0,0,family film,Germany,German,1.0,tt3202200
2989,Guna 369,2019,,42/100,1,0,0,0,0,action film,India,Telugu,10.0,tt10638296
2990,Fear Bay,2019,,42/100,1,0,0,0,0,thriller film,United States,English,6.0,tt8748236
2991,Autohead,2016,,42/100,1,0,0,0,0,"crime film, drama film",India,Hindi,10.0,tt5513098
2992,Street Flow,2019,18+,42/100,1,0,0,0,0,drama film,France,French,4.0,tt10958282
2993,Boshkash,2008,,42/100,1,0,0,0,0,,,,,
2994,Islands of Faith,2020,,42/100,1,0,0,0,0,,,,,
2995,Gad Gone Wild,2017,,42/100,1,0,0,0,0,,,,,
2996,Isoken,2017,,42/100,1,0,0,0,0,"romantic comedy, comedy drama",Nigeria,English,10.0,tt6685776
2997,Being Napoleon,2018,,42/100,1,0,0,0,0,,,,,
2998,Si Doel the Movie 2,2019,,42/100,1,0,0,0,0,,Indonesia,Indonesian,6.7,tt10290062
2999,Notes for My Son,2020,,42/100,1,0,0,0,0,drama film,Argentina,Spanish,9.0,tt13353486
3000,Amelia: A Tale of Two Sisters,2017,,42/100,1,0,0,0,0,,,,,
3001,B. A. Pass 2,2017,,42/100,1,0,0,0,0,,,,,
3002,Ánima,2018,,42/100,1,0,0,0,0,,,,,
3003,All of You,2017,16+,42/100,1,0,0,0,0,,,,,
3004,Niyazi Gül Dörtnala,2015,7+,42/100,1,0,0,0,0,comedy film,Turkey,Turkish,8.0,tt4505260
3005,#Selfie,2014,,42/100,1,0,0,0,0,comedy film,Romania,Romanian,7.0,tt3102208
3006,Horrid Henry's Gross Day Out,2020,,42/100,1,0,0,0,0,,,,,
3007,Albert Pinto Ko Gussa Kyun Aata Hai?,2019,,42/100,1,0,1,0,0,,India,Hindi,8.0,tt4355838
3008,Jeff Garlin: Our Man in Chicago,2019,,42/100,1,0,0,0,0,,,,,
3009,"El Potro, lo mejor del amor",2018,,42/100,1,0,0,0,0,"musical film, drama film",Argentina,Spanish,1.0,tt9062342
3010,Whipped,2020,,42/100,1,0,0,0,0,comedy film,Indonesia,Indonesian,1.0,tt11754464
3011,The Wedding Shaman,2019,,42/100,1,0,0,0,0,,Indonesia,Indonesian,5.0,tt10066526
3012,Sur,2002,,42/100,1,0,0,0,0,,,,,
3013,Fatso!,2012,,42/100,1,0,0,0,0,,India,Hindi,7.0,tt1286766
3014,Soul Thieves,2015,,42/100,1,0,0,0,0,,,,,
3015,Just in Time,2021,,42/100,1,0,0,0,0,,,,,
3016,In Defense of a Married Man,1990,,42/100,1,0,0,0,0,,,,,
3017,The Figurine,2009,13+,42/100,1,0,0,0,0,mystery film,Nigeria,"English, Yoruba",7.0,tt1542960
3018,The Young Vagabond,1985,,42/100,1,0,0,0,0,,British Hong Kong,,6.0,tt0354234
3019,The Super Parental Guardians,2016,,42/100,1,0,0,0,0,action comedy film,Philippines,Filipino,4.9,tt6271110
3020,Mumbai Delhi Mumbai,2014,7+,42/100,1,0,0,0,0,romantic comedy,India,Hindi,1.0,tt4045666
3021,Pyar Ke Do Pal,1986,,42/100,1,0,0,0,0,,,,,
3022,5 Star Christmas,2018,16+,42/100,1,0,0,0,0,,,,,
3023,"My Schoolmate, the Barbarian",2001,18+,42/100,1,0,0,0,0,"comedy film, action film",Hong Kong,,5.8,tt0295461
3024,Sebastián Marcelo Wainraich,2018,18+,42/100,1,0,0,0,0,,,,,
3025,Muzaffarnagar Baaqi Hai,2015,,42/100,1,0,0,0,0,,,,,
3026,Chippa,2020,,42/100,1,0,0,0,0,teen film,India,Hindi,9.0,tt8976464
3027,Agustín Aristarán: Soy Rada,2018,18+,42/100,1,0,0,0,0,,,,,
3028,Carlos Almaraz: Playing With Fire,2019,,42/100,1,0,0,0,0,,,,,
3029,Good Game: The Beginning,2018,13+,42/100,1,0,0,0,0,,Turkey,Turkish,10.0,tt8510324
3030,Kill Me Twice,2019,16+,42/100,1,0,0,0,0,,,,,
3031,Crazy Awesome Teachers,2020,,42/100,1,0,0,0,0,comedy film,Indonesia,Indonesian,9.0,tt10643918
3032,George Lopez: We'll Do It for Half,2020,18+,42/100,1,0,0,0,0,,,,,
3033,Octonauts and the Great Barrier Reef,2020,,42/100,1,0,0,0,0,,,,10.0,tt13150606
3034,Keeping the Bees,2019,,42/100,1,0,0,0,0,,,,,
3035,Ghost Patrol,2016,,42/100,1,0,0,0,0,adventure film,Canada,,10.0,tt6111628
3036,Dany de Boon - Des Hauts-De-France,2017,18+,42/100,1,0,0,0,0,,,,3.0,tt8352124
3037,Zokkomon,2011,7+,42/100,1,0,0,0,0,superhero film,India,Hindi,4.0,tt1605790
3038,Birders,2019,,42/100,1,0,0,0,0,documentary film,"United States, Mexico","English, Spanish",5.0,tt10907798
3039,The Bittersweet,2017,,42/100,1,0,0,0,0,"drama film, thriller film",People's Republic of China,,8.0,tt8411990
3040,The Reliant,2019,13+,42/100,1,0,0,0,0,,,,,
3041,Holy Goalie,2018,,42/100,1,0,0,0,0,comedy film,Spain,Spanish,10.0,tt6197484
3042,Rakkhosh,2019,,42/100,1,0,0,0,0,,India,Hindi,8.0,tt6018556
3043,Jack Whitehall: I'm Only Joking,2020,,42/100,1,0,0,0,0,,,,,
3044,Prince Charming,1984,,42/100,1,0,0,0,0,,,,,
3045,Voiceless,2020,,42/100,1,0,0,0,0,documentary film,Canada,,,
3046,Son Of Adam,2018,,42/100,1,0,0,0,0,comedy film,Iran,Persian,4.7,tt2673126
3047,Three Words to Forever,2018,,42/100,1,0,0,0,0,drama film,Philippines,English,10.0,tt9248252
3048,Gina Yashere: Skinny B*tch,2008,,42/100,1,0,1,0,0,,,,,
3049,Black Is Beltza,2018,,42/100,1,0,0,0,0,drama film,Spain,Basque,8.0,tt8512986
3050,Sommore: Chandelier Status,2013,,42/100,1,0,0,0,0,,,,,
3051,Before the Summer Crowds,2016,,42/100,1,0,0,0,0,drama film,"Egypt, United Arab Emirates",Arabic,1.0,tt5233554
3052,The Wedding Party 2: Destination Dubai,2017,13+,42/100,1,0,0,0,0,"comedy film, drama film, romance film",Nigeria,English,1.0,tt7827944
3053,Aalorukkam,2018,,42/100,1,0,0,0,0,,India,Malayalam,6.0,tt8066304
3054,Pup Star,2016,all,42/100,1,0,0,0,0,"comedy film, family film",United States,English,1.0,tt5449296
3055,The School of Mischief,1973,,42/100,1,0,0,0,0,,Egypt,Arabic,6.1,tt1773561
3056,The Arbitration,2016,,42/100,1,0,0,0,0,drama film,Nigeria,English,8.0,tt5811182
3057,Inkaar,2013,18+,42/100,1,0,0,0,0,thriller film,India,Hindi,10.0,tt2094854
3058,Motor Mitraan Di,2016,all,42/100,1,0,0,0,0,,India,Punjabi,1.0,tt6611578
3059,Echcharikkai,2018,,42/100,1,0,0,0,0,thriller film,India,Tamil,8.0,tt7853268
3060,HiGH&LOW: The Red Rain,2016,,42/100,1,0,0,0,0,,,,,
3061,Potato Potahto,2017,,42/100,1,0,0,0,0,comedy film,"Nigeria, Ghana",English,1.0,tt6950250
3062,Ayotzinapa: The Turtle's Pace,2018,,42/100,1,0,0,0,0,,,,,
3063,Dragons: Rescue Riders: Huttsgalor Holiday,2020,,42/100,1,0,0,0,0,,United States,English,5.1,tt13353508
3064,100% Halal,2020,,42/100,1,0,0,0,0,drama film,Indonesia,Indonesian,1.0,tt11799742
3065,Still Laugh-In: The Stars Celebrate,2019,,42/100,1,0,0,0,0,,,,,
3066,Spirit Riding Free: Ride Along Adventure,2020,,42/100,1,0,0,0,0,,,,,
3067,Osuofia in London,2003,,42/100,1,0,0,0,0,comedy drama,Nigeria,"English, Igbo",9.0,tt0493828
3068,Lilli,2018,18+,42/100,1,0,0,0,0,,,,,
3069,Fishtronaut: The Movie,2018,all,41/100,1,0,0,0,0,,,,,
3070,Alan Saldaña: Mi vida de pobre,2017,,41/100,1,0,0,0,0,,,,,
3071,Taxi Driver,2015,,41/100,1,0,0,0,0,"mystery film, crime film, black comedy, thriller film",Nigeria,"Yoruba, English",5.0,tt5112438
3072,Pettson and Findus: The Best Christmas Ever,2016,,41/100,1,0,0,0,0,,,,,
3073,What are the Odds?,2019,,41/100,1,0,0,0,0,,Australia,,,
3074,Arrest Letter,2017,,41/100,1,0,0,0,0,,Egypt,Arabic,7.0,tt6034164
3075,Generasi 90an: Melankolia,2020,13+,41/100,1,0,0,0,0,drama film,Indonesia,Indonesian,5.0,tt11835236
3076,Super Monsters Save Halloween,2018,,41/100,1,0,0,0,0,,,,,
3077,Khido Khundi,2018,7+,41/100,1,0,0,0,0,drama film,India,Punjabi,7.0,tt7177642
3078,Dark City Beneath the Beat,2020,,41/100,1,0,0,0,0,,,,,
3079,Beirut oh Beirut,1975,,41/100,1,0,0,0,0,,,,,
3080,Family Blood,2018,18+,41/100,1,0,0,0,0,"horror film, drama film",United States,English,2.0,tt7895904
3081,The War Against Women,2013,,41/100,1,0,0,0,0,,,,,
3082,She's The One,2013,,41/100,1,0,0,0,0,romantic comedy,United States,English,6.0,tt0117628
3083,Vanjagar Ulagam,2018,,41/100,1,0,0,0,0,drama film,India,Tamil,1.0,tt7933564
3084,King of Boys,2018,,41/100,1,0,0,0,0,"drama film, political thriller film",Nigeria,"English, Yoruba, Igbo",7.0,tt8329618
3085,Jaal,1986,,41/100,1,0,0,0,0,action film,India,Hindi,8.0,tt0239495
3086,Bibi & Tina: Perfect Pandemonium,2017,,41/100,1,0,0,0,0,"teen film, children's film, fantasy film",Germany,German,5.0,tt5950646
3087,Target,2018,,41/100,1,0,0,0,0,,,,,
3088,One Day: Justice Delivered,2019,,41/100,1,0,0,0,0,action film,India,Hindi,7.0,tt8130558
3089,"Do Paise Ki Dhoop, Chaar Aane Ki Baarish",2009,,41/100,1,0,0,0,0,LGBT-related film,India,Hindi,7.0,tt1935782
3090,"River, el Más Grande Siempre",2019,,41/100,1,0,0,0,0,documentary film,Argentina,Spanish,7.2,tt10319998
3091,Heritages,2014,,41/100,1,0,0,0,0,documentary film,France,,,tt4989182
3092,Agyaat,2009,,41/100,1,0,0,0,0,horror film,India,Hindi,1.0,tt1415252
3093,Hope Aur Hum,2018,,41/100,1,0,0,0,0,drama film,India,Hindi,9.0,tt8324474
3094,Sarbath,2021,,41/100,1,0,0,0,0,,,,,
3095,Daniel Sosa: Maleducado,2019,18+,41/100,1,0,0,0,0,stand-up comedy,Mexico,Spanish,6.0,tt10438652
3096,Rogue Warfare: The Hunt,2019,18+,41/100,1,0,0,0,0,,,,,
3097,David Batra: Elephant in The Room,2020,,41/100,1,0,0,0,0,,,,,
3098,Settai,2013,,41/100,1,0,0,0,0,black comedy film,India,Tamil,7.0,tt2677816
3099,Department,2012,18+,41/100,1,0,0,0,0,,,,,
3100,Ralphie May: Imperfectly Yours,2013,,41/100,1,0,0,0,0,,,,5.5,tt3216296
3101,Happy Go Lucky,2014,,41/100,1,0,1,0,0,"comedy film, musical film",United States,English,6.0,tt0035969
3102,Disconnect,2018,18+,41/100,1,0,0,0,0,"comedy film, romance film",Kenya,"English, Swahili",2.0,tt8413566
3103,The App,2019,,41/100,1,0,0,0,0,,,,,
3104,Maniyarayile Ashokan,2020,,41/100,1,0,0,0,0,,India,Malayalam,1.0,tt11060730
3105,Little Singham: Kaal Ki Tabaahi,2019,,41/100,1,0,0,0,0,,,,,
3106,Savita Damodar Paranjpe,2018,,41/100,1,0,0,0,0,,India,Marathi,8.0,tt8396120
3107,Baxu and the Giants,2019,,41/100,1,0,0,0,0,"drama film, family film, fantasy film",Namibia,"English, Nama",7.0,tt10407902
3108,Merry Men: The Real Yoruba Demons,2018,,41/100,1,0,0,0,0,"drama film, comedy film, comedy drama, action film",Nigeria,"English, Yoruba",2.0,tt9837502
3109,Franco Escamilla: For the Anecdote,2018,,41/100,1,0,0,0,0,,,,,
3110,Jack Whitehall: Christmas with my Father,2019,,41/100,1,0,0,0,0,,,,,
3111,A Place in the Stars,2014,,41/100,1,0,0,0,0,"thriller film, crime film, drama film",Nigeria,English,1.0,tt3522136
3112,Gang of the Caribbean,2016,,41/100,1,0,0,0,0,,,,,
3113,The Memory of Water,2015,,41/100,1,0,0,0,0,drama film,Chile,Spanish,6.1,tt4341864
3114,All Because of You,2020,7+,41/100,1,0,0,0,0,,,,,
3115,Melle,2017,,41/100,1,0,0,0,0,,,,,
3116,Quiet Victory: The Charlie Wedemeyer Story,1988,,41/100,1,0,0,0,0,,,,,
3117,"Blue, Painful, and Brittle",2020,,41/100,1,0,0,0,0,,,,,
3118,Rodney Carrington: Here Comes The Truth,2017,,41/100,1,0,0,0,0,,,,,
3119,A Go Go Cory Carson Halloween,2020,all,41/100,1,0,0,0,0,,,,,
3120,Poacher,2018,,41/100,1,0,0,0,0,"action film, drama film, thriller film, crime film","United Kingdom, Kenya",English,6.2,tt8360146
3121,Phone Swap,2012,,41/100,1,0,0,0,0,"comedy film, romance film",Nigeria,"English, Igbo, Yoruba",10.0,tt2198109
3122,The 9th Precinct,2019,,41/100,1,0,0,0,0,,Taiwan,Standard Taiwanese Mandarin,8.0,tt10871460
3123,Norm of the North: King Sized Adventure,2019,,41/100,1,0,0,0,0,,,,1.0,tt9428190
3124,PNL - Dans la légende tour,2020,,41/100,1,0,0,0,0,,,,,
3125,Frat Star,2017,18+,41/100,1,0,0,0,0,,United States,English,1.0,tt5117484
3126,Pup Star: Better 2Gether,2017,all,41/100,1,0,0,0,0,"family film, comedy film",United States,,1.0,tt6357074
3127,Na Bangaaru Talli,2014,,41/100,1,0,0,0,0,,India,Telugu,10.0,tt4083622
3128,Panoptic,2017,,41/100,1,0,0,0,0,,,,,
3129,Stunt School,2019,,41/100,1,0,0,0,0,,,,,
3130,Ojukokoro (Greed),2016,,41/100,1,0,1,0,0,,,,,
3131,Feo pero Sabroso,2019,18+,41/100,1,0,0,0,0,comedy film,Colombia,Colombian Spanish,4.3,tt10432682
3132,Rattlesnake: The Ahanna Story,2020,,41/100,1,0,0,0,0,drama film,Nigeria,English,10.0,tt13890834
3133,Full Out 2: You Got This!,2020,,41/100,1,0,0,0,0,family film,United States,English,1.0,tt11247064
3134,Aziza,2019,,41/100,1,0,0,0,0,drama film,Tunisia,Arabic,7.0,tt0080403
3135,Baby Mamas,2018,,41/100,1,0,0,0,0,,,,6.0,tt8686460
3136,Carlos Ballarta: El Amor es de Putos,2016,,41/100,1,0,0,0,0,,,,,
3137,Todd Glass Stand-Up Special,2012,,41/100,1,0,0,0,0,,,,,
3138,Blind Intersections,2013,,41/100,1,0,0,0,0,drama film,Lebanon,Arabic,10.0,tt1918638
3139,Gumrah,1993,,41/100,1,0,0,0,0,crime film,India,Hindi,8.0,tt0107060
3140,Tuna Girl,2019,7+,41/100,1,0,0,0,0,,,,,
3141,Enissa Amani: Ehrenwort,2018,7+,41/100,1,0,0,0,0,,,,1.0,tt8328418
3142,4th Republic,2019,,41/100,1,0,0,0,0,"political drama, political satire, drama film",Nigeria,English,8.0,tt10279102
3143,Furtive,2020,,41/100,1,0,0,0,0,,,,,
3144,The Remix: Hip Hop x Fashion,2019,,41/100,1,0,0,0,0,documentary film,United States,English,8.0,tt10011480
3145,Little Dragon Maiden,1983,16+,41/100,1,0,0,0,0,fantasy film,Hong Kong,Mandarin,7.0,tt0084256
3146,Limitless,2017,,41/100,1,0,0,0,0,"action film, thriller film, science fiction film, drama film",United States,English,8.0,tt1219289
3147,Kids on the Block,2019,,41/100,1,0,0,0,0,,,,4.0,tt9533342
3148,El Sendero de la Anaconda,2019,,41/100,1,0,0,0,0,documentary film,Colombia,"English, Spanish",8.0,tt10577906
3149,GIMS: On the Record,2020,18+,41/100,1,0,0,0,0,"documentary film, musical film",France,French,10.0,tt12982218
3150,Gadaar: The Traitor,2015,7+,41/100,1,0,0,0,0,thriller film,India,Punjabi,10.0,tt4718728
3151,Growing Up,2018,,41/100,1,0,0,0,0,drama film,Taiwan,Standard Chinese,9.0,tt0085695
3152,After the Raid,2019,,41/100,1,0,0,0,0,documentary film,"United States, Mexico",,2.0,tt11324024
3153,"¡Ay, mi madre!",2019,18+,41/100,1,0,0,0,0,comedy film,Spain,Spanish,3.9,tt6213294
3154,Alan Saldaña: Locked Up,2021,,41/100,1,0,0,0,0,,,,,
3155,English Babu Desi Mem,1996,7+,41/100,1,0,0,0,0,romance film,India,Hindi,2.0,tt0136153
3156,Pacíficum,2017,,41/100,1,0,0,0,0,documentary film,Peru,Spanish,9.0,tt8026108
3157,Taxi Ballad,2012,,41/100,1,0,0,0,0,drama film,Lebanon,Arabic,1.0,tt1754578
3158,Swearnet Live,2014,,41/100,1,0,0,0,0,comedy film,Canada,English,5.4,tt3599642
3159,¡Asu Mare! 2,2015,18+,41/100,1,0,0,0,0,comedy film,Peru,Spanish,6.0,tt4528386
3160,25 Kille,2016,7+,41/100,1,0,0,0,0,drama film,India,Punjabi,5.7,tt5743858
3161,One by Two,2014,,41/100,1,0,0,0,0,romantic comedy,India,Hindi,3.9,tt2951576
3162,Garbage,2018,,41/100,1,0,0,0,0,,,,,
3163,Jonah,2016,,41/100,1,0,0,0,0,,,,,
3164,Singapore,1960,,41/100,1,0,0,0,0,,,,,
3165,"Martin Matte : La vie, la mort... eh la la..!",2019,,40/100,1,0,0,0,0,,,,,
3166,Paharganj,2019,,40/100,1,0,0,0,0,,,,3.0,tt7624840
3167,Teen Aur Aadha,2018,,40/100,1,0,0,0,0,,,,8.0,tt7028460
3168,Buddy Thunderstruck: The Maybe Pile,2017,,40/100,1,0,0,0,0,,,,,
3169,Luccas Neto em: Uma Babá Muito Esquisita,2019,,40/100,1,0,0,0,0,,,,,
3170,Mundeyan Ton Bachke Rahin,2014,7+,40/100,1,0,0,0,0,"comedy film, romance film",India,Punjabi,1.0,tt3449788
3171,Expedition China,2017,all,40/100,1,0,0,0,0,,,,9.0,tt8064392
3172,The Trader,2018,,40/100,1,0,0,0,0,documentary film,Georgia,,8.0,tt7924820
3173,Berlin Berlin,2020,,40/100,1,0,0,0,0,"comedy film, drama film, romance film",Germany,German,1.0,tt10556130
3174,Bollywood Calling,2001,,40/100,1,0,0,0,0,comedy drama,India,Hindi,6.4,tt0303733
3175,Ujala,1959,,40/100,1,0,0,0,0,,India,Hindi,8.0,tt0157132
3176,Babamın Ceketi,2018,,40/100,1,0,0,0,0,,Turkey,,,
3177,The Amazing Praybeyt Benjamin,2014,7+,40/100,1,0,0,0,0,"fantasy film, Christmas film",Philippines,Filipino,7.0,tt3828220
3178,Bosta,2005,,40/100,1,0,0,0,0,,,,,
3179,Merry Men 2: Another Mission,2019,18+,40/100,1,0,0,0,0,action film,Nigeria,English,6.6,tt11417930
3180,Joker,2012,,40/100,1,0,1,0,0,"crime film, thriller film, drama film, psychological thriller film",United States,English,10.0,tt7286456
3181,Ser Tão Velho Cerrado,2018,,40/100,1,0,0,0,0,,,,7.0,tt8820194
3182,Palermo Hollywood,2004,,40/100,1,0,0,0,0,drama film,Argentina,Spanish,8.0,tt0422907
3183,Chhota Bheem Kung Fu Dhamaka,2019,all,40/100,1,0,0,0,0,martial arts film,India,,10.0,tt10288820
3184,Captain Underpants: Epic Choice-o-rama,2020,7+,40/100,1,0,0,0,0,,,,,
3185,Up North,2018,,40/100,1,0,0,0,0,adventure film,Nigeria,English,5.0,tt8631800
3186,King of Peking,2017,,40/100,1,0,0,0,0,"comedy film, drama film","United States, Australia, People's Republic of China",,7.0,tt6148782
3187,Lal Pathar,1964,,40/100,1,0,0,0,0,,India,Bangla,8.1,tt0237394
3188,A Witches' Ball,2017,7+,40/100,1,0,0,0,0,,Canada,English,7.0,tt5814408
3189,Jada,2019,,40/100,1,0,0,0,0,,,,,
3190,Norm of the North: Keys to the Kingdom,2018,7+,40/100,1,0,0,0,0,"family film, comedy film",United States,,3.0,tt7913394
3191,When Love Happens,2014,,40/100,1,0,0,0,0,"romantic comedy, drama film, comedy drama",Nigeria,English,8.0,tt4094916
3192,Mau Nieto: viviendo sobrio… desde el bar,2018,18+,40/100,1,0,0,0,0,,,,,
3193,Bhai - Vyakti Ki Valli 2 Uttarardha,2019,,40/100,1,0,0,0,0,,,,,
3194,Bucket List,2018,,40/100,1,0,0,0,0,drama film,India,Marathi,10.0,tt7886846
3195,"All's Well, Ends Well 2009",2009,,40/100,1,0,0,0,0,romantic comedy,Hong Kong,Cantonese,7.0,tt1305854
3196,My Friend Pinto,2011,,40/100,1,0,0,0,0,comedy drama,India,Hindi,5.3,tt1512220
3197,Jackie: A Tale of Two Sisters,2017,,40/100,1,0,0,0,0,,,,,
3198,"Sí, Mi Amor",2020,,40/100,1,0,0,0,0,comedy film,Peru,Spanish,3.9,tt11734696
3199,How to Stage a Coup,2017,,40/100,1,0,0,0,0,,,,,
3200,Mumbai's King,2012,,40/100,1,0,0,0,0,drama film,India,Hindi,5.0,tt2354223
3201,Ricardo Quevedo: Hay gente así,2018,18+,40/100,1,0,0,0,0,,,,,
3202,Thaandavam,2012,,40/100,1,0,0,0,0,"action film, thriller film",India,Tamil,7.0,tt2271641
3203,Alexis Viera: A Story of Surviving,2019,,40/100,1,0,0,0,0,,,Spanish,7.2,tt10177712
3204,Red Snow,2019,,40/100,1,0,0,0,0,drama film,Canada,,6.0,tt6670074
3205,Something Huge,2017,,40/100,1,0,0,0,0,comedy film,Spain,Spanish,2.0,tt5674698
3206,The Visit,2015,,40/100,1,0,0,0,0,"psychological horror film, horror film, found footage, thriller film",United States,English,8.0,tt3567288
3207,Kaaliyan,2017,,40/100,1,0,0,0,0,,,,,tt8061488
3208,Three Thieves,2019,,40/100,1,0,0,0,0,"comedy film, drama film",Nigeria,English,10.0,tt11133472
3209,The Magic School Bus Rides Again: Kids in Space,2020,all,40/100,1,0,0,0,0,"animated film, children's film",United States,English,6.3,tt12730310
3210,Doctor Bello,2013,,40/100,1,0,0,0,0,"adventure film, drama film","Nigeria, United States",English,1.0,tt2723358
3211,2 Weeks in Lagos,2021,,40/100,1,0,0,0,0,romance film,Nigeria,"English, Nigerian Pidgin",10.0,tt10241024
3212,Doubles Cause Troubles,1989,,40/100,1,0,0,0,0,,British Hong Kong,,6.0,tt0098313
3213,Aiyyaa,2012,all,40/100,1,0,0,0,0,"musical film, romance film, comedy film",India,Hindi,4.4,tt2255934
3214,Marriage Palace,2018,,40/100,1,0,0,0,0,,,,,
3215,Schubert in Love,2016,,40/100,1,0,0,0,0,comedy film,Germany,German,8.0,tt5186874
3216,Tim Allen: Rewires America,1991,7+,40/100,1,0,0,0,0,,,,,
3217,What's Your Raashee?,2009,13+,40/100,1,0,0,0,0,romantic comedy,India,Hindi,5.0,tt1242530
3218,Mike Epps: Don't Take It Personal,2015,18+,40/100,1,0,0,0,0,stand-up comedy,United States,English,1.0,tt5339586
3219,Ricardo Quevedo: Los amargados somos más,2019,,40/100,1,0,0,0,0,,,,,
3220,Look for a Star,2009,,40/100,1,0,0,0,0,romantic comedy,Hong Kong,Cantonese,7.0,tt1312156
3221,Tee Shot: Ariya Jutanugarn,2019,,40/100,1,0,0,0,0,,,,,
3222,Right Here Right Now,2018,,40/100,1,0,0,0,0,"drama film, comedy film",Germany,German,5.4,tt6175086
3223,Pomegranates and Myrrh,2009,,40/100,1,0,0,0,0,,,,,
3224,Ricardo O'Farrill: Abrazo Genial,2016,18+,40/100,1,0,0,0,0,,,,,
3225,Grandmother's Farm Part 2,2015,,40/100,1,0,0,0,0,,,,,
3226,Lock,2016,7+,40/100,1,0,0,0,0,,,,,
3227,Shikari,1991,,40/100,1,0,0,0,0,thriller film,India,Hindi,10.0,tt0120117
3228,Once In A Lifetime Sessions with TLC,2018,,40/100,1,0,0,0,0,,,,,
3229,Thomas & Friends: Full Steam To The Rescue!,2016,,40/100,1,0,0,0,0,,,,,
3230,Reframe THEATER EXPERIENCE with you,2020,,40/100,1,0,0,0,0,concert film,Japan,Japanese,8.0,tt29546476
3231,Perfume Imaginary Museum “Time Warp”,2020,,40/100,1,0,0,0,0,,,,,
3232,This Lady Called Life,2020,,40/100,1,0,0,0,0,"drama film, romance film",Nigeria,English,6.0,tt12282600
3233,Skin,2019,,40/100,1,0,1,0,0,,,,,
3234,W/O Ram,2018,,40/100,1,0,0,0,0,thriller film,India,Telugu,6.1,tt8190748
3235,Food on the Go,2017,,40/100,1,0,0,0,0,documentary film,"Argentina, Italy",,9.0,tt7321504
3236,Go! The Unforgettable Party,2019,,40/100,1,0,0,0,0,,,,,
3237,The American Game,2019,,40/100,1,0,0,0,0,documentary film,United States,English,8.4,tt0309276
3238,Mauricio Meirelles: Generating Chaos,2020,,40/100,1,0,0,0,0,,,,,
3239,Myriam Fares: The Journey,2021,,40/100,1,0,0,0,0,,,,1.0,tt14773250
3240,Virgen de San Juan,2021,,40/100,1,0,0,0,0,,,,,
3241,Aditi Mittal: Things They Wouldn't Let Me Say,2017,18+,40/100,1,0,0,0,0,,,,8.0,tt7127976
3242,Fukrey Boyzzz: Space Mein Fukrapanti,2020,,40/100,1,0,0,0,0,,,,,
3243,Misfit 2,2019,,40/100,1,0,0,0,0,comedy film,Netherlands,Dutch,4.9,tt10813338
3244,The End of Doel's Love Story,2020,,40/100,1,0,0,0,0,,,,,
3245,Ainu Mosir,2020,,40/100,1,0,0,0,0,drama film,Japan,Japanese,9.0,tt9140354
3246,Romantik Komedi 2: Bekarlığa Veda,2013,,40/100,1,0,0,0,0,romantic comedy,Turkey,Turkish,4.0,tt2645104
3247,Candyflip,2019,,40/100,1,0,0,0,0,psychological thriller film,India,Hindi,6.0,tt5069058
3248,Captain Underpants: Mega Blissmas,2020,,40/100,1,0,0,0,0,,,,,
3249,No One Will Ever Know,2018,18+,40/100,1,0,0,0,0,,,,,
3250,The Blind Christ,2016,,40/100,1,0,0,0,0,drama film,"Chile, France",Spanish,5.8,tt4778424
3251,Dhoondte Reh Jaaoge,2009,7+,39/100,1,0,0,0,0,,India,Hindi,4.0,tt1391544
3252,Garfield's Pet Force,2009,all,39/100,1,0,0,0,0,,,,,
3253,Go! Go! Cory Carson: The Chrissy,2020,all,39/100,1,0,0,0,0,children's film,United States,English,7.2,tt12240368
3254,Super Monsters Furever Friends,2019,,39/100,1,0,0,0,0,,,,,
3255,The Mirror Boy,2011,,39/100,1,0,0,0,0,fantasy film,Nigeria,English,7.0,tt1730705
3256,Odu Raja Odu,2018,7+,39/100,1,0,0,0,0,crime thriller film,India,Tamil,8.0,tt8731842
3257,DTC -Yukemuri Junjou Hen- from HiGH & LOW,2018,,39/100,1,0,0,0,0,,,,,
3258,The Magic School Bus Rides Again in the Zone,2020,all,39/100,1,0,0,0,0,,,,,
3259,Aliens Stole My Body,2020,7+,39/100,1,0,0,0,0,,United States,,10.0,tt12517908
3260,Back to Q82,2017,,39/100,1,0,0,0,0,,,Arabic,4.3,tt6225842
3261,Splatter,2015,,39/100,1,0,0,0,0,,,,,
3262,Sat Shri Akaal England,2017,7+,39/100,1,0,0,0,0,,India,Punjabi,6.0,tt7585674
3263,Menahi,2008,,39/100,1,0,0,0,0,comedy film,Saudi Arabia,Arabic,6.6,tt9600178
3264,Twins Mission,2007,,39/100,1,0,0,0,0,"action film, science fiction film",Hong Kong,Cantonese,6.0,tt0934949
3265,Mr. Virgin,1984,,39/100,1,0,0,0,0,,British Hong Kong,,7.0,tt0350079
3266,Baadshaho,2017,,39/100,1,0,0,0,0,"historical film, action film",India,Hindi,5.0,tt4906960
3267,Once a Gangster,2010,,39/100,1,0,0,0,0,comedy film,Hong Kong,Cantonese,8.0,tt1611840
3268,The App That Stole Christmas,2020,7+,39/100,1,0,0,0,0,,,,,
3269,Saavat,2019,,39/100,1,0,0,0,0,,,,,
3270,Awon Boyz,2019,,39/100,1,0,0,0,0,,,,,
3271,Mama Drama,2020,,39/100,1,0,0,0,0,drama film,Nigeria,English,5.6,tt12424356
3272,The First Lady,2016,,39/100,1,0,0,0,0,drama film,Nigeria,English,,nm15148808
3273,Jo Koy: In His Elements,2020,18+,39/100,1,0,0,0,0,,United States,English,4.0,tt12357266
3274,Azali,2018,,39/100,1,0,0,0,0,drama film,Ghana,"Dagbanli, Akan",3.0,tt8630282
3275,The Wishing Tree,2017,,39/100,1,0,0,0,0,drama film,"Soviet Union, Georgian Soviet Socialist Republic",Georgian,8.0,tt0075963
3276,Muqaddar Ka Faisla,1987,,39/100,1,0,0,0,0,,India,Hindi,5.0,tt0239682
3277,Si saben cómo me pongo ¿pa' qué me invitan?,2018,,39/100,1,0,0,0,0,comedy film,Colombia,Spanish,1.0,tt7940122
3278,Mexicanos de bronce,2016,,39/100,1,0,0,0,0,,,,,
3279,Kisaan,2009,,39/100,1,0,0,0,0,,India,"Punjabi, Hindi",3.0,tt1372266
3280,Elevator Baby,2019,18+,39/100,1,0,0,0,0,thriller film,Nigeria,English,7.0,tt11005162
3281,The Christmas Trap,2017,7+,39/100,1,0,0,0,0,"Christmas film, drama film",United States,English,6.0,tt3396114
3282,Hope Ranch,2020,all,39/100,1,0,1,0,0,,,,,
3283,Fate of Alakada,2020,,39/100,1,0,0,0,0,comedy film,Nigeria,"English, Yoruba",6.0,tt11829884
3284,Uncovered,2019,,39/100,1,0,0,0,0,"thriller film, film based on a novel, crime film","France, United Kingdom, Spain",English,6.0,tt0111549
3285,Imago,2018,,39/100,1,0,0,0,0,,,,,
3286,"El Especial de Alex Fernández, el Especial",2017,18+,39/100,1,0,0,0,0,,,,,
3287,What Happened to Mr. Cha?,2021,,39/100,1,0,0,0,0,comedy film,South Korea,Korean,3.0,tt13667212
3288,Peace Haven,2015,,39/100,1,0,0,0,0,,,,,
3289,Kaali Khuhi,2020,16+,39/100,1,0,0,0,0,horror film,India,Hindi,1.0,tt10235600
3290,Sam Kinison: The Scream Continues,2016,,39/100,1,0,0,0,0,documentary film,,,6.0,tt6069058
3291,Jani Dueñas: Grandes fracasos de ayer y hoy,2018,,39/100,1,0,0,0,0,,,,,
3292,Hakkunde,2017,,39/100,1,0,0,0,0,drama film,Nigeria,English,8.0,tt6974886
3293,The Breakup Playlist,2015,7+,39/100,1,0,0,0,0,,Philippines,English,4.0,tt4628812
3294,Romina,2018,,39/100,1,0,0,0,0,,,,,
3295,Any Crybabies Around?,2020,,39/100,1,0,0,0,0,,Japan,Japanese,8.0,tt13082008
3296,Natalia Valdebenito: El especial,2018,,39/100,1,0,0,0,0,,,,,
3297,Bangistan,2015,,39/100,1,0,0,0,0,comedy film,India,Hindi,7.0,tt3422462
3298,Ek Khiladi Ek Haseena,2005,all,39/100,1,0,0,0,0,comedy film,India,Hindi,3.0,tt0461209
3299,Project Papa,2018,,39/100,1,0,0,0,0,,,,,
3300,Weapon of Choice,2018,,39/100,1,0,0,0,0,documentary film,"Austria, Iraq, United States",English,7.0,tt7683350
3301,Pekak,2016,,39/100,1,0,0,0,0,,Malaysia,Malay,7.0,tt4810104
3302,Tango with Me,2010,,39/100,1,0,0,0,0,romance film,Nigeria,English,6.5,tt1686795
3303,XV Beyond the Tryline,2016,,39/100,1,0,0,0,0,,,,,
3304,The Little Wars,1982,,39/100,1,0,0,0,0,,,,,
3305,Beat Bugs: All Together Now,2017,all,39/100,1,0,0,0,0,,,,,
3306,My Birthday Song,2018,,39/100,1,0,0,0,0,thriller film,India,Hindi,8.0,tt4335954
3307,Bombairiya,2019,,39/100,1,0,0,0,0,black comedy film,India,Hindi,4.0,tt4971258
3308,Still,2010,18+,39/100,1,1,0,0,0,,,,,
3309,10 Days In Sun City,2017,,39/100,1,0,0,0,0,"romantic comedy, comedy film, drama film, satire",Nigeria,English,4.0,tt10499474
3310,10 jours en or,2012,,39/100,1,0,0,0,0,comedy drama,France,,10.0,tt1729630
3311,Bonne nuit Blanche,2019,,39/100,1,0,0,0,0,,,,,
3312,Alex Fernández: The Best Comedian in the World,2020,,39/100,1,0,0,0,0,,,,,
3313,Loudon Wainwright III: Surviving Twin,2018,,39/100,1,0,0,0,0,,,,,
3314,Luccas Neto in: The End of Christmas,2019,,39/100,1,0,0,0,0,,,,,
3315,Shark Busters,2002,16+,39/100,1,0,0,0,0,,,,7.0,tt0352190
3316,Project Marathwada,2016,,39/100,1,0,0,0,0,,India,Hindi,1.0,tt5714802
3317,The Worthy,2016,,39/100,1,0,0,0,0,thriller film,United Arab Emirates,Arabic,9.0,tt4943218
3318,Dorasaani,2019,,39/100,1,0,0,0,0,,India,,6.0,tt10369210
3319,Jindua,2017,,39/100,1,0,0,0,0,,India,Punjabi,10.0,tt5917052
3320,Tiger,2016,,39/100,1,0,0,0,0,,,,,
3321,Mission: Destroy Love,2014,,39/100,1,0,0,0,0,,,,,
3322,Husbands in Goa,2012,,39/100,1,0,0,0,0,comedy film,India,Malayalam,1.0,tt2407826
3323,Miss India,2020,,39/100,1,0,0,0,0,drama film,India,Telugu,1.0,tt11199310
3324,Laatu,2018,7+,39/100,1,0,0,0,0,drama film,India,Punjabi,10.0,tt8983240
3325,Penalty,2019,,39/100,1,0,0,0,0,,,,,
3326,Tattoo of Revenge,2018,18+,39/100,1,0,0,0,0,,,,,
3327,Mauli,2018,,39/100,1,0,0,0,0,action film,India,Marathi,7.0,tt8826936
3328,Once in a Lifetime Sessions with Moby,2018,,39/100,1,0,0,0,0,,,,,
3329,Mujeres arriba,2020,,39/100,1,0,0,0,0,comedy film,Chile,Spanish,9.0,tt10349240
3330,A Go! Go! Cory Carson Christmas,2020,all,39/100,1,0,0,0,0,,,,,
3331,Eve's Apple,2017,,39/100,1,0,0,0,0,documentary film,Spain,Spanish,6.8,tt7388694
3332,SPF-18,2017,13+,39/100,1,0,0,0,0,comedy film,United States,English,1.0,tt7296862
3333,Needhi Singh,2016,7+,39/100,1,0,0,0,0,,India,Punjabi,8.0,tt5026484
3334,Luccas Neto in: Children's Day,2019,,39/100,1,0,0,0,0,,,,,
3335,Are We Done,2018,,39/100,1,0,0,0,0,"family film, comedy film",Egypt,Arabic,8.0,tt8898544
3336,Life Ki Toh Lag Gayi,2012,7+,39/100,1,0,0,0,0,action comedy film,India,Hindi,10.0,tt2327389
3337,Bekia,2018,,39/100,1,0,0,0,0,,,,,
3338,Light in the Dark,2020,16+,39/100,1,0,0,0,0,"thriller film, drama film",Nigeria,English,6.0,tt8530796
3339,Little Singham: Kaal Ka Badla,2020,,39/100,1,0,0,0,0,,,,,
3340,New Money,2018,,39/100,1,0,0,0,0,"comedy drama, drama film",Nigeria,English,1.0,tt7493184
3341,Here Comes the Rain,2011,,38/100,1,0,0,0,0,,,,,
3342,Chhota Bheem & Krishna in Mayanagari,2011,,38/100,1,0,0,0,0,,,,,
3343,Karkar,2007,,38/100,1,0,0,0,0,comedy film,Egypt,Arabic,1.0,tt5870646
3344,Pup Star: World Tour,2018,all,38/100,1,0,0,0,0,,Canada,English,8.0,tt7322864
3345,Kasanova,2019,,38/100,1,0,0,0,0,romance film,Nigeria,English,10.0,tt10887282
3346,Bobbleheads: The Movie,2020,7+,38/100,1,0,0,0,0,,,,2.0,tt13292206
3347,"Pop, Lock 'n Roll",2017,,38/100,1,0,0,0,0,,,,,
3348,Chief Daddy,2018,,38/100,1,0,0,0,0,comedy drama,Nigeria,"English, Yoruba",5.0,tt9652322
3349,Felipe Neto: My Life Makes No Sense,2017,,38/100,1,0,0,0,0,,,,,
3350,BNK48: One Take,2020,,38/100,1,0,0,0,0,documentary film,Thailand,,5.9,tt12401232
3351,A Yellow Bird,2016,,38/100,1,0,0,0,0,drama film,France,English,9.0,tt5709164
3352,A Trip to Jamaica,2017,,38/100,1,0,0,0,0,"comedy film, drama film",Nigeria,English,9.0,tt6334740
3353,Cross: Rise of the Villains,2019,18+,38/100,1,0,0,0,0,"science fiction film, action film",,,1.0,tt6197400
3354,Nothing to Lose - Part 2,2019,13+,38/100,1,0,0,0,0,,,,,
3355,Calico Critters: Everyone's Big Dream Flying in the Sky,2020,,38/100,1,0,0,0,0,,,,,
3356,Mumbai Matinee,2003,,38/100,1,0,0,0,0,romantic comedy,India,"Hindi, English",4.0,tt0382188
3357,PhotoCopy,2016,,38/100,1,0,0,0,0,romantic comedy,India,Marathi,7.0,tt4687508
3358,Silence Is Welcome,2017,,38/100,1,0,0,0,0,,,,,
3359,The Birth Reborn 3,2018,13+,38/100,1,0,0,0,0,documentary film,Brazil,Brazilian Portuguese,8.0,tt27751350
3360,Chocolate City: Vegas Strip,2016,13+,38/100,1,0,0,0,0,"comedy film, drama film",United States,English,3.7,tt5485482
3361,Arsenio Hall: Smart and Classy,2019,,38/100,1,0,0,0,0,,,,,
3362,What's Up?,2006,,38/100,1,0,0,0,0,drama film,Brazil,Portuguese,1.0,tt0406383
3363,Mariah Carey's Merriest Christmas,2015,all,38/100,1,0,0,0,0,,,,,
3364,Sam Kinison: Live in Vegas,1991,,38/100,1,0,0,0,0,,,,,
3365,We Are All for the Fatherland,1979,,38/100,1,0,0,0,0,documentary film,"Lebanon, Canada, France",French,6.3,tt0170799
3366,90 ML,2019,,38/100,1,0,0,0,0,comedy drama,India,Tamil,9.0,tt8268916
3367,The Midas Touch,2013,,38/100,1,0,0,0,0,comedy film,Hong Kong,Cantonese,5.0,tt3173512
3368,Ni de coña,2020,,38/100,1,0,0,0,0,comedy film,Spain,Spanish,3.0,tt13167556
3369,Faraar,2015,13+,38/100,1,0,0,0,0,,India,Punjabi,10.0,tt4984868
3370,Without Gorky,2013,,38/100,1,0,0,0,0,,,,,
3371,Mr. Chandramouli,2018,18+,38/100,1,0,0,0,0,boxing film,India,Tamil,10.0,tt7486356
3372,#Rucker50,2016,,38/100,1,0,0,0,0,documentary film,,,5.0,tt6475636
3373,Blitz Patrollie,2012,,38/100,1,0,0,0,0,,,,,
3374,Muran,2011,,38/100,1,0,0,0,0,,,,,
3375,Dismissal,2017,18+,38/100,1,0,0,0,0,,,,,
3376,Maj Rati Keteki,2017,,38/100,1,0,0,0,0,,India,Assamese,9.0,tt8914956
3377,Hans Teeuwen: Real Rancour,2016,,38/100,1,0,0,0,0,,,,,
3378,Anthony Kaun Hai?,2006,,38/100,1,0,0,0,0,,India,Hindi,9.0,tt0800981
3379,True: Friendship Day,2020,,38/100,1,0,0,0,0,,,,,
3380,Seven Souls in the Skull Castle,2013,,38/100,1,0,0,0,0,,,,,
3381,Freshman Year,2019,,38/100,1,0,0,0,0,musical film,United States,English,6.6,tt0030158
3382,The Accidental Spy,2017,,38/100,1,0,0,0,0,crime comedy film,Nigeria,English,1.0,tt6921426
3383,Chhota Bheem in the Incan Adventure,2013,,38/100,1,0,0,0,0,,,,,
3384,A Go! Go! Cory Carson Summer Camp,2020,,38/100,1,0,0,0,0,,United States,English,2.0,tt12748256
3385,Zero Hour,2019,,38/100,1,0,0,0,0,"thriller film, action film, drama film",Venezuela,Spanish,8.0,tt1322302
3386,Bir Baba Hindu,2016,13+,38/100,1,0,0,0,0,comedy film,Turkey,Turkish,1.0,tt5608972
3387,Lechmi,2017,,38/100,1,0,0,0,0,comedy horror,India,Malayalam,6.0,tt6942450
3388,We Are Legends,2019,,38/100,1,0,0,0,0,,Hong Kong,,4.0,tt10076722
3389,Mokalik (Mechanic),2019,,38/100,1,0,0,0,0,,,,,
3390,Anchor Baby,2010,,38/100,1,0,1,0,0,drama film,"Canada, Nigeria",English,9.0,tt1666555
3391,Ayana,2017,,38/100,1,0,0,0,0,,,,,
3392,Voulez-vous rire avec moi ce soir?,2018,,38/100,1,0,0,0,0,,,,,
3393,David A. Arnold: Fat Ballerina,2020,,38/100,1,0,0,0,0,,,,,
3394,High End Yaariyaan,2019,,38/100,1,0,0,0,0,,,,,
3395,Park Na-rae: Glamour Warning,2019,,38/100,1,0,0,0,0,,,,,
3396,Uncle Naji in UAE,2019,13+,38/100,1,0,0,0,0,,,,,
3397,Kanavu Variyam,2017,all,38/100,1,0,0,0,0,,India,Tamil,8.0,tt5254636
3398,An Imperfect Murder,2017,18+,38/100,1,0,0,0,0,drama film,United States,English,3.0,tt6469960
3399,Jefe,2018,18+,38/100,1,0,0,0,0,comedy film,"Spain, Portugal",Spanish,1.0,tt7527538
3400,Shortcut Safari,2016,,38/100,1,0,0,0,0,,India,Hindi,10.0,tt4505006
3401,Nimbe,2019,,38/100,1,0,0,0,0,drama film,Nigeria,English,10.0,tt8718112
3402,Zoé Panoramas,2017,,38/100,1,0,0,0,0,,,,,
3403,Ugly Aur Pagli,2008,,38/100,1,0,0,0,0,romantic comedy,India,Hindi,3.0,tt1132606
3404,The Perfect Picture: Ten Years Later,2019,,38/100,1,0,0,0,0,comedy drama,Ghana,English,6.4,tt12058774
3405,Last Night,2018,,37/100,1,0,0,0,0,,,,,
3406,I’m No Longer Here: A Conversation with Guillermo Del Toro & Alfonso Cuarón,2020,,37/100,1,0,0,0,0,,,,,
3407,Super Monsters Save Christmas,2019,all,37/100,1,0,0,0,0,,,,,
3408,Aaviri,2019,,37/100,1,0,0,0,0,,India,Telugu,1.0,tt10081210
3409,The Set Up,2019,18+,37/100,1,0,0,0,0,"crime film, drama film",Nigeria,English,7.0,tt10397734
3410,Soldier,1998,,37/100,1,0,0,0,0,"action film, science fiction film, adventure film, dystopian film",United States,English,7.0,tt0120157
3411,Guatemala: Corazón del Mundo Maya,2019,,37/100,1,0,0,0,0,,,,,
3412,Dark Forces,2020,,37/100,1,0,0,0,0,"action film, thriller film, horror film",Mexico,Spanish,5.0,tt12536776
3413,Mercy,2016,all,37/100,1,0,0,0,0,,,,,
3414,Confusion Na Wa,2013,,37/100,1,0,0,0,0,"comedy film, drama film, LGBT-related film",Nigeria,"English, Nigerian Pidgin",9.0,tt3012648
3415,Pretville,2012,,37/100,1,0,0,0,0,musical film,South Africa,Afrikaans,2.0,tt2631210
3416,Alejandro Riaño: Especial de stand up,2018,,37/100,1,0,0,0,0,,,,,
3417,Krutant,2019,,37/100,1,0,0,0,0,,,,7.0,tt9575388
3418,Kalek Shanab,2019,13+,37/100,1,0,0,0,0,,,,,
3419,Finding Agnes,2020,,37/100,1,0,0,0,0,,,,3.0,tt13328840
3420,Pranaam,2019,,37/100,1,0,0,0,0,action film,India,,1.0,tt7228072
3421,First Kiss,2018,,37/100,1,0,0,0,0,,,,,
3422,Bhasmasur,2017,,37/100,1,0,0,0,0,,,,,tt0390914
3423,The CEO,2016,13+,37/100,1,0,0,0,0,mystery film,Nigeria,"English, French, Arabic",9.0,tt5036924
3424,Adhugo,2018,,37/100,1,0,0,0,0,,India,Telugu,6.2,tt7822454
3425,The Reservoir Game,2017,,37/100,1,0,0,0,0,,South Korea,"English, Korean",2.0,tt7867724
3426,Virunga: Gorillas in Peril,2015,,37/100,1,0,0,0,0,,,,,
3427,Kaake Da Viyah,2019,,37/100,1,0,0,0,0,,,,,
3428,The Delivery Boy,2018,,37/100,1,0,0,0,0,"drama film, thriller film",Nigeria,"Hausa, English",8.0,tt8541826
3429,Coco y Raulito: Carrusel de ternura,2018,13+,37/100,1,0,0,0,0,,,,,
3430,"Hoshino Gen Dome Tour ""POP VIRUS"" at Tokyo Dome",2019,all,37/100,1,0,0,0,0,,,,,
3431,Cultivating the Seas: History and Future of the Full-Cycle Cultured Kindai Tuna,2019,,37/100,1,0,0,0,0,,,,,
3432,Elf Pets: A Fox Cub's Christmas Tale,2019,,37/100,1,0,0,0,0,,,,,
3433,Anaamika,2014,7+,37/100,1,0,0,0,0,drama film,India,Telugu,7.0,tt2939898
3434,American Factory: A Short Conversation with the Obamas,2019,,37/100,1,0,0,0,0,,,,,
3435,The First Line,2014,,37/100,1,0,0,0,0,drama film,"Greece, United States",,4.7,tt3422314
3436,The Netflix Afterparty: The Best Shows of The Worst Year,2020,,37/100,1,0,0,0,0,,,,,
3437,In Line,2017,,37/100,1,0,0,0,0,,,,,
3438,To Be of Service,2019,,37/100,1,0,0,0,0,,,,,
3439,In My Country,2017,,37/100,1,0,0,0,0,action film,Nigeria,English,8.0,tt13163252
3440,Super Monsters: Dia de los Monsters,2020,all,37/100,1,0,0,0,0,,,,,
3441,Super Monsters: The New Class,2020,,37/100,1,0,0,0,0,,,,,
3442,Wives on Strike,2016,,37/100,1,0,0,0,0,comedy film,Nigeria,English,8.7,tt14605594
3443,The Millions,2019,,37/100,1,0,0,0,0,"comedy film, thriller film",Nigeria,English,5.3,tt10912990
3444,Don't Go Breaking My Heart 2,2014,,37/100,1,0,0,0,0,romantic comedy,People's Republic of China,Cantonese,5.0,tt3121474
3445,Uqdat el-Khawagah,2018,,37/100,1,0,0,0,0,"comedy film, drama film",Egypt,Arabic,4.7,tt7919856
3446,Kolaiyuthir Kaalam,2019,,37/100,1,0,0,0,0,thriller film,India,Tamil,1.0,tt6280858
3447,Super Monsters: Vida's First Halloween,2019,,37/100,1,0,0,0,0,,,,,
3448,Bangkok Hell: Nor Chor - The Prisoners,2002,,37/100,1,0,0,0,0,,,,,
3449,Saadey CM Saab,2016,7+,37/100,1,0,0,0,0,,,,,
3450,The Women Who Kill Lions,2016,13+,37/100,1,0,0,0,0,documentary film,,,9.0,tt5859338
3451,Fadily Camara: La plus drôle de tes copines,2019,,37/100,1,0,0,0,0,,,,,
3452,Grandmother's Farm,2013,,37/100,1,0,0,0,0,,,,,
3453,Edoardo Ferrario: Temi Caldi,2019,,37/100,1,0,0,0,0,,,,,
3454,La Leyenda del Diamante,2018,,37/100,1,0,0,0,0,,,,,
3455,Fronteras,2020,18+,37/100,1,0,0,0,0,,,,,
3456,Nasha,2013,13+,37/100,1,0,0,0,0,erotic film,India,Hindi,3.0,tt3044882
3457,Oru Visheshapetta Biriyani Kissa,2017,,37/100,1,0,0,0,0,,,,,
3458,To and From New York,2006,,36/100,1,0,0,0,0,,,,8.0,tt0889225
3459,Osuofia in London 2,2004,,36/100,1,0,0,0,0,comedy drama,Nigeria,"English, Igbo",9.0,tt0493828
3460,Iyore,2015,,36/100,1,0,0,0,0,drama film,Nigeria,English,7.5,tt4512896
3461,Mi amigo Alexis,2019,,36/100,1,0,0,0,0,,,,,
3462,Penalty Kick,2018,13+,36/100,1,0,0,0,0,comedy film,Mexico,Spanish,5.0,tt8007436
3463,We Are One,2020,18+,36/100,1,0,0,0,0,,,,,
3464,Oloibiri,2015,,36/100,1,0,0,0,0,"action film, drama film, thriller film",Nigeria,English,2.0,tt4452274
3465,Bombshell - The Sinking Of The Rainbow Warrior,2016,,36/100,1,0,0,0,0,,,,,
3466,Beyond the Boundary: ICC Women's T20 World Cup Australia 2020,2020,,36/100,1,0,0,0,0,,,,,
3467,Loving is Losing,2019,,36/100,1,0,0,0,0,comedy film,Colombia,Spanish,5.0,tt9619402
3468,RebellComedy: Straight Outta the Zoo,2021,18+,36/100,1,0,0,0,0,,,,,
3469,Luccas Neto in: Summer Camp,2019,,36/100,1,0,0,0,0,,,,,
3470,Kavin Jay : Everybody Calm Down!,2018,,36/100,1,0,0,0,0,,,,,
3471,Ali and Alia,2019,13+,36/100,1,0,0,0,0,,,,,
3472,Bridezilla,2019,,36/100,1,0,0,0,0,,Indonesia,Indonesian,6.0,tt10589924
3473,Macho,2016,,36/100,1,0,0,0,0,Spaghetti Western,Italy,"Spanish, Italian",4.0,tt0169846
3474,Slow Country,2017,18+,36/100,1,0,0,0,0,,,,,
3475,Lara and the Beat,2018,,36/100,1,0,0,0,0,"musical film, romance",Nigeria,"English, Yoruba",10.0,tt7819668
3476,Bogda,2018,,36/100,1,0,0,0,0,,,,,
3477,True: Winter Wishes,2019,all,36/100,1,0,0,0,0,,,,,
3478,Jugaad,2009,,36/100,1,0,0,0,0,drama film,India,Hindi,5.3,tt2066899
3479,Prince of Peoria A Christmas Moose Miracle,2018,all,36/100,1,0,0,0,0,,,,,
3480,Aerials,2016,,36/100,1,0,0,0,0,"drama film, science fiction film, thriller film",United Arab Emirates,English,1.0,tt5314138
3481,Fan of Amoory,2018,,36/100,1,0,0,0,0,,,,,
3482,Your Excellency,2019,,36/100,1,0,0,0,0,"comedy drama, satire, drama film, political satire",Nigeria,English,9.0,tt11489288
3483,Love Is War,2019,,36/100,1,0,0,0,0,comedy drama,Nigeria,English,6.7,tt10799940
3484,Solo el amor,2018,,36/100,1,0,0,0,0,drama film,Argentina,Spanish,5.0,tt8438438
3485,Chhota Bheem Aur Hanuman,2013,,36/100,1,0,0,0,0,,India,Hindi,7.0,tt6417854
3486,Marco Luque - We are together,2017,,36/100,1,0,0,0,0,,,,,
3487,The Birth Reborn 2,2018,7+,36/100,1,0,0,0,0,documentary film,Brazil,Brazilian Portuguese,9.0,tt16114198
3488,Chico Bon Bon and the Very Berry Holiday,2020,,36/100,1,0,0,0,0,,,,,
3489,R. K. Nagar,2019,,36/100,1,0,0,0,0,,,,,
3490,Sur Sapata,2019,,36/100,1,0,0,0,0,,,,,
3491,The Magic School Bus Rides Again: The Frizz Connection,2020,,36/100,1,0,0,0,0,,,,,
3492,5Gang: A Different Kind of Christmas,2019,,36/100,1,0,0,0,0,,,,,
3493,Natalie Palamides: Nate - A One Man Show,2020,,36/100,1,0,0,0,0,,United States,English,8.0,tt10798934
3494,Fabrizio Copano: solo pienso en mí,2017,,36/100,1,0,0,0,0,,,,,
3495,Sommore: The Reign Continues,2015,18+,36/100,1,0,0,0,0,,,,,
3496,Daniel Sosa: Sosafado,2017,18+,36/100,1,0,0,0,0,stand-up comedy,Mexico,Spanish,1.0,tt6502534
3497,Khoon Khoon,1973,,36/100,1,0,0,0,0,action film,India,Hindi,5.0,tt0230412
3498,Wives on Strike: The Revolution,2019,,36/100,1,0,0,0,0,,Nigeria,,,
3499,It's Her Day,2016,,36/100,1,0,0,0,0,romantic comedy,Nigeria,English,5.9,tt12916126
3500,Chhota Bheem Aur Ganesh in The Amazing Odyssey,2012,,36/100,1,0,0,0,0,,,,,
3501,Brother's Shadow,2006,,36/100,1,0,0,0,0,drama film,United States,English,7.0,tt0468458
3502,Saverio Raimondo: Il Satiro Parlante,2019,13+,36/100,1,0,0,0,0,,,,,
3503,History of Joy,2017,,36/100,1,0,0,0,0,drama film,India,,3.0,tt6650436
3504,"Hello, Privilege. It's Me, Chelsea",2019,,36/100,1,0,0,0,0,documentary film,United States,"English, American English",1.0,tt10847138
3505,Into the Wind,2018,,36/100,1,0,0,0,0,drama film,Czech Republic,,4.0,tt8476276
3506,Super Monsters and the Wish Star,2018,,36/100,1,0,0,0,0,,,,,
3507,Lagos Real Fake Life,2018,,36/100,1,0,0,0,0,comedy film,Nigeria,English,,tt15150376
3508,Rise: Ini Kalilah,2018,,36/100,1,0,0,0,0,political film,Malaysia,Malay,1.0,tt9866736
3509,Finding Hubby,2020,,36/100,1,0,0,0,0,"comedy film, drama film, romance film",Nigeria,English,8.0,tt13540496
3510,Elf Pets: Santas Reindeer Rescue,2020,,36/100,1,0,0,0,0,,,,,
3511,Imperfect,2012,,36/100,1,0,0,0,0,,,,,
3512,Fernando Sanjiao: Hombre,2018,,36/100,1,0,0,0,0,,,,,
3513,Pagpag: Nine Lives,2013,16+,35/100,1,0,0,0,0,,,,,
3514,Super Monsters: Santa's Super Monster Helpers,2020,,35/100,1,0,0,0,0,,,,,
3515,Miniforce: New Heroes Rise,2016,,35/100,1,0,0,0,0,,,,,
3516,Chhota Bheem In Dholakpur to Kathmandu,2012,all,35/100,1,0,0,0,0,,,,,
3517,The Bling Lagosians,2019,,35/100,1,0,0,0,0,drama film,Nigeria,English,10.0,tt10410186
3518,Thug Life,2017,,35/100,1,0,0,0,0,,India,,1.0,tt23398540
3519,In Paradox,2019,,35/100,1,0,0,0,0,,,,,
3520,Gollu Aur Pappu,2014,all,35/100,1,0,0,0,0,,India,Hindi,1.0,tt4219300
3521,Harith Iskander: I Told You So,2018,,35/100,1,0,0,0,0,,,,,
3522,Dieter Nuhr: Nuhr in Berlin,2016,,35/100,1,0,0,0,0,,,,,
3523,Table Manners,2018,,35/100,1,0,0,0,0,,,,,
3524,Puppy Star Christmas,2018,7+,35/100,1,0,0,0,0,Christmas film,United States,English,5.0,tt8861786
3525,Go Buster!,2018,,35/100,1,0,0,0,0,,,,,
3526,Santa Banta Pvt Ltd,2016,,35/100,1,0,0,0,0,,,,,
3527,Habibi Na'eman,2009,,35/100,1,0,0,0,0,,Egypt,Arabic,,
3528,Yeh Hai Bakrapur,2015,,35/100,1,0,0,0,0,,India,Hindi,7.0,tt3524410
3529,Hunter in the Blue Side of Manchester,2020,,35/100,1,0,0,0,0,,,,,
3530,Mighty Express: A Mighty Christmas,2020,,35/100,1,0,0,0,0,,,,,
3531,Bandie,1978,,35/100,1,0,0,0,0,,India,,4.5,tt1219315
3532,Francesco De Carlo: Cose di Questo Mondo,2019,,35/100,1,0,0,0,0,,,,,
3533,Super Monsters Back to School,2019,,35/100,1,0,0,0,0,,,,,
3534,What the Fish,2013,13+,35/100,1,0,0,0,0,,India,Hindi,8.0,tt3357416
3535,Gina Yashere: Laughing To America,2014,,35/100,1,0,1,0,0,,,,7.2,tt13087566
3536,Mujrim,2001,,35/100,1,0,0,0,0,"action film, melodrama",India,Hindi,8.0,tt0097926
3537,Next Enti?,2018,,35/100,1,0,0,0,0,romantic comedy,India,Telugu,2.0,tt6972212
3538,Satria Heroes: Revenge of Darkness,2017,,35/100,1,0,0,0,0,,Indonesia,Indonesian,5.5,tt9033440
3539,Meet The in-Laws,2016,,35/100,1,0,0,0,0,,,,8.0,tt8332742
3540,StarBeam: Halloween Hero,2020,,35/100,1,0,0,0,0,,,,,
3541,DreamWorks Home: For the Holidays,2017,13+,35/100,1,0,0,0,0,,,,,
3542,Lakeeran,2016,,35/100,1,0,0,0,0,,India,Punjabi,6.6,tt6115284
3543,Gbomo Gbomo Express,2015,,35/100,1,0,0,0,0,crime film,Nigeria,English,5.2,tt4527090
3544,Okafor's Law,2017,,35/100,1,0,0,0,0,"comedy film, drama film, romance film",Nigeria,English,7.0,tt5955112
3545,Virsa,2010,,35/100,1,0,0,0,0,,India,Punjabi,1.0,tt1636842
3546,La gran il·lusió amb el Mago Pop,2016,,35/100,1,0,0,0,0,,,,,
3547,Life of An Outcast,2018,,35/100,1,0,0,0,0,,,,,
3548,Being Mrs Elliot,2014,,35/100,1,0,0,0,0,"romantic comedy, comedy film, drama film",Nigeria,English,10.0,tt4387222
3549,Ek Jaan Hain Hum,1983,,35/100,1,0,0,0,0,,,,5.3,tt0379272
3550,Hot Gimmick: Girl Meets Boy,2019,,35/100,1,0,0,0,0,romance film,Japan,Japanese,1.0,tt10061256
3551,Ricardo O'Farrill: Abrazo Navideño,2016,18+,35/100,1,0,0,0,0,,,,,
3552,Ibrahim: A Fate to Define,2019,,34/100,1,0,0,0,0,documentary film,Lebanon,Arabic,7.3,tt10777716
3553,Mahi NRI,2017,,34/100,1,0,0,0,0,,,,,
3554,The End,2019,,34/100,1,0,0,0,0,,,,,
3555,Ban'yuuki,2010,,34/100,1,0,0,0,0,,,,,
3556,Surviving R. Kelly: The Impact,2019,7+,34/100,1,0,0,0,0,,,,,
3557,Besieged Bread,2016,,34/100,1,0,0,0,0,,,,7.0,tt4661188
3558,Ms J Contemplates Her Choice,2014,18+,34/100,1,0,0,0,0,,Singapore,,9.0,tt4330370
3559,Mythily Veendum Varunnu...,2017,,34/100,1,0,0,0,0,,,,,
3560,El límite infinito,2020,,34/100,1,0,0,0,0,documentary film,Argentina,,7.2,tt13239776
3561,The Price of Success,2017,,34/100,1,0,0,0,0,drama film,France,French,8.0,tt6194540
3562,Bathinda Express,2016,7+,34/100,1,0,0,0,0,,,,,
3563,Alexis de Anda: Mea Culpa,2017,,34/100,1,0,0,0,0,,,,,
3564,Oh Darling! Yeh Hai India!,1995,all,34/100,1,0,0,0,0,"comedy drama, romance film",India,Hindi,8.0,tt0114031
3565,Geezas,2011,,34/100,1,0,0,0,0,,,,,
3566,Banana Island Ghost,2017,,34/100,1,0,0,0,0,comedy film,Nigeria,English,6.0,tt8149090
3567,Good and Prosperous,2017,,34/100,1,0,0,0,0,comedy film,Egypt,,8.0,tt7502828
3568,Who's the Boss,2020,,34/100,1,0,0,0,0,romantic comedy,Nigeria,English,10.0,tt13370858
3569,Hajwala 2: Mysterious Mission,2018,13+,34/100,1,0,0,0,0,"thriller film, adventure film",United Arab Emirates,Arabic,1.0,tt8531618
3570,Rembat,2015,,34/100,1,0,0,0,0,action film,,Malay,5.8,tt7785062
3571,Couple Of Days,2016,,34/100,1,0,0,0,0,romantic comedy,Nigeria,English,7.0,tt9741588
3572,London Hughes: To Catch A D*ck,2020,,34/100,1,0,0,0,0,,United States,,1.0,tt13528526
3573,Fakkah Fuzz: Almost Banned,2018,,34/100,1,0,0,0,0,,,,,
3574,Sanitation Day,2021,,34/100,1,0,0,0,0,thriller film,Nigeria,English,1.0,tt13445916
3575,Himmatwala,2013,,34/100,1,0,0,0,0,"action comedy film, comedy film",India,Hindi,1.0,tt2344678
3576,The Island,2018,,34/100,1,0,0,0,0,"action film, science fiction film, post-apocalyptic film, dystopian film",United States,English,9.0,tt0399201
3577,Kaagar,2019,,34/100,1,0,0,0,0,,India,Marathi,1.0,tt8907844
3578,Payday,2018,,34/100,1,0,0,0,0,comedy drama,Nigeria,English,2.0,tt8960334
3579,Spookley and the Christmas Kittens,2019,,34/100,1,0,0,0,0,,,,,
3580,Simplemente Manu NNa,2017,,34/100,1,0,0,0,0,,,,,
3581,True: Rainbow Rescue,2020,,34/100,1,0,0,0,0,,Canada,English,7.1,tt12264582
3582,Yoo Byung Jae: Too Much Information,2018,,34/100,1,0,0,0,0,,,,,
3583,Mighty Raju Rio Calling,2014,all,34/100,1,0,0,0,0,,India,,6.6,tt3855406
3584,Moms at War,2018,,33/100,1,0,0,0,0,comedy drama,Nigeria,English,1.0,tt8844480
3585,Grillo vs Grillo,2017,,33/100,1,0,0,0,0,,,,,
3586,Mahjong Heroes,1981,,33/100,1,0,0,0,0,,Hong Kong,,5.5,tt0445305
3587,The Land of Cards,2013,,33/100,1,0,0,0,0,fantasy film,India,Bangla,5.0,tt2261700
3588,Drink Drank Drunk,2016,,33/100,1,0,0,0,0,,Hong Kong,,5.0,tt6899800
3589,Cold Harbour,2014,,33/100,1,0,0,0,0,crime film,South Africa,Afrikaans,7.0,tt2396369
3590,True: Wuzzle Wegg Day,2020,,33/100,1,0,0,0,0,,,,,
3591,Lo más sencillo es complicarlo todo,2018,7+,33/100,1,0,0,0,0,comedy film,Mexico,Spanish,4.0,tt5507934
3592,Chhota Bheem & Krishna vs Zimbara,2013,,33/100,1,0,0,0,0,,,,,
3593,An Unremarkable Christmas,2020,,33/100,1,0,0,0,0,,Colombia,Spanish,3.4,tt13607632
3594,Chadi Jawani Budhe Nu,1976,,33/100,1,0,0,0,0,,India,Punjabi,4.6,tt3290368
3595,Die Ontwaking,2016,,33/100,1,0,0,0,0,,South Africa,Afrikaans,6.0,tt4993990
3596,Wedy Atkalam,2018,,33/100,1,0,0,0,0,,,,,
3597,Luckee,2019,,33/100,1,0,0,0,0,romantic comedy,India,Marathi,4.7,tt9466786
3598,Truckbhar Sapne,2018,,33/100,1,0,0,0,0,,,,,
3599,Liss Pereira: Renteniendo Liquidos,2019,,33/100,1,0,0,0,0,,,,,
3600,"Chatô, The King of Brazil",2015,,33/100,1,0,0,0,0,,,,,
3601,Thomas e Seus Amigos - A Locomotiva Real,2020,,33/100,1,0,0,0,0,,,,,
3602,Asuraguru,2020,,32/100,1,0,0,0,0,,,,,
3603,Santo Cachón,2018,,32/100,1,0,0,0,0,comedy film,Colombia,Spanish,4.8,tt9189572
3604,Hajwala: The Missing Engine,2016,13+,32/100,1,0,0,0,0,"crime film, adventure film",United Arab Emirates,Arabic,10.0,tt6200274
3605,Arango y Sanint: Ríase el show,2018,,32/100,1,0,0,0,0,,,,,
3606,Match,2017,,32/100,1,0,0,0,0,,,,,
3607,One Like It,2020,,32/100,1,0,0,0,0,,,,,
3608,What the Jatt!!,2015,all,32/100,1,0,0,0,0,romantic comedy,India,Punjabi,1.0,tt5080254
3609,Deewana Main Deewana,2013,,32/100,1,0,0,0,0,romantic comedy,India,Hindi,10.0,tt2361022
3610,Pooja Kiven Aa,2013,7+,32/100,1,0,0,0,0,,India,Punjabi,8.0,tt2767806
3611,Sin City,2019,,32/100,1,0,0,0,0,"crime film, neo-noir, drama film, action film",United States,English,9.0,tt0401792
3612,Freej Al Taibeen,2018,13+,32/100,1,0,0,0,0,,,,,
3613,Sei,2018,,31/100,1,0,0,0,0,,,,,
3614,The Ghost and the Tout,2018,,31/100,1,0,0,0,0,"comedy film, fantasy film, thriller film, drama film",Nigeria,"English, Yoruba, Nigerian Pidgin",7.0,tt11802938
3615,Dushman,2017,,31/100,1,0,0,0,0,,India,Punjabi,5.4,tt6268302
3616,Dil Vil Pyaar Vyaar,2014,all,31/100,1,0,0,0,0,,India,Punjabi,6.7,tt3723864
3617,Small Chops,2020,,31/100,1,0,0,0,0,drama film,Nigeria,English,10.0,tt11822492
3618,After Maria,2019,,31/100,1,0,0,0,0,documentary film,United States,Spanish,1.0,tt10136680
3619,Yoo Byung Jae: Discomfort Zone,2018,,31/100,1,0,0,0,0,,,,,
3620,Chal Bhaag,2014,7+,31/100,1,0,0,0,0,,India,Hindi,3.6,tt3542028
3621,Crazy People,2018,,30/100,1,0,0,0,0,drama film,Nigeria,English,1.0,tt8542144
3622,Holy Expectations,2019,,30/100,1,0,0,0,0,comedy film,Colombia,Spanish,5.4,tt10945950
3623,"Edmilson Filho: Notas, Comedy about Relationships",2018,,30/100,1,0,0,0,0,,,,,
3624,Grego Rossello: disculpe las molestias,2019,18+,29/100,1,0,0,0,0,,,,,
3625,Last Flight to Abuja,2012,,29/100,1,0,0,0,0,"action film, drama film, disaster film, thriller film",Nigeria,English,1.0,tt2287851
3626,Catch.er,2017,,29/100,1,0,0,0,0,drama film,Nigeria,English,,
3627,Tatu,2017,,29/100,1,0,0,0,0,,,,,
3628,Hattrick,2007,7+,29/100,1,0,0,0,0,drama film,India,Hindi,8.0,tt0979891
3629,S Storm,2016,13+,29/100,1,0,0,0,0,"crime thriller film, drama film",People's Republic of China,Cantonese,1.0,tt5998744
3630,Thomas E Seus Amigos Minas do Mistério,2019,,28/100,1,0,0,0,0,,,,,
3631,Thomas E Seus Amigos Todos os trilhos levam a Roma,2019,,27/100,1,0,0,0,0,,,,,
3632,Trese After Dark,2021,13+,24/100,1,0,0,0,0,,,,,
3633,The Last Mercenary,2021,,23/100,1,0,0,0,0,action comedy film,France,French,7.0,tt12808182
3634,The Circle: The Afterparty,2021,,21/100,1,0,0,0,0,,,,,
3635,The Upshaws - The Afterparty,2021,18+,20/100,1,0,0,0,0,,,English,4.8,tt14644364
3636,Angu Vaikuntapurathu (Malayalam),2020,,17/100,1,0,0,0,0,,,,,
3637,The Boys in the Band: Something Personal,2020,,17/100,1,0,0,0,0,,,,,
3638,D.O.D.: Day of Destiny,2021,,16/100,1,0,0,0,0,,,,,
3639,Time To Dance,2021,,15/100,1,0,0,0,0,,India,,1.0,tt8622232
3640,The Mitfords: A Tale of Two Sisters,2017,,15/100,1,0,0,0,0,,,,,
3641,Death Can Wait,2020,,15/100,1,0,0,0,0,drama film,People's Republic of Bulgaria,Bulgarian,8.1,tt0253722
3642,The Last Shaman,2016,,15/100,1,0,0,0,0,"documentary film, adventure film, drama film, family film",United Kingdom,Spanish,9.0,tt3511124
3643,Sohni Mahiwal,1984,,15/100,1,0,0,0,0,"adventure film, melodrama","India, Soviet Union","Hindi, Russian",5.0,tt0152509
3644,Har Kisse Ke Hisse Kaamyaab,2020,7+,15/100,1,0,0,0,0,,,,,
3645,ReFrame,2020,,14/100,1,0,0,0,0,"documentary film, drama film, historical film, comedy film",,,,tt5509180
3646,Once In A Lifetime Sessions with Nile Rodgers,2018,,14/100,1,0,0,0,0,,,,,
3647,Once in a Lifetime Sessions with Snow Patrol,2018,,14/100,1,0,0,0,0,,,,,
3648,Seven Souls in the Skull Castle: Season Flower,2017,,14/100,1,0,0,0,0,,,,,
3649,Once in a Lifetime Sessions with OneRepublic,2018,,13/100,1,0,0,0,0,,,,,
3650,Once In A Lifetime Sessions with Noel Gallagher,2018,,13/100,1,0,0,0,0,,,,,
3651,Wave of Cinema: Surat Dari Timur,2020,,13/100,1,0,0,0,0,,,,,
3652,Mr. Romantic,2009,,13/100,1,0,0,0,0,,,,,
3653,Alarmoty in the Land of Fire,2017,,13/100,1,0,0,0,0,,,,,
3654,Seven Souls in the Skull Castle: Season Bird,2017,,13/100,1,0,0,0,0,,,,,
3655,"Tomasz Jachimek, Jacek Stramik Laugh at Live",2016,,12/100,1,0,0,0,0,,,,,
3656,Chhota Bheem Ka Roosi Romanch,2019,all,12/100,1,0,0,0,0,,,,,
3657,Once in a Lifetime Sessions with George Ezra,2018,,12/100,1,0,0,0,0,,,,,
3658,Diamonds In The Sky,2018,,12/100,1,0,0,0,0,drama film,Nigeria,"English, Hausa",9.0,tt14605694
3659,"Karol Modzelewski, Łukasz „Lotek"" Lodkowski No Offense",2016,,12/100,1,0,0,0,0,,,,,
3660,Ratones Paranoicos: The Band that Rocked Argentina,2021,,12/100,1,0,0,0,0,,,,,
3661,Guillermo Vilas: Settling the Score,2020,,12/100,1,0,0,0,0,documentary film,Argentina,"Spanish, English",7.0,tt13150564
3662,Rehmataan,2012,,12/100,1,0,0,0,0,,,,,
3663,"Rafał Banaś, Michał Leja Laugh out Loud",2016,,12/100,1,0,0,0,0,,,,,
3664,Joaquín Reyes: Una y no más,2017,,12/100,1,0,0,0,0,,,,,
3665,Little Singham: Mahabali,2019,,12/100,1,0,0,0,0,,,,,
3666,ChuChuTV Surprise Eggs Learning Videos (Hindi),2019,,12/100,1,0,0,0,0,,,,,
3667,Kuppivala,2017,,12/100,1,0,0,0,0,,India,Malayalam,,tt0280851
3668,Raya and Sakina,1984,,12/100,1,0,0,0,0,,,,,
3669,Seven Souls in the Skull Castle: Season Wind,2017,,12/100,1,0,0,0,0,,,,,
3670,Little Singham: Legend of Dugabakka,2020,,12/100,1,0,0,0,0,,,,,
3671,Pinkfong and Baby Shark's Space Adventure,2019,,12/100,1,0,0,0,0,,,,,
3672,Real Crime: Supermarket Heist (Tesco Bomber),2010,,12/100,1,0,0,0,0,,,,,
3673,Velvet Colección: Grand Finale,2020,,12/100,1,0,0,0,0,,,,,
3674,Once in a Lifetime Sessions with Kasabian,2018,,12/100,1,0,0,0,0,,,,,
3675,She Is,2019,,12/100,1,0,0,0,0,drama film,Nigeria,English,,
3676,Monty Python Conquers America,2000,,10/100,1,0,0,0,0,documentary film,,,7.1,tt19880958
3677,The Last Bomb of the Second World War,2019,,10/100,1,0,0,0,0,drama film,India,Tamil,10.0,tt10996896
3678,You're Everything To Me,2016,,10/100,1,0,0,0,0,,,,,
3679,Falz Experience,2018,,10/100,1,0,0,0,0,,,,,
3680,"Mariusz Kałamaga, Karol Kopiec, Wiolka Walaszczyk Hilarious Trio",2016,,10/100,1,0,0,0,0,,,,,
3681,Thomas & Friends: Marvelous Machinery: A New Arrival,2020,,10/100,1,0,0,0,0,,,,,
3682,Alakada Reloaded,2017,,10/100,1,0,0,0,0,comedy film,Nigeria,English,2.3,tt13275228
3683,Cop Watchers,2016,,10/100,1,0,0,0,0,documentary film,United Kingdom,,8.0,tt5956792
3684,Jandino: Whatever it Takes,2016,,10/100,1,0,0,0,0,,,,,
3685,ChuChuTV Surprise Eggs Learning Videos (English),2019,,10/100,1,0,0,0,0,,,,,
3686,Lock Your Girls In,1982,,10/100,1,0,0,0,0,,,,,
3687,ChuChuTV Bedtime Stories & Moral Stories for Kids (Hindi),2019,,10/100,1,0,0,0,0,,,,,
3688,Dear Affy,2020,,10/100,1,0,0,0,0,"comedy film, romance film",Nigeria,English,5.4,tt14928724
3689,Amit Tandon: Family Tandoncies,2019,,,1,0,0,0,0,,,,,
3690,Wave of Cinema: Filosofi Kopi,2020,,,1,0,0,0,0,,,,,
3691,Thomas & Friends: Marvelous Machinery: World of Tomorrow,2020,,,1,0,0,0,0,,,,,
3692,ChuChuTV Bedtime Stories & Moral Stories for Kids (English),2019,,,1,0,0,0,0,,,,,
3693,Fifty Year Old Teenager,1996,,,1,0,0,0,0,,,,,
3694,"Alias JJ, la celebridad del mal",2017,,,1,0,0,0,0,,,,,
3695,The Vendor,2018,,,1,0,0,0,0,"comedy film, drama film",Nigeria,Yoruba,1.0,tt15150348
3696,The Dark Knight,2008,13+,94/100,0,1,0,0,0,"action film, neo-noir, crime thriller film, crime film","United States, United Kingdom",English,10.0,tt0468569
3697,Minding the Gap,2018,18+,90/100,0,1,0,0,0,documentary film,United States,English,8.0,tt7476236
3698,Parasite,2019,18+,88/100,0,1,0,0,0,"comedy drama, black comedy, thriller film",South Korea,Korean,8.0,tt6751668
3699,Batman Begins,2005,13+,88/100,0,1,0,0,0,"action film, neo-noir, crime film, drama film","United States, United Kingdom",English,9.0,tt0372784
3700,Gone Girl,2014,18+,87/100,0,1,0,0,0,"crime thriller film, crime film, drama film, mystery film",United States,English,10.0,tt2267998
3701,Catch Me If You Can,2002,13+,87/100,0,1,0,0,0,"heist film, crime film, comedy film, drama film",United States,English,9.0,tt0264464
3702,The Terminator,1984,18+,87/100,0,1,0,0,0,"action film, science fiction film, cyberpunk, dystopian film","United States, United Kingdom",English,8.1,tt0088247
3703,Arrival,2016,13+,86/100,0,1,0,0,0,"drama film, science fiction film, thriller film, mystery film",United States,English,10.0,tt2543164
3704,Prisoners,2013,16+,86/100,0,1,0,0,0,"crime film, drama film, vigilante film",United States,English,9.0,tt1392214
3705,Bohemian Rhapsody,2018,13+,85/100,0,1,0,0,0,"biographical film, drama film, musical film, LGBT-related film","United States, United Kingdom",English,10.0,tt1727824
3706,Shrek,2001,7+,85/100,0,1,0,0,0,,,,,
3707,12 Years a Slave,2013,18+,85/100,0,1,0,0,0,"drama film, biographical film, film based on book","United Kingdom, United States",English,8.1,tt2024544
3708,Slumdog Millionaire,2008,18+,85/100,0,1,0,0,0,"romance film, drama film, coming-of-age film, crime film",United Kingdom,"English, Hindi, French",8.0,tt1010048
3709,Skyfall,2012,13+,84/100,0,1,0,0,0,"action thriller, spy film, action film","United Kingdom, United States",English,9.0,tt1074638
3710,Stand by Me,1986,18+,84/100,0,1,0,0,0,"teen film, coming-of-age film, adventure film, comedy film",United States,English,8.1,tt0092005
3711,The Girl with the Dragon Tattoo,2011,18+,84/100,0,1,1,0,0,"crime thriller film, rape and revenge film, mystery film, horror film","United States, Sweden",English,7.8,tt1568346
3712,Big Fish,2003,13+,84/100,0,1,1,0,0,"fantasy film, drama film, film based on a novel, comedy film",United States,English,7.9,tt0319061
3713,Happiest Season,2020,13+,83/100,0,1,0,0,0,"romantic comedy, LGBT-related film, Christmas film",United States,English,8.0,tt8522006
3714,Kick-Ass,2010,18+,83/100,0,1,0,0,0,"action film, teen film, comedy film, superhero film","United Kingdom, United States",English,7.0,tt1250777
3715,(500) Days of Summer,2009,13+,83/100,0,1,0,0,0,"romantic comedy, comedy drama, coming-of-age film, comedy film",United States,English,10.0,tt1022603
3716,28 Days Later,2002,18+,83/100,0,1,0,0,0,"horror film, zombie film, post-apocalyptic film, dystopian film",United Kingdom,"English, Spanish",8.0,tt0289043
3717,Once Upon a Time in the West,1968,13+,83/100,0,1,0,0,0,"Spaghetti Western, flashback film, drama film, action film","Italy, United States","English, Italian",9.0,tt0064116
3718,Predator,1987,18+,83/100,0,1,0,0,0,"action film, science fiction film, horror film, thriller film","United States, Mexico","English, Spanish, Russian",7.8,tt0093773
3719,Big Time Adolescence,2020,18+,83/100,0,1,0,0,0,comedy film,United States,English,8.0,tt3824648
3720,Ice Age,2002,7+,82/100,0,1,0,0,0,,,,,
3721,The Shape of Water,2017,18+,82/100,0,1,0,0,0,"speculative fiction film, thriller film, fantasy film, drama film","United States, Mexico","English, American Sign Language, Russian",7.0,tt5580390
3722,The Iron Giant,1999,7+,82/100,0,1,0,0,0,"action film, science fiction film, comedy drama, fantasy film",United States,English,10.0,tt0129167
3723,50/50,2011,18+,82/100,0,1,1,0,0,"comedy film, drama film",United States,English,10.0,tt1306980
3724,Memories of Murder,2003,all,81/100,0,1,0,0,0,"crime thriller film, mystery film, drama film, police procedural film",South Korea,Korean,9.0,tt0353969
3725,Beetlejuice,1988,7+,81/100,0,1,0,0,0,"comedy horror, fantasy film, ghost film",United States,English,7.4,tt0094721
3726,Train to Busan,2016,16+,81/100,0,1,0,0,0,"zombie film, horror film, action film, thriller film",South Korea,Korean,9.0,tt5700672
3727,Lucky Number Slevin,2006,18+,81/100,0,1,0,0,0,"crime thriller film, neo-noir, comedy thriller, drama film","Canada, United Kingdom, Germany",English,7.0,tt0425210
3728,127 Hours,2010,18+,81/100,0,1,0,0,0,"docudrama, drama film, film based on book, biographical film",United States,English,7.0,tt1542344
3729,Mission: Impossible - Ghost Protocol,2011,13+,81/100,0,1,0,0,0,"action film, thriller film, spy film",United States,English,8.0,tt1229238
3730,Akira,1988,18+,81/100,0,1,0,0,0,,,,,
3731,Shrek 2,2004,7+,81/100,0,1,0,0,0,,,,,
3732,Let the Right One In,2008,18+,81/100,0,1,0,0,0,"horror film, vampire film, drama film, fantasy film",Sweden,Swedish,7.0,tt1139797
3733,Hell or High Water,2016,18+,81/100,0,1,0,0,0,"heist film, crime film, drama film, contemporary Western film",United States,English,9.0,tt2582782
3734,The Nice Guys,2016,18+,81/100,0,1,0,0,0,"mystery film, buddy cop film, comedy film",United States,English,7.0,tt3799694
3735,RoboCop,1987,18+,80/100,0,1,0,0,0,"action film, science fiction film, superhero film, dystopian film",United States,English,7.6,tt0093870
3736,Star Trek Beyond,2016,13+,80/100,0,1,0,0,0,"science fiction film, action film, adventure film, thriller film",United States,English,8.0,tt2660888
3737,Jack Reacher,2012,13+,80/100,0,1,0,0,0,"crime film, martial arts film, thriller film, action film",United States,English,8.0,tt0790724
3738,Another Round,2020,18+,80/100,0,1,0,0,0,"comedy film, drama film","Denmark, Sweden, Netherlands",Danish,7.0,tt10288566
3739,Portrait of a Lady on Fire,2019,18+,80/100,0,1,0,0,0,"historical film, drama film, romance film, LGBT-related film",France,French,10.0,tt8613070
3740,The Secret Life of Walter Mitty,2013,7+,80/100,0,1,1,0,0,"fantasy film, drama film, comedy film, film based on literature","United States, United Kingdom",English,8.0,tt0359950
3741,Dumb and Dumber,1994,13+,80/100,0,1,0,0,0,"buddy film, comedy film, road movie",United States,English,7.0,tt0109686
3742,Palm Springs,2020,18+,79/100,0,1,0,0,0,comedy film,United States,English,8.0,tt9484998
3743,Flight,2012,18+,79/100,0,1,0,0,0,,,,,
3744,I Saw the Devil,2010,18+,79/100,0,1,0,0,0,"psychological thriller, action film",South Korea,Korean,8.0,tt1588170
3745,The Mask,1994,13+,79/100,0,1,0,0,0,"fantasy film, superhero film, comedy film, speculative fiction film",United States,English,7.0,tt0110475
3746,Collective,2020,,79/100,0,1,0,0,0,,,,,
3747,Rocketman,2019,18+,79/100,0,1,0,0,0,"musical film, drama film, biographical film, musical comedy","United Kingdom, Canada, United States",English,9.0,tt2066051
3748,Sweeney Todd: The Demon Barber of Fleet Street,2007,18+,79/100,0,1,0,0,0,"gothic film, musical film, slasher film, drama film","United Kingdom, United States",English,9.0,tt0408236
3749,Coherence,2013,7+,79/100,0,1,1,0,0,"science fiction film, psychological thriller, thriller film, crime film",United States,English,7.0,tt2866360
3750,Nomadland,2021,18+,79/100,0,1,0,0,0,"drama film, road movie",United States,English,7.0,tt9770150
3751,Enemy at the Gates,2001,18+,79/100,0,1,0,0,0,"war film, romance film, drama film, action film","France, Germany, United States",English,8.0,tt0215750
3752,Space Jam,1996,7+,79/100,0,1,0,0,0,"crossover fiction, children's film, comedy film, fantasy film",United States,English,7.0,tt0117705
3753,Sunshine,2007,18+,79/100,0,1,0,0,0,"science fiction film, adventure film, thriller film","United Kingdom, United States",English,8.0,tt0448134
3754,Becoming Bond,2017,18+,78/100,0,1,0,0,0,documentary film,United States,English,10.0,tt6110504
3755,Galaxy Quest,1999,7+,78/100,0,1,0,0,0,"science fiction film, adventure film, parody film, comedy film",United States,English,9.0,tt0177789
3756,Dredd,2012,18+,78/100,0,1,0,0,0,"science fiction film, action film, buddy cop film, dystopian film","United Kingdom, South Africa, United States",English,8.0,tt1343727
3757,28 Weeks Later,2007,18+,78/100,0,1,0,0,0,"zombie film, science fiction film, horror film, post-apocalyptic film","United Kingdom, Spain",English,7.0,tt0463854
3758,Booksmart,2019,18+,78/100,0,1,0,0,0,"comedy film, LGBT-related film",United States,English,5.0,tt1489887
3759,We Need to Talk About Kevin,2011,18+,78/100,0,1,1,0,0,"thriller film, drama film, romance film, film based on a novel","United Kingdom, United States",English,9.0,tt1242460
3760,Ghostbusters,2016,13+,78/100,0,1,0,0,0,"fantasy film, comedy horror, monster film, action film",United States,English,9.0,tt0087332
3761,The Peanut Butter Falcon,2019,13+,78/100,0,1,0,0,0,"drama film, road movie",United States,English,8.0,tt4364194
3762,Silence,2016,18+,77/100,0,1,0,0,0,"film based on a novel, historical film, drama film","United States, Mexico, Taiwan","English, Japanese, Latin",7.0,tt0490215
3763,Take Shelter,2011,18+,77/100,0,1,1,0,0,"drama film, psychological thriller, apocalyptic film",United States,English,6.0,tt1675192
3764,Cashback,2006,18+,77/100,0,1,0,0,0,"drama film, comedy drama, magic realist film","United Kingdom, Brazil",English,7.0,tt0460740
3765,The Age of Adaline,2015,13+,77/100,0,1,0,0,0,"romance film, fantasy film, drama film, melodrama",United States,English,8.0,tt1655441
3766,Crime + Punishment,2018,,77/100,0,1,0,0,0,documentary film,,,9.0,tt7689908
3767,The Judge,2014,18+,77/100,0,1,1,0,0,"comedy drama, trial film, drama film, crime film",United States,English,8.0,tt1872194
3768,Logan Lucky,2017,13+,77/100,0,1,0,0,0,"comedy film, heist film",United States,American English,8.0,tt5439796
3769,Star Trek II: The Wrath of Khan,1982,7+,77/100,0,1,0,0,0,"action film, thriller film, science fiction film, adventure film",United States,English,7.7,tt0084726
3770,The Adventures of Tintin,2011,7+,77/100,0,1,0,0,0,,Australia,,,
3771,Star Trek: First Contact,1996,13+,77/100,0,1,0,0,0,"action film, science fiction film, adventure film, time-travel film",United States,English,9.0,tt0117731
3772,Hancock,2008,13+,77/100,0,1,0,0,0,"superhero film, action film, fantasy film, science fiction film",United States,English,7.0,tt0448157
3773,Revolutionary Road,2008,18+,77/100,0,1,1,0,0,"drama film, film based on a novel, romance film","United States, United Kingdom",English,7.0,tt0959337
3774,Fighting With My Family,2019,13+,77/100,0,1,0,0,0,"comedy drama, sport film, biographical film, drama film","United States, United Kingdom",English,9.0,tt6513120
3775,The Conversation,1974,7+,77/100,0,1,0,0,0,"thriller film, psychological thriller film, drama film, mystery film",United States,English,8.0,tt0071360
3776,The Host,2006,18+,76/100,0,1,0,0,0,"horror film, science fiction film, kaiju, comedy film",South Korea,"Korean, English",7.1,tt0468492
3777,Caddyshack,1980,18+,76/100,0,1,0,0,0,comedy film,United States,English,8.0,tt0080487
3778,Melancholia,2011,18+,76/100,0,1,0,0,0,"science fiction film, drama film, art film, apocalyptic film","France, Germany, Sweden",English,7.1,tt1527186
3779,Vice,2018,18+,76/100,0,1,0,0,0,,,,,
3780,Hostiles,2017,18+,76/100,0,1,0,0,0,"adventure film, Western film, drama film",United States,"English, Cheyenne",9.0,tt5478478
3781,Shoplifters,2018,18+,76/100,0,1,0,0,0,drama film,Japan,Japanese,8.0,tt8075192
3782,Leave No Trace,2018,7+,76/100,0,1,1,0,0,drama film,United States,English,7.0,tt3892172
3783,The Man from Nowhere,2010,18+,76/100,0,1,0,0,0,"action film, neo-noir, thriller film, crime film",South Korea,Korean,9.0,tt1527788
3784,Underworld: Evolution,2006,18+,76/100,0,1,1,0,0,"action film, thriller film, horror film, girls with guns",United States,"French, Hungarian",7.0,tt0401855
3785,The Virgin Suicides,1999,18+,76/100,0,1,0,0,0,"teen film, coming-of-age fiction, drama film, film based on literature",United States,English,7.2,tt0159097
3786,Terminator: Dark Fate,2019,18+,76/100,0,1,0,0,0,"action film, science fiction film, time-travel film, post-apocalyptic film",United States,"English, Spanish",5.0,tt6450804
3787,Harold & Kumar Go to White Castle,2004,18+,76/100,0,1,0,0,0,"buddy film, comedy film","Canada, United States, Germany",English,7.0,tt0366551
3788,Across the Universe,2007,13+,76/100,0,1,1,0,0,"romance film, musical film, drama film, fantasy film","United Kingdom, United States",English,9.0,tt0445922
3789,Romeo + Juliet,1996,13+,76/100,0,1,0,0,0,"romance film, drama film, teen film, action film","United States, Mexico, Australia",English,6.7,tt0117509
3790,Bombshell,2019,18+,76/100,0,1,0,0,0,drama film,United States,English,7.0,tt6394270
3791,The Act of Killing,2012,,76/100,0,1,0,0,0,documentary film,"United Kingdom, Norway, Denmark",Indonesian,10.0,tt2375605
3792,Hotel Mumbai,2019,18+,75/100,0,1,0,0,0,"drama film, biographical film, thriller film","Australia, India, United States","English, Hindi",7.0,tt5461944
3793,The Grapes of Wrath,1940,all,75/100,0,1,0,0,0,"drama film, film based on a novel",United States,English,10.0,tt0032551
3794,The Way Back,2010,13+,75/100,0,1,1,0,0,"war film, drama film, prison film, film based on book","United States, United Arab Emirates, Poland",English,8.0,tt1023114
3795,Heathers,1989,18+,75/100,0,1,1,0,0,"comedy film, teen film, coming-of-age fiction, mystery film",United States,English,7.0,tt0097493
3796,The Polar Express,2004,all,75/100,0,1,0,0,0,,,,,
3797,The A-Team,2010,13+,75/100,0,1,0,0,0,"adventure film, action thriller, heist film, action comedy film",United States,English,8.0,tt0429493
3798,Boss Level,2021,18+,75/100,0,1,0,0,0,"science fiction film, action film",United States,English,7.0,tt7638348
3799,We Were Soldiers,2002,18+,75/100,0,1,0,0,0,"war film, film based on book, drama film","Germany, United States","English, French",7.0,tt0277434
3800,The Expendables,2010,18+,75/100,0,1,0,0,0,"action film, thriller film",United States,English,6.4,tt1320253
3801,The Wailing,2016,18+,75/100,0,1,1,0,0,"mystery film, thriller film, horror film",South Korea,"Korean, Japanese",7.4,tt5215952
3802,Super Troopers,2001,18+,75/100,0,1,0,0,0,"slapstick, crime film",United States,English,10.0,tt0247745
3803,Eye in the Sky,2015,18+,75/100,0,1,0,0,0,"drama film, thriller film, war film",United Kingdom,English,8.0,tt2057392
3804,The Upside,2019,13+,75/100,0,1,0,0,0,comedy drama,United States,English,7.1,tt1987680
3805,Burning,2018,,75/100,0,1,1,0,0,"thriller film, drama film","South Korea, Japan",Korean,7.4,tt7282468
3806,The Blair Witch Project,1999,18+,75/100,0,1,0,0,0,"horror film, psychological horror, found footage, mystery film",United States,English,6.0,tt0185937
3807,Papillon,2017,18+,75/100,0,1,1,0,0,"biographical film, prison film, drama film, film based on a novel","United States, France",English,8.0,tt0070511
3808,Star Trek IV: The Voyage Home,1986,7+,74/100,0,1,0,0,0,"science fiction film, science fiction comedy, adventure film, time-travel film",United States,English,7.3,tt0092007
3809,Run,2020,13+,74/100,0,1,0,0,0,,,,,
3810,This Means War,2012,13+,74/100,0,1,1,0,0,"romantic comedy, action film, spy film",United States,English,4.0,tt1596350
3811,Dumb: The Story of Big Brother Magazine,2017,18+,74/100,0,1,0,0,0,documentary film,United States,English,9.0,tt6794450
3812,Sympathy for Lady Vengeance,2005,18+,74/100,0,1,0,0,0,"drama film, thriller film, crime film",South Korea,"Korean, English, Japanese",7.5,tt0451094
3813,Fyre Fraud,2019,,74/100,0,1,0,0,0,documentary film,United States,English,7.0,tt7843600
3814,The Mole Agent,2020,,74/100,0,1,0,0,0,documentary film,Chile,Spanish,7.0,tt11394298
3815,Knowing,2009,13+,74/100,0,1,0,0,0,"science fiction film, disaster film, action film, mystery film","United States, United Kingdom",English,7.0,tt0448011
3816,Open Range,2003,18+,74/100,0,1,0,0,0,"Western film, drama film, film based on a novel",United States,English,8.0,tt0316356
3817,Hansel & Gretel: Witch Hunters,2013,18+,74/100,0,1,0,0,0,"action film, fantasy film, comedy horror, comedy drama","Germany, United States",English,6.0,tt1428538
3818,Machete,2010,18+,74/100,0,1,0,0,0,"action film, thriller film, girls with guns, adventure film",United States,"Spanish, English, Hungarian",7.0,tt0985694
3819,Lights Out,2016,13+,74/100,0,1,0,0,0,"horror film, thriller film, ghost film",United States,English,6.0,tt4786282
3820,Predators,2010,18+,74/100,0,1,0,0,0,"action film, science fiction film, horror film, adventure film",United States,English,7.0,tt1424381
3821,Resident Evil: Apocalypse,2004,18+,74/100,0,1,1,0,0,"action film, horror film, science fiction film, girls with guns","Canada, United Kingdom, France",English,7.0,tt0318627
3822,13 Assassins,2010,18+,74/100,0,1,0,0,0,"action film, drama film, samurai cinema","Japan, United Kingdom",Japanese,9.0,tt1436045
3823,The Crazies,2010,18+,73/100,0,1,1,0,0,"horror film, action film, science fiction film, science fiction horror film",United States,English,7.0,tt0455407
3824,The Croods 2,2020,7+,73/100,0,1,0,0,0,animated film,United States,English,8.0,tt2850386
3825,The Chaser,2008,13+,73/100,0,1,0,0,0,"crime thriller film, action film",South Korea,Korean,10.0,tt1190539
3826,Scrooged,1988,13+,73/100,0,1,0,0,0,"romantic comedy, fantasy film, Christmas film, film based on literature",United States,English,8.0,tt0096061
3827,The Dictator,2012,18+,73/100,0,1,0,0,0,comedy film,United States,English,6.0,tt1645170
3828,Sorry to Bother You,2018,18+,73/100,0,1,0,0,0,"science fiction film, comedy film, fantasy film",United States,English,8.0,tt5688932
3829,Star Trek VI: The Undiscovered Country,1991,7+,73/100,0,1,0,0,0,"action film, science fiction film, adventure film",United States,English,7.2,tt0102975
3830,Sympathy for Mr. Vengeance,2002,18+,73/100,0,1,0,0,0,"drama film, crime thriller film",South Korea,Korean,8.0,tt0310775
3831,The House That Jack Built,2018,18+,73/100,0,1,0,0,0,"thriller film, drama film, horror film","Denmark, Sweden, France",English,7.0,tt4003440
3832,The Natural,1984,7+,73/100,0,1,0,0,0,"drama film, film based on a novel, romance film",United States,English,9.0,tt0087781
3833,The Guilty,2018,18+,73/100,0,1,0,0,0,"drama film, crime film, thriller film",Denmark,Danish,9.0,tt6742252
3834,Broken Flowers,2005,18+,73/100,0,1,0,0,0,"comedy film, drama film","United States, France",English,6.0,tt0412019
3835,Alive,1993,18+,73/100,0,1,0,0,0,,,,,
3836,Barb & Star Go to Vista Del Mar,2021,13+,73/100,0,1,0,0,0,comedy film,"United States, Mexico",English,6.3,tt3797512
3837,Storks,2016,7+,73/100,0,1,0,0,0,,,,,
3838,Robot & Frank,2012,13+,73/100,0,1,1,0,0,"science fiction film, science fiction comedy, buddy film, heist film",United States,English,8.0,tt1990314
3839,God's Own Country,2017,,73/100,0,1,0,0,0,"drama film, LGBT-related film, romance film",United Kingdom,"English, Romanian",9.0,tt5635086
3840,Billy Madison,1995,13+,73/100,0,1,0,0,0,"coming-of-age film, comedy film",United States,English,7.0,tt0112508
3841,Gemini Man,2019,13+,73/100,0,1,0,0,0,"science fiction film, action film, drama film",United States,English,3.0,tt1025100
3842,Predator 2,1990,18+,73/100,0,1,0,0,0,"action film, science fiction film, horror film, speculative fiction film",United States,English,7.0,tt0100403
3843,Abominable,2019,7+,73/100,0,1,0,0,0,"adventure film, action film, fantasy film, comedy film","United States, People's Republic of China","English, Mandarin",8.0,tt6324278
3844,Chaplin,1992,13+,73/100,0,1,0,0,0,"biographical film, comedy drama, drama film, film based on book","United Kingdom, France, United States",English,9.0,tt0103939
3845,Seabiscuit,2003,13+,72/100,0,1,0,0,0,"sport film, drama film, film based on book",United States,English,7.0,tt0329575
3846,Something's Gotta Give,2003,13+,72/100,0,1,0,0,0,"romantic comedy, comedy drama, comedy film, drama film",United States,English,10.0,tt0337741
3847,Crawl,2019,18+,72/100,0,1,0,0,0,,,,,
3848,American Animals,2018,18+,72/100,0,1,1,0,0,"drama film, crime film, docufiction","United States, United Kingdom",English,7.0,tt6212478
3849,The Dead Zone,1983,18+,72/100,0,1,0,0,0,"horror film, science fiction film, film based on a novel, political thriller film",United States,English,7.2,tt0085407
3850,Bill & Ted Face the Music,2020,7+,72/100,0,1,0,0,0,"comedy film, science fiction film, time-travel film",United States,English,7.0,tt1086064
3851,The Sisters Brothers,2018,18+,72/100,0,1,0,0,0,"Western film, black comedy film, film based on a novel",France,English,10.0,tt4971344
3852,Waiting...,2005,18+,72/100,0,1,0,0,0,"coming-of-age film, comedy film",United States,English,7.0,tt0348333
3853,The One I Love,2014,18+,72/100,0,1,0,0,0,"comedy drama, romance film, drama film, magic realist film",United States,English,9.0,tt2756032
3854,You're Next,2011,18+,72/100,0,1,0,0,0,"horror film, slasher film, thriller film",United States,"English, American English",9.0,tt1853739
3855,Date Night,2010,13+,72/100,0,1,0,0,0,"action film, buddy film, comedy film, romantic comedy",United States,English,6.0,tt1279935
3856,Red Cliff,2008,18+,72/100,0,1,0,0,0,"historical film, action film, film based on a novel","People's Republic of China, South Korea",Mandarin,7.0,tt0425637
3857,The Skeleton Key,2005,13+,72/100,0,1,0,0,0,"thriller film, horror film",United States,English,6.0,tt0397101
3858,The Mountain Between Us,2017,13+,72/100,0,1,0,0,0,"drama film, action film, romance film, film based on a novel",United States,English,5.0,tt2226597
3859,"Summer of Soul (...or, When the Revolution Could Not Be Televised)",2021,13+,72/100,0,1,0,0,0,documentary film,United States,English,8.0,tt7378922
3860,March of the Penguins 2,2017,7+,72/100,0,1,0,0,0,"documentary film, family film",France,French,7.0,tt5852632
3861,Breach,2007,13+,72/100,0,1,1,0,0,"docudrama, spy film, drama film, documentary film",United States,English,8.0,tt0401997
3862,Footloose,1984,7+,72/100,0,1,0,0,0,"romance film, musical film, drama film, teen film",United States,English,6.0,tt0087277
3863,Bound,1996,18+,72/100,0,1,0,0,0,"crime thriller film, heist film, neo-noir, erotic thriller",United States,English,10.0,tt0115736
3864,A Most Wanted Man,2014,18+,72/100,0,1,0,0,0,"thriller film, spy film, crime film, drama film","United Kingdom, Germany, United States","English, Arabic",8.0,tt1972571
3865,Graduation,2016,18+,72/100,0,1,0,0,0,drama film,"Romania, France, Belgium",Romanian,7.0,tt4936450
3866,Whip It,2009,13+,72/100,0,1,0,0,0,"comedy drama, coming-of-age film, drama film",United States,English,8.0,tt1172233
3867,National Lampoon's Van Wilder,2002,18+,72/100,0,1,0,0,0,"teen film, coming-of-age film, romantic comedy film","United States, Germany",English,7.0,tt0283111
3868,The Expendables 3,2014,13+,71/100,0,1,0,0,0,"thriller film, action film","United States, France",English,6.1,tt2333784
3869,Goodnight Mommy,2014,18+,71/100,0,1,0,0,0,"drama film, horror film",Austria,German,8.0,tt3086442
3870,Thelma,2017,,71/100,0,1,0,0,0,"mystery film, drama film, LGBT-related film","Norway, France",Norwegian,7.0,tt6304046
3871,Star Trek: Generations,1994,7+,71/100,0,1,0,0,0,"action film, science fiction film, adventure film, crossover fiction",United States,English,7.0,tt0111280
3872,Love & Mercy,2015,13+,71/100,0,1,0,0,0,"biographical film, musical film, drama film",United States,English,9.0,tt0903657
3873,I Love You Phillip Morris,2009,18+,71/100,0,1,0,0,0,"romantic comedy, crime film, film based on book, action film","France, United States",English,9.0,tt1045772
3874,Before We Go,2014,13+,71/100,0,1,0,0,0,romantic comedy,United States,English,9.0,tt0443465
3875,The Big Chill,1983,18+,71/100,0,1,0,0,0,"drama film, musical film",United States,English,7.1,tt0085244
3876,The Nightingale,2018,18+,71/100,0,1,0,0,0,drama film,Australia,English,9.0,tt4068576
3877,"Quo vadis, Aida?",2021,,71/100,0,1,0,0,0,"drama film, historical film, war film","Bosnia and Herzegovina, Germany, France","Croatian, English, Bosnian",10.0,tt8633462
3878,Harold & Kumar Escape from Guantanamo Bay,2008,18+,71/100,0,1,0,0,0,"buddy film, comedy film, LGBT-related film",United States,English,8.0,tt0481536
3879,'71,2014,18+,71/100,0,1,0,0,0,"drama film, crime film, action film, war film",United Kingdom,English,7.0,tt2614684
3880,If Beale Street Could Talk,2018,18+,71/100,0,1,0,0,0,"drama film, romance film",United States,English,9.0,tt7125860
3881,Weekend at Bernie's,1989,13+,71/100,0,1,0,0,0,"buddy film, black comedy film",United States,English,6.4,tt0098627
3882,Saint Maud,2019,18+,71/100,0,1,0,0,0,"horror film, psychological horror",United Kingdom,"English, Welsh",6.6,tt7557108
3883,Bloody Sunday,2002,18+,71/100,0,1,0,0,0,"docudrama, drama film, political drama, war film","Ireland, United Kingdom",English,10.0,tt0280491
3884,Jennifer's Body,2009,18+,71/100,0,1,0,0,0,"female buddy film, comedy horror, horror film, LGBT-related film",United States,English,6.0,tt1131734
3885,Cliffhanger,1993,18+,71/100,0,1,0,0,0,"action film, thriller film, survival film","United States, Italy",English,6.5,tt0106582
3886,Judy,2019,13+,71/100,0,1,0,0,0,,,,,
3887,DragonHeart,1996,13+,71/100,0,1,0,0,0,"fantasy film, buddy film, adventure film, action film","United Kingdom, United States",English,7.0,tt0116136
3888,"The Good, the Bad, the Weird",2008,18+,71/100,0,1,0,0,0,"action film, Manchurian Western, adventure film",South Korea,Korean,7.0,tt0901487
3889,1900,1976,18+,71/100,0,1,1,0,0,"drama film, romance film","Italy, France, Germany","English, Italian",6.0,tt0074084
3890,Free Fall,2013,,71/100,0,1,0,0,0,"drama film, LGBT-related film",Germany,German,10.0,tt2617828
3891,Hannibal Rising,2007,18+,71/100,0,1,0,0,0,"horror film, thriller film, film based on a novel, drama film","France, United Kingdom, United States",English,6.0,tt0367959
3892,Colossal,2017,18+,71/100,0,1,0,0,0,"drama film, speculative fiction film, thriller film, science fiction action film","Spain, Canada, United States",English,7.0,tt4680182
3893,Odd Thomas,2013,13+,70/100,0,1,1,0,0,"mystery film, thriller film, fantasy film, horror film",United States,English,8.0,tt1767354
3894,Australia,2008,13+,70/100,0,1,0,0,0,,,,,
3895,To Die For,1995,18+,70/100,0,1,0,0,0,"comedy drama, black comedy film, drama film, crime film","United Kingdom, United States",English,8.0,tt0114681
3896,Sputnik,2020,18+,70/100,0,1,0,0,0,,,,,
3897,Gamer,2009,18+,70/100,0,1,0,0,0,"action film, thriller film, science fiction film, prison film",United States,English,6.0,tt1034032
3898,Johnny English,2003,7+,70/100,0,1,0,0,0,"action film, spy film, parody film","United Kingdom, France",English,7.0,tt0274166
3899,Bad Teacher,2011,18+,70/100,0,1,0,0,0,"romantic comedy, comedy film, romance film",United States,English,6.0,tt1284575
3900,The Iron Lady,2011,13+,70/100,0,1,0,0,0,"biographical film, drama film","France, United Kingdom",English,7.0,tt1007029
3901,From Paris with Love,2010,18+,70/100,0,1,0,0,0,"action film, thriller film","United States, France",English,8.0,tt1179034
3902,Arachnophobia,1990,13+,70/100,0,1,0,0,0,"comedy horror, science fiction film, comedy film, horror film",United States,English,7.0,tt0099052
3903,Hud,1963,,70/100,0,1,1,0,0,,,,,
3904,The Time Machine,2002,13+,70/100,0,1,0,0,0,"science fiction film, dystopian film, film based on literature, time-travel film",United States,English,10.0,tt0054387
3905,The Last Stand,2013,18+,70/100,0,1,0,0,0,"crime film, action comedy film, thriller film, action film",United States,English,7.0,tt1549920
3906,Boy,2010,,70/100,0,1,0,0,0,,,,,
3907,Plan B,2021,18+,70/100,0,1,0,0,0,comedy film,United States,English,9.0,tt13172796
3908,Honeyland,2019,,70/100,0,1,0,0,0,documentary film,North Macedonia,Turkish,8.0,tt8991268
3909,A Perfect Getaway,2009,18+,70/100,0,1,0,0,0,"crime thriller film, crime film, horror film",United States,English,6.5,tt0971209
3910,Blast from the Past,1999,13+,70/100,0,1,0,0,0,"romantic comedy, LGBT-related film",United States,English,7.0,tt0124298
3911,Killer Joe,2011,18+,70/100,0,1,0,0,0,"comedy film, exploitation film, crime thriller film, drama film",United States,English,7.0,tt1726669
3912,Coyote Ugly,2000,13+,70/100,0,1,0,0,0,"romantic comedy, musical film, drama film",United States,English,5.8,tt0200550
3913,El Dorado,1966,all,70/100,0,1,0,0,0,,,,,
3914,Ingrid Goes West,2017,18+,70/100,0,1,0,0,0,"comedy drama, drama film",United States,English,6.0,tt5962210
3915,Wall Street: Money Never Sleeps,2010,13+,70/100,0,1,0,0,0,"drama film, prison film",United States,English,4.0,tt1027718
3916,Possessor Uncut,2020,18+,70/100,0,1,0,0,0,,,,,
3917,Wayne's World 2,1993,13+,69/100,0,1,0,0,0,"buddy film, comedy film",United States,English,6.0,tt0108525
3918,47 Meters Down,2017,13+,69/100,0,1,0,0,0,"horror film, drama film, thriller film","United States, United Kingdom",English,5.0,tt2932536
3919,Florence Foster Jenkins,2016,13+,69/100,0,1,0,0,0,"biographical film, comedy drama","United Kingdom, France",English,8.0,tt4136084
3920,The Forbidden Kingdom,2008,13+,69/100,0,1,0,0,0,"action film, martial arts film, fantasy film, film based on a novel","People's Republic of China, United States",English,9.0,tt0865556
3921,Like Crazy,2011,13+,69/100,0,1,0,0,0,"romance film, drama film",United States,English,9.0,tt1758692
3922,Dangerous Minds,1995,18+,69/100,0,1,0,0,0,"teen film, hood film, drama film, biographical film",United States,"English, Spanish",6.5,tt0112792
3923,What's Love Got To Do With It,1993,18+,69/100,0,1,0,0,0,"biographical film, drama film, film based on literature, musical film",United States,English,8.0,tt0108551
3924,The November Man,2014,18+,69/100,0,1,0,0,0,"spy film, crime film, film based on a novel, drama film",United States,English,8.0,tt2402157
3925,The 33,2015,13+,69/100,0,1,0,0,0,"survival film, drama film","United States, Chile, Colombia",English,8.0,tt2006295
3926,Force Majeure,2014,18+,69/100,0,1,1,0,0,drama film,"Sweden, France, Norway","English, Swedish, French",9.0,tt2121382
3927,The Beatles: Eight Days a Week - The Touring Years,2016,,69/100,0,1,0,0,0,music documentary film,"United States, United Kingdom",English,7.0,tt2531318
3928,In a World...,2013,18+,69/100,0,1,0,0,0,comedy film,United States,English,7.0,tt2294677
3929,Step Up 2: The Streets,2008,13+,69/100,0,1,0,0,0,"romance film, musical film, drama film, teen film",United States,English,6.2,tt1023481
3930,Willy's Wonderland,2021,18+,69/100,0,1,0,0,0,"horror film, comedy horror",United States,English,6.0,tt8114980
3931,Trolls World Tour,2020,7+,69/100,0,1,0,0,0,"musical film, animated film, family film, adventure film",United States,English,5.0,tt6587640
3932,Young Adult,2011,18+,69/100,0,1,0,0,0,"comedy drama, comedy film, tragicomedy",United States,English,8.0,tt1625346
3933,The Biggest Little Farm,2019,7+,69/100,0,1,0,0,0,documentary film,United States,English,8.0,tt8969332
3934,How Green Was My Valley,1941,,69/100,0,1,0,0,0,"drama film, film based on literature",United States,English,8.0,tt0033729
3935,Cartel Land,2015,18+,69/100,0,1,0,0,0,documentary film,United States,English,9.0,tt4126304
3936,Mercury Rising,1998,16+,69/100,0,1,0,0,0,"action film, thriller film, film based on a novel, crime film",United States,English,7.0,tt0120749
3937,Pet Sematary,2019,18+,68/100,0,1,0,0,0,"supernatural horror film, film based on a novel, horror film, ghost film",United States,English,7.0,tt0837563
3938,Border,2018,18+,68/100,0,1,0,0,0,,,,,
3939,The Art of Self-Defense,2019,18+,68/100,0,1,0,0,0,"comedy film, black comedy film",United States,English,6.0,tt7339248
3940,The Soloist,2009,13+,68/100,0,1,0,0,0,"biographical film, drama film, musical film, film based on book","France, United Kingdom, United States",English,8.0,tt0821642
3941,Zappa,2020,,68/100,0,1,0,0,0,drama film,Denmark,Danish,8.0,tt0088445
3942,A Hard Day,2014,13+,68/100,0,1,0,0,0,"crime thriller film, crime film, action film, thriller film",South Korea,Korean,8.0,tt3697626
3943,Sinbad: Legend of the Seven Seas,2003,7+,68/100,0,1,0,0,0,,,,,
3944,Some Kind of Heaven,2021,13+,68/100,0,1,0,0,0,,United States,,6.0,tt11358166
3945,Missing Link,2019,7+,68/100,0,1,0,0,0,"comedy film, adventure film",United States,English,6.0,tt6348138
3946,The Amazing Johnathan Documentary,2019,,68/100,0,1,0,0,0,,United States,,7.0,tt9358084
3947,Dora and the Lost City of Gold,2019,7+,68/100,0,1,0,0,0,"adventure film, action film, comedy film, fantasy film",United States,English,6.0,tt7547410
3948,Marrowbone,2017,18+,68/100,0,1,0,0,0,"drama film, horror film, thriller film",Spain,English,8.0,tt5886440
3949,Confessions of a Shopaholic,2009,7+,68/100,0,1,0,0,0,"romantic comedy, film based on a novel",United States,English,5.9,tt1093908
3950,The Company You Keep,2012,18+,68/100,0,1,0,0,0,"drama film, political thriller film",United States,English,8.0,tt1381404
3951,Universal Soldier,1992,18+,68/100,0,1,0,0,0,"action film, science fiction film, biopunk",United States,English,6.1,tt0105698
3952,The Addams Family,2019,7+,68/100,0,1,0,0,0,"comedy film, horror film",United States,English,7.0,tt0101272
3953,The Boondock Saints II: All Saints Day,2009,18+,68/100,0,1,0,0,0,"buddy film, vigilante film, action film, drama film",United States,English,5.0,tt1300851
3954,Hollow Man,2000,18+,68/100,0,1,0,0,0,"thriller film, horror film, science fiction film, action film","United States, Germany",English,5.0,tt0164052
3955,The Messenger,2009,18+,68/100,0,1,0,0,0,"romance film, drama film, war film",United States,English,7.0,tt0790712
3956,"20,000 Days on Earth",2014,,67/100,0,1,0,0,0,"documentary film, biographical film",United Kingdom,English,7.0,tt2920540
3957,Sightseers,2012,,67/100,0,1,0,0,0,"black comedy film, thriller film, horror film, comedy horror",United Kingdom,English,9.0,tt2023690
3958,Rules of Engagement,2000,18+,67/100,0,1,0,0,0,"drama film, trial film, mystery film, action film","United States, United Kingdom, Canada","English, Arabic, Vietnamese",8.0,tt0160797
3959,Diary of a Wimpy Kid,2010,7+,67/100,0,1,0,1,0,"comedy film, film based on a novel, family film",United States,English,10.0,tt1196141
3960,Antebellum,2020,18+,67/100,0,1,0,0,0,"horror film, thriller film",United States,English,8.0,tt10065694
3961,Hellbound: Hellraiser II,1988,18+,67/100,0,1,1,0,0,"horror film, fantasy film","United Kingdom, United States",English,7.0,tt0095294
3962,I Feel Pretty,2018,13+,67/100,0,1,0,0,0,comedy film,United States,English,6.0,tt6791096
3963,Child's Play,2019,18+,67/100,0,1,1,0,0,slasher film,United States,English,7.0,tt8663516
3964,The Hustle,2019,13+,67/100,0,1,0,0,0,comedy film,United States,English,5.5,tt1298644
3965,Timeline,2003,13+,67/100,0,1,0,0,0,,,,,
3966,Super Dark Times,2017,,67/100,0,1,0,0,0,"drama film, thriller film",United States,English,7.0,tt5112578
3967,Dogman,2018,,67/100,0,1,0,0,0,"drama film, crime film","Italy, France",Italian,8.0,tt6768578
3968,Ammonite,2020,18+,67/100,0,1,0,0,0,"drama film, LGBT-related film","United Kingdom, Australia, United States",English,8.0,tt9435974
3969,Derek DelGaudio's In & of Itself,2020,13+,67/100,0,1,0,0,0,,,,10.0,tt11916302
3970,High-Rise,2015,18+,67/100,0,1,1,0,0,"drama film, dystopian film, film based on a novel",United Kingdom,English,7.0,tt0462335
3971,Somewhere,2010,18+,67/100,0,1,0,0,0,"comedy drama, drama film","United States, Italy",English,7.0,tt1421051
3972,Dragonfly,2002,13+,67/100,0,1,0,0,0,"romance film, science fiction film, drama film, ghost film",United States,"English, Spanish",7.0,tt0259288
3973,Red Dawn,2012,13+,67/100,0,1,0,0,0,"war film, action film",United States,English,4.0,tt1234719
3974,"Where'd You Go, Bernadette",2019,13+,67/100,0,1,0,0,0,"comedy drama, drama film, film based on a novel",United States,English,8.0,tt2365580
3975,Borg vs McEnroe,2017,18+,67/100,0,1,0,0,0,"biographical film, drama film, sport film","Sweden, Denmark, Finland",English,8.0,tt5727282
3976,Brüno,2009,18+,67/100,0,1,0,0,0,,,,,
3977,Babyteeth,2020,,67/100,0,1,0,0,0,"romance film, coming-of-age fiction",Australia,English,7.0,tt8399664
3978,Kung Pow: Enter the Fist,2002,13+,67/100,0,1,0,0,0,"parody film, martial arts film",United States,English,10.0,tt0240468
3979,The United States vs. Billie Holiday,2021,18+,67/100,0,1,0,0,0,"biographical film, drama film",United States,English,6.0,tt8521718
3980,The Congress,2013,,67/100,0,1,0,0,0,"drama film, science fiction film, dystopian film, film based on a novel","Germany, France, United States",English,8.0,tt1821641
3981,Jesus Camp,2006,13+,67/100,0,1,0,0,0,documentary film,United States,English,7.0,tt0486358
3982,A Hologram for the King,2016,18+,67/100,0,1,0,0,0,"drama film, comedy film","United States, Germany, Mexico",English,5.0,tt2980210
3983,The Connection,2014,18+,67/100,0,1,1,0,0,"thriller film, action film, crime film","France, Belgium",French,7.0,tt2935564
3984,The Haunting in Connecticut,2009,13+,67/100,0,1,0,0,0,"horror film, thriller film, psychological horror, drama film","Canada, United States",English,6.0,tt0492044
3985,Destroyer,2018,18+,66/100,0,1,0,0,0,,,,,
3986,McLintock!,1963,,66/100,0,1,1,0,0,"comedy film, Western film",United States,English,7.0,tt0057298
3987,The Assistant,2020,18+,66/100,0,1,0,0,0,drama film,United States,"English, Mandarin, Spanish",7.0,tt9000224
3988,Rookie of the Year,1993,7+,66/100,0,1,0,0,0,,,,6.7,tt0048562
3989,The Condemned,2007,18+,66/100,0,1,0,0,0,"action film, dystopian film",United States,English,6.0,tt0443473
3990,Grudge Match,2013,13+,66/100,0,1,0,0,0,"comedy film, boxing film",United States,English,7.0,tt1661382
3991,Spare Parts,2015,13+,66/100,0,1,0,0,0,"horror film, action film, adventure film",United States,English,2.0,tt8493998
3992,Spontaneous,2020,18+,66/100,0,1,0,0,0,,,,,
3993,My Friend Dahmer,2017,18+,66/100,0,1,0,0,0,"thriller film, drama film, biographical film",United States,English,6.0,tt2291540
3994,AKA Jane Roe,2020,18+,66/100,0,1,0,0,0,documentary film,United States,English,1.0,tt12005998
3995,Pietà,2012,,66/100,0,1,0,0,0,,,,,
3996,Charlotte's Web,1973,all,66/100,0,1,0,0,0,"children's film, film based on a novel, comedy film","Germany, United States",English,8.0,tt0413895
3997,Grandma,2015,18+,66/100,0,1,0,0,0,"comedy film, drama film, LGBT-related film",United States,English,7.0,tt4270516
3998,Rebel in the Rye,2017,13+,66/100,0,1,0,0,0,"drama film, biographical film, film based on book",United States,English,8.0,tt4986134
3999,Cyrus,2010,18+,66/100,0,1,0,0,0,,,,,
4000,The Pawnbroker,1965,,66/100,0,1,1,0,0,drama film,United States,"English, Spanish, German",9.0,tt0059575
4001,Places in the Heart,1984,7+,66/100,0,1,0,0,0,drama film,United States,English,7.4,tt0087921
4002,Unacknowledged,2017,,66/100,0,1,1,0,0,documentary film,United States,English,9.0,tt6400614
4003,Beirut,2018,18+,66/100,0,1,0,0,0,,,,,
4004,Sword Art Online: The Movie - Ordinal Scale,2017,13+,66/100,0,1,0,0,0,,,,,
4005,Wild Rose,2019,18+,66/100,0,1,0,0,0,drama film,United Kingdom,English,8.0,tt5117428
4006,Trial by Fire,2019,18+,66/100,0,1,0,0,0,,,,,
4007,Pan,2015,7+,66/100,0,1,0,0,0,,,,,
4008,McQueen,2018,18+,66/100,0,1,0,0,0,"documentary film, biographical film",United Kingdom,English,9.0,tt6510332
4009,The Man Who Killed Don Quixote,2018,,66/100,0,1,0,0,0,"adventure film, comedy film, film based on a novel","Spain, United Kingdom, France",English,6.0,tt1318517
4010,The Last House on the Left,1972,18+,66/100,0,1,0,0,0,"horror film, rape and revenge film, exploitation film, drama film",United States,English,5.8,tt0068833
4011,The Sitter,2011,18+,66/100,0,1,0,0,0,"comedy film, black comedy film",United States,English,7.0,tt1366344
4012,Children of the Corn,1984,18+,66/100,0,1,1,0,0,"horror film, film based on literature",United States,English,5.6,tt0087050
4013,Family Law,2006,,66/100,0,1,0,0,0,"comedy drama, drama film","Italy, France, Spain",Spanish,6.0,tt0474622
4014,Borgman,2013,,66/100,0,1,0,0,0,"thriller film, drama film, comedy film, mystery film","Belgium, Netherlands, Denmark","Dutch, English",7.0,tt1954315
4015,Don't Think Twice,2016,18+,66/100,0,1,0,0,0,"comedy drama, drama film",United States,English,6.0,tt4972062
4016,Fired Up!,2009,13+,66/100,0,1,0,0,0,"comedy film, teen film",United States,English,6.0,tt1083456
4017,Active Measures,2018,13+,66/100,0,1,0,0,0,documentary film,United States,English,10.0,tt8135494
4018,Second Act,2018,13+,66/100,0,1,0,0,0,"comedy film, romance film, melodrama",United States,English,8.0,tt2126357
4019,Step Up 3D,2010,13+,66/100,0,1,0,0,0,"romance film, musical film, drama film, teen film",United States,English,6.0,tt1193631
4020,The Painted Bird,2019,,66/100,0,1,0,0,0,"drama film, war film","Czech Republic, Slovakia, Ukraine","Czech, Russian, Interslavic",9.0,tt1667354
4021,How to Train Your Dragon: Homecoming,2019,7+,65/100,0,1,0,0,0,,,,,
4022,Sweet Bean,2015,,65/100,0,1,0,0,0,"drama film, film based on literature","Japan, France, Germany",Japanese,8.0,tt4298958
4023,The Guilt Trip,2012,13+,65/100,0,1,0,0,0,"comedy drama, comedy film, drama film, road movie",United States,English,7.0,tt1694020
4024,The Colony,2013,,65/100,0,1,0,0,0,"science fiction film, horror film, post-apocalyptic film, dystopian film",Canada,English,6.0,tt1160996
4025,Thunderheart,1992,18+,65/100,0,1,0,0,0,"crime film, mystery film, Western film",United States,"English, Sioux",8.0,tt0105585
4026,The World to Come,2020,18+,65/100,0,1,0,0,0,"drama film, romance film, LGBT-related film, lesbian-related film",United States,English,6.4,tt9738716
4027,"Hello, My Name Is Doris",2015,18+,65/100,0,1,0,0,0,"comedy drama, LGBT-related film, romantic comedy, romance film",United States,English,6.0,tt3766394
4028,Ben Is Back,2018,18+,65/100,0,1,0,0,0,"drama film, Christmas film",United States,English,8.0,tt7545524
4029,"Elvira, Mistress of the Dark",1988,13+,65/100,0,1,1,0,0,"comedy horror, horror film, comedy film",United States,English,8.0,tt0095088
4030,2 Days in Paris,2007,18+,65/100,0,1,0,0,0,"romantic comedy, drama film","France, Germany","English, French",8.0,tt0841044
4031,Like Someone in Love,2012,,65/100,0,1,0,0,0,drama film,"Japan, France",Japanese,10.0,tt1843287
4032,Jawline,2019,,65/100,0,1,0,0,0,documentary film,United States,English,2.0,tt8499102
4033,Rare Exports: A Christmas Tale,2010,18+,65/100,0,1,0,0,0,"fantasy film, comedy horror film, adventure film, Christmas film","Finland, Norway, France","Finnish, English",7.0,tt1401143
4034,Gretel & Hansel,2020,13+,65/100,0,1,0,0,0,"fantasy film, horror film, thriller film, film based on literature","Canada, United States, Ireland",English,8.0,tt9086228
4035,Mr. Jones,2019,,65/100,0,1,0,0,0,"thriller film, drama film, biographical film, political film","Ukraine, Poland, United Kingdom",English,9.0,tt6828390
4036,The Limehouse Golem,2016,,65/100,0,1,0,0,0,"horror film, thriller film, film based on a novel, mystery film",United Kingdom,English,6.3,tt4733640
4037,Wilde,1997,18+,65/100,0,1,0,0,0,,,,,
4038,Open Water,2004,18+,65/100,0,1,0,0,0,"horror film, psychological horror film, drama film, adventure film",United States,English,5.8,tt0374102
4039,Monster Trucks,2016,7+,65/100,0,1,0,0,0,"speculative fiction film, action comedy film, comedy film, adventure film",United States,English,7.0,tt3095734
4040,Ri¢hie Ri¢h,1994,7+,65/100,0,1,0,0,0,comedy film,United States,English,8.0,tt0110989
4041,Enforcement,2020,,65/100,0,1,0,0,0,action film,Denmark,Danish,7.0,tt11081050
4042,The Escort,2015,,65/100,0,1,0,0,0,"comedy drama, romantic comedy, romance film",United States,English,6.0,tt3793788
4043,Silk Road,2021,18+,65/100,0,1,0,0,0,thriller film,United States,English,6.0,tt7937254
4044,The Quake,2018,13+,65/100,0,1,0,0,0,"disaster film, drama film",Norway,Norwegian,4.0,tt6523720
4045,Shadow in the Cloud,2021,18+,65/100,0,1,0,0,0,"action film, horror film","United States, New Zealand",English,5.0,tt9691136
4046,Young Sherlock Holmes,1985,13+,65/100,0,1,0,0,0,"teen film, mystery film, Christmas film","United States, United Kingdom",English,6.8,tt0090357
4047,The Man Who Invented Christmas,2017,7+,65/100,0,1,0,0,0,"Christmas film, film based on book","Ireland, Canada",English,6.0,tt6225520
4048,Devil's Knot,2013,,65/100,0,1,0,0,0,"drama film, crime film, biographical film, film based on book",United States,English,6.0,tt0804463
4049,Monos,2019,18+,65/100,0,1,0,0,0,,,,,
4050,Hearts Beat Loud,2018,13+,65/100,0,1,0,0,0,"musical film, drama film, LGBT-related film",United States,English,6.0,tt7158430
4051,Dinosaur 13,2014,7+,65/100,0,1,0,0,0,documentary film,United States,English,8.0,tt3090252
4052,78/52,2017,,64/100,0,1,0,0,0,documentary film,United States,English,9.0,tt4372240
4053,We Are Freestyle Love Supreme,2020,18+,64/100,0,1,0,0,0,,,,,
4054,Blair Witch,2016,18+,64/100,0,1,0,0,0,"horror film, found footage",United States,English,4.0,tt1540011
4055,The Rhythm Section,2020,18+,64/100,0,1,0,0,0,"action film, thriller film, film based on a novel, vigilante film","United States, United Kingdom",English,4.0,tt7134096
4056,A Field in England,2013,,64/100,0,1,0,0,0,speculative fiction film,United Kingdom,English,6.2,tt2375574
4057,A Beautiful Planet,2016,all,64/100,0,1,0,0,0,documentary film,United States,English,7.0,tt2800050
4058,Manic,2001,18+,64/100,0,1,0,0,0,,,,,
4059,The Indian in the Cupboard,1995,7+,64/100,0,1,0,0,0,"fantasy film, children's film, adventure film, film based on a novel",United States,English,7.0,tt0113419
4060,The Chumscrubber,2005,18+,64/100,0,1,0,0,0,"comedy drama, teen film, drama film","Germany, United States",English,8.0,tt0406650
4061,Amazing Grace,2018,all,64/100,0,1,0,0,0,,,,,
4062,Beats Rhymes & Life: The Travels of A Tribe Called Quest,2011,18+,64/100,0,1,1,0,0,,,,,
4063,Plus One,2019,,64/100,0,1,0,0,0,,,,,
4064,Luce,2019,18+,64/100,0,1,0,0,0,,,,,
4065,I Still Believe,2020,7+,64/100,0,1,0,0,0,"drama film, biographical film",United States,English,8.0,tt9779516
4066,Last Chance Harvey,2008,13+,64/100,0,1,0,0,0,"romance film, drama film, romantic comedy",United States,English,7.0,tt1046947
4067,The Tuxedo,2002,13+,64/100,0,1,0,0,0,"action film, fantasy film, comedy film",United States,English,5.4,tt0290095
4068,Fear of Rain,2021,13+,64/100,0,1,0,0,0,psychological thriller,United States,English,5.0,tt10037014
4069,Southbound,2015,18+,64/100,0,1,0,0,0,"thriller film, horror film, science fiction film",United States,English,6.0,tt4935334
4070,The Best Man,1999,18+,64/100,0,1,1,0,0,"romantic comedy, drama film",United States,English,6.0,tt0168501
4071,Lo and Behold: Reveries of the Connected World,2016,13+,64/100,0,1,0,0,0,documentary film,United States,English,7.0,tt5275828
4072,The Queen of Versailles,2012,7+,64/100,0,1,0,0,0,documentary film,United States,English,7.1,tt2125666
4073,Intermission,2003,18+,64/100,0,1,0,0,0,"drama film, comedy film","United Kingdom, Ireland",English,6.8,tt0332658
4074,Lords of Chaos,2018,18+,64/100,0,1,0,0,0,"horror film, thriller film, drama film, biographical film","United Kingdom, Sweden, United States",English,7.0,tt4669296
4075,Playing It Cool,2014,18+,64/100,0,1,0,0,0,romantic comedy,United States,English,5.0,tt2139555
4076,Poetic Justice,1993,18+,64/100,0,1,0,0,0,"hood film, drama film, LGBT-related film, romance film",United States,English,6.2,tt0107840
4077,Sweet Virginia,2017,18+,64/100,0,1,0,0,0,crime thriller film,United States,English,4.0,tt2582498
4078,Framing Britney Spears,2021,16+,64/100,0,1,0,0,0,documentary film,United States,English,7.0,tt12673718
4079,Shirley,2020,18+,64/100,0,1,0,0,0,,,,,
4080,Reno 911!: Miami,2007,18+,64/100,0,1,0,0,0,"mockumentary, LGBT-related film, crime film",United States,English,7.0,tt0499554
4081,The Little Hours,2017,18+,64/100,0,1,0,0,0,comedy film,"Canada, United States",English,8.0,tt5666304
4082,The Relic,1997,18+,64/100,0,1,0,0,0,"horror film, monster film, science fiction film, action film",United States,English,5.8,tt0120004
4083,Assassination Nation,2018,18+,64/100,0,1,0,0,0,"crime film, black comedy film, thriller film, drama film",United States,English,7.0,tt6205872
4084,Terminal,2018,,64/100,0,1,0,0,0,,,,,
4085,They Came Together,2014,18+,64/100,0,1,0,0,0,romantic comedy,United States,English,6.0,tt2398249
4086,Totally Under Control,2020,16+,64/100,0,1,0,0,0,documentary film,United States,,9.0,tt13065386
4087,31,2016,18+,64/100,0,1,1,0,0,,,,,
4088,Once Upon a Time in Venice,2017,18+,63/100,0,1,0,0,0,"action film, thriller film, comedy film",United States,English,6.0,tt4694544
4089,The Spy Next Door,2010,7+,63/100,0,1,0,0,0,"spy film, comedy film",United States,English,5.5,tt1273678
4090,The Rewrite,2014,13+,63/100,0,1,0,0,0,romantic comedy,United States,English,8.0,tt2509850
4091,Brian Banks,2019,13+,63/100,0,1,0,0,0,drama film,United States,,7.0,tt3920820
4092,Soul Food,1997,18+,63/100,0,1,0,0,0,"comedy film, comedy drama",United States,English,7.0,tt0120169
4093,My Scientology Movie,2016,,63/100,0,1,0,0,0,documentary film,United Kingdom,English,8.0,tt5111874
4094,Hail Satan?,2019,18+,63/100,0,1,0,0,0,documentary film,United States,English,8.0,tt9358044
4095,Tiny Toon Adventures: How I Spent My Vacation,1992,,63/100,0,1,0,0,0,,,,,
4096,Little Fish,2021,16+,63/100,0,1,0,0,0,drama film,Australia,English,6.1,tt0382810
4097,Aniara,2019,18+,63/100,0,1,0,0,0,"science fiction film, drama film",Sweden,"Swedish, Spanish, English",8.0,tt7589524
4098,Woman at War,2018,,63/100,0,1,0,0,0,"black comedy film, thriller film","Iceland, France, Ukraine","Icelandic, Ukrainian",9.0,tt7279188
4099,Beach Rats,2017,18+,63/100,0,1,0,0,0,"drama film, LGBT-related film",United States,English,6.0,tt6303866
4100,The Hero,2017,18+,63/100,0,1,1,0,0,drama film,India,Bangla,8.0,tt0060742
4101,The Trip to Greece,2021,13+,63/100,0,1,0,0,0,,United Kingdom,,7.0,tt10482504
4102,Mad Detective,2007,,63/100,0,1,0,0,0,comedy film,Hong Kong,Cantonese,10.0,tt0969269
4103,The Wrecking Crew,2008,7+,63/100,0,1,0,0,0,documentary film,United States,English,8.0,tt1185418
4104,Two of Us,2019,,63/100,0,1,0,0,0,"drama film, LGBT-related film","France, Luxembourg, Belgium","French, German",7.2,tt9845110
4105,Hounds of Love,2016,,63/100,0,1,0,0,0,drama film,Australia,English,6.5,tt3896738
4106,Walking Tall,1973,18+,63/100,0,1,0,0,0,"action film, biographical film, thriller film, drama film",United States,English,7.0,tt0070895
4107,The Postcard Killings,2020,18+,63/100,0,1,0,0,0,"drama film, film based on a novel","United Kingdom, United States",English,7.0,tt4106514
4108,Barking Dogs Never Bite,2000,,63/100,0,1,0,0,0,"drama film, comedy film",South Korea,Korean,9.0,tt0269743
4109,High Strung,2016,all,63/100,0,1,1,0,0,"dance film, drama film, musical film",United States,English,9.0,tt3451230
4110,Tooth Fairy,2010,7+,63/100,0,1,1,0,0,"comedy film, fantasy film",United States,Russian,5.0,tt0808510
4111,Chappaquiddick,2018,13+,63/100,0,1,0,0,0,political drama,United States,English,7.0,tt5270948
4112,Angel of Mine,2019,18+,63/100,0,1,0,0,0,drama film,"Australia, United States",English,8.0,tt7058080
4113,The Assassin,2015,,63/100,0,1,0,0,0,"martial arts film, drama film","Taiwan, People's Republic of China, Hong Kong",Standard Chinese,8.0,tt3508840
4114,Trigun: Badlands Rumble,2010,16+,63/100,0,1,0,0,0,,,,,
4115,4th Man Out,2015,,63/100,0,1,0,0,0,"LGBT-related film, drama film, comedy film",United States,English,8.0,tt3978720
4116,Southside with You,2016,13+,63/100,0,1,0,0,0,"romance film, drama film, biographical film",United States,English,6.3,tt4258698
4117,Band Aid,2017,18+,63/100,0,1,0,0,0,"comedy film, drama film",United States,English,8.0,tt5816374
4118,Virtuosity,1995,18+,63/100,0,1,0,0,0,"thriller film, science fiction film, action film",United States,English,5.0,tt0114857
4119,It's a Disaster,2013,18+,63/100,0,1,0,0,0,"comedy film, disaster film",United States,English,7.0,tt1995341
4120,Moffie,2020,18+,63/100,0,1,0,0,0,"drama film, LGBT-related film","South Africa, United Kingdom","Afrikaans, English",8.0,tt10699362
4121,I Am Greta,2020,16+,63/100,0,1,0,0,0,documentary film,"Sweden, Germany","English, Swedish",9.0,tt10394738
4122,Dealt,2017,,63/100,0,1,0,0,0,documentary film,United States,English,8.0,tt3127902
4123,The Unknown Girl,2016,,63/100,0,1,0,0,0,drama film,"Belgium, France",French,6.0,tt4630550
4124,Sleepwalkers,1992,18+,63/100,0,1,0,0,0,"horror film, monster film, vampire film, fantasy film",United States,English,8.0,tt0105428
4125,Meek's Cutoff,2010,7+,62/100,0,1,0,0,0,Western film,United States,English,6.0,tt1518812
4126,The Painter and the Thief,2020,,62/100,0,1,0,0,0,documentary film,"Norway, United States","English, Norwegian",7.5,tt11296058
4127,The Keeping Room,2014,18+,62/100,0,1,1,0,0,"thriller film, action film",United States,English,8.0,tt2488778
4128,Buffaloed,2020,,62/100,0,1,0,0,0,"independent film, drama film",United States,English,7.0,tt8647310
4129,Flower,2017,18+,62/100,0,1,0,0,0,,,,,
4130,Villains,2019,18+,62/100,0,1,0,0,0,comedy horror,United States,English,6.3,tt6378710
4131,Miss Stevens,2016,,62/100,0,1,0,0,0,"drama film, comedy film, LGBT-related film",United States,English,7.0,tt2693580
4132,The Kid,2019,18+,62/100,0,1,0,1,0,"fantasy film, comedy film, drama film, time-travel film",United States,English,7.0,tt0219854
4133,The Scent of Green Papaya,1993,,62/100,0,1,0,0,0,"drama film, romance film","France, Vietnam",Vietnamese,8.0,tt0107617
4134,The Beach Bum,2019,18+,62/100,0,1,0,0,0,comedy film,United States,English,4.0,tt6511932
4135,2067,2020,16+,62/100,0,1,0,0,0,"science fiction film, time-travel film, apocalyptic film, post-apocalyptic film",Australia,English,5.0,tt1918734
4136,Teen Titans Go! vs. Teen Titans,2019,,62/100,0,1,0,0,0,,,,,
4137,Daphne,2017,18+,62/100,0,1,0,0,0,,,,,
4138,Cowboys,2020,,62/100,0,1,0,0,0,"drama film, transgender film",United States,English,7.0,tt6187134
4139,Tragedy Girls,2017,18+,62/100,0,1,0,0,0,"comedy horror, horror film",United States,English,5.0,tt3859272
4140,The Man Who Killed Hitler and Then the Bigfoot,2019,18+,62/100,0,1,0,0,0,"adventure film, drama film",United States,English,8.0,tt7042862
4141,Vox Lux,2018,18+,62/100,0,1,0,0,0,"musical film, drama film",United States,English,7.0,tt5960374
4142,Just Wright,2010,7+,62/100,0,1,0,0,0,romantic comedy,United States,English,7.0,tt1407061
4143,The Binge,2020,18+,62/100,0,1,0,0,0,comedy film,United States,English,8.0,tt10994688
4144,Shine a Light,2008,13+,62/100,0,1,0,0,0,"rockumentary, music documentary film",United States,English,7.0,tt0893382
4145,MLK/FBI,2021,7+,62/100,0,1,0,0,0,documentary film,United States,English,8.0,tt12801356
4146,New in Town,2009,7+,62/100,0,1,0,0,0,romantic comedy,"United States, Canada",English,7.0,tt1095174
4147,Support the Girls,2018,18+,62/100,0,1,0,0,0,comedy film,United States,English,7.0,tt6859352
4148,Proxima,2019,,62/100,0,1,0,0,0,,,,,
4149,Blue Chips,1994,13+,62/100,0,1,0,0,0,drama film,United States,English,6.3,tt0109305
4150,Middle School: The Worst Years of My Life,2016,7+,62/100,0,1,0,0,0,"comedy film, film based on a novel",United States,English,7.0,tt4981636
4151,In the Cut,2003,18+,62/100,0,1,0,0,0,"neo-noir, mystery film, thriller film, erotic thriller","United Kingdom, Australia, United States",English,6.0,tt0199626
4152,For Richer or Poorer,1997,13+,62/100,0,1,0,0,0,comedy film,United States,English,5.9,tt0119142
4153,One for the Money,2012,13+,62/100,0,1,0,0,0,"action comedy film, film based on a novel, crime film",United States,English,6.0,tt1598828
4154,kid 90,2021,13+,62/100,0,1,0,0,0,"biographical film, historical film, documentary film",United States,English,5.0,tt14035292
4155,Evening,2007,13+,62/100,0,1,0,0,0,"drama film, romance film",United States,English,8.0,tt0765447
4156,The Courier,2019,18+,61/100,0,1,0,0,0,drama film,United Kingdom,"English, Russian",8.0,tt8368512
4157,The Festival,2018,18+,61/100,0,1,0,0,0,comedy film,United Kingdom,English,5.0,tt7460806
4158,Here to be Heard: The Story of The Slits,2018,13+,61/100,0,1,0,0,0,documentary film,United Kingdom,English,7.0,tt4706292
4159,68 Kill,2018,18+,61/100,0,1,0,0,0,"comedy film, horror film, crime film",United States,English,6.0,tt5189894
4160,Factotum,2005,18+,61/100,0,1,0,0,0,"drama film, comedy film","France, United States, Norway",English,7.0,tt0417658
4161,The Ramen Girl,2008,13+,61/100,0,1,0,0,0,"comedy drama, drama film, romantic comedy, romance film",United States,"English, Japanese",8.0,tt0806165
4162,And So It Goes,2014,13+,61/100,0,1,1,0,0,"drama film, romance film, comedy film, romantic comedy",United States,English,7.0,tt2465146
4163,Were the World Mine,2008,,61/100,0,1,0,0,0,"romantic comedy, musical film, fantasy film, LGBT-related film",United States,English,9.0,tt0476991
4164,Batman & Bill,2017,16+,61/100,0,1,0,0,0,documentary film,United States,English,9.0,tt6067832
4165,The Tax Collector,2020,18+,61/100,0,1,0,0,0,"thriller film, action film, crime film",United States,English,6.0,tt8461224
4166,Blue Sky,1994,13+,61/100,0,1,0,0,0,"romance film, drama film",United States,English,9.0,tt0109306
4167,Dismissed,2017,,61/100,0,1,1,0,0,"horror film, thriller film",United States,English,6.0,tt5039994
4168,The Outside Story,2021,,61/100,0,1,0,0,0,"comedy film, drama film",United States,English,5.0,tt9350934
4169,Spree,2020,,61/100,0,1,0,0,0,,,,,
4170,Dear Comrades!,2020,,61/100,0,1,0,0,0,"historical film, drama film",Russia,Russian,8.0,tt10796286
4171,WeWork: or The Making and Breaking of a $47 Billion Unicorn,2021,13+,61/100,0,1,0,0,0,documentary film,United States,English,5.0,tt11188154
4172,Princess Cyd,2017,,61/100,0,1,0,0,0,"LGBT-related film, drama film, romance film",United States,English,6.7,tt6053440
4173,Ode to Joy,2019,18+,61/100,0,1,0,0,0,,,,,
4174,The China Hustle,2018,18+,61/100,0,1,0,0,0,documentary film,United States,English,8.0,tt7215388
4175,Those People,2015,,61/100,0,1,1,0,0,"LGBT-related film, romance film, drama film",United States,English,8.0,tt3899516
4176,Girls Just Want to Have Fun,1985,7+,61/100,0,1,1,0,0,"romantic comedy, musical film, teen film",United States,English,6.0,tt0089208
4177,Black Gold,2011,18+,61/100,0,1,1,0,0,"drama film, political film",Nigeria,English,5.3,tt1683402
4178,"Race for Your Life, Charlie Brown",1977,all,61/100,0,1,0,0,0,,,,,
4179,The Cave,2019,13+,61/100,0,1,0,0,0,documentary film,"Syria, Denmark, Germany","Syriac, English, Arabic",10.0,tt7178226
4180,Time Freak,2018,13+,61/100,0,1,0,0,0,"romantic comedy, time-travel film",United States,English,9.0,tt6769280
4181,Eliminators,2016,18+,61/100,0,1,0,0,0,"thriller film, action film",United States,English,8.0,tt4587366
4182,Wild Mountain Thyme,2020,13+,61/100,0,1,0,0,0,romance film,"United States, United Kingdom, Ireland",English,5.8,tt6842770
4183,Save Yourselves!,2020,18+,61/100,0,1,0,0,0,"comedy film, science fiction film",United States,English,7.0,tt7873348
4184,Spinning Man,2018,18+,61/100,0,1,0,0,0,thriller film,United States,English,8.0,tt5616294
4185,12 Hour Shift,2020,,60/100,0,1,0,0,0,"comedy film, horror film, thriller film",United States,English,7.0,tt10309552
4186,Skate Kitchen,2018,18+,60/100,0,1,0,0,0,"female buddy film, drama film",United States,English,6.8,tt7545566
4187,The Hunchback of Notre Dame,1923,,60/100,0,1,0,1,0,"romance film, horror film, silent film, film based on literature",United States,English,8.0,tt0014142
4188,Margarita with a Straw,2015,13+,60/100,0,1,0,0,0,"drama film, LGBT-related film, romance film",India,Hindi,8.0,tt2929690
4189,Beasts Clawing at Straws,2020,,60/100,0,1,0,0,0,"drama film, thriller film, crime film",South Korea,Korean,7.0,tt9747594
4190,Elena Undone,2010,18+,60/100,0,1,0,0,0,"drama film, LGBT-related film",United States,English,9.0,tt1575539
4191,Anacondas: The Hunt for the Blood Orchid,2004,13+,60/100,0,1,1,0,0,"action film, horror film",United States,English,4.8,tt0366174
4192,An American Haunting,2005,13+,60/100,0,1,0,0,0,"horror film, mystery film, ghost film, supernatural horror film","Canada, United Kingdom, United States",English,5.0,tt0429573
4193,Last Days Here,2011,,60/100,0,1,0,0,0,documentary film,United States,English,10.0,tt1723126
4194,Back in Time,2015,,60/100,0,1,0,0,0,documentary film,United States,English,6.0,tt3118874
4195,Flesh and Blood,2017,,60/100,0,1,1,0,0,"erotic film, action film, war film, drama film","Spain, Netherlands, United States","English, Latin",6.7,tt0089153
4196,Clemency,2019,18+,60/100,0,1,0,0,0,drama film,United States,English,6.0,tt5577494
4197,Foxfire,1996,18+,60/100,0,1,0,0,0,"female buddy film, teen film, coming-of-age fiction, drama film",United States,English,6.2,tt0116353
4198,The Haunting in Connecticut 2: Ghosts of Georgia,2013,18+,60/100,0,1,0,0,0,"horror film, psychological horror",United States,English,8.0,tt1457765
4199,Books of Blood,2020,18+,60/100,0,1,0,0,0,film based on literature,United States,English,7.0,tt11242218
4200,The Secret Garden,2020,7+,60/100,0,1,0,0,0,"fantasy film, film based on a novel",United Kingdom,English,3.0,tt2702920
4201,Rent-A-Pal,2020,,60/100,0,1,0,0,0,,United States,,7.0,tt12274228
4202,Waiting for the Barbarians,2019,16+,60/100,0,1,0,0,0,drama film,Italy,English,8.0,tt6149154
4203,Caveman,1981,7+,60/100,0,1,0,0,0,"fantasy film, parody film","United States, Mexico",English,5.8,tt0082146
4204,Teen Spirit,2019,13+,60/100,0,1,0,1,0,"musical film, drama film","United States, United Kingdom",English,5.0,tt6483364
4205,Ordinary Love,2019,18+,60/100,0,1,0,0,0,"drama film, romance film",United Kingdom,English,7.0,tt6012380
4206,Dog Days,2018,7+,60/100,0,1,0,0,0,"romantic comedy, drama film",United States,English,6.0,tt7365604
4207,The Miracle Season,2018,7+,60/100,0,1,0,0,0,drama film,United States,English,10.0,tt5427194
4208,A Boy Named Charlie Brown,1969,all,60/100,0,1,0,0,0,,,,,
4209,Too Funny to Fail: The Life & Death of The Dana Carvey Show,2017,18+,60/100,0,1,0,0,0,,,,,
4210,Already Tomorrow in Hong Kong,2016,,60/100,0,1,0,0,0,romance film,United States,English,8.0,tt3700804
4211,Rams,2020,13+,60/100,0,1,0,0,0,,,,,
4212,RoboCop 3,1993,13+,60/100,0,1,0,0,0,"action film, science fiction film, superhero film, cyberpunk",United States,English,5.0,tt0107978
4213,Losing Isaiah,1995,18+,60/100,0,1,0,0,0,drama film,United States,English,6.4,tt0113691
4214,Dark Was the Night,2014,,60/100,0,1,1,0,0,thriller film,United States,English,7.0,tt2251281
4215,Primal,2019,18+,60/100,0,1,0,0,0,action film,United States,English,7.0,tt7394816
4216,Pyewacket,2017,,59/100,0,1,0,0,0,"thriller film, drama film",Canada,English,6.0,tt5119116
4217,R100,2013,,59/100,0,1,0,0,0,comedy drama,Japan,Japanese,8.0,tt2914838
4218,Grand Isle,2019,18+,59/100,0,1,0,0,0,thriller film,United States,English,6.0,tt8380776
4219,The Donut King,2020,,59/100,0,1,0,0,0,documentary film,United States,"American English, Chinese",7.0,tt10214496
4220,The Furies,1950,,59/100,0,1,0,0,0,"Western film, film noir, drama film",United States,English,9.0,tt0042490
4221,Little Woods,2019,18+,59/100,0,1,0,0,0,"thriller film, Western film, crime film","United States, Australia",English,8.0,tt6418918
4222,The Layover,2017,18+,59/100,0,1,0,0,0,comedy film,United States,English,7.0,tt4565520
4223,Hannie Caulder,1971,18+,59/100,0,1,1,0,0,"rape and revenge film, Western film, film based on literature",United Kingdom,English,6.4,tt0068675
4224,Tesla,2020,13+,59/100,0,1,0,0,0,,,,,
4225,Running with the Devil,2019,18+,59/100,0,1,0,0,0,"action thriller, Satanic film",United States,English,5.0,tt5792656
4226,You Cannot Kill David Arquette,2020,18+,59/100,0,1,0,0,0,documentary film,United States,English,7.0,tt11454066
4227,100% Wolf,2020,7+,59/100,0,1,0,0,0,,,,,
4228,Bad Company,1972,7+,59/100,0,1,1,0,0,Western film,United States,English,8.0,tt0068245
4229,Pilgrimage,2017,,59/100,0,1,0,0,0,,,,,
4230,Reaching for the Moon,2013,,59/100,0,1,1,0,0,"biographical film, LGBT-related film, drama film",Brazil,"English, Portuguese",8.0,tt2217458
4231,Night of the Kings,2021,18+,59/100,0,1,0,0,0,prison film,"Ivory Coast, France, Canada","French, Dioula",9.0,tt8132778
4232,Overdrive,2017,13+,59/100,0,1,0,0,0,,,,,
4233,Stray,2020,,59/100,0,1,1,0,0,,,,,
4234,Open Water 2: Adrift,2006,18+,59/100,0,1,0,0,0,drama film,Germany,English,7.0,tt0470055
4235,Priceless,2016,13+,59/100,0,1,0,0,0,"drama film, Christian film, romance film, crime film",United States,English,10.0,tt4978274
4236,False Positive,2021,18+,59/100,0,1,0,0,0,horror film,United States,English,2.0,tt10096842
4237,The Osiris Child,2016,,59/100,0,1,0,0,0,science fiction film,"Australia, United States",English,8.0,tt4536768
4238,Loro 1,2018,,59/100,0,1,0,0,0,"biographical film, drama film","Italy, France",,6.7,tt6748466
4239,The Doorman,2020,18+,59/100,0,1,0,0,0,action film,United States,"English, French",3.0,tt6222118
4240,Almost Adults,2016,16+,59/100,0,1,0,0,0,"romantic comedy, drama film, LGBT-related film",Canada,English,5.0,tt4686862
4241,The Final Member,2012,18+,59/100,0,1,0,0,0,documentary film,Canada,"English, Icelandic",8.0,tt2318701
4242,Neil Young: Heart of Gold,2006,7+,59/100,0,1,0,0,0,"music documentary film, rockumentary",United States,English,10.0,tt0473692
4243,Getting Go: The Go Doc Project,2013,,59/100,0,1,1,0,0,LGBT-related film,United States,English,7.0,tt2623502
4244,Four Lovers,2010,,59/100,0,1,0,0,0,romance film,France,French,5.5,tt1528750
4245,28 Hotel Rooms,2012,,59/100,0,1,0,0,0,drama film,United States,English,9.0,tt2124074
4246,Graveyard Shift,1990,18+,59/100,0,1,0,0,0,"horror film, monster film, science fiction film, film based on literature",United States,English,6.0,tt0099697
4247,"Snoopy, Come Home",1972,all,59/100,0,1,0,0,0,,,,,
4248,Maze,2017,,58/100,0,1,1,0,0,,,,,
4249,Bull,2020,18+,58/100,0,1,0,0,0,,,,,
4250,Bad Hair,2021,,58/100,0,1,0,0,0,"drama film, LGBT-related film","Venezuela, Peru, Argentina","Spanish, English",9.0,tt3074610
4251,Little Joe,2019,,58/100,0,1,0,0,0,"drama film, science fiction film","Austria, United Kingdom, Germany",English,6.0,tt9204204
4252,The Orange Years: The Nickelodeon Story,2020,,58/100,0,1,0,0,0,documentary film,United States,English,10.0,tt6611256
4253,The Monkey King 3,2018,,58/100,0,1,0,0,0,adventure film,People's Republic of China,Standard Chinese,10.0,tt6466464
4254,The Fight,2020,13+,58/100,0,1,0,0,0,,,,,
4255,The Mandela Effect,2019,,58/100,0,1,1,0,0,,United States,English,7.0,tt6544220
4256,L!fe Happens,2011,18+,58/100,0,1,0,0,0,"female buddy film, comedy film, romantic comedy",United States,English,7.0,tt1726589
4257,The Ladies Man,2000,18+,58/100,0,1,1,0,0,"comedy film, comedy",United States,English,6.0,tt0213790
4258,Sold,2016,13+,58/100,0,1,0,0,0,,,,,
4259,Oh Lucy!,2017,,58/100,0,1,0,0,0,comedy drama,"United States, Japan",Japanese,10.0,tt6343058
4260,Fairy Tail: Phoenix Priestess,2012,13+,58/100,0,1,0,0,0,,,,,
4261,Crypto,2019,18+,58/100,0,1,0,0,0,,,,,
4262,A Score to Settle,2019,,58/100,0,1,0,0,0,action thriller,United States,English,3.0,tt3758162
4263,WolfCop,2014,,58/100,0,1,0,0,0,"horror film, comedy horror, comedy film",Canada,English,8.0,tt2781516
4264,The Owners,2020,,58/100,0,1,0,0,0,horror film,"United Kingdom, France, United States",English,6.0,tt9806370
4265,The Sweet Life,2017,,58/100,0,1,0,0,0,"comedy drama, romantic comedy",United States,English,1.0,tt4838534
4266,The Panama Papers,2018,13+,58/100,0,1,0,0,0,documentary film,United States,English,5.0,tt8951058
4267,Casa de los Babys,2003,18+,58/100,0,1,0,0,0,"comedy film, social problem film, independent film, drama film","United States, Mexico","Spanish, English",8.0,tt0303830
4268,Vita & Virginia,2019,,58/100,0,1,0,0,0,"biographical film, drama film, romance film, LGBT-related film","Ireland, United Kingdom",English,6.0,tt5859882
4269,The 10 Year Plan,2014,13+,58/100,0,1,0,0,0,"comedy film, romance film",United States,English,7.0,tt3239442
4270,A Kind of Murder,2016,18+,58/100,0,1,0,0,0,"thriller film, drama film, film based on a novel",United States,English,5.0,tt2726552
4271,Suburban Gothic,2014,18+,58/100,0,1,0,0,0,"comedy horror, ghost film",United States,English,5.0,tt3279176
4272,The Hornet's Nest,2014,18+,58/100,0,1,1,0,0,documentary film,United States,English,9.0,tt2611026
4273,Welcome Home Roscoe Jenkins,2008,13+,58/100,0,1,0,0,0,"comedy drama, comedy film",United States,English,5.6,tt0494652
4274,The Other Man,2008,18+,58/100,0,1,0,0,0,"drama film, romance film, mystery film","United States, United Kingdom",English,8.0,tt0974613
4275,The Other Lamb,2020,18+,58/100,0,1,0,0,0,horror film,"United States, Belgium, Ireland",English,3.0,tt7737734
4276,The Houses October Built,2014,,58/100,0,1,0,0,0,"found footage, horror film",United States,English,5.0,tt1958043
4277,Ozzy,2016,all,58/100,0,1,0,0,0,,,,,
4278,Once Were Brothers: Robbie Robertson and The Band,2020,18+,58/100,0,1,0,0,0,documentary film,Canada,English,7.0,tt10334456
4279,The Bellboy,1960,,58/100,0,1,0,0,0,comedy film,United States,English,6.5,tt0053644
4280,Himalaya,1999,,58/100,0,1,0,0,0,,,,,
4281,Digging for Fire,2015,18+,58/100,0,1,0,0,0,"drama film, comedy drama",United States,English,6.0,tt3704416
4282,A Glitch in the Matrix,2021,,58/100,0,1,0,0,0,documentary film,United States,English,4.0,tt9847360
4283,Crock of Gold: A Few Rounds with Shane MacGowan,2020,,58/100,0,1,0,0,0,documentary film,"United States, United Kingdom, Ireland",English,10.0,tt11778272
4284,Good Deeds,2012,13+,57/100,0,1,0,0,0,"romantic comedy, comedy drama",United States,English,7.0,tt1885265
4285,The Face of Love,2013,13+,57/100,0,1,0,0,0,"romantic comedy, drama film",United States,English,6.0,tt1839642
4286,Stonewall,2015,18+,57/100,0,1,0,0,0,,,,,
4287,Nurse 3-D,2013,18+,57/100,0,1,0,0,0,,,,,
4288,Hello I Must Be Going,2012,18+,57/100,0,1,0,0,0,"comedy drama, romantic comedy",United States,English,8.0,tt2063666
4289,Ma Ma,2015,18+,57/100,0,1,0,0,0,drama film,Spain,Spanish,8.0,tt3480886
4290,Racer and the Jailbird,2017,18+,57/100,0,1,0,0,0,"crime film, drama film","Belgium, France",French,6.0,tt2586120
4291,Henry Gamble's Birthday Party,2015,18+,57/100,0,1,0,0,0,LGBT-related film,United States,English,7.0,tt3703836
4292,First Girl I Loved,2016,,57/100,0,1,0,0,0,"drama film, LGBT-related film",United States,English,6.1,tt4262174
4293,Non-Fiction,2018,18+,57/100,0,1,0,0,0,,,,,
4294,100 Streets,2016,18+,57/100,0,1,1,0,0,drama film,United Kingdom,English,9.0,tt2990126
4295,Zoom,2006,7+,57/100,0,1,0,0,0,,,,,
4296,Body Cam,2020,18+,57/100,0,1,0,0,0,"horror film, thriller film",United States,English,4.0,tt8179024
4297,Above the Shadows,2019,,57/100,0,1,0,0,0,romance film,United States,English,7.0,tt4622682
4298,Where Hope Grows,2014,13+,57/100,0,1,0,0,0,drama film,United States,English,10.0,tt3200980
4299,Lady in a Cage,1964,,57/100,0,1,1,0,0,"thriller film, horror film, drama film",United States,English,8.0,tt0058283
4300,Buddy Games,2021,18+,57/100,0,1,0,0,0,,,,6.0,tt21241942
4301,Gundala,2019,16+,57/100,0,1,0,0,0,action film,Indonesia,Indonesian,6.0,tt8237172
4302,XX,2017,18+,57/100,0,1,0,0,0,,,,,
4303,Rebuilding Paradise,2020,13+,57/100,0,1,0,0,0,documentary film,United States,English,6.0,tt9735350
4304,Let the Sunshine In,2017,,57/100,0,1,0,0,0,drama film,France,French,5.0,tt6423776
4305,Above and Beyond,2015,,57/100,0,1,1,0,0,"biographical film, drama film",United States,English,10.0,tt0044324
4306,Swimming with Men,2018,,57/100,0,1,0,0,0,"comedy film, drama film, romance film",United Kingdom,English,7.0,tt6532374
4307,Book of Blood,2009,18+,57/100,0,1,0,0,0,"horror film, fantasy film, psychological thriller, mystery film",United Kingdom,English,5.3,tt1169809
4308,Valley Girl,2020,13+,57/100,0,1,0,0,0,musical film,United States,English,4.0,tt1266036
4309,The Feels,2017,18+,57/100,0,1,0,0,0,"romantic comedy, LGBT-related film",United States,English,6.0,tt5831402
4310,My Little Pony: The Princess Promenade,2006,all,57/100,0,1,0,0,0,children's film,United States,English,7.4,tt0490668
4311,Someone Marry Barry,2014,,57/100,0,1,0,0,0,"comedy film, romantic comedy",United States,English,5.8,tt1978532
4312,IMAX: Galapagos 3D,1999,,57/100,0,1,0,0,0,,,,,
4313,Rogue,2020,18+,57/100,0,1,0,0,0,,,,,
4314,The Dream Is Alive,1985,,57/100,0,1,0,0,0,documentary film,United States,English,7.6,tt0089050
4315,Hideaway,1995,18+,57/100,0,1,0,0,0,,,,,
4316,Sword Art Online: Extra Edition,2014,16+,57/100,0,1,0,0,0,,,,,
4317,Damsel,2018,18+,57/100,0,1,0,0,0,"Western film, comedy drama, drama film",United States,English,5.0,tt5881528
4318,I Declare War,2013,18+,57/100,0,1,0,0,0,"action film, drama film, coming-of-age fiction, comedy drama",Canada,English,8.0,tt2133239
4319,Shelley,2016,,56/100,0,1,0,0,0,,,,,
4320,Astro Kid,2019,7+,56/100,0,1,0,0,0,,,,,
4321,Superpower Dogs,2019,all,56/100,0,1,0,0,0,documentary film,United Kingdom,English,10.0,tt5629084
4322,Diane,2019,,56/100,0,1,0,0,0,,,,,
4323,Gimme the Loot,2012,,56/100,0,1,0,0,0,comedy film,United States,English,6.6,tt2139919
4324,The First Monday in May,2016,13+,56/100,0,1,0,0,0,documentary film,United States,English,2.0,tt5519566
4325,The Skull,1965,,56/100,0,1,1,0,0,horror film,"United Kingdom, United States",English,8.0,tt0059727
4326,The World of Kanako,2014,,56/100,0,1,0,0,0,crime film,Japan,Japanese,7.0,tt3108158
4327,Ben 10: Secret of the Omnitrix,2007,7+,56/100,0,1,0,0,0,,,,,
4328,Judy & Punch,2019,,56/100,0,1,0,0,0,black comedy,Australia,English,8.0,tt7798644
4329,Frankenstein and the Monster from Hell,1974,18+,56/100,0,1,0,0,0,horror film,United Kingdom,English,6.0,tt0071519
4330,You Instead,2011,18+,56/100,0,1,0,0,0,romantic comedy,United Kingdom,English,6.0,tt1672845
4331,Digging Up the Marrow,2015,,56/100,0,1,0,0,0,"horror film, monster film, found footage",United States,English,7.0,tt1991031
4332,Book of Shadows: Blair Witch 2,2000,18+,56/100,0,1,0,0,0,"horror film, psychological horror",United States,English,7.0,tt0229260
4333,Knuckleball!,2012,,56/100,0,1,0,0,0,documentary film,United States,English,10.0,tt2343601
4334,Sordid Lives,2000,18+,56/100,0,1,0,0,0,"LGBT-related film, romantic comedy",United States,English,7.0,tt0204640
4335,Monsters and Men,2018,18+,56/100,0,1,0,0,0,drama film,United States,English,5.0,tt7689906
4336,Sea of Shadows,2019,13+,56/100,0,1,0,0,0,documentary film,"Austria, Australia, United States","English, Spanish",10.0,tt9326056
4337,Bad Reputation,2018,18+,56/100,0,1,0,0,0,"slasher film, rape and revenge film, horror film, drama film",United States,English,7.0,tt0478976
4338,Carnage Park,2016,,56/100,0,1,0,0,0,"thriller film, crime film, horror film",United States,English,3.0,tt4335650
4339,Sex Ed,2014,,56/100,0,1,1,0,0,,,,,
4340,Skin: A History of Nudity in the Movies,2020,,56/100,0,1,0,0,0,,United States,,8.0,tt11245776
4341,Getaway,2013,13+,56/100,0,1,1,0,0,"action film, thriller film, heist film, Christmas film",United States,English,4.0,tt2167202
4342,A Nice Girl Like You,2020,18+,56/100,0,1,0,0,0,romantic comedy,United States,English,6.0,tt3278540
4343,Vault,2019,18+,56/100,0,1,0,0,0,,,,,
4344,Obey Giant,2017,,56/100,0,1,0,0,0,documentary film,United States,English,1.0,tt7179102
4345,Still Waiting...,2009,18+,56/100,0,1,0,0,0,comedy film,United States,English,3.0,tt1116186
4346,Nina,2016,,56/100,0,1,0,0,0,,,,,
4347,Turbulence,1997,18+,56/100,0,1,0,0,0,"action film, crime film, thriller film",United States,English,4.0,tt0120390
4348,Wakko's Wish,1999,all,56/100,0,1,0,0,0,"comedy drama, fantasy film, children's film, comedy film","United States, Japan",English,6.0,tt0164226
4349,Just Charlie,2017,,56/100,0,1,1,0,0,drama film,United Kingdom,English,10.0,tt4838248
4350,Dark Web: Cicada 3301,2021,18+,56/100,0,1,0,0,0,action film,United States,English,6.0,tt8110246
4351,Trevor Noah: You Laugh But It's True,2011,,56/100,0,1,0,0,0,,,,,
4352,Caddyshack II,1988,13+,56/100,0,1,0,0,0,"comedy film, slapstick, sport film",United States,English,5.0,tt0094824
4353,Gemini,2017,18+,55/100,0,1,0,0,0,,,,,
4354,Robert the Bruce,2019,,55/100,0,1,0,0,0,"historical film, medieval film",United States,,6.0,tt8000908
4355,Breaking Fast,2020,,55/100,0,1,0,0,0,,United States,English,10.0,tt9112712
4356,Detective Dee: The Four Heavenly Kings,2018,18+,55/100,0,1,0,0,0,mystery film,People's Republic of China,,8.0,tt6869538
4357,Amira & Sam,2014,,55/100,0,1,0,0,0,romantic comedy,United States,English,8.0,tt3139538
4358,Amulet,2020,18+,55/100,0,1,0,0,0,,,,,
4359,Out Stealing Horses,2019,,55/100,0,1,0,0,0,drama film,"Norway, Sweden, Denmark",Norwegian,8.0,tt7319496
4360,Space Station 3D,2002,,55/100,0,1,0,0,0,documentary film,"United States, Canada",English,10.0,tt0290296
4361,Liz in September,2014,,55/100,0,1,0,0,0,"drama film, LGBT-related film",Venezuela,Spanish,7.0,tt2325833
4362,Lowlife,2017,,55/100,0,1,0,0,0,crime thriller film,United States,English,6.0,tt7012864
4363,Kindergarten Cop 2,2016,13+,55/100,0,1,0,0,0,"comedy film, action film","United States, Canada",English,4.4,tt4763168
4364,Donnybrook,2019,18+,55/100,0,1,0,0,0,,,,,
4365,The Devil's Doorway,2018,,55/100,0,1,0,0,0,"horror film, Satanic film",Ireland,English,7.0,tt6793280
4366,An Acceptable Loss,2019,18+,55/100,0,1,0,0,0,political thriller film,United States,English,6.0,tt7049542
4367,Take Every Wave: The Life of Laird Hamilton,2018,7+,55/100,0,1,0,0,0,,,,10.0,tt6333092
4368,Notturno,2020,18+,55/100,0,1,0,0,0,documentary film,"Italy, Germany, France",Arabic,8.0,tt7945450
4369,Pokémon the Movie: Hoopa and the Clash of Ages,2015,7+,55/100,0,1,0,0,0,,,,,
4370,The Female Brain,2018,16+,55/100,0,1,0,0,0,comedy film,United States,English,7.0,tt5752360
4371,Fun in Acapulco,1963,7+,55/100,0,1,0,0,0,"romantic comedy, musical film",United States,English,6.0,tt0057083
4372,Pledge,2019,,55/100,0,1,0,0,0,"crime film, mystery film, drama film, film based on literature",United States,English,8.0,tt0237572
4373,Exit Plan,2019,,55/100,0,1,0,0,0,drama film,Denmark,Danish,7.0,tt8765580
4374,Sheep & Wolves,2016,all,55/100,0,1,1,0,0,"fantasy film, comedy film, children's film",Russia,Russian,2.0,tt8761814
4375,Centigrade,2020,,55/100,0,1,0,0,0,thriller film,United States,English,4.0,tt8945942
4376,A Nasty Piece of Work,2019,,55/100,0,1,0,0,0,,,,,
4377,Legion of Brothers,2017,16+,55/100,0,1,0,0,0,,,,,
4378,K: Missing Kings,2014,16+,55/100,0,1,0,0,0,,,,,
4379,Our Family Wedding,2010,13+,55/100,0,1,0,0,0,romantic comedy,United States,English,4.0,tt1305583
4380,Wander Darkly,2020,18+,55/100,0,1,0,0,0,drama film,United States,English,3.0,tt8902978
4381,Wounds,2019,18+,55/100,0,1,0,0,0,"psychological horror, horror film","United States, United Kingdom",English,6.0,tt5913798
4382,Hooking Up,2020,18+,55/100,0,1,0,0,0,,United States,,7.0,tt9815998
4383,Wolves,2016,18+,55/100,0,1,0,0,0,,,,,
4384,"Nico, 1988",2017,18+,55/100,0,1,0,0,0,"musical film, biographical film","Italy, Belgium",English,8.0,tt7186092
4385,Star Kid,1997,7+,55/100,0,1,1,0,0,"science fiction film, teen film, children's film, superhero film",United States,English,5.3,tt0120478
4386,Follow Me,2020,18+,55/100,0,1,0,0,0,"thriller film, horror film",United States,English,6.0,tt8160834
4387,American Gun,2005,18+,55/100,0,1,0,0,0,"crime film, drama film",United States,English,8.0,tt0416471
4388,The Tomorrow Man,2019,13+,54/100,0,1,0,0,0,drama film,United States,English,6.0,tt8769848
4389,Almost Human,2013,,54/100,0,1,0,0,0,"action film, thriller film, film noir",Italy,Italian,7.0,tt0071840
4390,Premature,2020,,54/100,0,1,0,0,0,,,,,
4391,Wild Nights with Emily,2018,13+,54/100,0,1,0,0,0,"comedy film, biographical film, LGBT-related film",United States,English,7.0,tt5176580
4392,Let's Be Evil,2016,,54/100,0,1,0,0,0,,United Kingdom,English,3.0,tt3655682
4393,R.L. Stine's Monsterville: The Cabinet of Souls,2015,7+,54/100,0,1,0,0,0,,,,,
4394,Big Men,2014,,54/100,0,1,0,0,0,documentary film,United States,English,9.0,tt2789532
4395,The Midnight Man,2016,,54/100,0,1,0,0,0,horror film,"United States, Canada",English,7.0,tt5629964
4396,Black and White,1999,18+,54/100,0,1,0,0,0,"crime film, drama film, hood film, LGBT-related film",United States,English,5.0,tt0165643
4397,Journey to the South Pacific,2013,all,54/100,0,1,0,0,0,documentary film,United States,English,6.5,tt3195742
4398,The Dinner,2017,18+,54/100,0,1,0,0,0,"thriller film, mystery film, drama film",United States,English,1.0,tt3203620
4399,Before We Vanish,2017,18+,54/100,0,1,0,0,0,"science fiction film, drama film",Japan,Japanese,8.0,tt5999530
4400,Pokémon the Movie: Volcanion and the Mechanical Marvel,2016,7+,54/100,0,1,0,0,0,,,,,
4401,The Ultimate Playlist of Noise,2021,18+,54/100,0,1,0,0,0,romantic comedy,United States,,6.0,tt11268742
4402,Eating Animals,2018,,54/100,0,1,0,0,0,documentary film,,,8.0,tt2180351
4403,Into the Ashes,2019,,54/100,0,1,0,0,0,,United States,,5.0,tt3138122
4404,This Is Not Berlin,2019,,54/100,0,1,0,0,0,teen film,Mexico,Spanish,10.0,tt7666724
4405,Just Eat It: A Food Waste Story,2014,,54/100,0,1,0,0,0,documentary film,"United Kingdom, Canada, United States",English,10.0,tt3597400
4406,Chasing Trane,2017,,54/100,0,1,0,0,0,"documentary film, biographical film",United States,English,10.0,tt4287434
4407,Rabid Dogs,2015,,54/100,0,1,0,0,0,crime thriller film,France,French,6.0,tt4379180
4408,AWOL,2017,,54/100,0,1,0,0,0,"LGBT-related film, drama film, romance film",United States,English,9.0,tt4462372
4409,The Night Watchmen,2017,18+,54/100,0,1,0,0,0,"horror film, comedy film",United States,English,5.4,tt4102722
4410,Cabin Fever: Patient Zero,2014,,54/100,0,1,0,0,0,comedy horror,United States,English,4.0,tt2102496
4411,The Year of Spectacular Men,2018,,54/100,0,1,0,0,0,comedy drama,United States,English,4.0,tt5039578
4412,Pit Stop,2013,,54/100,0,1,1,0,0,"LGBT-related film, drama film",United States,"English, Spanish",6.0,tt2397531
4413,Meeting Gorbachev,2019,,54/100,0,1,0,0,0,documentary film,"United Kingdom, Germany, United States","English, Russian, German",8.0,tt8811382
4414,We Die Young,2019,18+,54/100,0,1,0,0,0,action film,"Bulgaria, United States",English,1.0,tt7903530
4415,Killers Anonymous,2019,18+,54/100,0,1,0,0,0,crime thriller film,United States,English,4.0,tt8400758
4416,Ask Dr. Ruth,2019,,54/100,0,1,0,0,0,"documentary film, biographical film",United States,English,7.0,tt9353586
4417,Intersect,2020,18+,53/100,0,1,0,0,0,drama film,United States,,6.1,tt1341733
4418,Depraved,2019,,53/100,0,1,0,0,0,,United States,,7.0,tt7946216
4419,Legends of Oz: Dorothy's Return,2014,7+,53/100,0,1,0,0,0,"musical film, fantasy film, film based on literature","United States, India",English,2.0,tt0884726
4420,Mary,2019,18+,53/100,0,1,0,0,0,,,,,
4421,Trick,2019,,53/100,0,1,0,0,0,"romantic comedy, comedy drama, LGBT-related film",United States,English,9.0,tt0162710
4422,Bratz,2007,7+,53/100,0,1,0,0,0,"female buddy film, teen film, comedy film, musical film",United States,English,1.0,tt0804452
4423,Taffin,1988,18+,53/100,0,1,0,0,0,"crime film, action film","United States, United Kingdom",English,7.0,tt0096211
4424,Passage to Mars,2016,,53/100,0,1,0,0,0,,,,7.0,tt3190158
4425,Soul Survivors,2001,13+,53/100,0,1,0,0,0,"teen film, horror film, drama film",United States,English,5.0,tt0218619
4426,Lucky Day,2019,18+,53/100,0,1,0,0,0,action film,"Canada, France",English,4.0,tt7248248
4427,Radioflash,2019,,53/100,0,1,0,0,0,,United States,English,4.0,tt7288408
4428,The Boy Downstairs,2018,13+,53/100,0,1,0,0,0,"comedy drama, romantic comedy, romance film",United States,English,5.7,tt5096846
4429,Disappearance at Clifton Hill,2020,,53/100,0,1,0,0,0,thriller film,Canada,,6.0,tt5919756
4430,Margaret Atwood: A Word After a Word After a Word Is Power,2019,,53/100,0,1,0,0,0,,,,8.0,tt11197082
4431,The Big Ugly,2020,18+,53/100,0,1,0,0,0,action film,United States,English,6.0,tt9441638
4432,The Roads Not Taken,2020,18+,53/100,0,1,0,0,0,drama film,"United Kingdom, United States","English, Spanish",6.0,tt9411866
4433,I Met a Girl,2020,,53/100,0,1,0,0,0,"romance film, comedy film",Australia,English,9.0,tt9731360
4434,Mapplethorpe,2018,,53/100,0,1,0,0,0,"LGBT-related film, drama film",United States,English,7.0,tt1389098
4435,Dragonheart: Battle for the Heartfire,2017,13+,53/100,0,1,0,0,0,"adventure film, fantasy film, medieval film",United States,English,6.0,tt5610626
4436,35 and Ticking,2011,18+,53/100,0,1,0,0,0,,United States,English,8.0,tt1652287
4437,Billie,2020,,53/100,0,1,0,0,0,,,,,
4438,69: The Saga of Danny Hernandez,2021,18+,53/100,0,1,0,0,0,"true crime, documentary film",United States,,5.0,tt13473640
4439,I Trapped the Devil,2019,,53/100,0,1,0,0,0,independent film,United States,English,4.0,tt8708304
4440,The Escape,2018,,53/100,0,1,0,0,0,,,,,
4441,Anchor and Hope,2017,,53/100,0,1,0,0,0,"comedy drama, LGBT-related film",Spain,"English, Spanish",8.0,tt5981304
4442,VHYes,2020,,53/100,0,1,0,0,0,comedy film,United States,English,10.0,tt10287376
4443,It Had to Be You,2016,18+,53/100,0,1,1,0,0,"comedy film, romantic comedy",United States,English,9.0,tt0139388
4444,Ismael's Ghosts,2017,18+,53/100,0,1,0,0,0,drama film,France,French,5.5,tt5687040
4445,Ron White: A Little Unprofessional,2012,,53/100,0,1,0,0,0,,,,,
4446,Mister America,2019,18+,53/100,0,1,0,0,0,mockumentary,United States,American English,10.0,tt10579992
4447,I Wish I Knew,2010,,52/100,0,1,0,0,0,documentary film,People's Republic of China,Mandarin,7.0,tt1646103
4448,The Housemaid,2016,,52/100,0,1,0,0,0,speculative fiction film,Vietnam,"Vietnamese, English",6.0,tt5860084
4449,Infamous,2020,,52/100,0,1,0,0,0,independent film,United States,English,1.0,tt7703924
4450,Mass Effect: Paragon Lost,2012,7+,52/100,0,1,0,0,0,"action film, science fiction film","Japan, United States",English,7.0,tt2140141
4451,Hellions,2015,,52/100,0,1,0,0,0,horror film,Canada,English,3.0,tt3305844
4452,Farewell Amor,2020,,52/100,0,1,0,0,0,"drama film, musical film, romance film",United States,English,10.0,tt11380884
4453,The Evil in Us,2016,,52/100,0,1,0,0,0,horror film,Canada,English,4.0,tt4035898
4454,This Mountain Life,2018,7+,52/100,0,1,0,0,0,documentary film,"United States, Canada",English,8.0,tt7748076
4455,Good Boy,2020,,52/100,0,1,0,0,0,supernatural horror film,United States,English,7.0,tt35521922
4456,The Obituary of Tunde Johnson,2019,,52/100,0,1,0,0,0,LGBT-related film,United States,English,5.6,tt8815382
4457,James vs. His Future Self,2019,,52/100,0,1,0,0,0,,Canada,English,6.0,tt6739796
4458,The Mountain,2019,,52/100,0,1,0,0,0,"comedy drama, coming-of-age film",New Zealand,English,8.0,tt27752111
4459,The Sound of Silence,2019,,52/100,0,1,0,0,0,drama film,United States,English,6.0,tt9352926
4460,The Hug,2018,13+,52/100,0,1,0,0,0,,,,6.2,tt9161434
4461,A Crooked Somebody,2018,18+,52/100,0,1,0,0,0,thriller film,United States,English,6.0,tt5922124
4462,I Do... Until I Don't,2017,18+,52/100,0,1,0,0,0,comedy film,United States,English,4.0,tt3234084
4463,Beneath the Darkness,2012,18+,52/100,0,1,1,0,0,"horror film, comedy thriller, teen film, crime film",United States,English,3.0,tt1781775
4464,Gayby,2012,,52/100,0,1,0,0,0,"romantic comedy, comedy drama, LGBT-related film",United States,English,7.0,tt2106739
4465,Toni Morrison: The Pieces I Am,2019,13+,52/100,0,1,0,0,0,,United States,English,8.0,tt9358206
4466,Backtrace,2018,18+,52/100,0,1,0,0,0,"action film, thriller film",United States,English,6.0,tt3588588
4467,Dragon Age: Dawn of the Seeker,2012,,52/100,0,1,0,0,0,,,,,
4468,Bucky Larson: Born to Be a Star,2011,18+,52/100,0,1,0,0,0,comedy film,United States,English,3.4,tt1411664
4469,Kusama : Infinity,2018,,52/100,0,1,0,0,0,,,,,
4470,Behind You,2020,18+,52/100,0,1,0,0,0,,,,,tt4854036
4471,Cruise,2018,18+,52/100,0,1,0,0,0,,,,,
4472,Run the Race,2019,7+,52/100,0,1,0,0,0,"drama film, sport film",United States,English,10.0,tt3201736
4473,The Resort,2021,,52/100,0,1,0,0,0,,United States,,1.0,tt12163074
4474,Daphne & Velma,2018,all,52/100,0,1,0,0,0,"comedy film, mystery film, family film",United States,English,2.0,tt7689052
4475,Trespassers,2019,,51/100,0,1,0,0,0,,Japan,Japanese,7.1,tt30997197
4476,Frank Serpico,2017,,51/100,0,1,0,0,0,,,,,
4477,Dr. Bird's Advice for Sad Poets,2021,18+,51/100,0,1,0,0,0,"comedy film, mystery film, drama film",United States,"English, French",10.0,tt3301314
4478,Raise Hell: The Life & Times of Molly Ivins,2019,,51/100,0,1,0,0,0,,,,,
4479,Pokémon the Movie: Diancie and the Cocoon of Destruction,2014,7+,51/100,0,1,0,0,0,,,,,
4480,In Search of Greatness,2018,13+,51/100,0,1,0,0,0,"documentary film, sport film",,English,7.0,tt8236398
4481,Wrinkles the Clown,2019,,51/100,0,1,0,0,0,"documentary film, horror film",United States,English,6.0,tt9097270
4482,Mostly Ghostly,2008,7+,51/100,0,1,0,0,0,"fantasy film, children's film, comedy horror, film based on book",United States,English,3.0,tt1052024
4483,Bad Roomies,2015,,51/100,0,1,0,0,0,comedy film,United States,English,3.0,tt3482062
4484,Pooka Lives!,2020,18+,51/100,0,1,0,0,0,,,,,
4485,A Guide to Second Date Sex,2019,,51/100,0,1,0,0,0,"melodrama, comedy film",United Kingdom,English,10.0,tt7439748
4486,Phobias,2021,18+,51/100,0,1,0,0,0,thriller film,,,3.0,tt8129682
4487,Uncanny Annie,2019,,51/100,0,1,0,0,0,,,,,
4488,Feral,2018,,51/100,0,1,0,0,0,drama film,United States,English,5.0,tt2499022
4489,Pandas: The Journey Home,2018,all,51/100,0,1,0,0,0,,,,,
4490,The Brink,2019,18+,51/100,0,1,0,0,0,documentary film,United States,English,6.0,tt9600932
4491,Stars Fell on Alabama,2021,13+,51/100,0,1,0,0,0,,,,5.0,tt10712928
4492,Nostalgia,2018,18+,51/100,0,1,0,0,0,drama film,"Italy, Soviet Union","Italian, Russian",10.0,tt0086022
4493,Ms. Purple,2019,,51/100,0,1,1,0,0,drama film,United States,English,7.0,tt7983890
4494,Love After Love,2018,,51/100,0,1,0,0,0,romantic drama,People's Republic of China,Cantonese,5.0,tt10415576
4495,Red Dog,2019,18+,51/100,0,1,1,0,0,"film based on book, drama film, comedy film",Australia,English,7.3,tt0803061
4496,The Time of Their Lives,2017,16+,51/100,0,1,0,0,0,comedy film,United Kingdom,English,8.0,tt3415992
4497,RoboGeisha,2009,18+,51/100,0,1,0,0,0,"science fiction film, science fiction comedy, parody film, action film",Japan,Japanese,8.0,tt1381512
4498,Citizen Soldier,2016,18+,51/100,0,1,0,0,0,"documentary film, action film",United States,,7.0,tt4911408
4499,Don't Go,2018,,51/100,0,1,0,0,0,,,,,
4500,Grace Jones: Bloodlight and Bami,2017,7+,51/100,0,1,0,0,0,"music documentary film, biographical film","Ireland, United Kingdom","English, French",10.0,tt6903636
4501,Crawlers,2020,,51/100,0,1,0,0,0,horror film,United States,English,3.0,tt0299712
4502,Soldiers of Fortune,2012,18+,50/100,0,1,0,0,0,action film,United States,English,5.0,tt1678051
4503,Body at Brighton Rock,2019,18+,50/100,0,1,0,0,0,"thriller film, horror film",United States,English,5.0,tt7942746
4504,The Alchemist Cookbook,2016,18+,50/100,0,1,0,0,0,comedy horror,United States,English,6.0,tt5128826
4505,Blurt!,2018,all,50/100,0,1,0,0,0,,,,,
4506,Ballet Now,2018,,50/100,0,1,0,0,0,documentary film,United States,English,7.2,tt8226078
4507,Euphoria,2018,18+,50/100,0,1,1,0,0,,,,,
4508,Tru Love,2013,,50/100,0,1,1,0,0,"drama film, LGBT-related film, lesbian-related film",Canada,English,8.0,tt2634384
4509,Pop Aye,2017,,50/100,0,1,0,0,0,drama film,"Thailand, Singapore",Thai,6.0,tt3740066
4510,Joyride,1997,18+,50/100,0,1,0,0,0,,,,,
4511,A Christmas Movie Christmas,2019,all,50/100,0,1,0,0,0,,,,,
4512,Ghost Team,2016,13+,50/100,0,1,0,0,0,comedy thriller,United States,English,9.0,tt5115546
4513,The Flood,2019,,50/100,0,1,0,1,0,,,,,
4514,Mostly Ghostly: Have You Met My Ghoulfriend?,2014,7+,50/100,0,1,0,0,0,"comedy horror, children's film, film based on book",United States,English,5.0,tt3138192
4515,Divide and Conquer: The Story of Roger Ailes,2018,,50/100,0,1,0,0,0,"documentary film, biographical film",United States,English,8.0,tt6471628
4516,The Rape of Recy Taylor,2019,,50/100,0,1,0,0,0,,,,,
4517,Good Kisser,2019,,50/100,0,1,1,0,0,,,,4.0,tt9602378
4518,Attack of the 50 Foot Cheerleader,2012,18+,50/100,0,1,1,0,0,,,,,
4519,Treading Water,2013,,50/100,0,1,0,0,0,comedy film,"Canada, Mexico",English,8.0,tt2091427
4520,The Sunlit Night,2020,,50/100,0,1,0,0,0,"drama film, film based on literature","Germany, Norway",English,6.0,tt8368394
4521,Knives and Skin,2019,,50/100,0,1,0,0,0,"thriller film, LGBT-related film",United States,English,7.0,tt8234892
4522,Curious George: A Very Monkey Christmas,2009,all,50/100,0,1,0,0,0,,,,,
4523,The Gospel According to André,2018,13+,50/100,0,1,0,0,0,,,,8.0,tt7218804
4524,Shared Rooms,2016,,50/100,0,1,0,0,0,comedy film,United States,English,7.0,tt5106400
4525,Most Likely to Murder,2018,18+,50/100,0,1,0,0,0,comedy film,United States,English,2.0,tt6566830
4526,Bayou Caviar,2018,18+,49/100,0,1,1,0,0,drama film,United States,English,1.0,tt3767278
4527,T-Rex: Back to the Cretaceous,1998,,49/100,0,1,0,0,0,adventure film,United States,English,4.7,tt0163862
4528,Locating Silver Lake,2018,,49/100,0,1,0,0,0,,,,,
4529,10.0 Earthquake,2014,7+,49/100,0,1,1,0,0,"disaster film, action film",United States,English,1.0,tt3488056
4530,Tyrel,2018,,49/100,0,1,0,0,0,drama film,United States,English,8.0,tt6729000
4531,Madonna and the Breakfast Club,2019,,49/100,0,1,0,0,0,documentary film,United States,English,7.0,tt5321814
4532,Lost in Hong Kong,2015,,49/100,0,1,0,0,0,adventure film,People's Republic of China,Standard Chinese,5.4,tt4242158
4533,All About E,2015,,49/100,0,1,0,0,0,romantic comedy,Australia,,9.0,tt3532686
4534,Boom for Real: The Late Teenage Years of Jean-Michel Basquiat,2018,,49/100,0,1,0,0,0,documentary film,United States,,10.0,tt7210348
4535,Gigli,2003,18+,49/100,0,1,0,0,0,"romantic comedy, comedy drama, crime film",United States,English,2.7,tt0299930
4536,The Current Occupant,2020,,49/100,0,1,0,0,0,,,,,
4537,Bad Therapy,2020,,49/100,0,1,0,0,0,,United States,,3.0,tt8488518
4538,Ramen Heads,2017,,49/100,0,1,0,0,0,documentary film,Japan,Japanese,9.0,tt6764122
4539,Hot Air,2018,,49/100,0,1,0,0,0,drama film,United States,English,8.0,tt6186940
4540,Anaconda 3: Offspring,2008,18+,49/100,0,1,0,0,0,,,,,
4541,Cherry Pop,2017,,49/100,0,1,1,0,0,"comedy film, musical film, LGBT-related film",United States,,1.0,tt4807950
4542,Savage State,2020,,49/100,0,1,0,0,0,Western film,France,"French, English",7.0,tt8770976
4543,Shangri-La Suite,2016,16+,49/100,0,1,0,0,0,drama film,United States,English,6.0,tt3014078
4544,Wings of Courage,1996,all,49/100,0,1,0,0,0,"adventure film, drama film","France, United States",English,3.0,tt0114952
4545,Hillbilly,2018,,49/100,0,1,0,0,0,,,,,
4546,Pony Express,1953,,48/100,0,1,0,0,0,Western film,United States,English,4.0,tt0046198
4547,Christmas on Holly Lane,2018,7+,48/100,0,1,0,0,0,,,,,
4548,Anacondas: Trail of Blood,2009,18+,48/100,0,1,0,0,0,,,,,
4549,Slay the Dragon,2019,13+,48/100,0,1,0,0,0,documentary film,United States,English,7.4,tt10011500
4550,After Darkness,2019,18+,48/100,0,1,0,0,0,horror film,Switzerland,English,8.0,tt0088679
4551,Stairs,2020,,48/100,0,1,0,0,0,,,,,
4552,Rag Doll,2020,,48/100,0,1,0,0,0,crime film,United Kingdom,English,6.0,tt0250682
4553,Supervized,2019,18+,48/100,0,1,0,0,0,"comedy film, superhero film","Ireland, United Kingdom",English,5.1,tt7302054
4554,The Dustwalker,2020,,48/100,0,1,0,0,0,,Australia,English,3.0,tt6816388
4555,The Turkey Bowl,2019,16+,48/100,0,1,0,0,0,,United States,English,5.0,tt7919810
4556,Old Stone,2016,,48/100,0,1,0,0,0,"thriller film, drama film",Canada,,6.9,tt5474522
4557,Dirt Music,2019,13+,48/100,0,1,0,0,0,"drama film, romance film, film based on literature","Australia, United Kingdom",English,5.4,tt0810836
4558,Olympic Dreams Featuring Jonas Brothers,2021,7+,48/100,0,1,0,0,0,,,,,
4559,Another Time,2018,18+,48/100,0,1,0,0,0,,,,,
4560,Racetime,2018,7+,48/100,0,1,0,0,0,children's film,Canada,French,6.0,tt8925540
4561,House of the Dead,2003,18+,48/100,0,1,0,0,0,"thriller film, horror film, zombie film, action film","Canada, United States, Germany",English,1.0,tt0317676
4562,Sex Guaranteed,2017,,48/100,0,1,0,0,0,,,,,
4563,Get Big,2017,,48/100,0,1,0,0,0,,United States,English,1.0,tt5673432
4564,The Adventures of Hercules,1985,7+,48/100,0,1,0,0,0,"fantasy film, action film","Italy, United States",English,4.0,tt0089271
4565,Alive and Kicking,2017,,48/100,0,1,0,0,0,"documentary film, historical film",United States,English,10.0,tt4329394
4566,Harvie and the Magic Museum,2017,,47/100,0,1,0,0,0,"comedy film, animated film, fantasy film, adventure film","Czech Republic, Russia, Belgium",Czech,2.0,tt6489160
4567,Hurley,2019,7+,47/100,0,1,0,0,0,,,,,
4568,Alpha and Omega: The Legend of the Saw Tooth Cave,2014,7+,47/100,0,1,0,0,0,,,,,
4569,Hot Guys with Guns,2013,,47/100,0,1,1,0,0,,,,,
4570,The Cookout,2004,13+,47/100,0,1,0,0,0,comedy film,United States,English,1.0,tt0380277
4571,The State of Texas vs. Melissa,2020,,47/100,0,1,0,0,0,documentary film,United States,English,10.0,tt11905848
4572,In The Mix,2005,13+,47/100,0,1,0,0,0,"comedy drama, drama film, musical film",United States,English,1.0,tt0426615
4573,Swimming for Gold,2020,,47/100,0,1,0,0,0,,,,9.0,tt10782876
4574,Across the Line,2016,,47/100,0,1,1,0,0,"sport film, drama film",Canada,English,6.0,tt4295258
4575,Christmas Perfection,2018,7+,47/100,0,1,0,0,0,,,,,
4576,Her Name Is Chef,2021,,47/100,0,1,0,0,0,,,,,
4577,Soldier Boyz,1995,18+,47/100,0,1,0,0,0,"action film, thriller film, B movie, action thriller",United States,English,4.0,tt0114489
4578,Naz & Maalik,2015,,47/100,0,1,0,0,0,"LGBT-related film, drama film",United States,English,1.0,tt3385334
4579,Into the Dark: I'm Just F*cking With You,2019,,47/100,0,1,0,0,0,,,,,
4580,Dreamcatcher,2021,,47/100,0,1,0,0,0,"horror film, science fiction film, buddy film, film based on a novel",United States,English,5.0,tt0285531
4581,Monogamy,2010,,47/100,0,1,0,0,0,drama film,United States,English,4.0,tt1502714
4582,Gorp,1980,18+,47/100,0,1,0,0,0,comedy film,United States,"German, English",3.0,tt0080809
4583,DriverX,2018,,47/100,0,1,0,0,0,drama film,United States,English,7.0,tt4952044
4584,The Complex: Lockdown,2020,,47/100,0,1,0,0,0,,,,,
4585,The Standard,2020,,47/100,0,1,0,0,0,medium-length film,France,French,,
4586,Mostly Ghostly 3: One Night in Doom House,2016,7+,47/100,0,1,0,0,0,comedy film,United States,English,10.0,tt5127214
4587,Telescope,2016,7+,47/100,0,1,0,0,0,,,,,
4588,Pretenders,2019,,46/100,0,1,0,0,0,"comedy drama, silent film",United States,,,tt0163161
4589,Delivered,2020,,46/100,0,1,0,0,0,,,,10.0,tt1455807
4590,Into the Deep,1994,all,46/100,0,1,0,0,0,"action film, thriller film, horror film",United States,English,1.0,tt28637027
4591,Rattlesnakes,2019,,46/100,0,1,0,0,0,,,,,
4592,The Legend of Baron To'a,2020,18+,46/100,0,1,0,0,0,,,,,
4593,The Relationtrip,2017,,46/100,0,1,0,0,0,,United States,English,10.0,tt6149802
4594,The Tall Stranger,1957,,46/100,0,1,0,0,0,Western film,United States,English,7.0,tt0051046
4595,A Man Alone,1955,,46/100,0,1,0,0,0,Western film,United States,English,7.0,tt0048336
4596,Baby Steps,2015,18+,46/100,0,1,0,0,0,,,,,
4597,Awoken,2020,,46/100,0,1,0,0,0,horror film,Australia,,3.0,tt7838536
4598,General Commander,2019,18+,46/100,0,1,0,0,0,action film,"United Kingdom, Philippines, Hungary",English,2.0,tt7043534
4599,The Warrior Queen of Jhansi,2019,18+,46/100,0,1,1,0,0,,United Kingdom,English,5.0,tt6916348
4600,Phat Girlz,2006,13+,46/100,0,1,0,0,0,comedy film,United States,English,4.0,tt0490196
4601,Autonomy,2019,7+,46/100,0,1,0,0,0,,,,,
4602,The Quiet One,2019,,46/100,0,1,0,0,0,"documentary film, drama film",United States,English,7.0,tt0040717
4603,The Box,2018,,46/100,0,1,0,0,0,drama film,"United States, Mexico, Venezuela",Spanish,6.6,tt13846544
4604,Modern Persuasion,2020,,46/100,0,1,0,0,0,,,,,
4605,Chef Flynn,2018,,45/100,0,1,0,0,0,documentary film,United States,,9.0,tt7689956
4606,Ip Man: Kung Fu Master,2019,,45/100,0,1,0,0,0,,People's Republic of China,,2.0,tt12567246
4607,Unbanned: The Legend of AJ1,2018,,45/100,0,1,0,0,0,,,,,
4608,Hail Columbia!,1982,,45/100,0,1,0,0,0,documentary film,United States,English,7.0,tt0084043
4609,2099: The Soldier Protocol,2019,,45/100,0,1,0,0,0,,,,1.0,tt6437228
4610,Cunningham,2019,7+,45/100,0,1,0,0,0,,,,,
4611,My Valentine,2020,13+,45/100,0,1,0,0,0,romance film,Thailand,Thai,5.8,tt1599338
4612,Wetlands,2017,18+,45/100,0,1,0,0,0,"drama film, LGBT-related film",Canada,French,8.0,tt1555218
4613,The Place of No Words,2019,,45/100,0,1,0,0,0,fantasy film,"Australia, United States, United Kingdom",English,5.0,tt8110988
4614,Bayala: A Magical Adventure,2019,,45/100,0,1,0,0,0,,,,,
4615,In the Radiant City,2016,,45/100,0,1,0,0,0,drama film,United States,English,4.0,tt5033018
4616,More Barney songs,1999,all,45/100,0,1,0,0,0,,,,,
4617,The Cage Fighter,2018,,45/100,0,1,0,0,0,,,,,
4618,The Blood Is at the Doorstep,2017,,45/100,0,1,0,0,0,,,,10.0,tt6491296
4619,Sharp Edges,1986,13+,45/100,0,1,0,0,0,documentary film,United States,English,8.0,tt0810012
4620,Changing the Game,2019,,44/100,0,1,0,0,0,"documentary film, transgender film, sport film, drama film",United States,English,9.0,tt10011320
4621,Avenues,2019,,44/100,0,1,0,0,0,,,,,
4622,Who Let the Dogs Out,2019,13+,44/100,0,1,0,0,0,,,,,
4623,Get Squirrely,2015,all,44/100,0,1,0,0,0,,,,,
4624,Bratz: Babyz - The Movie,2006,,44/100,0,1,0,0,0,,,,,
4625,1 Night In San Diego,2020,,44/100,0,1,0,0,0,comedy film,United States,English,1.0,tt9765226
4626,North Korea: Inside The Mind of a Dictator,2021,13+,44/100,0,1,0,0,0,documentary film,United States,American English,8.0,tt13879908
4627,The Swing of Things,2020,18+,44/100,0,1,0,0,0,,,,,
4628,The Story of Soaps,2020,,44/100,0,1,0,0,0,,,,,
4629,A Haunting on Potter Street: The Potter Street Station,2012,7+,44/100,0,1,0,0,0,,,,3.0,tt2658192
4630,Dr. Seuss' The Grinch Musical,2020,,44/100,0,1,0,0,0,,,,,
4631,The Archer,2017,,44/100,0,1,1,0,0,,,,,
4632,Midnight Kiss,2019,,44/100,0,1,0,0,0,silent film,United States,,,tt0017140
4633,Savage Youth,2018,,44/100,0,1,0,0,0,,,,,
4634,How to Fake a War,2020,,44/100,0,1,0,0,0,,,,,
4635,Safer at Home,2021,18+,44/100,0,1,0,0,0,thriller film,United States,English,1.0,tt13651858
4636,Breakup at a Wedding,2013,13+,44/100,0,1,0,0,0,comedy film,United States,,9.0,tt1935300
4637,Daffodils,2019,,44/100,0,1,0,0,0,,,,,
4638,Meet Me in Montenegro,2015,,44/100,0,1,0,0,0,comedy film,"Germany, United States",English,10.0,tt2151739
4639,Danger Close,2017,16+,44/100,0,1,0,0,0,"drama film, war film","Australia, United States",English,7.0,tt0441881
4640,"Soul on Ice: Past, Present and Future",2017,16+,43/100,0,1,0,0,0,,,,,
4641,The Dark Side of The Sun,2017,7+,43/100,0,1,0,0,0,"romance film, drama film","United States, Yugoslavia, Canada",English,7.0,tt0118930
4642,My Little Pony: A Very Minty Christmas,2005,all,43/100,0,1,0,0,0,"children's film, Christmas film",United States,English,7.0,tt0840350
4643,D.L. Hughley: Reset,2012,18+,43/100,0,1,1,0,0,,,,,
4644,Braking for Whales,2019,,43/100,0,1,0,0,0,,United States,,2.0,tt2305326
4645,Endless,2020,,43/100,0,1,0,0,0,,,,,
4646,12 Pups of Christmas,2019,7+,43/100,0,1,1,0,0,"Christmas film, drama film, family film",United States,English,4.0,tt11357028
4647,The Landing,2017,,43/100,0,1,0,0,0,,,,,
4648,Here Awhile,2019,,43/100,0,1,0,0,0,,,,,
4649,Paws P.I.,2018,7+,43/100,0,1,0,0,0,,United States,,2.0,tt8064262
4650,Fafner in the Azure: Dead Aggressor - Heaven and Earth,2010,16+,43/100,0,1,0,0,0,,,,,
4651,Vic the Viking and the Magic Sword,2019,,43/100,0,1,0,0,0,animated film,"Germany, France, Belgium",,6.0,tt8065768
4652,Boonie Bears: The Big Shrink,2018,7+,43/100,0,1,0,0,0,,,,2.0,tt8028526
4653,Own The Sky,2019,,43/100,0,1,0,0,0,,,,,
4654,Destiny in Space,1994,,43/100,0,1,0,0,0,documentary film,United States,English,10.0,tt0109609
4655,Next Level,2019,,43/100,0,1,1,0,0,dance film,United States,English,10.0,tt8783798
4656,My Little Pony: Twinkle Wish Adventure,2009,all,43/100,0,1,0,0,0,children's film,United States,English,10.0,tt1664723
4657,5 Years Apart,2019,,43/100,0,1,0,0,0,,,,,
4658,Cannabis Evolution,2019,,42/100,0,1,0,0,0,,,,,
4659,Christmas Crush,2019,,42/100,0,1,1,0,0,,,,,
4660,Sister Aimee,2019,,42/100,0,1,0,0,0,,United States,,7.0,tt8456696
4661,Deep in Vogue,2019,18+,42/100,0,1,0,0,0,,,,,
4662,Amy Winehouse - A Last Goodbye,2011,,42/100,0,1,0,0,0,,,,,
4663,Naughty Books,2020,,42/100,0,1,0,0,0,,,,,
4664,Bernie the Dolphin 2,2019,all,42/100,0,1,0,0,0,,"Canada, United States",,2.0,tt9149946
4665,9/11: 15 years later,2016,,41/100,0,1,0,0,0,,,,,
4666,GameStopped,2021,,41/100,0,1,0,0,0,,,,,
4667,The Man Who Used to Be Me,2000,,41/100,0,1,0,0,0,,,,,
4668,Women & Sometimes Men,2017,16+,41/100,0,1,0,0,0,,,,,
4669,Hard Romanticker,2011,13+,41/100,0,1,1,0,0,drama film,Japan,Japanese,5.0,tt1924283
4670,Hunt for the Skinwalker,2018,,41/100,0,1,0,0,0,,,,,
4671,The Secret of Life on Earth,1993,all,41/100,0,1,0,0,0,,,,,
4672,Curious George: Royal Monkey,2019,all,41/100,0,1,0,0,0,,United States,English,5.4,tt10510166
4673,Catching Faith,2015,,41/100,0,1,1,0,0,,,,,
4674,Thomas & Friends: Songs from the Station,2005,all,41/100,0,1,0,0,0,,,,,
4675,Drag Kids,2019,,41/100,0,1,0,0,0,"LGBT-related film, documentary film",Canada,English,10.0,tt10451752
4676,I Am Alone,2015,,40/100,0,1,0,0,0,"neo-noir, action film",India,Telugu,9.0,tt2375559
4677,After Parkland,2019,,40/100,0,1,0,0,0,,,,,
4678,Boomtown,2017,,40/100,0,1,0,0,0,,,,,
4679,Carrion,2020,,39/100,0,1,0,0,0,,,,,
4680,Robo-Dog,2015,,39/100,0,1,0,0,0,"family film, science fiction film",United States,English,10.0,tt3591946
4681,Playin' for Love,2015,,39/100,0,1,0,0,0,romantic comedy,United States,English,6.3,tt2481500
4682,Where We Go from Here,2019,,39/100,0,1,0,0,0,,,,,
4683,This One's for the Ladies,2018,18+,39/100,0,1,0,0,0,documentary film,United States,,1.0,tt7947150
4684,Zoo-Head,2019,,39/100,0,1,0,0,0,,,,,
4685,A Christmas Hero,2020,,39/100,0,1,0,0,0,,,,6.0,tt10399114
4686,The Assault,2017,18+,38/100,0,1,0,0,0,war film,Netherlands,Dutch,9.0,tt0090576
4687,Constructing Albert,2017,,38/100,0,1,0,0,0,,,,,
4688,Life Without Basketball,2018,7+,38/100,0,1,0,0,0,,,,6.9,tt8521460
4689,Miss Snake Charmer,2018,,38/100,0,1,0,0,0,,,,,
4690,Horses: The Story of Equus,2002,,38/100,0,1,0,0,0,,,,,
4691,Treehouse,2014,18+,38/100,0,1,0,0,0,,,,,
4692,24 Hour Love,2013,18+,37/100,0,1,0,0,0,,,,3.0,tt2622420
4693,"New Year, New You",2017,,37/100,0,1,0,0,0,,,,,
4694,Gary Owen: I Agree With Myself,2015,18+,35/100,0,1,0,0,0,,,,,
4695,Barney's Night Before Christmas,1999,all,35/100,0,1,0,0,0,,,,,
4696,The Clintons: An American Odyssey,2012,,35/100,0,1,0,0,0,,,,,
4697,Oddbods: Party Monsters,2018,,33/100,0,1,0,0,0,,,,,
4698,Man-Eating Python,2017,16+,31/100,0,1,0,0,0,,,,,
4699,Michael Smerconish: Things I Wish I Knew Before I Started Talking,2020,,20/100,0,1,0,0,0,,,,,
4700,Alien Contact,2020,,15/100,0,1,0,0,0,"science fiction film, documentary film",United States,English,1.0,tt7130832
4701,Legend of Heroes: Trails in the Sky,2011,13+,15/100,0,1,0,0,0,,,,,
4702,The Confessions,2017,,13/100,0,1,1,0,0,"thriller film, drama film","Italy, France","French, German, Italian",5.0,tt4647784
4703,Comrades & Cash: How Money Found Its Way Through the Iron Curtain,2014,,12/100,0,1,0,0,0,,,,,
4704,Fight Club,1999,18+,93/100,0,0,1,0,0,"flashback film, drama film, thriller film, film based on a novel","United States, Germany",English,8.8,tt0137523
4705,Tumbbad,2018,,93/100,0,0,1,0,0,"historical drama, horror film, adventure film",India,Hindi,9.0,tt8239946
4706,Gully Boy,2019,,91/100,0,0,1,0,0,musical film,India,Hindi,9.0,tt2395469
4707,Chak De! India,2007,7+,90/100,0,0,1,0,0,"comedy drama, sport film, teen film, drama film",India,"Hindi, English",10.0,tt0871510
4708,Honey Boy,2019,18+,89/100,0,0,1,0,0,"drama film, biographical film",United States,English,10.0,tt8151874
4709,The Report,2019,18+,89/100,0,0,1,0,0,"drama film, political film",United States,English,8.0,tt8236336
4710,Alien,1979,18+,88/100,0,0,1,0,0,"horror film, science fiction film, thriller film, body horror film","United States, United Kingdom",English,8.5,tt0078748
4711,Borat Subsequent Moviefilm,2020,18+,88/100,0,0,1,0,0,"parody film, mockumentary, pseudo-documentary",United States,"English, Hebrew, Polish",8.0,tt13143964
4712,Raazi,2018,,88/100,0,0,1,0,0,spy film,India,Hindi,8.0,tt7098658
4713,Snatch,2000,18+,87/100,0,0,1,0,0,"crime comedy film, boxing film","United Kingdom, United States",English,9.0,tt0208092
4714,Beautiful Boy,2018,18+,87/100,0,0,1,0,0,"drama film, biographical film",United States,English,8.0,tt1226837
4715,One Night in Miami...,2021,18+,86/100,0,0,1,0,0,"biographical film, drama film, boxing film",United States,English,7.0,tt10612922
4716,Mahanati,2018,7+,86/100,0,0,1,0,0,biographical film,India,Telugu,8.0,tt7465992
4717,Knives Out,2019,13+,85/100,0,0,1,0,0,"thriller film, crime film, mystery film, drama film",United States,English,8.0,tt8946378
4718,Rear Window,1954,7+,85/100,0,0,1,0,0,"crime film, mystery film, thriller film, film based on literature",United States,English,10.0,tt0047396
4719,Brittany Runs a Marathon,2019,18+,85/100,0,0,1,0,0,drama film,United States,English,8.0,tt7671064
4720,Invisible Life,2019,18+,85/100,0,0,1,0,0,drama film,"Brazil, Germany",Portuguese,9.0,tt6390668
4721,Vertigo,1958,7+,84/100,0,0,1,0,0,,,,,
4722,One Child Nation,2019,18+,84/100,0,0,1,0,0,documentary film,United States,"English, Mandarin",7.5,tt8923482
4723,It's a Wonderful Life,1946,7+,84/100,0,0,1,0,0,"romantic comedy, fantasy film, drama film, flashback film",United States,English,10.0,tt0038650
4724,Late Night,2019,18+,84/100,0,0,1,0,0,"comedy film, drama film",United States,English,5.0,tt6107548
4725,E.T. the Extra-Terrestrial,1982,7+,83/100,0,0,1,0,0,"science fiction film, drama film, children's film, family film",United States,English,8.0,tt0083866
4726,Sultan,2016,,83/100,0,0,1,0,0,,,,,
4727,Midnight in Paris,2011,13+,82/100,0,0,1,0,0,"romantic comedy, fantasy film","United States, Spain","French, English",9.0,tt1605783
4728,The Boondock Saints,1999,18+,82/100,0,0,1,0,0,"action film, buddy film, crime thriller film, vigilante film","Canada, United States","English, Spanish, Italian",8.0,tt0144117
4729,Gaslight,1940,,82/100,0,0,1,0,0,"mystery film, drama film",United Kingdom,English,10.0,tt0031359
4730,"I, Robot",2004,13+,82/100,0,0,1,0,0,"science fiction film, action film, dystopian film, film based on literature",United States,English,7.1,tt0343818
4731,Blow the Man Down,2019,18+,82/100,0,0,1,0,0,thriller film,United States,English,5.0,tt8299768
4732,Thappad,2020,,82/100,0,0,1,0,0,drama film,India,Hindi,7.0,tt10964430
4733,Unbreakable,2000,13+,82/100,0,0,1,0,0,"mystery film, fantasy film, science fiction film, superhero film",United States,English,9.0,tt0217869
4734,Titli,2015,,81/100,0,0,1,0,0,,Pakistan,Urdu,,tt39307668
4735,The Handmaiden,2016,18+,81/100,0,0,1,0,0,"drama film, romance film, LGBT-related film, erotic thriller",South Korea,"Korean, Japanese",9.0,tt4016934
4736,Dodsworth,1936,,81/100,0,0,1,0,0,"drama film, film based on literature, romance film",United States,English,7.7,tt0027532
4737,The Wrestler,2008,18+,81/100,0,0,1,0,0,"drama film, sport film","United States, France",English,9.0,tt1125849
4738,The Tomorrow War,2021,13+,81/100,0,0,1,0,0,"war film, science fiction film, action film, military science fiction",United States,English,8.0,tt9777666
4739,Manchester by the Sea,2016,18+,81/100,0,0,1,0,0,drama film,United States,English,9.0,tt4034228
4740,Sunset Boulevard,1950,7+,81/100,0,0,1,0,0,"drama film, flashback film, film noir",United States,English,10.0,tt0043014
4741,Hotel Rwanda,2004,13+,80/100,0,0,1,0,0,"drama film, biographical film","South Africa, United States, Italy","French, English",10.0,tt0395169
4742,Fan,2016,,80/100,0,0,1,0,0,,,,,
4743,Scent of a Woman,1992,18+,80/100,0,0,1,0,0,"drama film, coming-of-age film",United States,English,8.0,tt0105323
4744,Burn Notice: The Fall of Sam Axe,2011,7+,80/100,0,0,1,0,0,,,,,
4745,Midsommar,2019,18+,80/100,0,0,1,0,0,"horror film, drama film, thriller film","United States, Sweden","English, Swedish",7.0,tt8772262
4746,Sound of Metal,2020,18+,80/100,0,0,1,0,0,drama film,United States,"English, American Sign Language, French",10.0,tt5363618
4747,The Lighthouse,2019,18+,80/100,0,0,1,0,0,"horror film, drama film, fantasy film","United States, Canada",English,7.4,tt7984734
4748,The Elephant Man,1980,7+,80/100,0,0,1,0,0,"biographical film, drama film",United States,English,8.2,tt0080678
4749,Tropic Thunder,2008,18+,80/100,0,0,1,0,0,"parody film, action film, comedy film","United States, United Kingdom, Germany",English,7.0,tt0942385
4750,Philadelphia,1993,13+,79/100,0,0,1,0,0,,,,,
4751,Adaptation.,2002,18+,79/100,0,0,1,0,0,"comedy film, drama film, film based on book",United States,English,7.7,tt0268126
4752,A.I. Artificial Intelligence,2001,13+,79/100,0,0,1,0,0,"science fiction film, post-apocalyptic film, drama film",United States,English,7.0,tt0212720
4753,Rab Ne Bana Di Jodi,2008,7+,79/100,0,0,1,0,0,"comedy film, musical film, romance film, drama film",India,Hindi,7.0,tt1182937
4754,Dum Laga Ke Haisha,2015,,79/100,0,0,1,0,0,romantic comedy,India,Hindi,10.0,tt3495030
4755,The Big Sick,2017,18+,79/100,0,0,1,0,0,romantic comedy,United States,English,7.0,tt5462602
4756,Rocket Singh: Salesman of the Year,2009,13+,79/100,0,0,1,0,0,comedy drama,India,Hindi,7.0,tt1434447
4757,On the Waterfront,1954,7+,79/100,0,0,1,0,0,"drama film, crime film, thriller film",United States,English,7.0,tt0047296
4758,The Abyss,1989,13+,79/100,0,0,1,0,0,"science fiction film, adventure film, drama film, mystery film",United States,English,8.0,tt0096754
4759,Ran,1985,18+,79/100,0,0,1,0,0,,,,,
4760,Awakenings,1990,13+,79/100,0,0,1,0,0,"drama film, film based on literature",United States,English,10.0,tt0099077
4761,Burn After Reading,2008,16+,78/100,0,0,1,0,0,"comedy film, drama film, crime film, crime drama film","France, United States, United Kingdom",English,7.0,tt0887883
4762,Sylvie's Love,2020,13+,78/100,0,0,1,0,0,drama film,United States,,8.0,tt9827834
4763,Perfume: The Story of a Murderer,2006,18+,78/100,0,0,1,0,0,"fantasy film, thriller film, psychological thriller, horror film","France, Germany, Spain",English,7.0,tt0396171
4764,Hellboy,2004,13+,78/100,0,0,1,0,0,"superhero film, fantasy film, monster film, horror film",United States,English,6.9,tt0167190
4765,Master and Commander: The Far Side of the World,2003,13+,78/100,0,0,1,0,0,"action film, adventure film, war film, historical drama",United States,English,7.5,tt0311113
4766,The Descent,2006,18+,78/100,0,0,1,0,0,"horror film, female buddy film, monster film, adventure film",United Kingdom,English,9.0,tt0435625
4767,The Ghazi Attack,2017,7+,77/100,0,0,1,0,0,war film,India,Hindi,8.0,tt6299040
4768,Patton,1970,7+,77/100,0,0,1,0,0,"biographical film, war film, drama film",United States,English,9.0,tt0066206
4769,"Love, Rosie",2014,18+,77/100,0,0,1,0,0,"romance film, comedy film, film based on a novel","United States, United Kingdom, Germany",English,4.0,tt1638002
4770,Jean-Michel Basquiat: The Radiant Child,2010,,77/100,0,0,1,0,0,documentary film,United States,English,8.0,tt1568335
4771,The Last King of Scotland,2006,18+,77/100,0,0,1,0,0,"drama film, film based on a novel","United Kingdom, Germany","English, German, French",9.0,tt0455590
4772,Roman Holiday,1953,all,77/100,0,0,1,0,0,"romantic comedy, comedy film, drama film",United States,English,8.0,tt0046250
4773,Only Lovers Left Alive,2013,18+,77/100,0,0,1,0,0,"drama film, romance film, vampire film, musical film","United Kingdom, Germany, France","English, Arabic, French",7.0,tt1714915
4774,Resident Evil,2002,18+,77/100,0,0,1,0,0,"action film, horror film, science fiction film, girls with guns","France, United Kingdom, Germany",English,8.0,tt0120804
4775,The French Connection,1971,18+,77/100,0,0,1,0,0,"crime film, action film, crime thriller film, film based on book",United States,English,8.0,tt0067116
4776,The Boys of St. Vincent,1992,,77/100,0,0,1,0,0,docudrama,Canada,English,7.5,tt0106473
4777,Inside Llewyn Davis,2013,18+,77/100,0,0,1,0,0,"drama film, musical film, comedy drama","United States, France",English,10.0,tt2042568
4778,WarGames,1983,7+,76/100,0,0,1,0,0,"thriller film, drama film",United States,English,7.0,tt0086567
4779,My Spy,2020,13+,76/100,0,0,1,0,0,"action comedy film, spy film, comedy film",United States,English,7.0,tt8242084
4780,DodgeBall: A True Underdog Story,2004,13+,76/100,0,0,1,0,0,"comedy film, LGBT-related film, sport film",United States,English,7.0,tt0364725
4781,An American Werewolf in London,1981,18+,76/100,0,0,1,0,0,"werewolf film, comedy horror, black comedy film, comedy film","United Kingdom, United States, Australia",English,10.0,tt0082010
4782,Dilwale Dulhania Le Jayenge,1995,all,76/100,0,0,1,0,0,"drama film, romance film, coming-of-age fiction, comedy drama",India,Hindi,9.0,tt0112870
4783,Clue,1985,7+,76/100,0,0,1,0,0,"mystery film, comedy thriller, parody film, crime film",United States,English,7.3,tt0088930
4784,Dear Zachary: A Letter to a Son About His Father,2008,,76/100,0,0,1,0,0,documentary film,United States,English,9.0,tt1152758
4785,Incident at Oglala,1992,7+,76/100,0,0,1,0,0,documentary film,United States,English,10.0,tt0104504
4786,Crimson Tide,1995,18+,76/100,0,0,1,0,0,"action film, thriller film, war film, drama film",United States,English,7.4,tt0112740
4787,Highlander,1986,18+,76/100,0,0,1,0,0,"fantasy film, adventure film, thriller film, action film","United Kingdom, United States",English,7.0,tt0091203
4788,Chicken Run,2000,all,76/100,0,0,1,0,0,,,,,
4789,The Farewell,2019,7+,76/100,0,0,1,0,0,"drama film, comedy drama",United States,"English, Standard Chinese, Japanese",8.0,tt8637428
4790,"Tomorrow, When the War Began",2010,18+,76/100,0,0,1,0,0,"action film, adventure film, thriller film, war film",Australia,English,6.1,tt1456941
4791,Trilogy of Terror,1975,,76/100,0,0,1,0,0,horror film,Brazil,Portuguese,7.0,tt0063721
4792,Charade,1963,13+,75/100,0,0,1,0,0,"romantic comedy, crime thriller film, mystery film, comedy thriller",United States,English,10.0,tt0056923
4793,7500,2019,18+,75/100,0,0,1,0,0,drama film,"Germany, Austria, United States",English,8.0,tt6436726
4794,The Fisher King,1991,18+,75/100,0,0,1,0,0,"fantasy film, comedy film, drama film",United States,English,7.0,tt0101889
4795,High Noon,1952,7+,75/100,0,0,1,0,0,"Western film, Revisionist Western",United States,English,9.0,tt0044706
4796,Phone Booth,2002,18+,75/100,0,0,1,0,0,"thriller film, action film, mystery film, psychological thriller",United States,English,7.0,tt0183649
4797,King Lear,2018,16+,75/100,0,0,1,0,0,"silent film, drama film",Italy,,7.0,tt0001378
4798,Hard Candy,2005,18+,75/100,0,0,1,0,0,"psychological thriller film, thriller film, rape and revenge film, drama film",United States,English,9.0,tt0424136
4799,The Wicker Man,1973,18+,75/100,0,0,1,0,0,"horror film, mystery film, drama film, dystopian film",United Kingdom,English,7.0,tt0070917
4800,102 Not Out,2018,7+,75/100,0,0,1,0,0,drama film,India,Hindi,8.0,tt6580564
4801,Trumbo,2015,18+,75/100,0,0,1,0,0,"biographical film, drama film",United States,English,7.0,tt3203606
4802,The African Queen,1952,7+,75/100,0,0,1,0,0,"drama film, romantic comedy, film based on a novel","United States, United Kingdom",English,8.0,tt0043265
4803,Good Newwz,2019,,75/100,0,0,1,0,0,comedy film,India,Hindi,7.0,tt8504014
4804,Climax,2018,18+,75/100,0,0,1,0,0,"musical film, horror film, drama film","France, Belgium","French, English",9.0,tt8359848
4805,Chasing Happiness,2019,,75/100,0,0,1,0,0,,,,10.0,tt9882084
4806,The Mask of Zorro,1998,7+,74/100,0,0,1,0,0,"action film, heist film, superhero film, adventure film",United States,English,8.0,tt0120746
4807,Delicatessen,1991,18+,74/100,0,0,1,0,0,"fantasy film, post-apocalyptic film, comedy film, dystopian film",France,French,7.5,tt0101700
4808,Mallrats,1995,18+,74/100,0,0,1,0,0,"romantic comedy, buddy film",United States,English,7.0,tt0113749
4809,An Education,2009,13+,74/100,0,0,1,0,0,"coming-of-age film, drama film","United Kingdom, United States",English,7.0,tt1174732
4810,Open Your Eyes,1997,18+,74/100,0,0,1,0,0,"thriller film, science fiction film, drama film, mystery film","France, Spain, Italy",Spanish,8.0,tt0125659
4811,You Were Never Really Here,2017,18+,74/100,0,0,1,0,0,"drama film, thriller film, film based on book, vigilante film","United Kingdom, France, United States",English,8.0,tt5742374
4812,Eagle Eye,2008,13+,74/100,0,0,1,0,0,"techno-thriller, action thriller, action film, mystery film","United States, Germany",English,6.0,tt1059786
4813,His Girl Friday,1940,,74/100,0,0,1,0,0,"romantic comedy, comedy of remarriage, comedy drama, drama film",United States,English,8.0,tt0032599
4814,Timecrimes,2007,18+,74/100,0,0,1,0,0,science fiction film,Spain,Spanish,10.0,tt0480669
4815,Rudy,1993,7+,74/100,0,0,1,0,0,,,,,
4816,To Catch a Thief,1955,7+,74/100,0,0,1,0,0,"crime film, mystery film, romantic comedy, crime thriller film",United States,English,7.0,tt0048728
4817,Alien Resurrection,1997,18+,74/100,0,0,1,0,0,"horror film, science fiction film, adventure film, action film",United States,English,6.2,tt0118583
4818,Pantani: The Accidental Death of a Cyclist,2014,7+,74/100,0,0,1,0,0,,United Kingdom,English,6.0,tt2966760
4819,The Lost City of Z,2017,13+,74/100,0,0,1,0,0,"adventure film, drama film, action film, biographical film",United States,"English, Spanish, Portuguese",6.6,tt1212428
4820,Photograph,2019,13+,74/100,0,0,1,0,0,,,,,
4821,All In: The Fight for Democracy,2020,13+,74/100,0,0,1,0,0,documentary film,United States,English,10.0,tt12538822
4822,Jungle,2017,18+,74/100,0,0,1,0,0,,,,,
4823,Our Friend,2021,18+,74/100,0,0,1,0,0,drama film,United States,English,9.0,tt9608818
4824,Pride,2014,18+,74/100,0,0,1,0,0,,,,,
4825,Guns Akimbo,2020,18+,74/100,0,0,1,0,0,"action comedy film, action film, comedy film","United Kingdom, New Zealand, Germany",English,7.0,tt6902676
4826,Hellraiser,1987,18+,74/100,0,0,1,0,0,"horror film, film based on a novel, body horror film","United Kingdom, United States",English,6.9,tt0093177
4827,The Little Prince,2015,7+,74/100,0,0,1,0,0,"musical film, science fiction film, children's film, fantasy film","United Kingdom, United States, Australia",English,6.0,tt0071762
4828,Seeking a Friend for the End of the World,2012,18+,73/100,0,0,1,0,0,"science fiction film, science fiction comedy, disaster film, romantic comedy",United States,English,6.7,tt1307068
4829,Los Olvidados,1950,,73/100,0,0,1,0,0,"auteur film, drama film",Mexico,Spanish,8.2,tt0042804
4830,Paterson,2016,18+,73/100,0,0,1,0,0,"drama film, comedy film, comedy drama",United States,English,10.0,tt5247022
4831,Time,2020,13+,73/100,0,0,1,0,0,,,,,
4832,Invasion of the Body Snatchers,1956,,73/100,0,0,1,0,0,"science fiction film, horror film, film based on a novel, monster film",United States,English,9.0,tt0049366
4833,Frailty,2001,18+,73/100,0,0,1,0,0,"psychological thriller, horror film, thriller film",United States,English,8.0,tt0264616
4834,Julie & Julia,2009,13+,73/100,0,0,1,0,0,"biographical film, comedy drama, romantic comedy, drama film",United States,"French, English",7.0,tt1135503
4835,Guess Who's Coming to Dinner,1967,,73/100,0,0,1,0,0,"comedy drama, romantic comedy, drama film",United States,English,8.0,tt0061735
4836,Troll Hunter,2010,13+,73/100,0,0,1,0,0,"fantasy film, kaiju, found footage, horror film",Norway,"Norwegian, English",7.0,tt1740707
4837,Grizzly Man,2005,18+,73/100,0,0,1,0,0,"documentary film, biographical film",United States,English,8.0,tt0427312
4838,The 39 Steps,1935,,73/100,0,0,1,0,0,"spy film, mystery film, film based on a novel, crime film",United Kingdom,English,7.6,tt0026029
4839,The Gravedancers,2006,18+,73/100,0,0,1,0,0,"horror film, ghost film",United States,English,6.0,tt0435653
4840,Suspiria,2018,18+,73/100,0,0,1,0,0,"thriller film, splatter film","United States, Italy",English,7.0,tt1034415
4841,Top Secret!,1984,7+,73/100,0,0,1,0,0,"spy film, parody film","United States, United Kingdom","English, German",8.0,tt0088286
4842,Get Duked!,2019,18+,73/100,0,0,1,0,0,black comedy film,United Kingdom,English,6.0,tt9735758
4843,Mr. Church,2016,13+,73/100,0,0,1,0,0,"comedy film, drama film",United States,English,7.0,tt4196848
4844,A Dark Place,2019,,73/100,0,0,1,0,0,thriller film,"United States, United Kingdom",,7.0,tt5936866
4845,Rambo: Last Blood,2019,18+,73/100,0,0,1,0,0,"action thriller, action film, splatter film, vigilante film",United States,English,7.0,tt1206885
4846,Salaam Namaste,2005,7+,73/100,0,0,1,0,0,"comedy drama, romance film",India,Hindi,5.0,tt0456165
4847,Empire of Dreams: The Story of the Star Wars Trilogy,2004,,73/100,0,0,1,1,0,,,,,
4848,What If,2013,13+,72/100,0,0,1,0,0,"romantic comedy, comedy film","Canada, Ireland",English,8.0,tt1486834
4849,Stop Making Sense,1984,,72/100,0,0,1,0,0,"music documentary film, concert film",United States,English,10.0,tt0088178
4850,Ace in the Hole,1951,,72/100,0,0,1,0,0,"drama film, film noir",United States,English,8.1,tt0043338
4851,Battleship Potemkin,1925,,72/100,0,0,1,0,0,"silent film, historical drama, drama film, propaganda film",Soviet Union,Russian,9.0,tt0015648
4852,The Salesman,2016,13+,72/100,0,0,1,0,0,"drama film, rape and revenge film, thriller film","Iran, France","French, Persian",9.0,tt5186714
4853,Monsters,2010,18+,72/100,0,0,1,0,0,"comedy film, fantasy film, monster film, children's film",United States,English,7.2,tt1453405
4854,Tumhari Sulu,2017,,72/100,0,0,1,0,0,comedy drama,India,Hindi,7.0,tt6791730
4855,Super Size Me,2004,13+,72/100,0,0,1,0,0,documentary film,United States,English,7.2,tt0390521
4856,Cold War,2018,18+,72/100,0,0,1,0,0,"drama film, romance film","Poland, France, United Kingdom","Polish, French, German",10.0,tt6543652
4857,K.G.F: Chapter 1,2018,,72/100,0,0,1,0,0,"drama film, action film, Masala film",India,Kannada,10.0,tt7838252
4858,Biutiful,2010,18+,72/100,0,0,1,0,0,drama film,"Mexico, Spain","Spanish, Standard Chinese, Wolof",7.0,tt1164999
4859,Unhinged,2020,18+,72/100,0,0,1,0,0,thriller film,United States,English,6.0,tt10059518
4860,Sonu Ke Titu Ki Sweety,2018,,72/100,0,0,1,0,0,"musical film, romantic comedy",India,Hindi,8.0,tt7581902
4861,My Favorite Season,1993,,72/100,0,0,1,0,0,drama film,France,French,9.0,tt0107471
4862,Ali,2001,18+,72/100,0,0,1,0,0,,,,,
4863,Honest Thief,2020,13+,72/100,0,0,1,0,0,"crime thriller film, thriller film, action film",United States,English,7.0,tt1838556
4864,Pinocchio,2019,13+,72/100,0,0,1,1,0,,,,,
4865,The Vast of Night,2020,13+,72/100,0,0,1,0,0,thriller film,United States,English,7.0,tt6803046
4866,Green Lantern,2011,13+,72/100,0,0,1,0,0,"action film, science fiction film, superhero film, fantasy film",United States,English,5.5,tt1133985
4867,Kingpin,1996,13+,72/100,0,0,1,0,0,"buddy film, comedy film",United States,English,7.0,tt0116778
4868,The Italian Job,1969,all,72/100,0,0,1,0,0,"crime comedy film, heist film, action comedy film",United Kingdom,"English, Italian",8.0,tt0064505
4869,Tiger Zinda Hai,2017,7+,72/100,0,0,1,0,0,"action film, thriller film, spy film, adventure film",India,Hindi,5.0,tt5956100
4870,Shane,1953,,72/100,0,0,1,0,0,,,,,
4871,The Discreet Charm of the Bourgeoisie,1972,7+,72/100,0,0,1,0,0,"drama film, comedy film, fantasy film","France, Italy, Spain","French, Spanish",8.0,tt0068361
4872,The Last Castle,2001,18+,72/100,0,0,1,0,0,"thriller film, drama film, action film, prison film",United States,English,7.0,tt0272020
4873,In a Lonely Place,1950,,72/100,0,0,1,0,0,"drama film, romance film, film noir",United States,English,7.9,tt0042593
4874,Colombiana,2011,13+,72/100,0,0,1,0,0,"action film, girls with guns, drama film, vigilante film",France,English,6.0,tt1657507
4875,Marie Antoinette,2006,13+,72/100,0,0,1,0,0,"drama film, film based on literature, biographical film","Japan, United States, France",English,6.0,tt0422720
4876,Burlesque,2010,13+,72/100,0,0,1,0,0,"musical film, romantic comedy, comedy drama, drama film",United States,English,8.0,tt1126591
4877,Hard Eight,1996,18+,72/100,0,0,1,0,0,"neo-noir, crime film, drama film",United States,English,7.1,tt0119256
4878,Badrinath Ki Dulhania,2017,7+,72/100,0,0,1,0,0,"romance film, romantic comedy",India,Hindi,6.0,tt6277440
4879,Nick and Norah's Infinite Playlist,2008,13+,72/100,0,0,1,0,0,"romantic comedy, comedy drama, teen film, coming-of-age fiction",United States,English,7.0,tt0981227
4880,A Taxi Driver,2017,,72/100,0,0,1,0,0,"action film, drama film, political thriller film",South Korea,Korean,7.9,tt6878038
4881,Star Trek: Nemesis,2002,13+,72/100,0,0,1,0,0,"action film, science fiction film, adventure film",United States,English,6.4,tt0253754
4882,The Dressmaker,2015,18+,72/100,0,0,1,0,0,"comedy drama, LGBT-related film, vigilante film",Australia,English,7.0,tt2910904
4883,Reign of Fire,2002,13+,72/100,0,0,1,0,0,"action film, monster film, fantasy film, post-apocalyptic film","United Kingdom, United States, Ireland",English,7.0,tt0253556
4884,Rent,2005,13+,71/100,0,0,1,0,0,"musical film, drama film, film based on literature",United States,English,9.0,tt0294870
4885,The Quiet Man,1952,all,71/100,0,0,1,0,0,"romantic comedy, drama film, boxing film",United States,English,10.0,tt0045061
4886,Vantage Point,2008,13+,71/100,0,0,1,0,0,"thriller film, crime film, action film, political thriller film",United States,"Spanish, English",8.0,tt0443274
4887,Peeping Tom,1960,,71/100,0,0,1,0,0,"slasher film, horror film, thriller film, crime film",United Kingdom,English,7.0,tt0054167
4888,The Aeronauts,2019,13+,71/100,0,0,1,0,0,"biographical film, drama film, action film, adventure film","United Kingdom, United States",English,6.6,tt6141246
4889,New York,2009,,71/100,0,0,1,0,0,"drama film, action film, thriller film, crime film","United States, India","English, American English, Hindi",10.0,tt1328634
4890,Lords of Dogtown,2005,13+,71/100,0,0,1,0,0,"teen film, LGBT-related film, drama film, biographical film","United States, Germany","Spanish, English",7.0,tt0355702
4891,Boys,2014,,71/100,0,0,1,0,0,,,,,
4892,The Flaw,2011,13+,71/100,0,0,1,0,0,thriller film,United Kingdom,English,,tt0134654
4893,Why Did I Get Married?,2007,13+,71/100,0,0,1,0,0,"comedy drama, LGBT-related film",United States,English,5.0,tt0906108
4894,Testament of Youth,2014,13+,71/100,0,0,1,0,0,"drama film, biographical film, film adaptation, historical film",United Kingdom,English,9.0,tt1441953
4895,The Taking of Pelham One Two Three,1974,18+,71/100,0,0,1,0,0,"heist film, action film, crime thriller film, thriller film",United States,English,9.0,tt0072251
4896,House of Sand and Fog,2003,18+,71/100,0,0,1,0,0,"drama film, film based on a novel",United States,"English, Persian",7.0,tt0315983
4897,Rangasthalam,2018,13+,71/100,0,0,1,0,0,"drama film, historical drama, action film",India,Telugu,7.0,tt7392212
4898,Vivarium,2019,18+,71/100,0,0,1,0,0,"science fiction film, thriller film","Ireland, Belgium, Denmark",English,6.0,tt8368406
4899,Goon,2012,18+,71/100,0,0,1,0,0,"comedy film, sport film, drama film","Canada, United States",English,9.0,tt1456635
4900,The Devil's Double,2011,18+,71/100,0,0,1,0,0,"biographical film, drama film, film based on book","Belgium, Netherlands",English,4.0,tt1270262
4901,The Odd Couple,1968,all,70/100,0,0,1,0,0,"comedy film, buddy film",United States,English,7.0,tt0063374
4902,The Men Who Stare at Goats,2009,18+,70/100,0,0,1,0,0,"comedy film, war film, film based on book","United States, United Kingdom","English, Arabic",6.0,tt1234548
4903,The Informer,2019,18+,70/100,0,0,1,0,0,"action film, crime film, thriller film, film based on a novel","United Kingdom, United States",English,8.0,tt1833116
4904,Hector and the Search for Happiness,2014,18+,70/100,0,0,1,0,0,"adventure film, comedy drama","South Africa, United Kingdom, Germany",English,7.0,tt1626146
4905,The Collector,2009,18+,70/100,0,0,1,0,0,"crime thriller film, drama film, film based on a novel","United States, United Kingdom",English,8.0,tt0059043
4906,"See No Evil, Hear No Evil",1989,18+,70/100,0,0,1,0,0,"crime film, buddy film, comedy film",United States,English,7.0,tt0098282
4907,The Party,1968,7+,70/100,0,0,1,0,0,comedy film,United States,English,7.4,tt0063415
4908,The Towering Inferno,1974,7+,70/100,0,0,1,0,0,"disaster film, drama film, thriller film, action film",United States,English,7.0,tt0072308
4909,The Grudge,2004,13+,70/100,0,0,1,0,0,"horror film, monster film, action film, ghost film","United States, Japan","English, Japanese",6.0,tt0391198
4910,Beowulf,2007,13+,70/100,0,0,1,0,0,"fantasy film, adventure film, action film, drama film",United States,English,6.3,tt0442933
4911,Of Mice and Men,1992,13+,70/100,0,0,1,0,0,"drama film, historical drama, film based on literature",United States,English,8.0,tt0105046
4912,A Place in the Sun,1951,,70/100,0,0,1,0,0,"drama film, film noir, romance film, film based on literature",United States,English,9.0,tt0043924
4913,True Grit,1969,all,70/100,0,0,1,0,0,"Western film, film based on a novel, drama film",United States,English,8.0,tt0065126
4914,Unsane,2018,18+,70/100,0,0,1,0,0,"thriller film, horror film, psychological horror",United States,English,8.0,tt7153766
4915,Lucky,2017,,70/100,0,0,1,0,0,,,,,
4916,Tickled,2016,18+,70/100,0,0,1,0,0,documentary film,New Zealand,English,8.0,tt5278506
4917,The Last Unicorn,1982,all,70/100,0,0,1,0,0,,,,,
4918,The Neon Demon,2016,18+,70/100,0,0,1,0,0,"psychological horror, LGBT-related film, drama film, mystery film","United States, Denmark, France",English,7.0,tt1974419
4919,The Last Black Man in San Francisco,2019,18+,70/100,0,0,1,0,0,drama film,United States,English,7.0,tt4353250
4920,The Ghost and the Darkness,1996,18+,70/100,0,0,1,0,0,"adventure film, action film, drama film, horror film",United States,English,7.0,tt0116409
4921,Two Night Stand,2014,18+,70/100,0,0,1,0,0,romantic comedy,United States,English,8.0,tt2140619
4922,Coming 2 America,2021,13+,70/100,0,0,1,0,0,comedy film,United States,English,3.0,tt6802400
4923,Searching for Bobby Fischer,1993,7+,70/100,0,0,1,0,0,"biographical film, drama film, film based on literature",United States,English,8.0,tt0108065
4924,Becoming Cary Grant,2017,7+,70/100,0,0,1,0,0,,,,8.0,tt5704748
4925,Hummingbird,2013,18+,70/100,0,0,1,0,0,"action film, action thriller, drama film, crime film","United Kingdom, United States",English,7.0,tt1893256
4926,Little Big Man,1970,16+,70/100,0,0,1,0,0,"comedy drama, flashback film, Western film, historical film",United States,English,7.0,tt0065988
4927,The Lady from Shanghai,1947,,70/100,0,0,1,0,0,"drama film, film noir, film based on a novel",United States,English,7.5,tt0040525
4928,Fist of Fury,1972,18+,69/100,0,0,1,0,0,"action film, drama film, romance film, martial arts film",Hong Kong,Cantonese,9.0,tt0068767
4929,Fanboys,2009,13+,69/100,0,0,1,0,0,comedy film,United States,English,7.0,tt0489049
4930,The Monster Squad,1987,13+,69/100,0,0,1,0,0,"fantasy film, children's film, comedy horror, crossover fiction",United States,English,7.0,tt0093560
4931,Uncle Tom,2020,all,69/100,0,0,1,0,0,"documentary film, political film",United States,English,10.0,tt9708358
4932,Candy,2006,18+,69/100,0,0,1,0,0,,,,,
4933,Europa Report,2013,13+,69/100,0,0,1,0,0,"science fiction film, adventure film, found footage",United States,"English, Russian",6.0,tt2051879
4934,My Man Godfrey,1936,,69/100,0,0,1,0,0,romantic comedy,United States,"English, Russian",7.9,tt0028010
4935,Romeo and Juliet,1968,7+,69/100,0,0,1,0,0,"romance film, drama film","United Kingdom, Italy",English,7.6,tt0063518
4936,Irrational Man,2015,18+,69/100,0,0,1,0,0,"mystery film, romantic comedy, drama film, crime film",United States,English,8.0,tt3715320
4937,Before I Go to Sleep,2014,18+,69/100,0,0,1,0,0,"drama film, mystery film, film based on a novel, psychological thriller","United Kingdom, United States",English,6.0,tt1726592
4938,Miss Pettigrew Lives for a Day,2008,13+,69/100,0,0,1,0,0,"romantic comedy, film based on a novel","United Kingdom, United States",English,6.0,tt0970468
4939,The Uninvited,2009,13+,69/100,0,0,1,0,0,"horror film, drama film, mystery film","Canada, Germany, United States",English,7.0,tt0815245
4940,The Ladykillers,2004,18+,69/100,0,0,1,0,0,"heist film, comedy film, comedy thriller",United States,English,6.2,tt0335245
4941,The Map of Tiny Perfect Things,2021,13+,69/100,0,0,1,0,0,"teen film, science fiction film, romance film, comedy drama",United States,English,9.0,tt11080108
4942,House of 1000 Corpses,2003,18+,69/100,0,0,1,0,0,"horror film, slasher film, comedy film, comedy horror film",United States,English,9.0,tt0251736
4943,30 Minutes or Less,2011,16+,69/100,0,0,1,0,0,"comedy film, action comedy film, mystery film, crime film","United States, Germany, Canada","English, German",6.0,tt1622547
4944,Lara Croft: Tomb Raider - The Cradle of Life,2003,13+,69/100,0,0,1,0,0,,,,,
4945,Ek Tha Tiger,2012,13+,69/100,0,0,1,0,0,"action film, spy film, thriller film, adventure film",India,Hindi,7.0,tt2016894
4946,StreetDance 3D,2010,13+,69/100,0,0,1,0,0,drama film,United Kingdom,English,6.0,tt1447972
4947,Phantasm,1979,18+,69/100,0,0,1,0,0,"horror film, science fiction film, fantasy film, coming-of-age fiction",United States,English,7.0,tt0079714
4948,Café Society,2016,13+,69/100,0,0,1,0,0,"comedy drama, comedy film",United States,English,8.0,tt4513674
4949,The Green Hornet,2011,13+,69/100,0,0,1,0,0,"buddy film, comedy film, superhero film, science fiction film",United States,English,6.0,tt0990407
4950,Small Soldiers,1998,13+,69/100,0,0,1,0,0,"science fiction film, action film, comedy film, speculative fiction film",United States,English,7.0,tt0122718
4951,Danger Close: The Battle of Long Tan,2019,18+,69/100,0,0,1,0,0,"drama film, war film","Australia, United States",English,7.0,tt0441881
4952,Bringing Out the Dead,1999,18+,69/100,0,0,1,0,0,"drama film, film based on a novel, horror film, thriller film",United States,English,8.0,tt0163988
4953,Chisholm '72: Unbought & Unbossed,2004,,69/100,0,0,1,0,0,,,,,
4954,Unlocked,2017,18+,69/100,0,0,1,0,0,"action film, thriller film","United States, United Kingdom",English,7.0,tt1734493
4955,Funny Girl,1968,all,69/100,0,0,1,0,0,"romantic comedy, musical film, biographical film, comedy drama",United States,English,9.0,tt0062994
4956,Pawn Sacrifice,2015,13+,69/100,0,0,1,0,0,"biographical film, drama film",United States,"English, Russian",8.0,tt1596345
4957,Newton,2017,,69/100,0,0,1,0,0,,,,,
4958,Rewind,2019,,69/100,0,0,1,0,0,"romance film, drama film",South Korea,Korean,6.6,tt0387670
4959,Dhoom,2004,7+,69/100,0,0,1,0,0,"crime film, heist film, thriller film, action film",India,Hindi,8.0,tt0422091
4960,The Three Burials of Melquiades Estrada,2005,18+,69/100,0,0,1,0,0,"Western film, drama film","France, United States, Mexico","Spanish, English",8.0,tt0419294
4961,Open Season,2006,7+,69/100,0,0,1,0,0,"buddy film, musical film, flashback film, family film",United States,English,6.0,tt0400717
4962,The Limey,1999,18+,69/100,0,0,1,0,0,"crime film, neo-noir, drama film, flashback film",United States,English,8.0,tt0165854
4963,Uncle Frank,2020,18+,69/100,0,0,1,0,0,"LGBT-related film, road movie, comedy drama",United States,English,7.0,tt11327514
4964,Come and Get It,1936,,69/100,0,0,1,0,0,"drama film, action film, romance film",United States,English,7.0,tt0027459
4965,The Miseducation of Cameron Post,2018,,69/100,0,0,1,0,0,"LGBT-related film, drama film","United States, United Kingdom",English,6.0,tt6257174
4966,Bad Lieutenant,1992,18+,69/100,0,0,1,0,0,"crime film, drama film",United States,"English, Spanish",7.0,tt0103759
4967,The Loved Ones,2009,18+,69/100,0,0,1,0,0,horror film,"France, Australia",English,9.0,tt1316536
4968,City Island,2009,13+,69/100,0,0,1,0,0,"drama film, comedy film",United States,English,7.3,tt1174730
4969,Tom Clancy's Without Remorse,2021,18+,69/100,0,0,1,0,0,"action film, spy film, thriller film",United States,English,5.8,tt0499097
4970,A Rainy Day in New York,2019,13+,68/100,0,0,1,0,0,"comedy film, romance film",United States,English,8.0,tt7139936
4971,Veer-Zaara,2004,7+,68/100,0,0,1,0,0,"musical film, romance film, drama film",India,Hindi,9.0,tt0420332
4972,A Brilliant Young Mind,2014,13+,68/100,0,0,1,0,0,"comedy drama, teen film, coming-of-age fiction, drama film",United Kingdom,English,7.0,tt3149038
4973,The Family Stone,2005,13+,68/100,0,0,1,0,0,"romantic comedy, comedy drama, Christmas film, LGBT-related film",United States,English,8.0,tt0356680
4974,Funny Face,1957,,68/100,0,0,1,0,0,"romantic comedy, musical film",United States,"English, French",7.0,tt0050419
4975,My Name Is Nobody,1973,7+,68/100,0,0,1,0,0,"parody film, comedy film, Spaghetti Western","Italy, France, Germany","Italian, English",8.0,tt0070215
4976,John Dies at the End,2012,18+,68/100,0,0,1,0,0,"cosmic horror film, comedy horror film",United States,English,6.0,tt1783732
4977,Æon Flux,2005,13+,68/100,0,0,1,0,0,"action film, dystopian film, girls with guns, post-apocalyptic film",United States,English,6.0,tt0402022
4978,To Rome with Love,2012,18+,68/100,0,0,1,0,0,"romantic comedy, comedy film, melodrama","United States, Italy, Spain","Italian, English",8.0,tt1859650
4979,Iron Sky,2012,18+,68/100,0,0,1,0,0,"action film, science fiction film, comedy film, adventure film","Germany, Australia, Finland","English, German",6.0,tt1034314
4980,Sky Captain and the World of Tomorrow,2004,7+,68/100,0,0,1,0,0,"science fiction film, action film, adventure film, dieselpunk","United Kingdom, United States, Italy",English,8.0,tt0346156
4981,Life in a Year,2020,13+,68/100,0,0,1,0,0,"drama film, romance film",United States,English,7.0,tt6598238
4982,The Spanish Prisoner,1998,7+,68/100,0,0,1,0,0,"heist film, neo-noir, mystery film",United States,English,7.1,tt0120176
4983,Centurion,2010,18+,68/100,0,0,1,0,0,,,,,
4984,Theeran Adhigaaram Ondru,2017,18+,68/100,0,0,1,0,0,"police procedural, action film, Masala film",India,Tamil,8.0,tt7060460
4985,Sarbjit,2016,,68/100,0,0,1,0,0,drama film,India,Hindi,10.0,tt5120640
4986,Courageous,2011,13+,68/100,0,0,1,0,0,"drama film, religious film",United States,English,8.0,tt1630036
4987,Sólo con tu pareja,1992,,68/100,0,0,1,0,0,romantic comedy,Mexico,Spanish,8.0,tt0102958
4988,The 36th Chamber of Shaolin,1978,18+,68/100,0,0,1,0,0,"action film, martial arts film, historical film",Hong Kong,"Yue Chinese, Chinese",10.0,tt0078243
4989,Narc,2002,18+,68/100,0,0,1,0,0,,,,,
4990,The Lady in the Van,2015,13+,68/100,0,0,1,0,0,"drama film, comedy film, film based on book",United Kingdom,English,6.7,tt3722070
4991,Author: The JT LeRoy Story,2016,18+,68/100,0,0,1,0,0,documentary film,United States,,7.1,tt5278462
4992,Life Itself,2018,18+,68/100,0,0,1,0,0,drama film,United States,"English, Spanish",9.0,tt5989218
4993,An Inspector Calls,2015,7+,68/100,0,0,1,0,0,slapstick,Hong Kong,Cantonese,7.0,tt4296186
4994,The Shootist,1976,7+,68/100,0,0,1,0,0,"Revisionist Western, film based on a novel",United States,English,7.6,tt0075213
4995,The House Bunny,2008,13+,68/100,0,0,1,0,0,"romantic comedy, female buddy film, teen film",United States,English,6.0,tt0852713
4996,Archive,2020,18+,68/100,0,0,1,0,0,,,,,
4997,Frozen River,2008,18+,68/100,0,0,1,0,0,"crime film, drama film, Christmas film",United States,"English, French",8.0,tt0978759
4998,The Whistleblower,2010,18+,68/100,0,0,1,0,0,"drama film, war film, biographical film","Canada, Germany, United States","English, Russian, Romanian",9.0,tt0896872
4999,The Accused,1988,18+,68/100,0,0,1,0,0,"drama film, trial film, crime film","Canada, United States",English,7.1,tt0094608
5000,How to Steal a Dog,2014,,68/100,0,0,1,0,0,drama film,South Korea,Korean,7.0,tt3812402
5001,In Order of Disappearance,2014,18+,68/100,0,0,1,0,0,"comedy film, drama film, action comedy film, vigilante film","Norway, Sweden, Denmark","Norwegian, English",7.0,tt2675914
5002,Aparajito,1956,13+,68/100,0,0,1,0,0,"drama film, coming-of-age film",India,Bangla,8.2,tt0048956
5003,Pulse,2001,18+,68/100,0,0,1,0,0,,,,,
5004,HyperNormalisation,2016,,68/100,0,0,1,0,0,,,,,
5005,Scoop,2006,13+,68/100,0,0,1,0,0,,,,,
5006,Dorian Gray,2009,18+,68/100,0,0,1,0,0,"fantasy film, horror film, drama film, LGBT-related film",United Kingdom,English,4.0,tt1235124
5007,"Don't Worry, He Won't Get Far on Foot",2018,18+,68/100,0,0,1,0,0,"drama film, biographical film",United States,English,8.0,tt6288124
5008,Welcome to the Sticks,2008,,68/100,0,0,1,0,0,comedy film,France,"French, Picard",7.0,tt1064932
5009,The Hunter,2011,18+,68/100,0,0,1,0,0,,,,,
5010,SlingShot,2014,,68/100,0,0,1,0,0,,,,,
5011,High Life,2018,18+,68/100,0,0,1,0,0,"science fiction film, horror film, drama film, arthouse science fiction film","France, United Kingdom, Germany",English,7.0,tt4827558
5012,Aruvi,2017,,68/100,0,0,1,0,0,"drama film, LGBT-related film",India,Tamil,10.0,tt5867800
5013,Priest,2011,13+,67/100,0,0,1,0,0,,,,,
5014,Shakuntala Devi,2020,,67/100,0,0,1,0,0,biographical film,India,Hindi,2.0,tt10964468
5015,Pumping Iron,1977,7+,67/100,0,0,1,0,0,"documentary film, sport film",United States,English,7.3,tt0076578
5016,Splinter,2008,18+,67/100,0,0,1,0,0,,,,,
5017,Fathers and Daughters,2015,18+,67/100,0,0,1,0,0,drama film,"United States, Italy",English,9.0,tt2582502
5018,Alan Partridge: Alpha Papa,2013,13+,67/100,0,0,1,0,0,comedy film,United Kingdom,English,8.0,tt0469021
5019,Penguin Highway,2018,7+,67/100,0,0,1,0,0,,,,,
5020,Spun,2002,18+,67/100,0,0,1,0,0,"crime film, comedy drama",United States,English,10.0,tt0283003
5021,Pataakha,2018,,67/100,0,0,1,0,0,comedy drama,India,Hindi,10.0,tt8396128
5022,Porky's,1981,18+,67/100,0,0,1,0,0,"teen film, coming-of-age fiction, comedy film","Canada, United States",English,6.2,tt0084522
5023,The Ultimate Gift,2007,7+,67/100,0,0,1,0,0,"drama film, film based on literature",United States,English,8.0,tt0482629
5024,The Mexican,2001,18+,67/100,0,0,1,0,0,"romantic comedy, LGBT-related film","United States, Mexico",English,7.0,tt0236493
5025,The Ruins,2008,18+,67/100,0,0,1,0,0,"horror film, film based on a novel","Australia, United States, Germany","English, Spanish, Yucatec Maya",7.0,tt0963794
5026,George Carlin: It's Bad for Ya!,2008,18+,67/100,0,0,1,0,0,,,,,
5027,And Then There Were None,1945,,67/100,0,0,1,0,0,"crime film, mystery film, film based on a novel, drama film",United States,English,7.3,tt0037515
5028,Angela's Ashes,1999,18+,67/100,0,0,1,0,0,"drama film, biographical film, film based on literature","United States, Ireland, United Kingdom",English,7.3,tt0145653
5029,Lisa and the Devil,1973,18+,67/100,0,0,1,0,0,"horror film, mystery film, Satanic film","Germany, Italy, Spain",Italian,7.0,tt0068863
5030,Premonition,2007,13+,67/100,0,0,1,0,0,"disaster film, drama film, fantasy film, time-travel film",United States,English,5.0,tt0477071
5031,Stories We Tell,2012,13+,67/100,0,0,1,0,0,"documentary film, autobiography",Canada,English,9.0,tt2366450
5032,Bad Samaritan,2018,18+,67/100,0,0,1,0,0,"horror film, thriller film",United States,English,8.0,tt3203528
5033,Carriers,2009,13+,67/100,0,0,1,0,0,"horror film, post-apocalyptic film",United States,English,5.9,tt0806203
5034,"Jeff, Who Lives at Home",2011,18+,67/100,0,0,1,0,0,"comedy drama, LGBT-related film, drama film, magic realist film",United States,English,7.0,tt1588334
5035,22 Bullets,2010,,67/100,0,0,1,0,0,"action film, crime film, film based on a novel",France,French,8.0,tt1167638
5036,House on Haunted Hill,1959,,67/100,0,0,1,0,0,"horror film, drama film, mystery film, independent film",United States,English,6.7,tt0051744
5037,Jolt,2021,18+,67/100,0,0,1,0,0,"action film, girls with guns",United States,English,5.6,tt10228134
5038,Wiener-Dog,2016,18+,67/100,0,0,1,0,0,"comedy film, comedy drama",United States,English,8.0,tt4144190
5039,Mohabbatein,2000,7+,67/100,0,0,1,0,0,"romance film, drama film, musical film, coming-of-age fiction",India,Hindi,8.0,tt0213890
5040,Riding in Cars with Boys,2001,13+,67/100,0,0,1,0,0,"biographical film, teen film, drama film, comedy film",United States,English,6.5,tt0200027
5041,Lake Mungo,2009,18+,67/100,0,0,1,0,0,"horror film, thriller film, found footage",Australia,English,7.0,tt0816556
5042,Arbitrage,2012,18+,67/100,0,0,1,0,0,"drama film, crime film, thriller film",United States,English,8.0,tt1764183
5043,Anbe Sivam,2003,,67/100,0,0,1,0,0,"comedy drama, drama film",India,Tamil,9.0,tt0367495
5044,Last Flag Flying,2017,18+,67/100,0,0,1,0,0,drama film,United States,English,7.0,tt6018306
5045,Louisiana Story,1948,,67/100,0,0,1,0,0,"documentary film, drama film",United States,English,10.0,tt0040550
5046,Macbeth,2015,18+,67/100,0,0,1,0,0,,,,,
5047,The Goldfinch,2019,18+,67/100,0,0,1,0,0,"drama film, film based on a novel",United States,English,8.0,tt3864056
5048,The Man Who Fell to Earth,1976,18+,67/100,0,0,1,0,0,"science fiction film, drama film, film based on a novel, arthouse science fiction film",United Kingdom,English,7.0,tt0074851
5049,The Phantom of the Opera,1925,,67/100,0,0,1,0,0,"horror film, monster film, drama film, silent film",United States,English,7.5,tt0016220
5050,The Bishop's Wife,1947,,67/100,0,0,1,0,0,"romantic comedy, fantasy film, Christmas film, film based on literature",United States,English,10.0,tt0039190
5051,Absolutely Anything,2015,18+,67/100,0,0,1,0,0,"comedy film, science fiction film",United Kingdom,English,8.0,tt1727770
5052,The Parallax View,1974,18+,67/100,0,0,1,0,0,political thriller film,United States,English,7.0,tt0071970
5053,Wuthering Heights,1939,,67/100,0,0,1,0,0,"drama film, romance film, film based on a novel",United States,English,7.0,tt0032145
5054,Explorers,1985,7+,67/100,0,0,1,0,0,"science fiction film, science fiction comedy, adventure film, comedy film",United States,English,8.0,tt0089114
5055,The Taking of Deborah Logan,2014,18+,66/100,0,0,1,0,0,"horror film, found footage",United States,"English, French, Arabic",5.0,tt3387648
5056,Two for the Money,2005,18+,66/100,0,0,1,0,0,"drama film, crime film, American football film",United States,English,7.0,tt0417217
5057,The Silencing,2020,18+,66/100,0,0,1,0,0,"action film, thriller film, crime","United States, Canada",English,7.0,tt7149730
5058,Mystic India,2005,,66/100,0,0,1,0,0,documentary film,India,,7.0,tt0400675
5059,Why We Fight,2005,13+,66/100,0,0,1,0,0,documentary film,"United States, United Kingdom, France","English, Arabic",10.0,tt0436971
5060,Johnny Guitar,1954,,66/100,0,0,1,0,0,"Western film, drama film",United States,English,8.0,tt0047136
5061,Shuddh Desi Romance,2013,,66/100,0,0,1,0,0,romantic comedy,India,Hindi,7.0,tt2988272
5062,Fahrenheit 11/9,2018,18+,66/100,0,0,1,0,0,documentary film,United States,English,9.0,tt8632862
5063,Deuce Bigalow: Male Gigolo,1999,18+,66/100,0,0,1,0,0,"comedy film, slapstick, sex comedy, romantic comedy",United States,English,5.7,tt0205000
5064,Birdy,1984,18+,66/100,0,0,1,0,0,"war film, drama film, film based on a novel, action film",United States,English,9.0,tt0086969
5065,How I Live Now,2013,18+,66/100,0,0,1,0,0,"war film, drama film, coming-of-age fiction, film based on a novel",United Kingdom,English,7.0,tt1894476
5066,Elmer Gantry,1960,,66/100,0,0,1,0,0,"drama film, film based on literature",United States,English,8.0,tt0053793
5067,Absence of Malice,1981,7+,66/100,0,0,1,0,0,"drama film, crime film",United States,English,7.0,tt0081974
5068,Lake Tahoe,2008,,66/100,0,0,1,0,0,drama film,Mexico,Spanish,10.0,tt1101675
5069,Detour,1945,,66/100,0,0,1,0,0,"crime film, drama film, film noir, film based on a novel",United States,English,9.0,tt0037638
5070,The Court Jester,1955,,66/100,0,0,1,0,0,musical film,United States,English,7.8,tt0049096
5071,White Lies,2013,,66/100,0,0,1,0,0,thriller film,United States,English,3.0,tt0274861
5072,Rudderless,2014,18+,66/100,0,0,1,0,0,"musical film, drama film",United States,English,8.0,tt1798243
5073,Out in the Dark,2012,,66/100,0,0,1,0,0,"romantic drama, drama film, LGBT-related film","United States, Israel","Hebrew, Arabic, Dutch",8.0,tt2318625
5074,School Ties,1992,13+,66/100,0,0,1,0,0,"teen film, coming-of-age film, drama film, American football film",United States,English,6.9,tt0105327
5075,To End All Wars,2001,18+,66/100,0,0,1,0,0,"war film, drama film, action film","United States, United Kingdom",English,6.9,tt0243609
5076,Repo! The Genetic Opera,2008,18+,66/100,0,0,1,0,0,"post-apocalyptic film, musical film, comedy horror, science fiction comedy",United States,English,9.0,tt0963194
5077,You're Not You,2014,18+,66/100,0,0,1,0,0,"drama film, film based on a novel",United States,English,8.0,tt1198156
5078,After Porn Ends 2,2017,18+,66/100,0,0,1,0,0,documentary film,United States,English,8.0,tt5168832
5079,Words on Bathroom Walls,2020,13+,66/100,0,0,1,0,0,"drama film, film based on a novel",United States,English,9.0,tt8045906
5080,Guys and Dolls,1955,,66/100,0,0,1,0,0,"musical film, comedy film, crime film",United States,English,8.0,tt0048140
5081,Grease Live,2016,13+,66/100,0,0,1,0,0,,,,,
5082,The Little Foxes,1941,,66/100,0,0,1,0,0,"drama film, romance film, historical film",United States,English,9.0,tt0033836
5083,Brigham City,2001,13+,66/100,0,0,1,0,0,"thriller film, drama film, crime film",United States,English,6.7,tt0268200
5084,Happythankyoumoreplease,2011,18+,66/100,0,0,1,0,0,"coming-of-age fiction, romantic comedy, drama film",United States,English,10.0,tt1481572
5085,JCVD,2008,18+,66/100,0,0,1,0,0,"heist film, crime film, drama film, action film","France, Belgium, Luxembourg","English, French",8.0,tt1130988
5086,How High,2001,18+,66/100,0,0,1,0,0,"teen film, comedy film, stoner film",United States,English,6.2,tt0278488
5087,Bill Frisell: A Portrait,2017,18+,66/100,0,0,1,0,0,,,,,
5088,Bad Boys,1983,18+,66/100,0,0,1,0,0,"thriller film, action film, buddy film, heist film",United States,English,9.0,tt0112442
5089,Aaja Nachle,2007,all,66/100,0,0,1,0,0,"comedy drama, drama film",India,Hindi,6.2,tt0986213
5090,The Souvenir,2019,18+,66/100,0,0,1,0,0,drama film,"United Kingdom, United States",English,4.0,tt6920356
5091,The Two Faces of Dr. Jekyll,1960,,66/100,0,0,1,0,0,"horror film, drama film, film based on literature",United Kingdom,English,6.0,tt0054416
5092,Anna,2013,18+,66/100,0,0,1,0,0,,,,,
5093,Take This Waltz,2011,18+,66/100,0,0,1,0,0,"drama film, comedy film","Japan, Canada, Spain",English,8.0,tt1592281
5094,Things We Lost in the Fire,2007,18+,66/100,0,0,1,0,0,drama film,"United States, United Kingdom, Canada",English,7.1,tt0469623
5095,The Warlords,2007,18+,66/100,0,0,1,0,0,"action film, drama film, war film, historical film",People's Republic of China,Mandarin,7.0,tt0913968
5096,The Blackout,2019,18+,66/100,0,0,1,0,0,"thriller film, science fiction film, action film, dystopian film",Russia,Russian,7.0,tt8664988
5097,Jesse Stone: Stone Cold,2005,18+,65/100,0,0,1,0,0,,,,,
5098,The Joneses,2010,18+,65/100,0,0,1,0,0,"comedy film, drama film",United States,English,9.0,tt1285309
5099,Light of My Life,2019,18+,65/100,0,0,1,0,0,"drama film, post-apocalyptic film",United States,English,7.0,tt6063090
5100,The Little Girl Who Lives Down the Lane,1976,7+,65/100,0,0,1,0,0,"horror film, drama film","Canada, France, United States",English,7.0,tt0074806
5101,Dragonslayer,1981,7+,65/100,0,0,1,0,0,"fantasy film, adventure film, medieval film, sword and sorcery film","United States, Australia",English,10.0,tt0082288
5102,Barbarella,1968,7+,65/100,0,0,1,0,0,"science fiction film, adventure film, fantasy film, space opera","France, Italy","English, French",5.9,tt0062711
5103,Fanaa,2006,7+,65/100,0,0,1,0,0,"romance film, drama film",India,Hindi,8.0,tt0439662
5104,Ondine,2009,13+,65/100,0,0,1,0,0,"fantasy film, romance film, drama film","United States, Ireland","English, French",8.0,tt1235796
5105,Hum Tum,2004,7+,65/100,0,0,1,0,0,"romantic comedy, musical film, musical comedy",India,"Hindi, English",7.0,tt0378072
5106,The Pride of the Yankees,1942,,65/100,0,0,1,0,0,"drama film, biographical film",United States,English,9.0,tt0035211
5107,Love & Friendship,2016,13+,65/100,0,0,1,0,0,"romantic comedy, historical film, film based on a novel","Ireland, France, Netherlands",English,7.0,tt3068194
5108,Ramona and Beezus,2010,all,65/100,0,0,1,0,0,"comedy film, children's film, film based on a novel",United States,English,8.0,tt0493949
5109,Maquia: When the Promised Flower Blooms,2018,,65/100,0,0,1,0,0,,,,,
5110,Monsieur Lazhar,2011,13+,65/100,0,0,1,0,0,"drama film, comedy film",Canada,French,10.0,tt2011971
5111,Hell House LLC,2015,18+,65/100,0,0,1,0,0,,United States,,3.0,tt8707374
5112,Nightjohn,1996,13+,65/100,0,0,1,0,0,,,,,
5113,Arjun Reddy,2017,18+,65/100,0,0,1,0,0,drama film,India,Telugu,9.0,tt7294534
5114,Pass Over,2018,,65/100,0,0,1,0,0,drama film,United States,English,9.0,tt7768846
5115,Another 48 Hrs.,1990,18+,65/100,0,0,1,0,0,"action film, buddy film, thriller film, comedy film",United States,English,6.0,tt0099044
5116,6 Days,2017,18+,65/100,0,0,1,0,0,political thriller film,United Kingdom,English,8.0,tt4703048
5117,Valley Uprising,2014,,65/100,0,0,1,0,0,documentary film,United States,,10.0,tt3784160
5118,Barefoot in the Park,1967,all,65/100,0,0,1,0,0,romantic comedy,United States,English,7.0,tt0061385
5119,Seberg,2019,18+,65/100,0,0,1,0,0,"biographical film, drama film",United States,English,6.0,tt1780967
5120,George Carlin: You Are All Diseased,1999,18+,65/100,0,0,1,0,0,,,,,
5121,Hindi Medium,2017,,65/100,0,0,1,0,0,comedy drama,India,Hindi,9.0,tt5764096
5122,Wonder Wheel,2017,13+,65/100,0,0,1,0,0,drama film,United States,English,7.0,tt5825380
5123,This Beautiful Fantastic,2016,7+,65/100,0,0,1,0,0,"comedy film, melodrama, fantasy film",United Kingdom,English,10.0,tt4560008
5124,Night Hunter,2019,18+,65/100,0,0,1,0,0,,United States,,3.0,tt4219706
5125,The Endless Summer,1966,7+,65/100,0,0,1,0,0,"sport film, documentary film",United States,English,10.0,tt0060371
5126,Gringo,2018,18+,65/100,0,0,1,0,0,action comedy film,United States,English,7.0,tt3721964
5127,Jay and Silent Bob Reboot,2019,18+,65/100,0,0,1,0,0,comedy film,United States,English,7.0,tt6521876
5128,Evil Eye,2020,,65/100,0,0,1,0,0,"horror film, thriller film, drama film",United States,"English, Hindi",4.0,tt12882620
5129,Kabali,2016,18+,65/100,0,0,1,0,0,gangster film,India,Tamil,7.0,tt5071886
5130,Brad's Status,2017,18+,65/100,0,0,1,0,0,drama film,United States,English,7.0,tt5884230
5131,Radioactive,2020,13+,65/100,0,0,1,0,0,"biographical film, drama film",United Kingdom,English,6.0,tt6017756
5132,I'm Your Woman,2020,18+,65/100,0,0,1,0,0,"drama film, neo-noir, crime film",United States,English,5.0,tt10243992
5133,Beyond the Black Rainbow,2010,18+,65/100,0,0,1,0,0,"science fiction film, horror film, arthouse science fiction film",Canada,English,8.0,tt1534085
5134,Starbuck,2011,18+,65/100,0,0,1,0,0,,,,,
5135,T-34,2018,16+,65/100,0,0,1,0,0,"action film, war film, adventure film, historical film",Russia,"Russian, German",7.0,tt8820590
5136,Reservation Road,2007,18+,65/100,0,0,1,0,0,"crime film, drama film, film based on literature",United States,English,6.6,tt0831884
5137,Beast,2018,18+,65/100,0,0,1,0,0,,,,,
5138,Dil To Pagal Hai,1997,all,65/100,0,0,1,0,0,"drama film, romance film, romantic comedy",India,Hindi,6.0,tt0118983
5139,Virus,2019,,65/100,0,0,1,0,0,,,,,
5140,The Most Dangerous Game,1932,13+,65/100,0,0,1,0,0,"horror film, film based on literature, drama film",United States,"English, Russian",8.0,tt0023238
5141,Who Killed the Electric Car?,2006,7+,65/100,0,0,1,0,0,documentary film,United States,English,8.0,tt0489037
5142,Come to Daddy,2020,18+,65/100,0,0,1,0,0,thriller film,"Canada, New Zealand, Ireland",English,6.0,tt8816194
5143,Ta Ra Rum Pum,2007,all,65/100,0,0,1,0,0,"sport film, family film",India,Hindi,5.8,tt0833553
5144,Children of a Lesser God,1986,18+,65/100,0,0,1,0,0,"romance film, drama film",United States,English,7.2,tt0090830
5145,That Sugar Film,2014,7+,65/100,0,0,1,0,0,documentary film,Australia,English,10.0,tt3892434
5146,The Woman,2011,18+,65/100,0,0,1,0,0,"horror film, rape and revenge film, drama film",United States,English,7.0,tt1714208
5147,The Babysitters,2008,18+,65/100,0,0,1,0,0,drama film,United States,English,6.0,tt0796302
5148,The Program,2015,13+,65/100,0,0,1,0,0,"biographical film, drama film","United Kingdom, France, United States",English,6.0,tt3083008
5149,A Mighty Heart,2007,18+,65/100,0,0,1,0,0,"biographical film, drama film, film based on book","United States, United Kingdom",English,8.0,tt0829459
5150,The Night Eats the World,2018,16+,65/100,0,0,1,0,0,"horror film, post-apocalyptic film",France,French,7.0,tt4266076
5151,The Tall Man,2012,18+,65/100,0,0,1,0,0,"psychological thriller, mystery film, drama film, crime film","Canada, France, United States",English,7.0,tt1658837
5152,Padmaavat,2018,,65/100,0,0,1,0,0,"drama film, romance film",India,"Hindi, Urdu",8.0,tt5935704
5153,OtherLife,2017,18+,65/100,0,0,1,0,0,"science fiction film, thriller film, film based on a novel",Australia,English,6.2,tt4693358
5154,The Final Cut,2004,13+,65/100,0,0,1,0,0,"science fiction film, drama film","Canada, United States, Germany",English,7.0,tt0364343
5155,Nick of Time,1995,18+,65/100,0,0,1,0,0,"crime film, mystery film, political thriller film, thriller film",United States,English,7.0,tt0113972
5156,Rio Grande,1950,,65/100,0,0,1,0,0,,,,,
5157,Big Bad Wolves,2013,,65/100,0,0,1,0,0,"horror film, crime film",Israel,Hebrew,7.0,tt2309224
5158,I Spy,2002,13+,65/100,0,0,1,0,0,"comedy film, spy film, buddy cop film",United States,English,7.0,tt0297181
5159,Hard Rain,1998,18+,64/100,0,0,1,0,0,"heist film, action film, thriller film, disaster film","United States, France, Australia",English,7.0,tt0120696
5160,Agent Sai Srinivasa Athreya,2019,,64/100,0,0,1,0,0,crime thriller film,India,Telugu,9.0,tt10214826
5161,Dead & Buried,1981,18+,64/100,0,0,1,0,0,"horror film, zombie film, science fiction film, mystery film",United States,English,7.0,tt0082242
5162,The King's Choice,2016,,64/100,0,0,1,0,0,"historical film, war film, drama film, action film","Norway, Sweden, Denmark","Norwegian, German, Danish",8.0,tt4353996
5163,We Are Still Here,2015,,64/100,0,0,1,0,0,"horror film, ghost film",United States,English,7.0,tt3520418
5164,The Brass Teapot,2012,18+,64/100,0,0,1,0,0,"comedy drama, fantasy film, comedy film",United States,English,6.0,tt1935902
5165,Bottle Shock,2008,13+,64/100,0,0,1,0,0,"comedy drama, drama film","United Kingdom, United States",English,6.8,tt0914797
5166,Troop Zero,2019,7+,64/100,0,0,1,0,0,drama film,United States,English,9.0,tt2404465
5167,02:22,2017,13+,64/100,0,0,1,0,0,,,,,
5168,Money Train,1995,18+,64/100,0,0,1,0,0,"heist film, buddy cop film, comedy thriller, action film",United States,English,7.0,tt0113845
5169,Trees Lounge,1996,18+,64/100,0,0,1,0,0,"drama film, comedy film",United States,English,10.0,tt0117958
5170,Guava Island,2019,18+,64/100,0,0,1,0,0,musical film,United States,,8.0,tt8858104
5171,Better Luck Tomorrow,2002,18+,64/100,0,0,1,0,0,"teen film, crime film, drama film, coming-of-age fiction",United States,English,9.0,tt0280477
5172,1492: Conquest of Paradise,1992,13+,64/100,0,0,1,0,0,"biographical film, drama film, adventure film, historical film","France, United Kingdom, Spain",English,6.0,tt0103594
5173,Teeth,2008,18+,64/100,0,0,1,0,0,"rape and revenge film, comedy horror, body horror film",United States,English,5.4,tt0780622
5174,White Bird in a Blizzard,2014,18+,64/100,0,0,1,0,0,"coming-of-age fiction, drama film, mystery film, LGBT-related film","France, United States",English,5.0,tt2238050
5175,The Barkley Marathons: The Race That Eats Its Young,2014,,64/100,0,0,1,0,0,documentary film,United States,,10.0,tt2400291
5176,The Secret: Dare to Dream,2020,7+,64/100,0,0,1,0,0,"drama film, film based on book",United States,English,8.0,tt4411584
5177,My Bloody Valentine,1981,18+,64/100,0,0,1,0,0,"horror film, slasher film, drama film",Canada,English,5.0,tt0082782
5178,Chemical Hearts,2020,18+,64/100,0,0,1,0,0,"romance film, drama film",United States,"English, American English",6.0,tt5843876
5179,Creepshow 2,1987,18+,64/100,0,0,1,0,0,"monster film, comedy horror film, horror film, comedy film",United States,English,6.0,tt0092796
5180,George Carlin: Life Is Worth Losing,2005,18+,64/100,0,0,1,0,0,,,,,
5181,24 Hours to Live,2017,18+,64/100,0,0,1,0,0,"thriller film, action film, science fiction film",United States,English,5.8,tt5442456
5182,Meet John Doe,1941,,64/100,0,0,1,0,0,"romantic comedy, comedy drama, Christmas film, drama film",United States,English,8.0,tt0033891
5183,Piranha,1978,18+,64/100,0,0,1,0,0,"comedy horror, horror film, science fiction film",United States,English,5.9,tt0078087
5184,The Kentucky Fried Movie,1977,18+,64/100,0,0,1,0,0,parody film,United States,"English, Korean",9.0,tt0076257
5185,Hobo with a Shotgun,2011,18+,64/100,0,0,1,0,0,"thriller film, action film, horror film, splatter film","United States, Canada",English,7.0,tt1640459
5186,Cul-de-sac,1966,,64/100,0,0,1,0,0,"comedy thriller, drama film, comedy film",United Kingdom,English,7.0,tt0060268
5187,Hondo,1953,7+,64/100,0,0,1,0,0,Western film,United States,English,7.0,tt0045883
5188,Wolf Creek 2,2013,,64/100,0,0,1,0,0,horror film,Australia,"English, German",8.0,tt2004432
5189,Regression,2015,18+,64/100,0,0,1,0,0,"thriller film, drama film, crime film, mystery film","Spain, Canada, United States",English,6.0,tt3319920
5190,The Dark Valley,2014,,64/100,0,0,1,0,0,"Heimatfilm, Western film","Austria, Germany",German,10.0,tt2650978
5191,The Little Shop of Horrors,1960,,64/100,0,0,1,0,0,"comedy horror film, science fiction film, comedy film, natural horror film",United States,English,9.0,tt0054033
5192,Detective Byomkesh Bakshy!,2015,18+,64/100,0,0,1,0,0,mystery film,India,Hindi,10.0,tt3447364
5193,Sands of Iwo Jima,1950,,64/100,0,0,1,0,0,war film,United States,English,7.0,tt0041841
5194,Space Pirate Captain Harlock,2013,13+,64/100,0,0,1,0,0,"science fiction film, science fiction anime and manga, action film, drama film",Japan,Japanese,7.0,tt2668134
5195,Warlock,1989,18+,64/100,0,0,1,0,0,,,,,
5196,9th Company,2005,18+,64/100,0,0,1,0,0,"drama film, action film, war film, historical film","Russia, Ukraine, Finland",Russian,8.0,tt0417397
5197,10 Rillington Place,1971,7+,64/100,0,0,1,0,0,"crime film, biographical film, drama film, film based on book",United Kingdom,English,10.0,tt0066730
5198,Extracted,2012,18+,64/100,0,0,1,0,0,science fiction film,United States,English,7.0,tt1757746
5199,The Grand Seduction,2013,13+,64/100,0,0,1,0,0,comedy film,"Canada, United States",English,7.0,tt2319580
5200,The Double,2011,13+,64/100,0,0,1,0,0,"thriller film, drama film",United States,English,7.0,tt1646980
5201,Marauders,2016,18+,64/100,0,0,1,0,0,"heist film, crime film",United States,English,6.0,tt3963816
5202,After the Dark,2013,18+,64/100,0,0,1,0,0,"science fiction film, psychological thriller, drama film, LGBT-related film",United States,English,2.0,tt1928340
5203,Carnal Knowledge,1971,18+,64/100,0,0,1,0,0,"comedy drama, coming-of-age fiction, drama film",United States,English,10.0,tt0066892
5204,Same Kind of Different as Me,2017,13+,64/100,0,0,1,0,0,drama film,United States,English,10.0,tt1230168
5205,I Give It a Year,2013,18+,64/100,0,0,1,0,0,romantic comedy,United Kingdom,English,5.0,tt2244901
5206,Last Shift,2014,18+,64/100,0,0,1,0,0,"horror film, ghost film",United States,English,6.0,tt2965466
5207,Look Away,2018,18+,64/100,0,0,1,0,0,psychological thriller,Canada,English,6.0,tt5834760
5208,The Transporter Refueled,2015,13+,64/100,0,0,1,0,0,"thriller film, action film","People's Republic of China, France, Belgium",English,6.0,tt2938956
5209,Blue Thunder,1983,18+,64/100,0,0,1,0,0,"crime film, action film, thriller film, science fiction film",United States,English,6.4,tt0085255
5210,The Attorney,2013,,64/100,0,0,1,0,0,drama film,South Korea,Korean,8.0,tt3404140
5211,The Beastmaster,1982,7+,64/100,0,0,1,0,0,"fantasy film, action film, science fiction film, film based on a novel",United States,English,9.0,tt0083630
5212,Mortal,2020,18+,64/100,0,0,1,0,0,,,,,
5213,Spread,2009,18+,64/100,0,0,1,0,0,,,,,
5214,The Nutty Professor,1963,,64/100,0,0,1,0,0,"science fiction comedy, romantic comedy, science fiction film",United States,English,8.0,tt0057372
5215,Kesari,2019,,64/100,0,0,1,0,0,"war film, action film",India,Hindi,10.0,tt6264938
5216,Tom Petty and the Heartbreakers: Runnin' Down a Dream,2007,,64/100,0,0,1,0,0,rockumentary,United States,Lithuanian,8.6,tt0965382
5217,Desert Bloom,1986,7+,63/100,0,0,1,0,0,drama film,United States,English,6.6,tt0090934
5218,The Secret of Roan Inish,1994,7+,63/100,0,0,1,0,0,"fantasy film, children's film",United States,English,9.0,tt0111112
5219,Convoy,1978,7+,63/100,0,0,1,0,0,"comedy drama, action film, comedy film, drama film",United States,English,7.0,tt0077369
5220,One Step Behind the Seraphim,2017,13+,63/100,0,0,1,0,0,drama film,Romania,Romanian,8.0,tt5335314
5221,Ladies vs Ricky Bahl,2011,,63/100,0,0,1,0,0,romantic comedy,India,Hindi,5.0,tt1954598
5222,100 Girls,2000,18+,63/100,0,0,1,0,0,"romantic comedy, teen film, comedy film",United States,English,5.8,tt0214388
5223,Karwaan,2018,,63/100,0,0,1,0,0,drama film,India,"Hindi, Malayalam",10.0,tt7919680
5224,Blind Fury,1989,18+,63/100,0,0,1,0,0,"thriller film, martial arts film, action film",United States,English,8.0,tt0096945
5225,Fat City,1972,7+,63/100,0,0,1,0,0,"neo-noir, film based on literature, drama film, boxing film",United States,English,9.0,tt0068575
5226,Arkansas,2020,18+,63/100,0,0,1,0,0,,,,,
5227,The Man with the Golden Arm,1955,,63/100,0,0,1,0,0,"drama film, film noir, film based on a novel",United States,English,7.3,tt0048347
5228,USS Indianapolis: Men of Courage,2016,18+,63/100,0,0,1,0,0,"thriller film, action film, war film, historical film",United States,English,3.0,tt2032572
5229,The Beast of War,1988,18+,63/100,0,0,1,0,0,"drama film, war film",United States,English,8.0,tt0094716
5230,Black Butterfly,2017,18+,63/100,0,0,1,0,0,thriller film,United States,English,5.0,tt2090465
5231,Kansas City Confidential,1952,,63/100,0,0,1,0,0,"drama film, crime film, film noir, heist film",United States,"English, American English",8.0,tt0044789
5232,The Story of Adele H.,1975,7+,63/100,0,0,1,0,0,"historical film, drama film, biographical film",France,"French, English",10.0,tt0073114
5233,Gleason,2016,18+,63/100,0,0,1,0,0,documentary film,United States,English,9.0,tt4632316
5234,Bob Roberts,1992,18+,63/100,0,0,1,0,0,"drama film, comedy film",United States,English,7.0,tt0103850
5235,Drug War,2012,18+,63/100,0,0,1,0,0,crime film,"People's Republic of China, Hong Kong",Mandarin,8.0,tt2165735
5236,47 Meters Down: Uncaged,2019,13+,63/100,0,0,1,0,0,"horror film, survival film, thriller film","United States, United Kingdom, Mexico",English,4.0,tt7329656
5237,Leatherheads,2008,13+,63/100,0,0,1,0,0,"romantic comedy, American football film",United States,English,7.0,tt0379865
5238,Butter,2012,18+,63/100,0,0,1,0,0,,,,,
5239,I.Q.,1994,7+,63/100,0,0,1,0,0,romantic comedy,United States,English,7.0,tt0110099
5240,Bachna Ae Haseeno,2008,7+,63/100,0,0,1,0,0,"drama film, comedy film",India,Hindi,6.0,tt1182972
5241,Any Day Now,2012,18+,63/100,0,0,1,0,0,"drama film, LGBT-related film",United States,English,7.4,tt2066176
5242,The Front,1976,7+,63/100,0,0,1,0,0,"drama film, comedy film",United States,English,9.0,tt0074554
5243,The Messengers,2007,13+,63/100,0,0,1,0,0,"horror film, drama film, ghost film","Canada, United States",English,8.0,tt0425430
5244,A Girl Like Her,2015,13+,63/100,0,0,1,0,0,found footage,United States,English,9.0,tt2523832
5245,The Strange Love of Martha Ivers,1946,,63/100,0,0,1,0,0,"drama film, film noir",United States,English,10.0,tt0038988
5246,Gloria Bell,2019,18+,63/100,0,0,1,0,0,"comedy drama, romance film",United States,English,6.0,tt6902696
5247,Soapdish,1991,13+,63/100,0,0,1,0,0,"romantic comedy, LGBT-related film",United States,English,6.6,tt0102951
5248,When a Stranger Calls,1979,16+,63/100,0,0,1,0,0,"horror film, crime film, thriller film, drama film",United States,English,7.0,tt0080130
5249,Frances,1982,18+,63/100,0,0,1,0,0,,,,,
5250,Hatred,2016,,63/100,0,0,1,0,0,"drama film, war film, drama fiction, historical film",Poland,"Polish, German, Russian",8.0,tt6068960
5251,Stella Dallas,1937,,63/100,0,0,1,0,0,"drama film, film based on literature, romance film",United States,English,7.0,tt0029608
5252,Beneath Hill 60,2010,18+,63/100,0,0,1,0,0,"war film, drama film",Australia,English,8.0,tt1418646
5253,The Animal,2001,13+,63/100,0,0,1,0,0,"science fiction film, comedy film",United States,English,6.0,tt0255798
5254,Mikey and Nicky,1976,18+,63/100,0,0,1,0,0,"crime film, drama film",United States,English,7.3,tt0074901
5255,10 Items or Less,2006,18+,63/100,0,0,1,0,0,"comedy drama, comedy film",United States,"English, Spanish",8.0,tt0499603
5256,The Stuff,1985,18+,63/100,0,0,1,0,0,"comedy horror, B movie, horror film, parody film",United States,English,7.0,tt0090094
5257,Reefer Madness: The Movie Musical,2006,18+,63/100,0,0,1,0,0,"musical film, zombie film, comedy film","Canada, United States, Germany",English,10.0,tt0404364
5258,Cold Skin,2017,16+,63/100,0,0,1,0,0,"science fiction film, horror film, thriller film, film based on book","Spain, France",English,6.0,tt1034385
5259,April Fool's Day,1986,18+,63/100,0,0,1,0,0,"horror film, slasher film, mystery film",United States,English,6.0,tt0090655
5260,Just Friends,2018,,63/100,0,0,1,0,0,"romantic comedy, Christmas film","Germany, United States",English,9.0,tt0433400
5261,Hatchet,2006,18+,63/100,0,0,1,0,0,"slasher film, comedy horror, splatter film",United States,English,7.0,tt0422401
5262,In the Electric Mist,2009,18+,63/100,0,0,1,0,0,"crime film, mystery film, drama film, film based on a novel","France, United States",English,8.0,tt0910905
5263,Bill Cunningham New York,2011,,63/100,0,0,1,0,0,documentary film,United States,English,8.0,tt1621444
5264,Kill Me Three Times,2015,18+,63/100,0,0,1,0,0,"crime film, neo-noir, comedy drama, comedy film","United States, Australia",English,7.0,tt2393845
5265,Wishmaster,1997,18+,63/100,0,0,1,0,0,"horror film, fantasy film",United States,English,7.0,tt0120524
5266,Dhoom 2,2006,13+,63/100,0,0,1,0,0,"heist film, action film, family film, adventure film",India,Hindi,5.0,tt0441048
5267,Mardaani,2014,13+,63/100,0,0,1,0,0,"crime film, action film, drama film",India,Hindi,10.0,tt3495000
5268,Wonderstruck,2017,7+,63/100,0,0,1,0,0,drama film,United States,English,6.2,tt5208216
5269,Split Second,1992,18+,63/100,0,0,1,0,0,"action film, science fiction film, monster film",United Kingdom,English,6.0,tt0105459
5270,The Perfect Score,2004,13+,63/100,0,0,1,0,0,"heist film, teen film, comedy film",United States,English,5.0,tt0314498
5271,Under the Boardwalk: The Monopoly Story,2011,all,63/100,0,0,1,0,0,documentary film,United States,English,9.0,tt1250861
5272,The Only Living Boy in New York,2017,18+,63/100,0,0,1,0,0,drama film,United States,English,8.0,tt0460890
5273,Thoda Pyaar Thoda Magic,2008,,63/100,0,0,1,0,0,"comedy drama, romance film",India,Hindi,5.0,tt1191138
5274,Dante's Inferno: An Animated Epic,2010,18+,62/100,0,0,1,0,0,,,,,
5275,The Vanishing,2019,18+,62/100,0,0,1,0,0,"thriller film, film based on a novel","France, Netherlands","French, English, Dutch",8.0,tt0096163
5276,LOL,2012,13+,62/100,0,0,1,0,0,,,,,
5277,Georgia Rule,2007,18+,62/100,0,0,1,0,0,"teen film, drama film, comedy film",United States,English,8.0,tt0791304
5278,Infinity Chamber,2016,,62/100,0,0,1,0,0,"science fiction film, drama film",United States,English,7.0,tt3839880
5279,Ninnu Kori,2017,,62/100,0,0,1,0,0,,India,Telugu,8.0,tt6996016
5280,Manhattan Night,2016,18+,62/100,0,0,1,0,0,"crime film, mystery film, film based on a novel, detective film",United States,English,6.0,tt3100274
5281,Journey's End,2017,18+,62/100,0,0,1,0,0,"silent film, drama film",United States,,,tt0012338
5282,Broken Blossoms,1919,13+,62/100,0,0,1,0,0,"romance film, silent film, drama film",United States,English,9.0,tt0009968
5283,Jab Tak Hai Jaan,2012,,62/100,0,0,1,0,0,"drama film, romance film",India,Hindi,8.0,tt2176013
5284,Beowulf & Grendel,2005,18+,62/100,0,0,1,0,0,"fantasy film, adventure film, action film, drama film","Canada, Iceland, United Kingdom","English, Icelandic",8.0,tt0402057
5285,Dead End,1937,,62/100,0,0,1,0,0,,,,,
5286,Ash Is Purest White,2018,,62/100,0,0,1,0,0,drama film,"People's Republic of China, France",Standard Chinese,7.0,tt7298400
5287,Phase IV,1974,7+,62/100,0,0,1,0,0,"science fiction film, horror film","United Kingdom, United States",English,6.4,tt0070531
5288,The Assignment,1997,18+,62/100,0,0,1,0,0,political thriller film,"United States, Canada",English,7.0,tt0118647
5289,The Naked Kiss,1964,,62/100,0,0,1,0,0,"crime film, neo-noir, drama film",United States,English,7.2,tt0058390
5290,Pet,2016,18+,62/100,0,0,1,0,0,,,,,
5291,Bharat Ane Nenu,2018,7+,62/100,0,0,1,0,0,"action film, political thriller film",India,Telugu,10.0,tt6980546
5292,Ashby,2015,18+,62/100,0,0,1,0,0,,,,,
5293,Diary of a Mad Black Woman,2005,13+,62/100,0,0,1,0,0,"comedy drama, romantic comedy, romance film",United States,English,8.0,tt0422093
5294,Janis: Little Girl Blue,2015,18+,62/100,0,0,1,0,0,"documentary film, biographical film",United States,English,9.0,tt3707114
5295,Goodachari,2018,,62/100,0,0,1,0,0,"mystery film, action film",India,Telugu,10.0,tt7758160
5296,Mario,2018,,62/100,0,0,1,0,0,,,,,
5297,The Hitch-Hiker,1953,,62/100,0,0,1,0,0,"drama film, crime film, film noir",United States,"English, Spanish",6.9,tt0045877
5298,Fritz the Cat,1972,18+,62/100,0,0,1,0,0,,,,,
5299,Daawat-e-Ishq,2014,7+,62/100,0,0,1,0,0,"comedy film, drama film, romance film",India,Hindi,7.0,tt3398052
5300,Orphans,1998,,62/100,0,0,1,0,0,,,,,
5301,Mondays in the Sun,2002,18+,62/100,0,0,1,0,0,"drama film, social comedy film","Spain, Italy, France",Spanish,10.0,tt0319769
5302,The Greatest Show on Earth,1952,,62/100,0,0,1,0,0,drama film,United States,English,7.0,tt0044672
5303,Billionaire Boys Club,2018,18+,62/100,0,0,1,0,0,"crime film, drama film, biographical film",United States,English,4.0,tt5179598
5304,Little Nemo: Adventures in Slumberland,1989,all,62/100,0,0,1,0,0,,,,,
5305,Remo Williams: The Adventure Begins,1985,13+,62/100,0,0,1,0,0,"action film, spy film, fantasy film, comedy film",United States,English,6.4,tt0089901
5306,Gimme Danger,2016,18+,62/100,0,0,1,0,0,documentary film,United States,English,8.0,tt1714917
5307,Elvis & Nixon,2016,18+,62/100,0,0,1,0,0,"biographical film, comedy drama",United States,English,6.0,tt2093991
5308,Texas Chainsaw 3D,2013,18+,62/100,0,0,1,0,0,"horror film, slasher film, thriller film",United States,English,8.0,tt1572315
5309,The Reef,2010,18+,62/100,0,0,1,0,0,"horror film, thriller film, survival film, natural horror film",Australia,English,5.8,tt1320291
5310,The Gambler,1974,18+,62/100,0,0,1,0,0,"drama film, crime film",United States,English,9.0,tt2039393
5311,Hired Gun,2017,,62/100,0,0,1,0,0,documentary film,United States,,7.2,tt4026034
5312,Ladies in Lavender,2004,13+,62/100,0,0,1,0,0,drama film,United Kingdom,English,10.0,tt0377084
5313,Boy Meets Girl,2015,18+,62/100,0,0,1,0,0,"drama film, romance film",France,French,7.0,tt0086994
5314,I Wish,2011,7+,62/100,0,0,1,0,0,"comedy film, drama film",Japan,Japanese,7.0,tt1650453
5315,360,2012,18+,62/100,0,0,1,0,0,"drama film, romance film","France, United Kingdom, Austria","Portuguese, Arabic, French",5.0,tt1680045
5316,The Gruffalo's Child,2011,,62/100,0,0,1,0,0,animated film,"United Kingdom, Germany",English,8.0,tt2132486
5317,Motel Hell,1980,18+,62/100,0,0,1,0,0,"comedy horror, horror film, comedy film",United States,English,7.0,tt0081184
5318,Bandslam,2009,7+,62/100,0,0,1,0,0,"romantic comedy, musical film, teen film, coming-of-age fiction",United States,English,8.0,tt0976222
5319,Tab Hunter Confidential,2015,,62/100,0,0,1,0,0,"LGBT-related film, documentary film",United States,English,10.0,tt1533089
5320,Powder Blue,2009,18+,62/100,0,0,1,0,0,"drama film, LGBT-related film",United States,English,6.2,tt1032819
5321,Tumbledown,2015,18+,62/100,0,0,1,0,0,romantic comedy,United States,English,6.0,tt2338424
5322,Deuce Bigalow: European Gigolo,2005,18+,62/100,0,0,1,0,0,comedy film,United States,English,7.0,tt0367652
5323,Donovan's Reef,1963,all,62/100,0,0,1,0,0,"adventure film, romantic comedy, action film",United States,English,6.7,tt0057007
5324,Mao's Last Dancer,2009,7+,62/100,0,0,1,0,0,biographical film,Australia,English,8.0,tt1071812
5325,He Walked by Night,1949,,61/100,0,0,1,0,0,"film noir, crime film",United States,English,7.0,tt0040427
5326,The Two Jakes,1990,18+,61/100,0,0,1,0,0,"neo-noir, crime film, drama film, mystery film",United States,English,5.0,tt0100828
5327,Assault on Wall Street,2013,18+,61/100,0,0,1,0,0,"action film, drama film, crime film",Canada,English,8.0,tt2368553
5328,Herself,2020,18+,61/100,0,0,1,0,0,drama film,"United Kingdom, Ireland",English,6.0,tt9902160
5329,Bleeding Steel,2017,18+,61/100,0,0,1,0,0,science fiction action film,People's Republic of China,"English, Standard Chinese",6.0,tt5813366
5330,Gett: The Trial of Viviane Amsalem,2014,,61/100,0,0,1,0,0,"drama film, documentary film","France, Israel, Germany","Hebrew, French, Judeo-Moroccan",9.0,tt3062880
5331,Little Man,2006,13+,61/100,0,0,1,0,0,comedy film,United States,English,4.6,tt0430304
5332,Home for the Holidays,1995,13+,61/100,0,0,1,0,0,"comedy drama, comedy film, LGBT-related film",United States,English,7.0,tt0113321
5333,Afternoon Delight,2013,18+,61/100,0,0,1,0,0,comedy drama,United States,English,5.7,tt2312890
5334,Jathi Ratnalu,2021,,61/100,0,0,1,0,0,comedy drama,India,Telugu,6.0,tt11306376
5335,Knights of Badassdom,2013,18+,61/100,0,0,1,0,0,"comedy horror, horror film, comedy film",United States,English,7.0,tt1545660
5336,Daniel Isn't Real,2019,,61/100,0,0,1,0,0,"thriller film, horror film",United States,English,8.0,tt8745960
5337,Sunday Bloody Sunday,1971,18+,61/100,0,0,1,0,0,,,,,
5338,Jallikattu,2019,,61/100,0,0,1,0,0,crime film,India,Malayalam,9.0,tt8721556
5339,Careful What You Wish For,2015,18+,61/100,0,0,1,0,0,thriller film,United States,English,6.0,tt1629242
5340,Gold,2018,,61/100,0,0,1,0,0,,,,,
5341,The Family Fang,2016,18+,61/100,0,0,1,0,0,"comedy drama, drama film",United States,English,6.0,tt2097331
5342,The Offence,1973,18+,61/100,0,0,1,0,0,"crime film, drama film",United Kingdom,English,8.0,tt0070468
5343,Interview,2007,18+,61/100,0,0,1,0,0,drama film,Netherlands,Dutch,2.0,tt0360674
5344,The Band's Visit,2007,13+,61/100,0,0,1,0,0,"drama film, comedy film","Israel, France, United States","Hebrew, Arabic, English",9.0,tt1032856
5345,Mystery Road,2013,,61/100,0,0,1,0,0,crime film,Australia,English,8.0,tt2236054
5346,Final Score,2018,18+,61/100,0,0,1,0,0,"action film, association football film","United Kingdom, United States",English,7.0,tt5254610
5347,Diggstown,1992,18+,61/100,0,0,1,0,0,"comedy film, drama film, boxing film",United States,English,8.0,tt0104107
5348,Big Eden,2000,13+,61/100,0,0,1,0,0,"comedy drama, romantic comedy, drama film",United States,English,7.3,tt0212815
5349,Of Human Bondage,1934,,61/100,0,0,1,0,0,"drama film, film based on literature",United States,"English, French",7.0,tt0025586
5350,Horsemen,2009,18+,61/100,0,0,1,0,0,"neo-noir, mystery film, thriller film, horror film",United States,English,5.0,tt0892767
5351,Judas Kiss,1998,18+,61/100,0,0,1,0,0,"crime film, neo-noir, drama film, girls with guns",United States,English,6.1,tt0138541
5352,Target Number One,2020,18+,61/100,0,0,1,0,0,crime film,Canada,,6.0,tt1656177
5353,Mad Money,2008,13+,61/100,0,0,1,0,0,"heist film, comedy film",United States,English,7.0,tt0951216
5354,Blame It on Fidel!,2006,,61/100,0,0,1,0,0,drama film,"France, Italy",French,8.0,tt0792966
5355,Band Baaja Baaraat,2010,7+,61/100,0,0,1,0,0,romantic comedy,India,Hindi,7.0,tt1610452
5356,Atlas Shrugged: Part I,2011,13+,61/100,0,0,1,0,0,"science fiction film, drama film, dystopian film, film based on a novel",United States,English,5.6,tt0480239
5357,The Bang Bang Club,2010,18+,61/100,0,0,1,0,0,"biographical film, drama film, film based on literature","South Africa, Germany, Canada",English,8.0,tt1173687
5358,What Have You Done to Solange?,1972,18+,61/100,0,0,1,0,0,giallo,"Germany, Italy",Italian,7.0,tt0068416
5359,Standing in the Shadows of Motown,2002,7+,61/100,0,0,1,0,0,"documentary film, musical film",United States,English,7.8,tt0314725
5360,Hyena Road,2015,18+,61/100,0,0,1,0,0,"war film, drama film",Canada,English,7.0,tt4034452
5361,HIT: The First Case,2020,,61/100,0,0,1,0,0,,India,Telugu,9.0,tt11490170
5362,Necessary Roughness,1991,13+,61/100,0,0,1,0,0,"comedy film, American football film",United States,English,6.0,tt0102517
5363,Stomp the Yard,2007,13+,61/100,0,0,1,0,0,"romance film, musical film, teen film, drama film",United States,English,5.5,tt0775539
5364,The Winslow Boy,1999,all,61/100,0,0,1,0,0,trial film,United Kingdom,English,7.0,tt0155388
5365,I'll Follow You Down,2013,13+,61/100,0,0,1,0,0,"science fiction film, drama film",Canada,English,7.0,tt2048770
5366,The Wild Geese,1978,18+,61/100,0,0,1,0,0,"war film, drama film, film based on a novel","United Kingdom, Switzerland, Australia",English,10.0,tt0078492
5367,King of Thieves,2018,18+,61/100,0,0,1,0,0,"crime film, drama film",United Kingdom,English,5.6,tt5789976
5368,White Zombie,1932,,61/100,0,0,1,0,0,"horror film, zombie film",United States,English,8.0,tt0023694
5369,The Possession of Michael King,2014,18+,61/100,0,0,1,0,0,"horror film, found footage",United States,English,6.0,tt2282016
5370,Heartburn,1986,18+,61/100,0,0,1,0,0,"comedy drama, romantic comedy, film based on literature, drama film",United States,English,8.0,tt0091188
5371,Factory Girl,2006,18+,61/100,0,0,1,0,0,"biographical film, drama film",United States,English,7.0,tt0432402
5372,The Resurrection of Jake The Snake,2015,,61/100,0,0,1,0,0,documentary film,United States,,9.0,tt4016226
5373,Love Mocktail,2020,,61/100,0,0,1,0,0,nonlinear narrative,India,Kannada,8.0,tt10919132
5374,Love Liza,2002,18+,61/100,0,0,1,0,0,"drama film, comedy film",United States,English,9.0,tt0282698
5375,The Original Kings of Comedy,2000,18+,61/100,0,0,1,0,0,"documentary film, stand-up comedy",United States,English,6.8,tt0236388
5376,The Ones Below,2016,18+,61/100,0,0,1,0,0,thriller film,United Kingdom,English,6.0,tt4126438
5377,Black Box,2020,16+,61/100,0,0,1,0,0,"horror film, science fiction film, thriller film, drama film",United States,English,7.0,tt12298506
5378,The Kill Team,2019,18+,61/100,0,0,1,0,0,"war film, drama film, action film",United States,English,6.0,tt6196936
5379,Cool World,1992,13+,61/100,0,0,1,0,0,"fantasy film, comedy film, action film, crime film",United States,English,5.0,tt0104009
5380,Do You Remember Dolly Bell?,1981,,61/100,0,0,1,0,0,"romantic comedy film, coming-of-age film",Socialist Federal Republic of Yugoslavia,Serbo-Croatian,10.0,tt0083089
5381,Blackbird,2019,18+,61/100,0,0,1,0,0,drama film,"United States, United Kingdom",English,7.0,tt8717446
5382,Goldstone,2016,18+,61/100,0,0,1,0,0,thriller film,Australia,English,7.0,tt4911996
5383,Penny Serenade,1941,,61/100,0,0,1,0,0,"romance film, drama film",United States,English,9.0,tt0034012
5384,Jeffrey,1995,18+,61/100,0,0,1,0,0,,,,,
5385,Never Surrender: A Galaxy Quest Documentary,2019,13+,61/100,0,0,1,0,0,documentary film,,,7.0,tt11044122
5386,Life with Father,1947,,61/100,0,0,1,0,0,"comedy film, biographical film",United States,English,7.1,tt0039566
5387,Hunting and Gathering,2007,,61/100,0,0,1,0,0,"romance film, drama film, film based on literature",France,French,8.0,tt0792965
5388,2 Days in New York,2012,18+,61/100,0,0,1,0,0,"romantic comedy, comedy drama","France, Germany, United States","English, French, Italian",7.0,tt1602472
5389,Right at Your Door,2006,18+,61/100,0,0,1,0,0,disaster film,United States,English,6.0,tt0458367
5390,Passion Fish,1992,18+,61/100,0,0,1,0,0,"comedy drama, drama film",United States,English,9.0,tt0105107
5391,The Lords of Salem,2012,18+,61/100,0,0,1,0,0,"horror film, supernatural horror film, suspense film, mystery film","United States, United Kingdom, Canada",English,6.0,tt1731697
5392,Serena,2014,18+,61/100,0,0,1,0,0,,,,,
5393,The Healer,2017,18+,61/100,0,0,1,0,0,,Spain,,8.0,tt4356480
5394,House of Hummingbird,2019,,60/100,0,0,1,0,0,"drama film, independent film",South Korea,Korean,8.0,tt8951086
5395,Super Size Me 2: Holy Chicken!,2019,13+,60/100,0,0,1,0,0,documentary film,United States,English,7.0,tt7215262
5396,Kaala Patthar,1979,all,60/100,0,0,1,0,0,"disaster film, action film, drama film",India,Hindi,8.0,tt0079386
5397,God of Love,2010,,60/100,0,0,1,0,0,"comedy film, fantasy film",United States,English,10.0,tt1631323
5398,Dead Man on Campus,1998,18+,60/100,0,0,1,0,0,buddy film,United States,English,6.0,tt0118301
5399,The Opposite of Sex,1998,18+,60/100,0,0,1,0,0,"romantic comedy, comedy drama, LGBT-related film",United States,English,9.0,tt0120777
5400,A Fantastic Fear of Everything,2012,18+,60/100,0,0,1,0,0,comedy film,United Kingdom,English,7.0,tt2006040
5401,Suddenly,1954,,60/100,0,0,1,0,0,"film noir, film based on literature, crime thriller film, drama film",United States,English,6.8,tt0047542
5402,Clockwatchers,1997,13+,60/100,0,0,1,0,0,"comedy drama, drama film",United States,English,7.0,tt0118866
5403,Pay the Ghost,2015,,60/100,0,0,1,0,0,horror film,United States,English,6.0,tt3733778
5404,Battles Without Honor and Humanity: Deadly Fight in Hiroshima,1973,,60/100,0,0,1,0,0,"drama film, crime film",Japan,Japanese,8.0,tt0070245
5405,The Phantom,1996,7+,60/100,0,0,1,0,0,"action film, superhero film, fantasy film","Australia, United States",English,5.1,tt0117331
5406,Jasper Mall,2020,,60/100,0,0,1,0,0,,United States,,8.0,tt11262098
5407,The Little Princess,1939,all,60/100,0,0,1,0,0,"drama film, comedy film, film based on a novel, musical film",United States,English,7.0,tt0031580
5408,Candyman: Farewell to the Flesh,1995,18+,60/100,0,0,1,0,0,"horror film, slasher film","United States, United Kingdom",English,6.0,tt0112625
5409,Borderland,2007,18+,60/100,0,0,1,0,0,"horror film, crime film, slasher film","United States, Mexico",English,6.0,tt0452592
5410,Merantau,2009,18+,60/100,0,0,1,0,0,martial arts film,Indonesia,Indonesian,10.0,tt1368116
5411,Zakir Khan : Haq Se Single,2017,,60/100,0,0,1,0,0,,,,,
5412,Tracers,2015,13+,60/100,0,0,1,0,0,"action film, thriller film, crime film",United States,English,6.0,tt2401097
5413,Maidentrip,2014,,60/100,0,0,1,0,0,,,,7.0,tt2555268
5414,Monsters of Man,2020,18+,60/100,0,0,1,0,0,"speculative fiction film, action film",Australia,English,5.4,tt6456326
5415,Imagine That,2009,7+,60/100,0,0,1,0,0,"fantasy film, comedy film",United States,English,7.0,tt0780567
5416,Tabu,1931,13+,60/100,0,0,1,0,0,,,,,
5417,Dil Bole Hadippa!,2009,13+,60/100,0,0,1,0,0,"drama film, comedy film, LGBT-related film, romance film",India,"Hindi, Punjabi",4.7,tt1202540
5418,Babes in Toyland,1934,,60/100,0,0,1,1,0,"comedy film, buddy film, musical film, Christmas film",United States,English,7.0,tt0024852
5419,The Answer Man,2009,18+,60/100,0,0,1,0,0,romantic comedy,United States,English,7.0,tt1187041
5420,Silsila,1981,7+,60/100,0,0,1,0,0,"romance film, drama film",India,Hindi,7.0,tt0083081
5421,Ooops! Noah is Gone...,2015,all,60/100,0,0,1,0,0,"comedy film, family film, animated film","Belgium, Germany, Ireland",English,6.0,tt3411432
5422,Stick Man,2015,all,60/100,0,0,1,0,0,,,,,
5423,Operation Avalanche,2016,18+,60/100,0,0,1,0,0,thriller film,"Canada, United States",English,6.0,tt3776826
5424,A Vigilante,2019,18+,60/100,0,0,1,0,0,drama film,United States,English,7.0,tt6211976
5425,Saathiya,2002,,60/100,0,0,1,0,0,"musical film, romance film, drama film",India,Hindi,10.0,tt0330843
5426,Stander,2004,18+,60/100,0,0,1,0,0,"heist film, biographical film",South Africa,English,8.0,tt0326208
5427,In Secret,2013,18+,60/100,0,0,1,0,0,"thriller film, erotic thriller, erotic film, crime film",United States,English,8.0,tt0409379
5428,Dhamaal,2007,18+,60/100,0,0,1,0,0,comedy film,India,Hindi,9.0,tt0845448
5429,The Extraordinary Journey of the Fakir,2018,all,60/100,0,0,1,0,0,"comedy film, drama film, adventure film","France, Belgium, India",English,7.0,tt5371168
5430,Wish Upon a Star,1996,7+,60/100,0,0,1,0,0,fiction film,Canada,English,,
5431,Did You Hear About the Morgans?,2009,13+,60/100,0,0,1,0,0,romantic comedy,United States,English,7.0,tt1314228
5432,The Last King,2016,18+,60/100,0,0,1,0,0,"historical film, adventure film, drama film, action film","Norway, Denmark, Sweden",Norwegian,7.0,tt4738360
5433,I'll See You in My Dreams,2015,13+,60/100,0,0,1,0,0,comedy drama,United States,English,7.0,tt3236120
5434,My Best Friend,2018,,60/100,0,0,1,0,0,"drama film, LGBT-related film",Argentina,Spanish,8.0,tt6400166
5435,Mia and the White Lion,2018,7+,60/100,0,0,1,0,0,"adventure film, family film, drama film","France, South Africa, Germany",English,6.5,tt4844148
5436,Status Update,2018,13+,60/100,0,0,1,0,0,comedy film,United States,English,8.0,tt5692390
5437,School Daze,1988,18+,60/100,0,0,1,0,0,"comedy drama, musical film, coming-of-age fiction",United States,English,9.0,tt0096054
5438,The Perfect Game,2010,7+,60/100,0,0,1,0,0,"drama film, docudrama, children's film, sport film",United States,English,10.0,tt0473102
5439,Operator,2016,,60/100,0,0,1,0,0,,,,,
5440,The Delta Force,1986,18+,60/100,0,0,1,0,0,"action film, thriller film",United States,English,5.7,tt0090927
5441,Black Robe,1991,18+,60/100,0,0,1,0,0,"drama film, film based on a novel","Canada, Australia",English,9.0,tt0101465
5442,The Fare,2019,,60/100,0,0,1,0,0,"drama film, comedy drama",United States,"English, Standard Chinese, Japanese",8.0,tt8637428
5443,Bigil,2019,,60/100,0,0,1,0,0,association football film,India,Tamil,7.0,tt9260636
5444,Stay Tuned,1992,7+,60/100,0,0,1,0,0,"parody film, fantasy film",United States,English,7.0,tt0105466
5445,The Baytown Outlaws,2012,18+,60/100,0,0,1,0,0,"black comedy film, action film",United States,English,8.0,tt1836944
5446,...And God Created Woman,1956,7+,60/100,0,0,1,0,0,,,,,
5447,Sufna,2020,,60/100,0,0,1,0,0,romance film,India,Punjabi,9.0,tt11173106
5448,Belle and Sebastian,2013,,60/100,0,0,1,0,0,"adventure film, drama film, film based on a novel, family film",France,"German, French",7.0,tt3146360
5449,Fever Pitch,1997,18+,60/100,0,0,1,0,0,"romantic comedy, association football film",United Kingdom,English,6.7,tt0119114
5450,Beyond Re-Animator,2003,18+,60/100,0,0,1,0,0,,,,,
5451,The Accidental Husband,2008,13+,60/100,0,0,1,0,0,romantic comedy,"United States, United Kingdom",English,6.0,tt0809504
5452,The Comedy of Terrors,1964,,60/100,0,0,1,0,0,"comedy horror, horror film",United States,English,7.0,tt0056943
5453,Proof,1991,18+,60/100,0,0,1,0,0,,,,,
5454,Jimmy O. Yang: Good Deal,2020,18+,60/100,0,0,1,0,0,comedy film,,English,8.0,tt11250926
5455,Oddball,2015,7+,60/100,0,0,1,0,0,"adventure film, family film",Australia,English,9.0,tt3401748
5456,Jawaani Jaaneman,2020,,60/100,0,0,1,0,0,comedy film,India,Hindi,8.0,tt9248952
5457,Shivaay,2016,13+,60/100,0,0,1,0,0,"drama film, action film",India,Hindi,8.0,tt3771536
5458,Back Roads,2019,,60/100,0,0,1,0,0,romantic comedy,United States,English,6.0,tt0082042
5459,The Count of Monte-Cristo,1975,,60/100,0,0,1,0,0,"swashbuckler film, romance film, action film, drama film","United States, United Kingdom, Ireland",English,7.7,tt0245844
5460,C.H.U.D.,1984,18+,60/100,0,0,1,0,0,"horror film, monster film, zombie film, slasher film",United States,English,6.0,tt0087015
5461,Filmage: The Story of Descendents/All,2013,,60/100,0,0,1,0,0,documentary film,United States,English,10.0,tt2417154
5462,So Undercover,2012,13+,60/100,0,0,1,0,0,"action film, comedy film, romance film, crime film",United States,English,6.0,tt1766094
5463,Outpost,2008,18+,60/100,0,0,1,0,0,,,,,
5464,Home Sweet Hell,2015,18+,60/100,0,0,1,0,0,comedy drama,United States,English,6.0,tt2802136
5465,Woman on the Run,1950,7+,60/100,0,0,1,0,0,"crime film, film noir, drama film",United States,English,8.0,tt0043142
5466,Surviving Christmas,2004,13+,60/100,0,0,1,0,0,"comedy film, Christmas film, romantic comedy",United States,English,6.0,tt0252028
5467,Siberia,2018,16+,60/100,0,0,1,0,0,,,,,
5468,More than a Game,2008,7+,60/100,0,0,1,0,0,documentary film,United States,English,10.0,tt1286821
5469,Chi-Raq,2015,18+,60/100,0,0,1,0,0,"drama film, crime film",United States,English,5.9,tt4594834
5470,Female Agents,2008,18+,60/100,0,0,1,0,0,"war film, drama film",France,French,8.0,tt0824330
5471,#UNFIT: The Psychology of Donald Trump,2020,,60/100,0,0,1,0,0,"biographical film, documentary film",,,7.0,tt12304596
5472,I Am Dragon,2015,,60/100,0,0,1,0,0,"fantasy film, adventure film, romance film",Russia,Russian,8.0,tt4057376
5473,The Shooting,1966,all,60/100,0,0,1,0,0,Western film,United States,English,6.4,tt0062262
5474,"Bon Voyage, Charlie Brown (and Don't Come Back!)",1980,all,60/100,0,0,1,0,0,,,,,
5475,Salt of the Earth,1954,,60/100,0,0,1,0,0,drama film,United States,"Spanish, English",7.3,tt0047443
5476,Cyrano de Bergerac,1950,,60/100,0,0,1,0,0,swashbuckler film,United States,English,7.4,tt0042367
5477,The Long Walk Home,1990,7+,60/100,0,0,1,0,0,drama film,United States,English,9.0,tt0100046
5478,Peterloo,2018,13+,60/100,0,0,1,0,0,"historical film, drama film",United Kingdom,English,8.0,tt4614612
5479,Cromwell,1970,all,60/100,0,0,1,0,0,,,,,
5480,Heal,2017,,60/100,0,0,1,0,0,,,,,
5481,The Confirmation,2016,13+,59/100,0,0,1,0,0,"comedy drama, drama film",Canada,English,9.0,tt4210080
5482,Bang the Drum Slowly,1973,7+,59/100,0,0,1,0,0,drama film,United States,English,8.0,tt0069765
5483,Storm Boy,2019,7+,59/100,0,0,1,0,0,"drama film, film based on a novel",Australia,English,8.0,tt3340446
5484,Technotise: Edit and I,2009,13+,59/100,0,0,1,0,0,,,,,
5485,Cinderella,1965,all,59/100,0,0,1,1,0,"cinematic fairy tale, romance film, fantasy film, adventure film","United States, United Kingdom",English,7.0,tt1661199
5486,Strange Wilderness,2008,18+,59/100,0,0,1,0,0,comedy film,United States,English,7.0,tt0489282
5487,Rampage,2009,18+,59/100,0,0,1,0,0,"horror film, action film, drama film","Canada, Germany",English,8.0,tt1337057
5488,Stitches,2012,18+,59/100,0,0,1,0,0,"slasher film, comedy horror","United Kingdom, Ireland, Sweden",English,5.0,tt2126362
5489,Jamesy Boy,2014,18+,59/100,0,0,1,0,0,"drama film, crime film, biographical film",United States,English,7.0,tt1673734
5490,"Tad, the Lost Explorer",2012,7+,59/100,0,0,1,0,0,"comedy film, adventure film",Spain,Spanish,7.0,tt1764625
5491,Permanent Midnight,1998,18+,59/100,0,0,1,0,0,"biographical film, drama film, romance film",United States,English,6.2,tt0120788
5492,The Cheap Detective,1978,7+,59/100,0,0,1,0,0,"crime film, parody film, thriller film, comedy film",United States,English,8.0,tt0077321
5493,Inconceivable,2017,18+,59/100,0,0,1,0,0,drama film,United States,English,5.0,tt3481634
5494,Hick,2011,18+,59/100,0,0,1,0,0,,,,,
5495,Chato's Land,1972,7+,59/100,0,0,1,0,0,Western film,United Kingdom,English,7.0,tt0066907
5496,I Capture the Castle,2003,18+,59/100,0,0,1,0,0,romantic comedy,United Kingdom,English,6.8,tt0300015
5497,Angoor,1982,,59/100,0,0,1,0,0,comedy film,India,Hindi,8.3,tt0215517
5498,A Turtle's Tale: Sammy's Adventures,2010,all,59/100,0,0,1,0,0,"animated film, comedy film","Belgium, France, United States",English,10.0,tt1230204
5499,Jade,1995,18+,59/100,0,0,1,0,0,,,,,
5500,D-Day,2013,7+,59/100,0,0,1,0,0,,,,,
5501,Pitfall,1948,,59/100,0,0,1,0,0,,,,,
5502,The Commune,2016,18+,59/100,0,0,1,0,0,drama film,"Denmark, Netherlands, Sweden",Danish,6.0,tt3082854
5503,500 Years,2017,,59/100,0,0,1,0,0,documentary film,United States,Spanish,7.8,tt6098512
5504,Parallel,2021,18+,59/100,0,0,1,0,0,,,,,
5505,Angel and the Badman,1947,all,59/100,0,0,1,0,0,"Western film, romance film",United States,English,6.8,tt0039152
5506,Escape Plan: The Extractors,2019,18+,59/100,0,0,1,0,0,"thriller film, action film",United States,English,5.0,tt6772804
5507,The Woman in Black 2: Angel of Death,2014,13+,59/100,0,0,1,0,0,"horror film, drama film, ghost film","United Kingdom, Canada",English,5.0,tt2339741
5508,The Blood of Heroes,1989,18+,59/100,0,0,1,0,0,"science fiction film, action film, sport film, post-apocalyptic film","Australia, United States",English,6.3,tt0094764
5509,The Bedroom Window,1987,18+,59/100,0,0,1,0,0,"crime film, film based on a novel",United States,English,9.0,tt0092627
5510,About Alex,2014,18+,59/100,0,0,1,0,0,drama film,United States,English,8.0,tt2667918
5511,The New Daughter,2009,13+,59/100,0,0,1,0,0,"horror film, thriller film, film based on literature, drama film",United States,English,5.0,tt0951335
5512,My Heart Can't Beat Unless You Tell It To,2021,,59/100,0,0,1,0,0,"horror film, drama film",United States,"English, Spanish",8.0,tt11084432
5513,The Winning Season,2009,13+,59/100,0,0,1,0,0,"comedy film, sport film",United States,English,9.0,tt1293842
5514,Dressed to Kill,1946,,59/100,0,0,1,0,0,"crime film, mystery film",United States,English,6.8,tt0038494
5515,Kill Chain,2020,18+,59/100,0,0,1,0,0,,United States,,10.0,tt12041084
5516,Frankie & Alice,2010,18+,59/100,0,0,1,0,0,drama film,Canada,English,6.0,tt1221208
5517,Biswa Kalyan Rath : Biswa Mast Aadmi,2017,,59/100,0,0,1,0,0,,,,,
5518,All Nighter,2017,18+,59/100,0,0,1,0,0,"buddy film, comedy film",United States,English,5.8,tt4662420
5519,Madea's Witness Protection,2012,13+,59/100,0,0,1,0,0,comedy film,United States,English,7.0,tt2215285
5520,Where Hands Touch,2018,13+,59/100,0,0,1,0,0,"drama film, war film, romance film",United Kingdom,English,8.0,tt1235187
5521,North Dallas Forty,1979,18+,59/100,0,0,1,0,0,"comedy drama, American football film",United States,English,6.9,tt0079640
5522,Shottas,2002,18+,59/100,0,0,1,0,0,"buddy film, drama film, action film, crime film",Jamaica,English,5.0,tt0281190
5523,Escape Plan 2: Hades,2018,18+,59/100,0,0,1,0,0,"thriller film, action film","United States, People's Republic of China","English, Chinese",1.0,tt6513656
5524,Project Gutenberg,2018,18+,59/100,0,0,1,0,0,"action film, crime film, thriller film",Hong Kong,Chinese,7.0,tt7183578
5525,Mara,2018,18+,59/100,0,0,1,0,0,,,,,
5526,Where the Red Fern Grows,1974,all,59/100,0,0,1,0,0,"film based on a novel, drama film",United States,English,7.0,tt0072402
5527,Dead Birds,2004,18+,59/100,0,0,1,0,0,documentary film,United States,English,8.0,tt0059091
5528,Ladybugs,1992,13+,59/100,0,0,1,0,0,"comedy film, association football film","United Kingdom, United States",English,7.0,tt0104670
5529,Not Wanted,1949,,59/100,0,0,1,0,0,drama film,United States,English,6.0,tt0041700
5530,Ae Dil Hai Mushkil,2016,13+,59/100,0,0,1,0,0,"drama film, romance film",India,Hindi,5.0,tt4559006
5531,Age of Heroes,2011,18+,59/100,0,0,1,0,0,"war film, adventure film, action film, drama film",United Kingdom,English,6.0,tt1590950
5532,The Beckoning Silence,2007,7+,59/100,0,0,1,0,0,documentary film,United Kingdom,English,10.0,tt1101637
5533,The Tracker,2002,,59/100,0,0,1,0,0,Western film,Australia,English,9.0,tt0212132
5534,The Bachelors,2017,,59/100,0,0,1,0,0,"comedy drama, drama film, romance film",United States,English,8.0,tt5253282
5535,Wander,2020,18+,59/100,0,0,1,0,0,,,,,
5536,Meri Pyaari Bindu,2017,7+,59/100,0,0,1,0,0,romantic comedy,India,Hindi,9.0,tt5472374
5537,At Middleton,2013,18+,59/100,0,0,1,0,0,romantic comedy,United States,English,9.0,tt1483324
5538,The Dark,2018,,59/100,0,0,1,0,0,,,,,
5539,Night Falls on Manhattan,1996,18+,59/100,0,0,1,0,0,"crime film, drama film, trial film, film based on a novel",United States,English,7.0,tt0119783
5540,Madame,2017,16+,59/100,0,0,1,0,0,,,,,
5541,Nocturne,2020,,59/100,0,0,1,0,0,,,,,
5542,Lamhe,1991,7+,59/100,0,0,1,0,0,"romance film, drama film",India,Hindi,10.0,tt0102258
5543,Hichki,2018,7+,59/100,0,0,1,0,0,comedy drama,India,Hindi,8.0,tt6588966
5544,Big Fan,2009,18+,59/100,0,0,1,0,0,American football film,United States,English,8.0,tt1314164
5545,Sui Dhaaga - Made in India,2018,7+,59/100,0,0,1,0,0,,,,,
5546,Waffle Street,2015,,59/100,0,0,1,0,0,comedy drama,United States,English,4.0,tt3881680
5547,Royal Wedding,1951,,59/100,0,0,1,0,0,"romantic comedy, musical film",United States,English,6.7,tt0043983
5548,Vanishing on 7th Street,2010,18+,59/100,0,0,1,0,0,"horror film, mystery film, post-apocalyptic film",United States,English,3.0,tt1452628
5549,The Truth About Emanuel,2014,18+,59/100,0,0,1,0,0,drama film,United States,English,5.0,tt1838520
5550,Hatchet III,2013,18+,59/100,0,0,1,0,0,"slasher film, comedy horror",United States,English,5.6,tt1870419
5551,Voice from the Stone,2017,18+,59/100,0,0,1,0,0,mystery film,United States,English,6.0,tt1544608
5552,Jack Goes Boating,2010,18+,59/100,0,0,1,0,0,"romantic comedy, drama film",United States,English,7.0,tt1278379
5553,Max,2002,18+,59/100,0,0,1,0,0,,,,,
5554,Accidentally Engaged,2016,7+,59/100,0,0,1,0,0,,,,,
5555,Mo' Money,1992,18+,59/100,0,0,1,0,0,"romantic comedy, action film",United States,English,4.0,tt0104897
5556,Joshy,2016,18+,59/100,0,0,1,0,0,"comedy film, comedy drama",United States,English,8.0,tt4661798
5557,Maanagaram,2017,,59/100,0,0,1,0,0,thriller film,India,Tamil,8.0,tt5559528
5558,The Spirit of Christmas,2015,,59/100,0,0,1,0,0,drama film,United States,English,8.0,tt4434688
5559,Beautiful Kate,2009,18+,59/100,0,0,1,0,0,drama film,Australia,English,7.0,tt1209377
5560,We Still Kill the Old Way,2014,,58/100,0,0,1,0,0,"drama film, crime film",United Kingdom,English,7.0,tt3157224
5561,True Confessions,1981,18+,58/100,0,0,1,0,0,"drama film, crime film, film based on a novel",United States,English,6.3,tt0083232
5562,The Road to Wellville,1994,18+,58/100,0,0,1,0,0,"comedy drama, comedy film",United States,English,9.0,tt0111001
5563,The Wind Journeys,2009,,58/100,0,0,1,0,0,drama film,"Colombia, Germany, Netherlands","Spanish, Palenquero, Wayuu",9.0,tt1426374
5564,Rupture,2016,18+,58/100,0,0,1,0,0,,,,,
5565,Pal Joey,1957,,58/100,0,0,1,0,0,"musical film, drama film",United States,English,7.0,tt0050815
5566,Syrup,2013,18+,58/100,0,0,1,0,0,,,,,
5567,Baar Baar Dekho,2016,7+,58/100,0,0,1,0,0,romance film,India,Hindi,8.0,tt5197544
5568,Dear Comrade,2019,,58/100,0,0,1,0,0,"action film, drama film",India,Telugu,7.0,tt8388508
5569,Sister My Sister,1994,18+,58/100,0,0,1,0,0,"drama film, LGBT-related film",United Kingdom,English,10.0,tt0111205
5570,Bad Ass,2012,18+,58/100,0,0,1,0,0,"action film, thriller film, drama film, vigilante film",United States,English,8.0,tt1928330
5571,Mystify: Michael Hutchence,2019,,58/100,0,0,1,0,0,documentary film,Australia,English,8.0,tt5938950
5572,Hatchet II,2010,18+,58/100,0,0,1,0,0,"slasher film, comedy horror",United States,English,5.0,tt1270835
5573,Flowers in the Attic,1987,18+,58/100,0,0,1,0,0,"horror film, psychological horror, film based on a novel, drama film",United States,English,6.0,tt0093036
5574,These Girls,2005,18+,58/100,0,0,1,0,0,comedy film,Canada,English,6.0,tt0439008
5575,In the Blood,2014,18+,58/100,0,0,1,0,0,action film,United States,English,7.0,tt2101570
5576,Being Charlie,2015,18+,58/100,0,0,1,0,0,drama film,United States,English,8.0,tt4630444
5577,Sherlock Holmes and the Secret Weapon,1942,,58/100,0,0,1,0,0,"crime film, mystery film, spy film, science fiction film",United States,English,6.0,tt0035317
5578,Creative Control,2016,18+,58/100,0,0,1,0,0,"science fiction film, drama film",United States,English,3.0,tt3277624
5579,One Small Hitch,2013,,58/100,0,0,1,0,0,romantic comedy,"United States, France",English,6.0,tt1937269
5580,Lady Jane,1986,13+,58/100,0,0,1,0,0,"biographical film, drama film",United Kingdom,English,7.1,tt0091374
5581,Hans Christian Andersen,1952,,58/100,0,0,1,0,0,"musical film, romance film, biographical film",United States,English,10.0,tt0044685
5582,Rendez-Vous,2015,13+,58/100,0,0,1,0,0,drama film,France,French,6.0,tt0089902
5583,Milk Money,1994,13+,58/100,0,0,1,0,0,romantic comedy,United States,English,8.0,tt0110516
5584,Madea Goes to Jail,2009,13+,58/100,0,0,1,0,0,comedy drama,United States,English,4.7,tt1142800
5585,An American Rhapsody,2001,13+,58/100,0,0,1,0,0,"biographical film, coming-of-age film, drama film","United States, Hungary","English, Hungarian",6.8,tt0221799
5586,Juggernaut,1974,7+,58/100,0,0,1,0,0,"disaster film, action film",United Kingdom,English,7.0,tt0071706
5587,Suck,2009,18+,58/100,0,0,1,0,0,"action film, fantasy film, thriller film, girls with guns",United States,English,9.0,tt0978764
5588,Ulee's Gold,1997,18+,58/100,0,0,1,0,0,drama film,United States,English,7.0,tt0120402
5589,Ronal the Barbarian,2011,18+,58/100,0,0,1,0,0,"fantasy film, comedy film, animated film, adventure film",Denmark,Danish,6.5,tt1629374
5590,Dark River,2018,18+,58/100,0,0,1,0,0,,United Kingdom,,,tt0359133
5591,Something from Nothing: The Art of Rap,2012,18+,58/100,0,0,1,0,0,documentary film,United States,English,7.1,tt2062996
5592,A Farewell to Arms,1932,7+,58/100,0,0,1,0,0,"romance film, drama film, war film, film based on a novel",United States,English,6.4,tt0022879
5593,Michael Jordan: Come Fly with Me,1989,,58/100,0,0,1,0,0,documentary film,,,10.0,tt0282741
5594,Ray Harryhausen: Special Effects Titan,2011,7+,58/100,0,0,1,0,0,documentary film,"France, United Kingdom",,9.0,tt1839590
5595,Schweigeminute,2016,,58/100,0,0,1,0,0,,,,,
5596,Out of the Blue,2002,,58/100,0,0,1,0,0,drama film,Canada,English,7.2,tt0081291
5597,Jiang Ziya: The Legend of Deification,2020,7+,58/100,0,0,1,0,0,,,,,
5598,Miss Meadows,2014,,58/100,0,0,1,0,0,thriller film,United States,English,7.0,tt3128900
5599,Wildlike,2015,,58/100,0,0,1,0,0,drama film,United States,English,9.0,tt2204080
5600,The Falls,2012,,58/100,0,0,1,0,0,drama film,United States,English,6.8,tt2306783
5601,Transit,2012,18+,58/100,0,0,1,0,0,,,,,
5602,Landline,2017,18+,58/100,0,0,1,0,0,,,,,
5603,Replicant,2001,18+,58/100,0,0,1,0,0,"action film, thriller film, science fiction film, buddy cop film",United States,English,5.4,tt0238552
5604,Robin Hood,1922,,58/100,0,0,1,1,0,,,,,
5605,The Beautician and the Beast,1997,7+,58/100,0,0,1,0,0,romantic comedy,United States,English,7.0,tt0118691
5606,Mambo Italiano,2003,18+,58/100,0,0,1,0,0,"drama film, comedy film, LGBT-related film",Canada,"Italian, French, English",7.0,tt0330602
5607,Choose Me,1984,18+,58/100,0,0,1,0,0,"romantic comedy, comedy drama, science fiction film","United States, Canada",English,10.0,tt0087054
5608,American Grindhouse,2011,,58/100,0,0,1,0,0,"documentary film, exploitation film",United States,English,9.0,tt1307861
5609,Moonwalkers,2015,18+,58/100,0,0,1,0,0,comedy film,"United States, France",English,7.0,tt2718440
5610,Small Apartments,2012,18+,58/100,0,0,1,0,0,"comedy film, crime film, drama film",United States,English,7.0,tt1272886
5611,Maharshi,2019,,58/100,0,0,1,0,0,drama film,India,Telugu,7.0,tt8333978
5612,The Alibi,2006,18+,58/100,0,0,1,0,0,"romantic comedy, drama film","United States, Netherlands",English,7.0,tt0409681
5613,Slackers,2002,18+,58/100,0,0,1,0,0,romantic comedy,"Canada, United States",English,5.3,tt0240900
5614,Wind,1992,13+,58/100,0,0,1,1,0,,,,,
5615,He's Out There,2018,18+,58/100,0,0,1,0,0,"horror film, thriller film",United States,English,7.0,tt4052050
5616,Ong Bak 3,2010,18+,58/100,0,0,1,0,0,"action film, martial arts film",Thailand,Thai,4.0,tt1653690
5617,The Adventures of Mark Twain,1985,all,58/100,0,0,1,0,0,"biographical film, drama film",United States,English,9.0,tt0036582
5618,The Invisibles,2017,,58/100,0,0,1,0,0,docudrama,Germany,German,9.0,tt5586052
5619,Tuff Turf,1985,18+,58/100,0,0,1,0,0,"teen film, drama film, action film",United States,English,8.0,tt0090213
5620,Army of One,2016,18+,58/100,0,0,1,0,0,comedy film,United States,English,7.0,tt4382824
5621,Gotti,2018,18+,58/100,0,0,1,0,0,"drama film, crime film, biographical film",United States,English,6.0,tt1801552
5622,East Side Sushi,2014,7+,58/100,0,0,1,0,0,drama film,United States,English,7.0,tt2340650
5623,Dance of the Dead,2008,18+,58/100,0,0,1,0,0,"zombie comedy, teen film, comedy horror, science fiction film",United States,English,7.0,tt0926063
5624,Blood Fest,2018,,58/100,0,0,1,0,0,comedy horror,United States,English,7.0,tt7208564
5625,Mere Brother Ki Dulhan,2011,,58/100,0,0,1,0,0,romantic comedy,India,Hindi,5.9,tt1740710
5626,The Intervention,2016,18+,58/100,0,0,1,0,0,"comedy drama, LGBT-related film",United States,American English,6.0,tt4872078
5627,Doug Stanhope: No Refunds,2007,18+,58/100,0,0,1,0,0,,,,,
5628,Blue Mountain State: The Rise of Thadland,2016,18+,58/100,0,0,1,0,0,comedy film,United States,English,7.0,tt3748440
5629,Hostile,2018,18+,58/100,0,0,1,0,0,documentary film,United Kingdom,English,7.9,tt13276440
5630,Tamara,2005,18+,58/100,0,0,1,0,0,,,,,
5631,Never Grow Old,2019,18+,58/100,0,0,1,0,0,"drama film, action film","Ireland, United States, Luxembourg",English,7.0,tt1158939
5632,Chhalaang,2020,16+,58/100,0,0,1,0,0,"black comedy film, social comedy film, comedy film, social problem film",India,Hindi,7.0,tt8983164
5633,Force of Nature,2020,18+,58/100,0,0,1,0,0,"action film, drama film, disaster film",United States,English,4.0,tt10308928
5634,Clan of the White Lotus,1980,13+,58/100,0,0,1,0,0,kung fu film,Hong Kong,Cantonese,9.0,tt0080905
5635,Fort Bliss,2014,18+,58/100,0,0,1,0,0,drama film,United States,English,10.0,tt2093995
5636,Kabhi Kabhie,1976,7+,58/100,0,0,1,0,0,"romance film, drama film",India,Hindi,7.0,tt0074730
5637,The Grand Tour Presents: A Massive Hunt,2020,,58/100,0,0,1,0,0,,,,,
5638,Cyberbully,2011,16+,58/100,0,0,1,0,0,,,,,
5639,Kadhalil Sodhappuvadhu Yeppadi,2012,,58/100,0,0,1,0,0,romantic comedy,India,"Telugu, Tamil",10.0,tt2244943
5640,The Burrowers,2008,18+,58/100,0,0,1,0,0,"horror film, science fiction film, monster film",United States,English,7.0,tt0445939
5641,Mujhse Dosti Karoge!,2002,all,58/100,0,0,1,0,0,"drama film, romance film",India,Hindi,2.0,tt0272736
5642,Survival of the Dead,2010,18+,58/100,0,0,1,0,0,"horror film, science fiction horror film, zombie film, science fiction film",United States,English,4.8,tt1134854
5643,Sharkwater Extinction,2018,,58/100,0,0,1,0,0,documentary film,Canada,English,7.0,tt6026818
5644,Bhoomi,2017,,58/100,0,0,1,0,0,rape and revenge film,India,Hindi,3.0,tt6265988
5645,Golmaal - Fun Unlimited,2006,7+,58/100,0,0,1,0,0,,,,,
5646,Kid with the Golden Arm,1979,18+,58/100,0,0,1,0,0,martial arts film,Hong Kong,Standard Chinese,7.0,tt0079372
5647,The Blue Gardenia,1953,,58/100,0,0,1,0,0,"crime film, film noir, drama film",United States,English,6.0,tt0045564
5648,Precious Cargo,2016,18+,58/100,0,0,1,0,0,"crime thriller film, drama film, action film",United States,English,3.0,tt4651410
5649,FairyTale: A True Story,1997,7+,58/100,0,0,1,0,0,"fantasy film, children's film, drama film","United Kingdom, United States",English,6.5,tt0119095
5650,Submergence,2017,,58/100,0,0,1,0,0,drama film,"United States, Spain, France",English,5.0,tt3563262
5651,Trouble the Water,2008,,58/100,0,0,1,0,0,documentary film,United States,English,10.0,tt1149405
5652,Mashaal,1984,all,58/100,0,0,1,0,0,"drama film, children's film",India,Hindi,7.2,tt0085912
5653,Apartment 143,2011,18+,58/100,0,0,1,0,0,"horror film, thriller film",Spain,English,5.0,tt1757742
5654,Sebastian Maniscalco: Aren't You Embarrassed?,2014,18+,58/100,0,0,1,0,0,,,,,
5655,The Big Brawl,1980,18+,58/100,0,0,1,0,0,"martial arts film, action comedy film",United States,English,5.7,tt0080436
5656,Song One,2014,13+,58/100,0,0,1,0,0,drama film,United States,English,5.0,tt2182972
5657,The Adventures of Elmo in Grouchland,1999,all,58/100,0,0,1,0,0,"musical film, fantasy film, children's film, monster film","United States, Germany",English,5.8,tt0159421
5658,"Tad, the Lost Explorer, and the Secret of King Midas",2017,7+,57/100,0,0,1,0,0,,,,,
5659,Low Tide,2019,18+,57/100,0,0,1,0,0,documentary film,"Belgium, Italy",,3.0,tt2221490
5660,Gordon Lightfoot: If You Could Read My Mind,2019,,57/100,0,0,1,0,0,documentary film,Canada,,7.0,tt10237902
5661,Jack and Jill,2011,7+,57/100,0,0,1,0,0,"comedy film, LGBT-related film",United States,English,1.0,tt0810913
5662,A LEGO Brickumentary,2014,all,57/100,0,0,1,0,0,documentary film,"United States, Denmark",English,6.8,tt3214286
5663,Greenfingers,2001,18+,57/100,0,0,1,0,0,"drama film, comedy film, prison film","United Kingdom, United States",English,10.0,tt0203540
5664,The Jazz Singer,1980,7+,57/100,0,0,1,0,0,"romance film, musical film",United States,English,9.0,tt0080948
5665,Stop at Nothing: The Lance Armstrong Story,2014,13+,57/100,0,0,1,0,0,"documentary film, biographical film","Australia, United Kingdom, United States",,7.0,tt3511812
5666,Theri,2016,,57/100,0,0,1,0,0,,,,,
5667,Lapland Odyssey,2010,,57/100,0,0,1,0,0,comedy film,Finland,"Finnish, English, Russian",6.8,tt1454505
5668,Crimes of the Heart,1986,13+,57/100,0,0,1,0,0,"comedy film, drama film, film based on literature",United States,English,6.0,tt0090886
5669,Black's Game,2012,18+,57/100,0,0,1,0,0,thriller film,Iceland,Icelandic,6.0,tt1860181
5670,Generation Wealth,2018,18+,57/100,0,0,1,0,0,documentary film,United States,English,9.0,tt5268348
5671,Sidekicks,1992,7+,57/100,0,0,1,0,0,"teen film, martial arts film, coming-of-age film",United States,English,5.2,tt0105402
5672,Rendezvous in Paris,1995,,57/100,0,0,1,0,0,"romantic comedy, anthology film",France,French,8.0,tt0114266
5673,M.F.A.,2017,,57/100,0,0,1,0,0,rape and revenge film,United States,English,6.0,tt5091530
5674,Five Fingers of Death,1972,18+,57/100,0,0,1,0,0,"action film, martial arts film, drama film",British Hong Kong,Chinese,8.0,tt0070800
5675,Dhoom 3,2013,,57/100,0,0,1,0,0,"thriller film, action film, black comedy film, heist film",India,Hindi,5.4,tt1833673
5676,White Lightning,1973,7+,57/100,0,0,1,0,0,"action film, thriller film, drama film, crime film",United States,English,6.4,tt0070915
5677,Gulliver's Travels,1939,all,57/100,0,0,1,1,0,"fantasy film, comedy film, children's film, science fiction film",United States,English,6.0,tt1320261
5678,The Woman in Green,1945,,57/100,0,0,1,0,0,"crime film, mystery film",United States,English,6.6,tt0038259
5679,Bravetown,2015,18+,57/100,0,0,1,0,0,drama film,United States,English,6.1,tt2950052
5680,Hotel Coolgardie,2016,18+,57/100,0,0,1,0,0,documentary film,Australia,,9.0,tt5723774
5681,Mary J. Blige's My Life,2021,18+,57/100,0,0,1,0,0,,United States,,5.0,tt11383348
5682,Sometimes Always Never,2019,13+,57/100,0,0,1,0,0,comedy drama,United Kingdom,English,6.3,tt5068162
5683,Valentine Road,2013,16+,57/100,0,0,1,0,0,"LGBT-related film, documentary film",United States,English,7.0,tt2577990
5684,Terror by Night,1946,,57/100,0,0,1,0,0,"crime film, mystery film",United States,English,7.0,tt0039017
5685,In Dubious Battle,2017,18+,57/100,0,0,1,0,0,"drama film, film based on a novel, romance film",United States,English,6.0,tt4411618
5686,Gamera 2: Attack of the Legion,1996,,57/100,0,0,1,0,0,,,,,
5687,The Lady Without Camelias,1953,,57/100,0,0,1,0,0,drama film,"Italy, France",Italian,7.0,tt0046313
5688,In Syria,2017,,57/100,0,0,1,0,0,,,,,
5689,Falcon Rising,2014,18+,57/100,0,0,1,0,0,"action film, yakuza film",United States,English,6.0,tt2295722
5690,Pawn Shop Chronicles,2013,18+,57/100,0,0,1,0,0,"comedy film, comedy thriller, crime film, action film",United States,English,6.0,tt1741243
5691,The Adventurer: The Curse of the Midas Box,2013,7+,57/100,0,0,1,0,0,"fantasy film, film based on a novel",United Kingdom,English,6.0,tt1376213
5692,Superfast!,2015,13+,57/100,0,0,1,0,0,"heist film, parody film",United States,English,3.0,tt2933474
5693,Exposed,2016,18+,57/100,0,0,1,0,0,,,,,
5694,Robinson Crusoe,1954,7+,57/100,0,0,1,0,0,"adventure film, drama film, film based on a novel","Mexico, United States","Spanish, English",8.0,tt0044386
5695,Deiva Thirumagal,2011,,57/100,0,0,1,0,0,trial film,India,"Tamil, Telugu",10.0,tt1857670
5696,Still Mine,2012,13+,57/100,0,0,1,0,0,"drama film, romance film",Canada,English,9.0,tt2073086
5697,"Scotland, PA",2001,18+,57/100,0,0,1,0,0,comedy film,United States,English,9.0,tt0265713
5698,Jim Gaffigan: Noble Ape,2018,,57/100,0,0,1,0,0,,,,,
5699,The Stolen Princess,2018,,57/100,0,0,1,0,0,,,,,
5700,Father of Invention,2010,13+,57/100,0,0,1,0,0,comedy drama,United States,English,5.7,tt1381505
5701,Sye Raa Narasimha Reddy,2019,,57/100,0,0,1,0,0,epic film,India,Telugu,10.0,tt7283064
5702,Amateur Night,2016,,57/100,0,0,1,0,0,comedy drama,United States,English,5.0,tt4265508
5703,Jim Gaffigan: Quality Time,2019,,57/100,0,0,1,0,0,,,,,
5704,The German Doctor,2013,13+,57/100,0,0,1,0,0,drama film,"France, Argentina, Spain","Spanish, German",7.0,tt1847746
5705,Chavela,2017,,57/100,0,0,1,0,0,"documentary film, LGBT-related film",United States,"English, Spanish",7.0,tt6217664
5706,TEKKEN,2010,18+,57/100,0,0,1,0,0,"science fiction film, action film, dystopian film, fantasy film","United States, Japan","English, Japanese, Standard Chinese",4.8,tt0411951
5707,Lucky and Zorba,1998,all,57/100,0,0,1,0,0,musical film,Italy,Italian,7.2,tt0122735
5708,College,1927,,57/100,0,0,1,0,0,,,,,
5709,Beta Test,2016,,57/100,0,0,1,0,0,thriller film,United States,English,3.0,tt4244162
5710,Romeo & Juliet,2013,13+,57/100,0,0,1,0,0,"drama film, romance film, film based on literature, melodrama","United Kingdom, United States, Italy",English,2.0,tt1645131
5711,Möbius,2013,18+,57/100,0,0,1,0,0,"spy film, action film",France,"French, English, Russian",9.0,tt2106550
5712,Fat Albert,2004,7+,57/100,0,0,1,0,0,"romantic comedy, fantasy film, teen film, children's film",United States,English,6.0,tt0396592
5713,In Dreams,1999,18+,57/100,0,0,1,0,0,horror film,United States,English,6.0,tt0120710
5714,The Dead Center,2019,,57/100,0,0,1,0,0,,,,7.0,tt8806104
5715,Counter Investigation,2007,,57/100,0,0,1,0,0,crime film,France,French,8.0,tt0825239
5716,Missing 411: The Hunted,2019,,57/100,0,0,1,0,0,,,,,
5717,Gook,2017,,57/100,0,0,1,0,0,,,,,
5718,The Kennel Murder Case,1933,,57/100,0,0,1,0,0,"mystery film, crime film",United States,English,8.0,tt0024210
5719,The Creeping Flesh,1973,7+,57/100,0,0,1,0,0,horror film,United Kingdom,English,6.0,tt0068424
5720,Imaikkaa Nodigal,2018,all,57/100,0,0,1,0,0,action film,India,Tamil,8.0,tt6186910
5721,Casa De Mi Padre,2012,18+,57/100,0,0,1,0,0,"comedy film, parody film",United States,Spanish,8.0,tt1702425
5722,The Poison Rose,2019,18+,57/100,0,0,1,0,0,crime thriller film,"United States, Italy",English,4.8,tt5862166
5723,Diabolique,1996,18+,57/100,0,0,1,0,0,"neo-noir, drama film, horror film, film based on a novel",United States,English,5.5,tt0116095
5724,The Owl and the Pussycat,1970,7+,57/100,0,0,1,0,0,romantic comedy,United States,English,6.4,tt0066195
5725,The Kindness of Strangers,2019,,57/100,0,0,1,0,0,drama film,"Denmark, Canada, Sweden",English,7.0,tt6515910
5726,The Grand,2007,18+,57/100,0,0,1,0,0,comedy film,United States,English,9.0,tt0427998
5727,Stratton,2017,18+,57/100,0,0,1,0,0,,,,,
5728,Chick Fight,2021,18+,57/100,0,0,1,0,0,action film,United States,,7.0,tt10944486
5729,Iliza Shlesinger: War Paint,2013,,57/100,0,0,1,0,0,stand-up comedy,United States,English,6.0,tt2836376
5730,Jackie & Ryan,2014,13+,57/100,0,0,1,0,0,"drama film, romance film",United States,English,8.0,tt3270108
5731,The Red House,1947,,57/100,0,0,1,0,0,"drama film, film noir, mystery film",United States,English,8.0,tt0039757
5732,Ice Guardians,2016,,57/100,0,0,1,0,0,"documentary film, sport film, biographical film",United States,English,8.0,tt4431208
5733,Face 2 Face,2017,18+,57/100,0,0,1,0,0,,India,Kannada,8.0,tt9872614
5734,Mankatha,2011,7+,57/100,0,0,1,0,0,"action film, heist film, thriller film",India,Tamil,7.7,tt1705772
5735,The Lie,2018,18+,57/100,0,0,1,0,0,"horror film, drama film, psychological thriller","United States, Canada",English,7.0,tt7945440
5736,Black Moon Rising,1986,18+,57/100,0,0,1,0,0,"action film, crime film, thriller film, science fiction film",United States,English,7.0,tt0090735
5737,Contract Killer,1998,18+,57/100,0,0,1,0,0,"action film, martial arts film, action comedy film",Hong Kong,"English, Yue Chinese",6.1,tt0163818
5738,The Entitled,2011,18+,57/100,0,0,1,0,0,thriller film,Canada,English,7.0,tt1650535
5739,P!nk: All I Know So Far,2021,,57/100,0,0,1,0,0,documentary film,United States,,10.0,tt14264844
5740,Eye of the Beholder,1999,18+,57/100,0,0,1,0,0,,,,,
5741,Close Encounters of the Fifth Kind,2020,7+,57/100,0,0,1,0,0,,,,,
5742,Whitey: United States of America v. James J. Bulger,2014,18+,57/100,0,0,1,0,0,documentary film,United States,English,7.0,tt3326366
5743,Driving Licence,2019,,57/100,0,0,1,0,0,,India,Malayalam,8.0,tt9264336
5744,Repeaters,2010,,57/100,0,0,1,0,0,science fiction film,Canada,English,5.7,tt1580426
5745,Hello Guru Prema Kosame,2018,,57/100,0,0,1,0,0,"drama film, romantic comedy",India,Telugu,8.0,tt8072400
5746,Fubar,2002,18+,57/100,0,0,1,0,0,comedy film,Canada,English,7.0,tt0302585
5747,Space Truckers,1996,13+,57/100,0,0,1,0,0,"science fiction film, science fiction comedy, adventure film, comedy drama","United Kingdom, United States, Ireland",English,7.0,tt0120199
5748,Dead Space: Aftermath,2010,,57/100,0,0,1,0,0,"splatter film, science fiction film, adventure film, zombie film",United States,English,6.0,tt1711366
5749,Communion,1989,18+,57/100,0,0,1,0,0,"horror film, slasher film, mystery film, thriller film",United States,English,7.0,tt0076150
5750,The Flying Deuces,1939,,57/100,0,0,1,0,0,"comedy film, buddy film",United States,English,7.0,tt0031322
5751,Gulabo Sitabo,2020,,57/100,0,0,1,0,0,comedy drama,India,Hindi,8.0,tt10333912
5752,High School,2010,18+,56/100,0,0,1,0,0,,,,,
5753,Bad Match,2017,18+,56/100,0,0,1,0,0,thriller film,United States,English,5.0,tt5990066
5754,Seven Days in Utopia,2011,all,56/100,0,0,1,0,0,drama film,United States,English,7.0,tt1699147
5755,Nancy,2018,,56/100,0,0,1,0,0,,,,,
5756,Despite the Falling Snow,2016,13+,56/100,0,0,1,0,0,"romance film, spy film, film adaptation",United Kingdom,English,6.0,tt2474932
5757,Heaven Adores You,2014,,56/100,0,0,1,0,0,documentary film,United States,English,10.0,tt2244889
5758,Demon House,2018,18+,56/100,0,0,1,0,0,"found footage, documentary film",United States,English,1.0,tt4130484
5759,Tortilla Soup,2001,13+,56/100,0,0,1,0,0,"romantic comedy, drama film",United States,English,9.0,tt0255653
5760,Porky's II: The Next Day,1983,18+,56/100,0,0,1,0,0,teen film,"Canada, United States","German, English",5.0,tt0086129
5761,A Bride for Christmas,2012,all,56/100,0,0,1,0,0,,,,,
5762,Cowboy,1958,,56/100,0,0,1,0,0,,,,,
5763,Tarzan,2013,all,56/100,0,0,1,1,0,,,,,
5764,Amish Grace,2010,7+,56/100,0,0,1,0,0,,,,,
5765,Shubh Mangal Zyada Saavdhan,2020,,56/100,0,0,1,0,0,"romantic comedy, LGBT-related film",India,Hindi,7.0,tt10309906
5766,Gascoigne,2015,13+,56/100,0,0,1,0,0,,,,,
5767,The King of Masks,1996,,56/100,0,0,1,0,0,drama film,"People's Republic of China, Hong Kong",Mandarin,7.7,tt0115669
5768,My Kid Could Paint That,2007,13+,56/100,0,0,1,0,0,documentary film,"United Kingdom, United States",English,10.0,tt0912592
5769,Every Little Step,2008,13+,56/100,0,0,1,0,0,documentary film,United States,English,9.0,tt0977648
5770,The Hiding Place,1975,7+,56/100,0,0,1,0,0,"drama film, war film",United States,English,10.0,tt0073109
5771,The Boy Whose Skin Fell Off,2004,,56/100,0,0,1,0,0,documentary film,,English,10.0,tt0466710
5772,Barry Munday,2010,18+,56/100,0,0,1,0,0,comedy film,United States,English,7.0,tt0482461
5773,Sarileru Neekevvaru,2020,13+,56/100,0,0,1,0,0,action film,India,Telugu,6.0,tt10773090
5774,Linsanity,2013,7+,56/100,0,0,1,0,0,biographical film,United States,English,10.0,tt2359427
5775,Complete Unknown,2016,18+,56/100,0,0,1,0,0,"drama film, mystery film",United States,English,5.4,tt4230700
5776,Dance Academy: The Movie,2017,,56/100,0,0,1,0,0,dance film,"Germany, Australia",English,6.8,tt5834660
5777,Cockfighter,1974,18+,56/100,0,0,1,0,0,drama film,United States,English,6.9,tt0071338
5778,The Bat,1959,,56/100,0,0,1,0,0,"mystery film, comedy horror, silent film",United States,,7.0,tt0016629
5779,The Yellow Birds,2017,18+,56/100,0,0,1,0,0,"war film, drama film",United States,English,5.8,tt3739110
5780,Lovecraft: Fear of the Unknown,2008,7+,56/100,0,0,1,0,0,documentary film,United States,English,7.0,tt1261900
5781,Diana Vreeland: The Eye Has to Travel,2012,13+,56/100,0,0,1,0,0,documentary film,United States,English,7.0,tt2053352
5782,Body of Evidence,1993,18+,56/100,0,0,1,0,0,"erotic thriller, trial film, erotic film, mystery film","United States, Germany",English,6.0,tt0106453
5783,Wish You Were Here,2012,18+,56/100,0,0,1,0,0,drama film,Australia,English,4.0,tt1684925
5784,Sunshine State,2002,13+,56/100,0,0,1,0,0,"comedy drama, drama film",United States,English,6.8,tt0286179
5785,The Statement,2003,18+,56/100,0,0,1,0,0,"drama film, film based on a novel","France, United Kingdom, Canada",English,6.2,tt0340376
5786,Rampage: Capital Punishment,2014,,56/100,0,0,1,0,0,horror film,Germany,English,7.0,tt3448226
5787,All Is Bright,2013,18+,56/100,0,0,1,0,0,"comedy drama, Christmas film, drama film",United States,English,5.0,tt1462901
5788,Girl in Progress,2012,13+,56/100,0,0,1,0,0,drama film,United States,English,6.0,tt1817676
5789,Cass,2008,18+,56/100,0,0,1,0,0,,,,,
5790,Transylvania 6-5000,1985,7+,56/100,0,0,1,0,0,"comedy horror, vampire film","Yugoslavia, United States",English,5.0,tt0090196
5791,Lost in the Sun,2015,,56/100,0,0,1,0,0,"road movie, drama film",United States,English,7.0,tt3593046
5792,APEX: The Story of the Hypercar,2016,,56/100,0,0,1,0,0,documentary film,United States,,9.0,tt4325400
5793,Gigantic,2008,18+,56/100,0,0,1,0,0,"romance film, comedy film",United States,English,6.0,tt1176251
5794,Jappeloup,2013,all,56/100,0,0,1,0,0,"drama film, biographical film","France, Canada","French, English",9.0,tt2018079
5795,Trucker,2008,18+,56/100,0,0,1,0,0,drama film,United States,English,9.0,tt1087527
5796,Summer '03,2018,16+,56/100,0,0,1,0,0,comedy film,United States,English,8.0,tt7284204
5797,Crips and Bloods: Made in America,2008,,56/100,0,0,1,0,0,documentary film,United States,English,6.8,tt0479044
5798,Ishaqzaade,2012,7+,56/100,0,0,1,0,0,"action film, drama film, romance film",India,Hindi,6.0,tt2308773
5799,Topper Returns,1941,,56/100,0,0,1,0,0,"mystery film, comedy film, fantasy film, ghost film",United States,English,6.8,tt0034303
5800,Jacknife,1989,18+,56/100,0,0,1,0,0,"drama film, romance film",United States,English,8.0,tt0097607
5801,Beyond The Sky,2018,,56/100,0,0,1,0,0,science fiction film,United States,English,7.0,tt3665498
5802,Sharknado,2013,16+,56/100,0,0,1,0,0,,,,,
5803,These Three,1936,,56/100,0,0,1,0,0,"drama film, romance film",United States,English,7.4,tt0028356
5804,The Eclipse,2009,18+,56/100,0,0,1,0,0,drama film,Ireland,English,8.0,tt1346961
5805,Ninja III: The Domination,1984,18+,56/100,0,0,1,0,0,"action film, martial arts film, horror film, ninja film",United States,English,5.0,tt0087805
5806,Kevin Smith: Silent but Deadly,2018,18+,56/100,0,0,1,0,0,,,,,
5807,Hawking,2013,18+,56/100,0,0,1,0,0,,,,,
5808,Griff the Invisible,2011,13+,56/100,0,0,1,0,0,"romantic comedy, comedy drama",Australia,English,9.0,tt1509803
5809,When Did You Last See Your Father?,2007,13+,56/100,0,0,1,0,0,,,,,
5810,You May Not Kiss the Bride,2011,13+,56/100,0,0,1,0,0,romantic comedy,United States,English,8.0,tt1381418
5811,Sundown: The Vampire in Retreat,1989,18+,56/100,0,0,1,0,0,"comedy horror, vampire film",United States,English,6.0,tt0098412
5812,Hiding Out,1987,13+,56/100,0,0,1,0,0,"comedy drama, teen film, crime film",United States,English,6.4,tt0093186
5813,Serious Moonlight,2009,18+,56/100,0,0,1,0,0,"comedy film, romantic comedy",United States,English,7.0,tt1133993
5814,Spring Break,1983,18+,56/100,0,0,1,0,0,,,,,
5815,The Wild Blue Yonder,2005,18+,56/100,0,0,1,0,0,science fiction film,"Germany, United States, France",English,8.0,tt0443693
5816,The Dead Lands,2014,18+,56/100,0,0,1,0,0,action film,New Zealand,Māori,8.0,tt3399916
5817,A Prince for Christmas,2015,,56/100,0,0,1,0,0,"Christmas film, romance film",United States,English,7.0,tt4648986
5818,My Blind Brother,2016,18+,56/100,0,0,1,0,0,"drama film, romance film, comedy drama, comedy film",United States,English,4.0,tt4550420
5819,Death Machine,1994,18+,56/100,0,0,1,0,0,"science fiction action film, horror film, action film",United Kingdom,English,7.0,tt0109575
5820,Abigail,2019,7+,56/100,0,0,1,0,0,,,,,
5821,Alien Code,2017,7+,56/100,0,0,1,0,0,,,,,
5822,A Turtle's Tale 2: Sammy's Escape from Paradise,2012,,56/100,0,0,1,0,0,,,,,
5823,Jellyfish,2007,,56/100,0,0,1,0,0,"drama film, hyperlink cinema","Israel, France","English, Hebrew, Tagalog",9.0,tt0807721
5824,Genevieve,1953,,56/100,0,0,1,0,0,,,,,
5825,Breathing Fire,1991,18+,56/100,0,0,1,0,0,martial arts film,United States,English,9.0,tt0101509
5826,Yardie,2018,,56/100,0,0,1,0,0,"crime film, drama film",United Kingdom,English,5.8,tt5862902
5827,The Sheik,2014,,56/100,0,0,1,0,0,,,,6.0,tt3607812
5828,The Shaolin Temple,1982,,56/100,0,0,1,0,0,"action film, martial arts film, historical film","People's Republic of China, British Hong Kong","Mandarin, Putonghua, Chinese",6.8,tt0079891
5829,Raja Hindustani,1996,all,56/100,0,0,1,0,0,"drama film, action film, romance film, romantic comedy",India,Hindi,6.0,tt0117437
5830,12 Rounds 3: Lockdown,2015,18+,56/100,0,0,1,0,0,"crime thriller film, action film",United States,English,6.0,tt3957956
5831,The Booksellers,2020,,56/100,0,0,1,0,0,documentary film,United States,English,8.0,tt9355194
5832,Christmas Lodge,2011,all,56/100,0,0,1,0,0,,,,,
5833,Trouble in Mind,1985,18+,56/100,0,0,1,0,0,"neo-noir, crime film, drama film",United States,English,7.0,tt0090209
5834,The VelociPastor,2018,,56/100,0,0,1,0,0,"comedy horror, ninja film","United States, People's Republic of China",English,10.0,tt1843303
5835,Capone,2020,18+,56/100,0,0,1,0,0,"drama film, biographical film, gangster film","United States, Canada",English,5.0,tt6199572
5836,Ride,2014,18+,56/100,0,0,1,0,0,,,,,
5837,15 Minutes of War,2019,16+,56/100,0,0,1,0,0,"action film, drama film",France,French,7.0,tt8060774
5838,Boarding School,2018,18+,56/100,0,0,1,0,0,"horror film, LGBT-related film, ghost film",United States,English,7.0,tt6224502
5839,Catch Hell,2014,,56/100,0,0,1,0,0,thriller film,United States,English,6.0,tt2403558
5840,The Empire in Africa,2006,,56/100,0,0,1,0,0,,,,1.0,tt0495103
5841,True Colors,1991,18+,56/100,0,0,1,0,0,,,,,
5842,How to Fall in Love,2012,all,56/100,0,0,1,0,0,,,,,
5843,Bharat,2019,,56/100,0,0,1,0,0,,,,,
5844,Ley Lines,1999,,56/100,0,0,1,0,0,drama film,Japan,Japanese,7.0,tt0258766
5845,Outcast,2014,,56/100,0,0,1,0,0,action film,"People's Republic of China, United States, Canada",English,6.0,tt1552224
5846,Big Top Pee-wee,1988,7+,56/100,0,0,1,0,0,"adventure film, comedy film",United States,English,6.0,tt0094744
5847,The Secret Diaries of Miss Anne Lister,2010,16+,56/100,0,0,1,0,0,,,,,
5848,Jonestown: Paradise Lost,2007,13+,56/100,0,0,1,0,0,,,,,
5849,Crown Heights,2017,18+,56/100,0,0,1,0,0,"drama film, crime film, biographical film",United States,English,10.0,tt3268340
5850,Extremities,1986,18+,56/100,0,0,1,0,0,"rape and revenge film, drama film",United States,English,8.0,tt0091024
5851,White Tiger,2012,,56/100,0,0,1,0,0,"action film, war film, fantasy film, adventure film",Russia,"Russian, German",9.0,tt2318405
5852,Prescription Thugs,2016,13+,56/100,0,0,1,0,0,documentary film,United States,,6.0,tt4505666
5853,Digging to China,1997,7+,56/100,0,0,1,0,0,"coming-of-age film, drama film",United States,English,6.7,tt0118980
5854,Mountain Patrol,2004,13+,56/100,0,0,1,0,0,"action film, drama film",People's Republic of China,Chinese,9.0,tt0386651
5855,Gamera 3: Revenge of Iris,1999,7+,55/100,0,0,1,0,0,"science fiction film, fantasy film, kaiju",Japan,Japanese,8.0,tt0184503
5856,Changeland,2019,18+,55/100,0,0,1,0,0,comedy drama,United States,English,7.0,tt6612946
5857,Our Town,1940,,55/100,0,0,1,0,0,"drama film, fantasy film, romance film",United States,English,9.0,tt0032881
5858,Faster,2003,13+,55/100,0,0,1,0,0,documentary film,United States,English,9.0,tt0368721
5859,The Mark of Zorro,1920,,55/100,0,0,1,0,0,"swashbuckler film, romance film, action film, drama film",United States,English,9.0,tt0032762
5860,Andy Murray: Resurfacing,2019,,55/100,0,0,1,0,0,,,,8.0,tt11243364
5861,Night Tide,1961,,55/100,0,0,1,0,0,thriller film,United States,English,7.0,tt0055230
5862,High Society,2014,,55/100,0,0,1,0,0,"romantic comedy, comedy of remarriage, musical film",United States,English,6.0,tt0049314
5863,Chandramukhi,2005,,55/100,0,0,1,0,0,"speculative fiction film, horror film, comedy horror, comedy film",India,Tamil,8.0,tt0449869
5864,The Night Watch,2011,16+,55/100,0,0,1,0,0,,,,,
5865,Decoding Annie Parker,2014,18+,55/100,0,0,1,0,0,drama film,United States,English,6.0,tt1464191
5866,If I Had Wings,2013,7+,55/100,0,0,1,0,0,,,,,
5867,Message Man,2018,,55/100,0,0,1,0,0,crime film,,,7.0,tt2787302
5868,Think Like a Dog,2020,7+,55/100,0,0,1,0,0,"comedy film, family film",United States,English,6.0,tt5929654
5869,Night of the Demons,2009,18+,55/100,0,0,1,0,0,horror film,United States,English,3.0,tt1268809
5870,Luxor,2021,,55/100,0,0,1,0,0,,,,,
5871,Dreams with Sharp Teeth,2008,,55/100,0,0,1,0,0,documentary film,United States,English,7.0,tt1018887
5872,Paper Planes,2014,,55/100,0,0,1,0,0,"family film, teen film",Australia,English,7.0,tt3328716
5873,A Month in the Country,1987,7+,55/100,0,0,1,0,0,"drama film, film based on a novel",United Kingdom,English,8.0,tt0093562
5874,The Glorias,2020,18+,55/100,0,0,1,0,0,"biographical film, drama film",United States,English,8.0,tt7435316
5875,At the Gate of the Ghost,2011,18+,55/100,0,0,1,0,0,"drama film, film based on literature",Thailand,Thai,6.0,tt2190475
5876,Twenty Bucks,1993,18+,55/100,0,0,1,0,0,"drama film, comedy film",United States,English,8.0,tt0108410
5877,Operation Toussaint: Operation Underground Railroad and the Fight to End Modern Day Slavery,2018,,55/100,0,0,1,0,0,,,,,
5878,Poorna,2017,,55/100,0,0,1,0,0,,,,,
5879,The Competition,1980,7+,55/100,0,0,1,0,0,"romance film, musical film, drama film",United States,English,8.0,tt0080556
5880,A Song Is Born,1948,,55/100,0,0,1,0,0,musical film,United States,English,7.0,tt0040820
5881,Fay Grim,2006,18+,55/100,0,0,1,0,0,"comedy film, comedy drama, action film, crime film","Germany, United States",English,8.0,tt0444628
5882,Chandni,1989,7+,55/100,0,0,1,0,0,"romance film, drama film, melodrama",India,Hindi,9.0,tt0097045
5883,Late Night Trains,1975,18+,55/100,0,0,1,0,0,,,,,
5884,Domino,2019,18+,55/100,0,0,1,0,0,,,,,
5885,Vazhakku Enn 18/9,2012,,55/100,0,0,1,0,0,"crime film, drama film",India,Tamil,9.0,tt2146960
5886,Take Care,2014,16+,55/100,0,0,1,0,0,comedy drama,United States,English,6.0,tt3120054
5887,The Last Witness,2018,,55/100,0,0,1,0,0,thriller film,,English,5.0,tt3709552
5888,The Cleaning Lady,2018,18+,55/100,0,0,1,0,0,,,,,
5889,Watermelon Man,1970,18+,55/100,0,0,1,0,0,comedy drama,United States,English,7.0,tt0066550
5890,Lady Bloodfight,2016,18+,55/100,0,0,1,0,0,"action film, thriller film, drama film",Hong Kong,English,5.6,tt4327752
5891,Tirza,2010,,55/100,0,0,1,0,0,film adaptation,Netherlands,Dutch,6.3,tt1418760
5892,Knock Off,1998,18+,55/100,0,0,1,0,0,action comedy film,"United States, Hong Kong",English,4.9,tt0120724
5893,Meeting Evil,2012,18+,55/100,0,0,1,0,0,"psychological thriller, mystery film, crime film, thriller film",United States,English,7.0,tt1810697
5894,Naughty or Nice,2012,all,55/100,0,0,1,0,0,,,,,
5895,Death Ship,1980,18+,55/100,0,0,1,0,0,"horror film, ghost film","Canada, United Kingdom",English,4.8,tt0080603
5896,Catchfire,1990,18+,55/100,0,0,1,0,0,"drama film, crime film, comedy drama, thriller film",United States,English,6.0,tt0096875
5897,Human Flow,2017,13+,55/100,0,0,1,0,0,"documentary film, drama film",United States,English,8.0,tt6573444
5898,Kadaikutty Singam,2018,7+,55/100,0,0,1,0,0,drama film,India,Tamil,5.0,tt8023734
5899,Sharknado 3: Oh Hell No!,2015,16+,55/100,0,0,1,0,0,,,,,
5900,Gracie,2007,13+,55/100,0,0,1,0,0,,,,,
5901,Sugarbaby,1985,,55/100,0,0,1,0,0,"comedy film, drama film",Germany,German,9.0,tt0090377
5902,Goodbye World,2013,,55/100,0,0,1,0,0,"comedy drama, post-apocalyptic film",United States,English,8.0,tt2352802
5903,Tiger Orange,2014,,55/100,0,0,1,0,0,"LGBT-related film, drama film",United States,English,10.0,tt2866824
5904,The Isle,2019,,55/100,0,0,1,0,0,"drama film, thriller film",South Korea,Korean,8.0,tt0255589
5905,Leprechaun 2,1994,18+,55/100,0,0,1,0,0,"horror film, slasher film",United States,English,4.7,tt0110329
5906,The Botany of Desire,2009,16+,55/100,0,0,1,0,0,,,,,
5907,"Yes, Virginia",2009,all,55/100,0,0,1,0,0,,United States,,7.0,tt0392925
5908,The Old Man and the Sea,1990,,55/100,0,0,1,0,0,"drama film, film based on a novel",United States,English,9.0,tt0052027
5909,Chicken People,2016,,55/100,0,0,1,0,0,"documentary film, family film, comedy film",United States,English,9.0,tt4819510
5910,Mulligans,2008,,55/100,0,0,1,0,0,"drama film, LGBT-related film, romance film, comedy film",Canada,English,3.0,tt1106447
5911,Window Horses: The Poetic Persian Epiphany of Rosie Ming,2016,,55/100,0,0,1,0,0,,,,,
5912,Tel Aviv on Fire,2018,,55/100,0,0,1,0,0,"comedy drama, satire, romance film","Israel, Luxembourg, France","Arabic, Hebrew",8.0,tt5791098
5913,The Snows of Kilimanjaro,1952,,55/100,0,0,1,0,0,"adventure film, romance film, drama film, film based on literature",United States,English,6.1,tt0045162
5914,Chinese Box,1997,18+,55/100,0,0,1,0,0,"romance film, drama film, melodrama","France, United States, Japan",English,8.0,tt0118851
5915,Angel of Christmas,2015,all,55/100,0,0,1,0,0,,,,,
5916,Test,2013,18+,55/100,0,0,1,0,0,,,,,
5917,"Park Avenue: Money, Power & The American Dream",2012,,55/100,0,0,1,0,0,,,,,
5918,American Experience: Tesla,2016,7+,55/100,0,0,1,0,0,documentary film,United States,,9.0,tt6100388
5919,Little Secrets,2001,7+,55/100,0,0,1,0,0,comedy drama,United States,English,6.4,tt0296845
5920,The Devil's Rock,2011,,55/100,0,0,1,0,0,"horror film, monster film, vampire film, war film",New Zealand,English,5.7,tt1712578
5921,Elephant Song,2014,,55/100,0,0,1,0,0,drama film,Canada,English,5.0,tt3754976
5922,Pandemic,2020,18+,55/100,0,0,1,0,0,,,,,
5923,Memorial Day,2011,18+,55/100,0,0,1,0,0,"thriller film, horror film",United States,English,1.0,tt0095611
5924,Dirty 30,2016,13+,55/100,0,0,1,0,0,comedy film,United States,English,9.0,tt5521550
5925,Skin Deep,1989,18+,55/100,0,0,1,0,0,romantic comedy,United States,English,7.0,tt0098343
5926,Ava's Possessions,2015,18+,55/100,0,0,1,0,0,comedy horror,United States,English,6.0,tt3727982
5927,Maayavan,2017,,55/100,0,0,1,0,0,science fiction film,India,Tamil,6.0,tt7221634
5928,Kenau,2014,,55/100,0,0,1,0,0,war film,Netherlands,Dutch,9.0,tt2512170
5929,I Walk the Line,1970,13+,55/100,0,0,1,0,0,"drama film, crime film",United States,English,6.5,tt0065874
5930,H.H. Holmes: America's First Serial Killer,2004,,55/100,0,0,1,0,0,documentary film,United States,English,8.0,tt0358500
5931,Get Thrashed,2006,,55/100,0,0,1,0,0,music documentary film,United States,English,7.0,tt0780524
5932,Till the Clouds Roll By,1946,,55/100,0,0,1,0,0,"biographical film, musical film",United States,English,7.0,tt0039035
5933,Svengali,1931,,55/100,0,0,1,0,0,"drama film, horror film",United States,English,7.0,tt0022454
5934,Wait for Your Laugh,2017,,55/100,0,0,1,0,0,documentary film,United States,English,9.0,tt5710688
5935,Love Stinks,1999,18+,55/100,0,0,1,0,0,romantic comedy,United States,English,5.7,tt0188863
5936,Sharknado 2: The Second One,2014,16+,55/100,0,0,1,0,0,,,,,
5937,Doug Stanhope: Beer Hall Putsch,2013,,55/100,0,0,1,0,0,,,,10.0,tt2833398
5938,Tim,1979,,55/100,0,0,1,0,0,,,,,
5939,Catch.44,2011,18+,55/100,0,0,1,0,0,,,,,
5940,The First of the Few,1942,all,55/100,0,0,1,0,0,biographical film,United Kingdom,English,7.0,tt0034734
5941,Man Vs.,2015,,55/100,0,0,1,0,0,,,,,
5942,Fasten Your Seatbelts,2014,all,55/100,0,0,1,0,0,"comedy drama, drama film",Italy,Italian,6.0,tt3425034
5943,Ishq,2019,,55/100,0,0,1,0,0,drama film,India,Malayalam,7.0,tt9448332
5944,Amal,2007,,55/100,0,0,1,0,0,,,,,
5945,Kanan Gill: Keep It Real,2017,,54/100,0,0,1,0,0,,,,,
5946,Donkey Punch,2008,18+,54/100,0,0,1,0,0,"horror film, thriller film, drama film",United Kingdom,English,4.0,tt0988849
5947,Left Behind,2000,13+,54/100,0,0,1,0,0,"action film, thriller film, disaster film, fantasy film",United States,English,2.0,tt2467046
5948,The Runner,2015,18+,54/100,0,0,1,0,0,thriller film,United States,English,8.0,tt3687398
5949,The Legend of Ben Hall,2017,,54/100,0,0,1,0,0,"biographical film, bushranging film",Australia,English,8.0,tt3844876
5950,Blood on Her Name,2020,,54/100,0,0,1,0,0,thriller film,United States,English,7.0,tt10085338
5951,Stepfather II,1989,18+,54/100,0,0,1,0,0,"horror film, slasher film",United States,English,7.0,tt0098385
5952,The History of Time Travel,2014,,54/100,0,0,1,0,0,,,,,
5953,Maya the Bee Movie,2014,all,54/100,0,0,1,0,0,"children's film, fantasy film, comedy film, adventure film","Germany, Australia",English,5.0,tt3336368
5954,The Stöned Age,1994,18+,54/100,0,0,1,0,0,"teen film, coming-of-age fiction, stoner film",United States,English,6.2,tt0111293
5955,"You're the Greatest, Charlie Brown",1979,,54/100,0,0,1,0,0,,,,,
5956,Raging Phoenix,2009,18+,54/100,0,0,1,0,0,"action film, martial arts film",Thailand,Thai,7.0,tt1551621
5957,The Final Season,2007,7+,54/100,0,0,1,0,0,drama film,United States,English,8.0,tt0449018
5958,The Man from Elysian Fields,2001,18+,54/100,0,0,1,0,0,"drama film, film noir, comedy film",United States,English,8.0,tt0265307
5959,Numb,2015,,54/100,0,0,1,0,0,,,,,
5960,Cottage Country,2013,16+,54/100,0,0,1,0,0,"action film, comedy film, comedy horror, horror film",Canada,English,7.0,tt2072933
5961,The Extra Man,2010,18+,54/100,0,0,1,0,0,"comedy film, LGBT-related film","United States, France",English,6.0,tt1361313
5962,Thaanaa Serndha Koottam,2018,,54/100,0,0,1,0,0,"crime, action film",India,Tamil,7.0,tt6237966
5963,Waiting for Anya,2020,,54/100,0,0,1,0,0,"drama film, film based on a novel",United Kingdom,"English, French, German",7.0,tt7095476
5964,Permission,2018,18+,54/100,0,0,1,0,0,"romance film, comedy drama, comedy film, LGBT-related film",United States,English,8.0,tt5390066
5965,Son of the South,2021,13+,54/100,0,0,1,0,0,"historical drama, biographical film, drama film, political drama",United States,English,6.3,tt2235372
5966,A Christmas Kiss II,2014,,54/100,0,0,1,0,0,,,,9.0,tt4280430
5967,In Enemy Hands,2005,18+,54/100,0,0,1,0,0,"drama film, war film",United States,English,6.0,tt0316824
5968,Seven Stages to Achieve Eternal Bliss,2020,,54/100,0,0,1,0,0,comedy film,United States,English,7.0,tt4270452
5969,The Fanatic,2019,18+,54/100,0,0,1,0,0,drama film,United States,English,2.0,tt7869070
5970,Survive the Night,2020,18+,54/100,0,0,1,0,0,"action film, thriller film",United States,English,3.0,tt10303324
5971,Almost an Angel,1990,7+,54/100,0,0,1,0,0,"comedy film, drama film",United States,English,8.0,tt0099018
5972,Sillunu Oru Kaadhal,2006,,54/100,0,0,1,0,0,romance film,India,Tamil,8.0,tt0464071
5973,Lost in Thailand,2012,,54/100,0,0,1,0,0,comedy film,People's Republic of China,"Mandarin, English, Thai",6.0,tt2459022
5974,Beneath,2007,18+,54/100,0,0,1,0,0,horror film,United States,English,6.0,tt0467167
5975,Northmen: A Viking Saga,2014,18+,54/100,0,0,1,0,0,"action film, medieval film","Switzerland, Germany, South Africa","German, English",6.0,tt2290553
5976,The Real Inglorious Bastards,2012,,54/100,0,0,1,0,0,documentary film,Canada,,9.0,tt3320110
5977,The Ash Lad: In Search of the Golden Castle,2019,,54/100,0,0,1,0,0,fantasy film,Norway,Norwegian,6.0,tt8753438
5978,Dear Mr. Gacy,2010,18+,54/100,0,0,1,0,0,,,,,
5979,Ujda Chaman,2019,,54/100,0,0,1,0,0,comedy film,India,Hindi,9.0,tt11046300
5980,Walled In,2009,18+,54/100,0,0,1,0,0,horror film,"France, United States",English,4.7,tt1104006
5981,Keith Haring: Street Art Boy,2020,18+,54/100,0,0,1,0,0,documentary film,,,7.0,tt12650894
5982,The Turning,2013,18+,54/100,0,0,1,0,0,"drama film, anthology film",Australia,English,7.0,tt2322641
5983,Raatchasi,2019,,54/100,0,0,1,0,0,drama film,India,Tamil,8.0,tt10431010
5984,Crazy,2008,18+,54/100,0,0,1,0,0,,,,,
5985,Liberty Stands Still,2002,18+,54/100,0,0,1,0,0,"drama film, crime thriller film, romance film","Germany, Canada, United States",English,4.0,tt0280870
5986,Mine Games,2012,16+,54/100,0,0,1,0,0,science fiction film,United States,English,3.0,tt1928337
5987,Next Time I'll Aim for the Heart,2014,18+,54/100,0,0,1,0,0,"crime film, drama film",France,French,8.0,tt3324494
5988,A Night in Old Mexico,2013,,54/100,0,0,1,0,0,drama film,"Spain, United States",English,4.0,tt2308260
5989,Wrong Turn at Tahoe,2009,18+,54/100,0,0,1,0,0,,,,,
5990,Selah and the Spades,2019,18+,54/100,0,0,1,0,0,"teen film, drama film",United States,English,6.0,tt8759834
5991,The Princess and the Pirate,1944,,54/100,0,0,1,0,0,"parody film, pirate film",United States,English,6.8,tt0037193
5992,The Capture of the Green River Killer,2008,,54/100,0,0,1,0,0,,,,,
5993,The Guv'nor,2016,,54/100,0,0,1,0,0,documentary film,,,3.0,tt5460986
5994,Doug Stanhope: No Place Like Home,2016,,54/100,0,0,1,0,0,,,,8.0,tt5841088
5995,Saints and Soldiers: Airborne Creed,2012,13+,54/100,0,0,1,0,0,war film,United States,English,5.0,tt2082415
5996,Ok Jaanu,2017,7+,54/100,0,0,1,0,0,"drama film, romance film",India,Hindi,5.0,tt5764024
5997,Hoodman,2021,,54/100,0,0,1,0,0,,,,3.0,tt14403632
5998,The Aggression Scale,2012,18+,54/100,0,0,1,0,0,action film,United States,English,7.0,tt1816597
5999,The Snow Queen 3: Fire and Ice,2016,7+,54/100,0,0,1,0,0,,,,,
6000,Butchers,2021,,54/100,0,0,1,0,0,,Canada,,5.0,tt8764358
6001,Breaking & Exiting,2018,,54/100,0,0,1,0,0,comedy film,United States,,7.0,tt6285672
6002,Fukrey Returns,2017,,54/100,0,0,1,0,0,romantic comedy,India,Hindi,5.0,tt6712014
6003,Last Rampage,2017,18+,54/100,0,0,1,0,0,drama film,United States,English,4.0,tt5833186
6004,That Uncertain Feeling,1941,,54/100,0,0,1,0,0,"romantic comedy, comedy of remarriage",United States,English,6.0,tt0034274
6005,William S. Burroughs: A Man Within,2010,,54/100,0,0,1,0,0,,United States,English,10.0,tt1466072
6006,Transpecos,2016,,54/100,0,0,1,0,0,thriller film,United States,,6.0,tt4687464
6007,Terror's Advocate,2007,18+,54/100,0,0,1,0,0,documentary film,France,French,10.0,tt1032854
6008,23 Blast,2014,13+,54/100,0,0,1,0,0,"drama film, American football film",United States,English,4.0,tt2304459
6009,The Division: Agent Origins,2016,,54/100,0,0,1,0,0,,,,,
6010,Three Wishes,1995,7+,54/100,0,0,1,0,0,comedy film,Netherlands,Dutch,,tt0028811
6011,Abattoir,2016,18+,54/100,0,0,1,0,0,horror film,United States,English,4.0,tt1480285
6012,Double Whammy,2001,18+,54/100,0,0,1,0,0,"comedy drama, drama film",United States,English,7.0,tt0250347
6013,The Woman Who Wasn't There,2012,,54/100,0,0,1,0,0,,South Korea,Korean,,
6014,Animal,2014,,54/100,0,0,1,0,0,,,,,
6015,Finding Altamira,2016,,54/100,0,0,1,0,0,drama film,"Spain, United States, France",English,6.0,tt3014910
6016,A Dangerous Man,2009,,54/100,0,0,1,0,0,action film,United States,English,4.9,tt1360767
6017,Urge,2016,18+,54/100,0,0,1,0,0,thriller film,United States,English,3.0,tt4083572
6018,Running for Grace,2018,16+,54/100,0,0,1,0,0,romance film,United States,English,9.0,tt5696326
6019,The Hunting Party,1971,18+,54/100,0,0,1,0,0,"Western film, drama film","United States, United Kingdom",English,6.2,tt0067224
6020,Diamond Men,2000,18+,54/100,0,0,1,0,0,"crime film, drama film",United States,English,10.0,tt0200427
6021,Black Water,2018,18+,54/100,0,0,1,0,0,,,,,
6022,Vehicle 19,2013,18+,54/100,0,0,1,0,0,"thriller film, action film",United States,English,5.0,tt1911662
6023,Gamera the Brave,2006,7+,54/100,0,0,1,0,0,"fantasy film, kaiju",Japan,Japanese,9.0,tt0467923
6024,Critical Condition,1987,18+,54/100,0,0,1,0,0,"comedy film, action film",United States,English,6.0,tt0092798
6025,Officer Down,2013,18+,54/100,0,0,1,0,0,"action film, drama film, crime film, thriller film",United States,English,6.0,tt1925479
6026,"Paradise, Hawaiian Style",1966,all,54/100,0,0,1,0,0,"romantic comedy, musical film",United States,English,6.0,tt0059563
6027,"Give 'em Hell, Malone",2009,18+,54/100,0,0,1,0,0,"action film, neo-noir, film noir, crime film",United States,English,6.0,tt1258137
6028,The Adventurers,2017,,54/100,0,0,1,0,0,"adventure film, action film, crime film, drama film","People's Republic of China, Czech Republic, Hong Kong",,7.0,tt5866930
6029,Moonlight and Valentino,1995,18+,54/100,0,0,1,0,0,"female buddy film, comedy film, drama film","United States, United Kingdom",English,7.0,tt0113851
6030,Eat With Me,2014,,54/100,0,0,1,0,0,"drama film, romance film",United States,English,3.0,tt2274604
6031,Craig Ferguson: I'm Here to Help,2013,,54/100,0,0,1,0,0,,,,,
6032,Be Somebody,2016,7+,54/100,0,0,1,0,0,romantic comedy,United States,English,7.0,tt5512872
6033,Citizen K,2019,,54/100,0,0,1,0,0,political film,United States,"Russian, English",6.0,tt10703826
6034,Can't Stand Losing You: Surviving The Police,2012,,54/100,0,0,1,0,0,,United States,,9.0,tt1610013
6035,Love Everlasting,2016,7+,54/100,0,0,1,0,0,,United States,,8.0,tt4837126
6036,M.O.M. Mothers of Monsters,2020,18+,54/100,0,0,1,0,0,"horror film, drama film",United States,English,8.0,tt8186932
6037,Meet Monica Velour,2010,18+,54/100,0,0,1,0,0,comedy drama,United States,English,5.8,tt1291549
6038,Netflix vs. the World,2019,,53/100,0,0,1,0,0,,United States,English,10.0,tt8407418
6039,Thank God It's Friday,1978,7+,53/100,0,0,1,0,0,musical film,United States,English,5.5,tt0078382
6040,Bunty Aur Babli,2005,13+,53/100,0,0,1,0,0,crime comedy film,India,Hindi,10.0,tt0448206
6041,Jack Goes Home,2016,18+,53/100,0,0,1,0,0,horror film,United States,English,5.0,tt4797436
6042,Cold Case,2021,,53/100,0,0,1,0,0,,,,,
6043,Brick Lane,2007,13+,53/100,0,0,1,0,0,drama film,United Kingdom,English,6.6,tt0940585
6044,Hanover Street,1979,7+,53/100,0,0,1,0,0,"drama film, romance film, war film, action film","United Kingdom, United States",English,6.0,tt0079268
6045,Jack Frost,1997,18+,53/100,0,0,1,0,0,"comedy horror, monster film, horror film, comedy film",United States,English,7.0,tt0116671
6046,Toofan,2020,,53/100,0,0,1,0,0,boxing film,India,Hindi,10.0,tt11045422
6047,Recoil,2011,18+,53/100,0,0,1,0,0,"crime film, action film",United States,English,3.0,tt0127751
6048,Trafficked,2017,18+,53/100,0,0,1,0,0,thriller film,United States,English,7.0,tt1720621
6049,Lone Star State of Mind,2002,13+,53/100,0,0,1,0,0,,United States,English,6.0,tt0269483
6050,Tough Guy: The Bob Probert Story,2018,,53/100,0,0,1,0,0,,,,,
6051,The Man Who Cheated Himself,1950,,53/100,0,0,1,0,0,"drama film, crime film, film noir",United States,English,7.0,tt0042707
6052,Mulberry Street,2006,18+,53/100,0,0,1,0,0,"horror film, zombie film",United States,English,8.0,tt0473514
6053,American Mobster: Retribution,2021,,53/100,0,0,1,0,0,,,,,
6054,Examined Life,2008,,53/100,0,0,1,0,0,documentary film,Canada,English,7.0,tt1279083
6055,The Ghost Army,2013,7+,53/100,0,0,1,0,0,documentary film,United States,English,8.0,tt2649274
6056,Lost Child,2018,,53/100,0,0,1,0,0,thriller film,United States,English,7.0,tt4681454
6057,Within Our Gates,1920,,53/100,0,0,1,0,0,silent film,Australia,,6.2,tt0182538
6058,Gintama,2017,13+,53/100,0,0,1,0,0,action comedy film,Japan,Japanese,10.0,tt5805470
6059,Beautiful,2000,13+,53/100,0,0,1,0,0,,,,,
6060,Tenderness,2009,18+,53/100,0,0,1,0,0,"crime film, action film, drama film, film based on a novel",United States,English,5.0,tt0494864
6061,Eternal Beauty,2020,18+,53/100,0,0,1,0,0,drama film,United Kingdom,English,6.0,tt5362940
6062,Desert Blue,1999,18+,53/100,0,0,1,0,0,"comedy drama, comedy film, drama film",United States,English,6.1,tt0126261
6063,Affinity,2008,,53/100,0,0,1,0,0,,,,,
6064,Happiness Continues,2020,,53/100,0,0,1,0,0,"documentary film, musical film",United States,English,6.0,tt12179472
6065,Dear God,1996,7+,53/100,0,0,1,0,0,comedy film,United States,English,5.5,tt0116059
6066,Wild Horses,2015,18+,53/100,0,0,1,0,0,,,,,
6067,The Boy from Medellín,2020,18+,53/100,0,0,1,0,0,,,,9.0,tt13009186
6068,Chasers,1994,18+,53/100,0,0,1,0,0,"comedy film, action film",United States,English,7.0,tt0109403
6069,Extracurricular Activities,2019,,53/100,0,0,1,0,0,,,,,
6070,Tanner Hall,2009,18+,53/100,0,0,1,0,0,drama film,United States,English,3.0,tt1151410
6071,The Corrupted,2019,18+,53/100,0,0,1,0,0,mystery film,United Kingdom,English,6.0,tt5687270
6072,Broken Vows,2016,18+,53/100,0,0,1,0,0,drama film,United States,English,5.0,tt3701714
6073,Nostradamus,1994,18+,53/100,0,0,1,0,0,"biographical film, drama film","France, United Kingdom, Germany",English,5.8,tt0110689
6074,The Island on Bird Street,1997,13+,53/100,0,0,1,0,0,"drama film, war film","Denmark, United Kingdom, Germany",English,9.0,tt0119389
6075,Animals,2012,13+,53/100,0,0,1,0,0,,,,,
6076,Sushi by Biswa Kalyan Rath,2019,,53/100,0,0,1,0,0,,,,,
6077,Domain,2017,,53/100,0,0,1,0,0,,,,,
6078,Once I Was a Beehive,2015,7+,53/100,0,0,1,0,0,"comedy film, Mormon cinema",United States,,8.0,tt4002772
6079,Bad Ass 2: Bad Asses,2014,18+,53/100,0,0,1,0,0,"action film, thriller film, drama film, vigilante film",United States,English,7.0,tt2996648
6080,Social Animals,2018,18+,53/100,0,0,1,0,0,romantic comedy,United States,English,3.0,tt5639898
6081,Primal Rage,2018,18+,53/100,0,0,1,0,0,,United States,English,7.0,tt5688868
6082,A Mother's Nightmare,2012,16+,53/100,0,0,1,0,0,,,,,
6083,Dark Ride,2006,18+,53/100,0,0,1,0,0,"horror film, slasher film",United States,English,5.0,tt0433963
6084,The Gracefield Incident,2017,13+,53/100,0,0,1,0,0,"thriller film, fantasy film, horror film",,,4.0,tt4464394
6085,Green Is Gold,2016,18+,53/100,0,0,1,0,0,drama film,United States,English,8.0,tt5143704
6086,The Music of Silence,2017,,53/100,0,0,1,0,0,biographical film,Italy,"English, Italian",6.0,tt3244786
6087,Train,2008,18+,53/100,0,0,1,0,0,,,,,
6088,The Benefactor,2015,,53/100,0,0,1,0,0,drama film,United States,English,5.0,tt3165630
6089,Tiptoes,2003,18+,53/100,0,0,1,0,0,"drama film, comedy film","France, United States",English,5.0,tt0316768
6090,Arsenal,2017,18+,53/100,0,0,1,0,0,,,,,
6091,Survivor's Guide to Prison,2018,18+,53/100,0,0,1,0,0,,,,,
6092,Posse,1975,7+,53/100,0,0,1,0,0,,,,,
6093,Kenny Sebastian : Don't Be That Guy,2017,,53/100,0,0,1,0,0,,,,,
6094,Sharknado 5: Global Swarming,2017,16+,53/100,0,0,1,0,0,,,,,
6095,Ghost House,2017,,53/100,0,0,1,0,0,horror film,"United States, Thailand",English,2.0,tt4365566
6096,Beyond the Edge,2018,13+,53/100,0,0,1,0,0,"adventure film, fantasy film, science fiction film, action film",Russia,"Russian, English",4.5,tt5629524
6097,Dishonored Lady,1947,,53/100,0,0,1,0,0,"crime film, drama film",United States,English,7.0,tt0039324
6098,Once Upon a Time in London,2019,,53/100,0,0,1,0,0,"drama film, gangster film",United Kingdom,English,5.0,tt4444956
6099,Chitralahari,2019,,53/100,0,0,1,0,0,comedy drama,India,Telugu,6.0,tt9165332
6100,I Bury the Living,1958,,53/100,0,0,1,0,0,"horror film, zombie film",United States,English,6.3,tt0051755
6101,Joseph Smith: Prophet of the Restoration,2005,,53/100,0,0,1,0,0,,,,,
6102,Afghan Star,2009,,53/100,0,0,1,0,0,documentary film,United Kingdom,English,9.0,tt1334510
6103,Stage Door Canteen,1943,,53/100,0,0,1,0,0,"musical film, comedy film",United States,English,8.0,tt0036384
6104,Deewana,1992,,53/100,0,0,1,0,0,"romance film, action film",India,Hindi,7.0,tt0126871
6105,In Search of Fellini,2017,18+,53/100,0,0,1,0,0,adventure film,United States,English,7.0,tt4801232
6106,The Battle Of Chosin,2016,7+,53/100,0,0,1,0,0,,,,,
6107,Leaving D.C.,2012,,53/100,0,0,1,0,0,,,,,
6108,The Last Descent,2016,7+,53/100,0,0,1,0,0,"survival film, drama film, biographical film",United States,English,8.0,tt5895892
6109,Lucy and Desi: A Home Movie,1993,,53/100,0,0,1,0,0,,,,,
6110,Edie,2018,,53/100,0,0,1,0,0,,,,,
6111,Wagons East!,1994,13+,53/100,0,0,1,0,0,"comedy film, Western film",United States,English,4.9,tt0111653
6112,One and the Same,2021,,53/100,0,0,1,0,0,,,,8.0,tt8906844
6113,Angels Crest,2011,18+,53/100,0,0,1,0,0,drama film,"Canada, United States",English,5.8,tt1559040
6114,More Beautiful for Having Been Broken,2020,7+,53/100,0,0,1,0,0,"drama film, LGBT-related film",United States,,10.0,tt7326320
6115,Britannia Hospital,1982,18+,53/100,0,0,1,0,0,"satirical film or television program, comedy film",United Kingdom,English,8.0,tt0083694
6116,Wish You Well,2013,,53/100,0,0,1,0,0,"drama film, film based on a novel",United States,,10.0,tt2463302
6117,Rumble: The Indians Who Rocked the World,2017,,53/100,0,0,1,0,0,documentary film,Canada,English,9.0,tt6333080
6118,The Curse of Sleeping Beauty,2016,16+,53/100,0,0,1,0,0,"horror film, fantasy film",United States,English,4.0,tt4118606
6119,Dead Man Running,2009,18+,53/100,0,0,1,0,0,crime film,United Kingdom,English,7.0,tt1311699
6120,Lego Scooby-Doo! Knight Time Terror,2015,,53/100,0,0,1,0,0,,,,,
6121,Storage 24,2012,18+,53/100,0,0,1,0,0,"science fiction film, horror film",United Kingdom,English,5.0,tt1986953
6122,The Eagle,1925,,53/100,0,0,1,0,0,,,,,
6123,After the Ball,2015,,53/100,0,0,1,0,0,romantic comedy,Canada,English,7.0,tt3717016
6124,Girltrash: All Night Long,2014,,53/100,0,0,1,0,0,"comedy drama, LGBT-related film",United States,English,9.0,tt1555440
6125,Madhouse,2004,18+,53/100,0,0,1,0,0,,,,,
6126,Gnaw,2017,18+,53/100,0,0,1,0,0,horror film,"United States, Spain",English,6.0,tt5641542
6127,Saving Zoë,2019,18+,53/100,0,0,1,0,0,"crime film, drama film, mystery film",United States,English,8.0,tt7319822
6128,Broil,2020,16+,53/100,0,0,1,0,0,"horror film, vampire film",United States,English,6.0,tt8997712
6129,Devil in the Dark,2017,,52/100,0,0,1,0,0,,,,,
6130,Coming Through the Rye,2016,13+,52/100,0,0,1,0,0,"teen film, drama film",United States,English,6.0,tt4048168
6131,The Brainwashing of My Dad,2015,,52/100,0,0,1,0,0,documentary film,United States,English,10.0,tt3771626
6132,"Cougars, Inc.",2011,18+,52/100,0,0,1,0,0,comedy film,United States,English,3.0,tt1198075
6133,Dirty,2006,18+,52/100,0,0,1,0,0,"crime film, drama film",United States,English,5.0,tt0439544
6134,Double Dragon,1994,13+,52/100,0,0,1,0,0,"science fiction film, martial arts film, action film, dystopian film",United States,English,4.0,tt0106761
6135,A Wife's Nightmare,2014,7+,52/100,0,0,1,0,0,,,,,
6136,Moondance Alexander,2007,all,52/100,0,0,1,0,0,"drama film, comedy film",United States,English,5.0,tt0828065
6137,Can We Take a Joke?,2016,,52/100,0,0,1,0,0,documentary film,United States,English,7.0,tt4324916
6138,Beyond the Woods,2018,,52/100,0,0,1,0,0,,,,8.0,tt10472122
6139,Girls of the Sun,2018,,52/100,0,0,1,0,0,drama film,France,"Kurdish, French, Arabic",10.0,tt6704880
6140,Indigenous,2014,18+,52/100,0,0,1,0,0,,,,,
6141,From the Vine,2019,,52/100,0,0,1,0,0,,Canada,,7.0,tt9313424
6142,The Planters,2019,,52/100,0,0,1,0,0,,United States,English,8.0,tt5659996
6143,Mellow Mud,2016,,52/100,0,0,1,0,0,drama film,Latvia,Latvian,7.0,tt4356104
6144,"You, Me and Him",2018,18+,52/100,0,0,1,0,0,"drama fiction, LGBT-related film, drama film",Brazil,Portuguese,10.0,tt1166805
6145,Desert Dancer,2014,13+,52/100,0,0,1,0,0,"biographical film, drama film","United Kingdom, Romania",English,10.0,tt2403393
6146,Female Prisoner Scorpion: #701's Grudge Song,1973,,52/100,0,0,1,0,0,"action film, prison film, drama film",Japan,Japanese,7.0,tt0226873
6147,The Hard Corps,2006,18+,52/100,0,0,1,0,0,action film,United States,English,8.0,tt0462329
6148,Calamity Jane: Légende de l'Ouest,2014,,52/100,0,0,1,0,0,,,,,
6149,Only When I Laugh,1981,18+,52/100,0,0,1,0,0,comedy drama,United States,English,7.0,tt0082853
6150,Branded,2012,18+,52/100,0,0,1,0,0,Western film,United States,English,8.0,tt0042279
6151,Marilyn Hotchkiss' Ballroom Dancing & Charm School,2005,13+,52/100,0,0,1,0,0,"romantic comedy, musical film, comedy drama, romance film",United States,English,8.0,tt0409034
6152,The Cheat,1915,,52/100,0,0,1,0,0,"drama film, silent film",United States,English,6.0,tt0005078
6153,The Last Sharknado: It's About Time,2018,16+,52/100,0,0,1,0,0,"comedy film, speculative fiction film, horror film, disaster film",United States,English,3.6,tt8031422
6154,A Snow Capped Christmas,2016,all,52/100,0,0,1,0,0,,,,,
6155,Enigma,1982,7+,52/100,0,0,1,0,0,,,,,
6156,The Zookeeper,2001,all,52/100,0,0,1,0,0,drama film,"Czech Republic, Denmark, United Kingdom",English,6.8,tt0231001
6157,Blood Into Wine,2010,13+,52/100,0,0,1,0,0,documentary film,United States,English,10.0,tt1394383
6158,Be Afraid,2017,16+,52/100,0,0,1,0,0,,,,,
6159,They Call Us Monsters,2016,,52/100,0,0,1,0,0,documentary film,United States,English,5.0,tt5730882
6160,Badmaash Company,2010,all,52/100,0,0,1,0,0,"buddy film, comedy drama",India,Hindi,6.0,tt1602476
6161,The Amazing Quest of Ernest Bliss,1936,,52/100,0,0,1,0,0,romantic comedy,"United Kingdom, United States",English,6.0,tt0027286
6162,The Proud Rebel,1958,7+,52/100,0,0,1,0,0,Western film,United States,English,8.0,tt0052097
6163,"Dancer, Texas Pop. 81",1998,7+,52/100,0,0,1,0,0,comedy drama,United States,English,10.0,tt0118925
6164,The Wedding Year,2019,18+,52/100,0,0,1,0,0,romantic comedy,United States,English,6.0,tt8367184
6165,Judge Priest,1934,,52/100,0,0,1,0,0,"comedy drama, comedy film",United States,English,6.0,tt0025335
6166,Healing Voices,2016,,52/100,0,0,1,0,0,"documentary film, drama film",,,9.2,tt4082606
6167,Walkaway Joe,2020,,52/100,0,0,1,0,0,"action film, drama film, sport film",United States,,4.0,tt4427800
6168,Cezanne and I,2016,18+,52/100,0,0,1,0,0,"drama film, biographical film",France,French,5.0,tt5078354
6169,Trois 2: Pandora's Box,2002,18+,52/100,0,0,1,0,0,erotic thriller,United States,English,4.8,tt0285869
6170,The True Adventures of Wolfboy,2019,13+,52/100,0,0,1,0,0,,United States,English,7.0,tt7262384
6171,Some Freaks,2016,,52/100,0,0,1,0,0,,United States,English,8.0,tt3283864
6172,Bodysong,2003,,52/100,0,0,1,0,0,documentary film,United Kingdom,English,10.0,tt0349154
6173,The White Knights,2016,,52/100,0,0,1,0,0,drama film,"Belgium, France",French,7.0,tt3597510
6174,Frances Ferguson,2019,,52/100,0,0,1,0,0,,,,8.0,tt9613316
6175,My Name Is Salt,2013,,52/100,0,0,1,0,0,documentary film,"Switzerland, India",German,8.0,tt3276852
6176,Saints and Soldiers: The Void,2014,13+,52/100,0,0,1,0,0,drama film,United States,English,8.0,tt1270114
6177,Merry Kissmas,2015,,52/100,0,0,1,0,0,,,,,
6178,How Sarah Got Her Wings,2015,,52/100,0,0,1,0,0,,,,,
6179,The Lady Vanishes,2013,7+,52/100,0,0,1,0,0,"thriller film, comedy thriller, crime film, detective film",United Kingdom,"English, German, French",9.0,tt0030341
6180,Last of the Renegades,1964,,52/100,0,0,1,0,0,Western film,"France, Germany, Yugoslavia",German,7.0,tt0058751
6181,Bloody Tie,2006,,52/100,0,0,1,0,0,"neo-noir, action film",South Korea,Korean,9.0,tt0816437
6182,Magamuni,2019,,52/100,0,0,1,0,0,thriller film,India,Tamil,9.0,tt10370932
6183,Kalank,2019,,52/100,0,0,1,0,0,drama film,India,Hindi,7.0,tt6988116
6184,Sophie and the Rising Sun,2016,18+,52/100,0,0,1,0,0,drama film,United States,English,8.0,tt4532818
6185,Crazy Kind of Love,2013,18+,52/100,0,0,1,0,0,"romantic comedy, comedy drama, film based on literature",United States,English,8.0,tt1946310
6186,TransMilitary,2018,16+,52/100,0,0,1,0,0,,United States,,1.0,tt7297156
6187,Max Cloud,2020,13+,52/100,0,0,1,0,0,"comedy film, action film, science fiction film",United Kingdom,English,6.0,tt9472532
6188,Molokai: The Story of Father Damien,1999,7+,52/100,0,0,1,0,0,biographical film,Belgium,English,6.9,tt0165196
6189,Ponmagal Vandhal,2020,,52/100,0,0,1,0,0,legal drama,India,Tamil,7.0,tt10692888
6190,Jaanu,2020,,52/100,0,0,1,0,0,,,,,
6191,Kaappaan,2019,,52/100,0,0,1,0,0,action thriller,India,Tamil,6.0,tt8411144
6192,Dhadak,2018,,52/100,0,0,1,0,0,"drama film, romance film",India,Hindi,5.0,tt7638344
6193,RX 100,2018,all,52/100,0,0,1,0,0,independent film,India,Telugu,6.9,tt8665746
6194,George Reddy,2019,,52/100,0,0,1,0,0,"biographical film, action film",India,Telugu,3.0,tt11189056
6195,Sand Castles,2016,,52/100,0,0,1,0,0,"independent film, drama film",United States,English,5.7,tt2233170
6196,Louise by the Shore,2016,,52/100,0,0,1,0,0,,,,,
6197,Pyaar Impossible!,2010,7+,52/100,0,0,1,0,0,"romantic comedy, romance film",India,Hindi,9.0,tt1351224
6198,Bad Ben,2016,18+,52/100,0,0,1,0,0,,United States,,8.0,tt6269810
6199,Mad to Be Normal,2017,,52/100,0,0,1,0,0,drama film,United Kingdom,English,5.0,tt4687410
6200,Raja the Great,2017,all,52/100,0,0,1,0,0,action film,India,Kannada,1.0,tt7322850
6201,Free Ride,2013,18+,52/100,0,0,1,0,0,"pornographic film, silent film",United States,,7.0,tt0218277
6202,Blood Tea and Red String,2006,,52/100,0,0,1,0,0,,,,,
6203,Eh Janam Tumhare Lekhe,2015,,52/100,0,0,1,0,0,biographical film,India,Punjabi,9.0,tt4280824
6204,Four Kids and It,2020,7+,52/100,0,0,1,0,0,"fantasy film, family film","United Kingdom, Ireland",English,1.0,tt5556054
6205,Led Zeppelin: Dazed & Confused,2009,,52/100,0,0,1,0,0,,,,3.0,tt1691330
6206,True Crime,1996,18+,52/100,0,0,1,0,0,"thriller film, drama film, crime film",United States,English,8.0,tt0114736
6207,Manikarnika: The Queen of Jhansi,2019,,52/100,0,0,1,0,0,"drama film, action film",India,Hindi,9.0,tt6903440
6208,Masterminds,1997,13+,52/100,0,0,1,0,0,action comedy film,United States,English,5.0,tt0119630
6209,Lethal Seduction,2015,16+,52/100,0,0,1,0,0,,,,,
6210,The Ultimate Life,2013,7+,52/100,0,0,1,0,0,,United States,English,7.0,tt1778924
6211,The Rainbow,1989,18+,52/100,0,0,1,0,0,"drama film, LGBT-related film",United Kingdom,English,7.0,tt0098165
6212,40 Carats,1973,7+,52/100,0,0,1,0,0,romantic comedy,United States,English,7.0,tt0070068
6213,Generation Aami,2018,,52/100,0,0,1,0,0,drama film,India,Bangla,10.0,tt9389802
6214,Motorama,1991,18+,52/100,0,0,1,0,0,"crime thriller film, science fiction film, fantasy film, mystery film",United States,English,6.3,tt0104922
6215,Stay Cool,2009,13+,52/100,0,0,1,0,0,comedy film,United States,English,4.0,tt1235807
6216,The Dark Red,2020,,52/100,0,0,1,0,0,thriller film,United States,English,5.0,tt5160614
6217,Bhaagamathie,2018,all,52/100,0,0,1,0,0,thriller film,India,Telugu,5.0,tt6727296
6218,The Snow Queen 2: Refreeze,2014,7+,52/100,0,0,1,0,0,,,,,
6219,Falaknuma Das,2019,18+,52/100,0,0,1,0,0,drama film,India,Telugu,7.0,tt9799984
6220,Death Clique,2014,7+,52/100,0,0,1,0,0,"drama film, crime film, mystery film",United States,English,1.0,tt3509114
6221,Night Comes On,2018,18+,52/100,0,0,1,0,0,drama film,United States,English,6.0,tt7184124
6222,The Special,2020,,52/100,0,0,1,0,0,,,,,
6223,Andover,2018,16+,52/100,0,0,1,0,0,,,,,
6224,Betting On The Bride,2017,7+,52/100,0,0,1,0,0,,,,3.0,tt7429362
6225,The Iron Mask,1929,,52/100,0,0,1,0,0,"drama film, silent film, film based on a novel, swashbuckler film",United States,English,10.0,tt0020030
6226,Laaga Chunari Mein Daag - Journey of A Woman,2007,13+,52/100,0,0,1,0,0,,,,,
6227,Anina,2013,,52/100,0,0,1,0,0,,,,,
6228,Virtual Revolution,2016,,52/100,0,0,1,0,0,"science fiction film, crime film","United States, France",,8.0,tt4054004
6229,Hunt to Kill,2010,18+,52/100,0,0,1,0,0,action film,Canada,English,5.0,tt1563719
6230,Enchantment,1948,,52/100,0,0,1,0,0,,,,,
6231,Charlie & Boots,2009,,52/100,0,0,1,0,0,comedy film,Australia,English,7.0,tt1276110
6232,Everything Is Free,2017,,52/100,0,0,1,0,0,,,,,
6233,Call Her Ganda,2018,,52/100,0,0,1,0,0,,,,,
6234,Mujhse Fraaandship Karoge,2011,7+,52/100,0,0,1,0,0,"drama film, romance film, romantic comedy",India,Hindi,7.0,tt2057441
6235,A Most Beautiful Thing,2020,,52/100,0,0,1,0,0,documentary film,United States,English,7.0,tt11541324
6236,Crossworlds,1996,13+,52/100,0,0,1,0,0,"science fiction action film, science fiction film, adventure film",United States,English,5.0,tt0115985
6237,Tashan,2008,7+,52/100,0,0,1,0,0,action film,India,Hindi,3.9,tt0995752
6238,Atlas Shrugged: Part III,2014,13+,52/100,0,0,1,0,0,"science fiction film, drama film, mystery film, dystopian film",United States,English,2.0,tt2800038
6239,Youth in Oregon,2017,,52/100,0,0,1,0,0,"comedy drama, drama film",United States,English,6.0,tt3687316
6240,The Myth of Fingerprints,1997,18+,52/100,0,0,1,0,0,"comedy drama, drama film",United States,English,7.0,tt0119746
6241,Chris Porter: Ugly and Angry,2014,,52/100,0,0,1,0,0,,,,,
6242,Something Ventured,2011,7+,52/100,0,0,1,0,0,documentary film,United States,English,7.0,tt1737747
6243,Little White Lie,2014,,51/100,0,0,1,0,0,,,,10.0,tt2088865
6244,Alyce Kills,2011,,51/100,0,0,1,0,0,horror film,United States,English,7.0,tt1680051
6245,Mully,2015,7+,51/100,0,0,1,0,0,,,,10.0,tt3379352
6246,The Angry Red Planet,1959,,51/100,0,0,1,0,0,"science fiction film, action film, monster film, adventure film",United States,English,6.0,tt0052564
6247,Big Legend,2018,,51/100,0,0,1,0,0,,United States,,3.0,tt6409762
6248,BloodRayne,2005,18+,51/100,0,0,1,0,0,"action film, horror film, monster film, vampire film","Germany, United States",English,2.0,tt0383222
6249,Snow White,1987,7+,51/100,0,0,1,0,0,"romance film, fantasy film, silent film",United States,,6.2,tt0007361
6250,The Deadly Companions,1961,13+,51/100,0,0,1,0,0,Western film,United States,English,4.0,tt0054795
6251,Johnny Frank Garrett's Last Word,2016,,51/100,0,0,1,0,0,,United States,English,6.0,tt2836628
6252,Mikey,1992,18+,51/100,0,0,1,0,0,,,,,
6253,Birthday Wonderland,2019,,51/100,0,0,1,0,0,,,,,
6254,Iceberg,2005,,51/100,0,0,1,0,0,,,,,
6255,The Wise Kids,2011,,51/100,0,0,1,0,0,"drama film, LGBT-related film",United States,English,4.0,tt1717724
6256,Emma's Chance,2016,7+,51/100,0,0,1,0,0,,United States,English,9.0,tt4948040
6257,Meet Wally Sparks,1997,18+,51/100,0,0,1,0,0,comedy film,United States,English,5.2,tt0119644
6258,John Leguizamo: Ghetto Klown,2014,18+,51/100,0,0,1,0,0,,,,,
6259,Beyond the Mask,2015,7+,51/100,0,0,1,0,0,Christian film,United States,English,6.0,tt2433040
6260,The Cry of the Owl,2009,18+,51/100,0,0,1,0,0,"drama film, crime thriller film, crime film, film based on a novel","United Kingdom, France, Canada",English,8.0,tt1034302
6261,Left Behind: World at War,2005,13+,51/100,0,0,1,0,0,"drama film, fantasy film, film based on a novel, action film",United States,English,7.0,tt0443567
6262,Fortress 2,2000,18+,51/100,0,0,1,0,0,"action film, science fiction film, adventure film, prison film","United States, Luxembourg",English,4.5,tt0179183
6263,Waiting for Lightning,2012,13+,51/100,0,0,1,0,0,,,,10.0,tt1754853
6264,Stealing Cars,2016,18+,51/100,0,0,1,0,0,"drama film, crime film",United States,English,7.0,tt3353060
6265,Dirty Pictures,2010,13+,51/100,0,0,1,0,0,,,,5.0,tt1592855
6266,I Hate Kids,2019,13+,51/100,0,0,1,0,0,,United States,English,6.0,tt5969180
6267,Extreme Movie,2008,18+,51/100,0,0,1,0,0,"teen film, comedy film, LGBT-related film",United States,English,3.7,tt0806147
6268,When We Last Spoke,2020,7+,51/100,0,0,1,0,0,,,,,
6269,Back to Christmas,2014,7+,51/100,0,0,1,0,0,,,,,
6270,Unfinished Sky,2007,,51/100,0,0,1,0,0,drama film,Australia,English,7.0,tt0838231
6271,Satanic,2016,18+,51/100,0,0,1,0,0,"horror film, Satanic film",United States,English,7.0,tt4796122
6272,Wildflower,2016,13+,51/100,0,0,1,0,0,"romance film, silent film, drama film",United States,,6.2,tt0004816
6273,The Visitors,1972,18+,51/100,0,0,1,0,0,drama film,United States,English,5.0,tt0069466
6274,Year of the Gun,1991,18+,51/100,0,0,1,0,0,"action film, film based on a novel, political thriller film",United States,English,8.0,tt0103303
6275,The Identical,2014,7+,51/100,0,0,1,0,0,"musical film, drama film",United States,English,7.0,tt2326574
6276,Walwal,2018,,51/100,0,0,1,0,0,,,,,
6277,10 Minutes Gone,2019,18+,51/100,0,0,1,0,0,independent film,"Ireland, United States, Canada",English,1.0,tt8809652
6278,Cannibal Women in the Avocado Jungle of Death,1989,13+,51/100,0,0,1,0,0,"parody film, comedy horror, cannibal film, comedy film",United States,English,4.8,tt0094834
6279,Sólo mía,2001,,51/100,0,0,1,0,0,drama film,Spain,Spanish,7.0,tt0303120
6280,I Am Not Madame Bovary,2016,,51/100,0,0,1,0,0,drama film,People's Republic of China,Chinese,6.0,tt5918090
6281,Fiddler: A Miracle of Miracles,2019,13+,51/100,0,0,1,0,0,documentary film,United States,,5.0,tt10003978
6282,100 Days to Live,2019,,51/100,0,0,1,0,0,,United States,,6.0,tt10949778
6283,The Gospel of John,2014,,51/100,0,0,1,0,0,,,,9.0,tt3454828
6284,Tart,2001,18+,51/100,0,0,1,0,0,,,,,
6285,A Little Bit Zombie,2012,18+,51/100,0,0,1,0,0,"comedy horror, zombie film",Canada,English,6.0,tt1912982
6286,Picture Day,2012,18+,51/100,0,0,1,0,0,comedy film,Canada,English,6.2,tt2083294
6287,Some Voices,2000,,51/100,0,0,1,0,0,comedy drama,United Kingdom,English,6.6,tt0218616
6288,Bad Asses on the Bayou,2015,18+,51/100,0,0,1,0,0,"drama film, action film",United States,English,3.0,tt3525346
6289,Dark Tide,2012,13+,51/100,0,0,1,0,0,"action film, thriller film, horror film, adventure film","South Africa, United States, United Kingdom",English,4.0,tt1507563
6290,A Good Man,2014,18+,51/100,0,0,1,0,0,"crime film, action film",United States,English,1.0,tt3480556
6291,Another Mother's Son,2017,,51/100,0,0,1,0,0,drama film,United Kingdom,English,9.0,tt5193790
6292,Virginia,2010,18+,51/100,0,0,1,0,0,,,,,
6293,Raam,2005,,51/100,0,0,1,0,0,,,,,
6294,Hansel and Gretel,1988,,51/100,0,0,1,0,0,"horror film, drama film",South Korea,Korean,8.0,tt1002567
6295,Gladiators of Rome,2012,7+,51/100,0,0,1,0,0,,,,,
6296,A Mile in His Shoes,2011,7+,51/100,0,0,1,0,0,,,,,
6297,Third Man Out,2005,18+,51/100,0,0,1,0,0,,,,,
6298,100 Women,2002,18+,51/100,0,0,1,0,0,romantic comedy,United States,English,7.0,tt0265010
6299,Santa Claus,1993,,51/100,0,0,1,0,0,"children's film, fantasy film, Christmas film","United Kingdom, United States",English,6.3,tt0089961
6300,Nota,2018,,51/100,0,0,1,0,0,,,,,
6301,Eddie Griffin: You Can Tell 'Em I Said It,2011,18+,51/100,0,0,1,0,0,"comedy film, stand-up comedy",United States,English,10.0,tt1772263
6302,Ride The Thunder,2015,13+,51/100,0,0,1,0,0,,,,7.0,tt3748718
6303,Little Red Wagon,2012,7+,51/100,0,0,1,0,0,"documentary film, docudrama",United States,,10.0,tt1614430
6304,My Name Was Bette: The Life and Death of an Alcoholic,2011,,51/100,0,0,1,0,0,,,,,
6305,Daddy,2015,,51/100,0,0,1,0,0,,,,,
6306,Yeh Dillagi,1994,all,51/100,0,0,1,0,0,romance film,India,Hindi,7.0,tt0111793
6307,Man in the Attic,1953,,51/100,0,0,1,0,0,"mystery film, film noir, drama film, horror film",United States,English,7.0,tt0047209
6308,A Beginner's Guide to Endings,2010,18+,51/100,0,0,1,0,0,"drama film, comedy film","Canada, United States",English,9.0,tt1516002
6309,Big Kill,2019,18+,51/100,0,0,1,0,0,,United States,,8.0,tt7730102
6310,Elsewhere,2020,18+,51/100,0,0,1,0,0,"thriller film, horror film",United States,English,2.0,tt0874271
6311,Rock the Casbah,2013,all,51/100,0,0,1,0,0,"drama film, comedy film, comedy drama","France, Morocco","French, Arabic, English",6.5,tt2524568
6312,What the Constitution Means to Me,2020,,51/100,0,0,1,0,0,,,,,
6313,Across the Tracks,1991,18+,51/100,0,0,1,0,0,"drama film, action film",United States,English,5.8,tt0101268
6314,Christmas in Mississippi,2017,7+,51/100,0,0,1,0,0,,,,,
6315,Smash-Up: The Story of a Woman,1947,,51/100,0,0,1,0,0,"drama film, romance film",United States,English,7.0,tt0039840
6316,Born Invincible,1978,,51/100,0,0,1,0,0,kung fu film,"Taiwan, Hong Kong",Mandarin,8.0,tt0077262
6317,American Dreamer,2019,18+,51/100,0,0,1,0,0,"romantic comedy, comedy thriller",United States,English,8.0,tt0086886
6318,You Cast A Spell On Me,2015,,51/100,0,0,1,0,0,family film,United States,English,10.0,tt4789290
6319,Night of the Running Man,1995,18+,51/100,0,0,1,0,0,crime film,United States,English,6.0,tt0110668
6320,The Source of Shadows,2020,,51/100,0,0,1,0,0,,,,,
6321,Discreet,2008,,51/100,0,0,1,0,0,"LGBT-related film, drama film",United States,English,10.0,tt6099416
6322,Vendetta,2015,18+,51/100,0,0,1,0,0,,,,,
6323,The Cowboy and the Lady,1938,,51/100,0,0,1,0,0,"romantic comedy, drama film",United States,English,7.0,tt0030018
6324,Double Daddy,2015,16+,51/100,0,0,1,0,0,drama film,United States,English,1.0,tt4733736
6325,Bad Kids of Crestview Academy,2017,18+,51/100,0,0,1,0,0,comedy horror,United States,English,4.7,tt3349578
6326,Walter,2015,18+,51/100,0,0,1,0,0,,,,,
6327,Dirtbag: The Legend of Fred Beckey,2017,,51/100,0,0,1,0,0,documentary film,,,6.0,tt6861980
6328,Borsalino and Co.,1974,13+,51/100,0,0,1,0,0,crime film,"France, Italy, Germany",French,6.0,tt0071241
6329,Kabul Express,2006,7+,51/100,0,0,1,0,0,"drama film, thriller film, comedy film, road movie",India,Hindi,8.0,tt0770214
6330,Angels in the Snow,2015,,51/100,0,0,1,0,0,,,,,
6331,Into the Sun,2005,18+,51/100,0,0,1,0,0,"action film, martial arts film","United States, Japan","Japanese, English",4.3,tt0358294
6332,Tattoo Nation,2013,,51/100,0,0,1,0,0,,,,,
6333,Make Believe,2011,,51/100,0,0,1,0,0,,,,,
6334,The Christmas Candle,2013,7+,51/100,0,0,1,0,0,"Christmas film, film based on a novel, fantasy film","United States, United Kingdom",English,6.3,tt2739338
6335,Married by Christmas,2016,7+,51/100,0,0,1,0,0,,,,,
6336,Plug Love,2017,18+,51/100,0,0,1,0,0,,,,,
6337,Orphan,2017,,51/100,0,0,1,0,0,,,,,
6338,Burden,2016,,51/100,0,0,1,0,0,,,,,
6339,Funny Cow,2018,,51/100,0,0,1,0,0,comedy drama,United Kingdom,English,7.0,tt3814808
6340,Elon Musk: The Real Life Iron Man,2018,7+,51/100,0,0,1,0,0,,,,6.0,tt9219848
6341,Albion: The Enchanted Stallion,2016,7+,51/100,0,0,1,0,0,comedy film,United States,English,7.0,tt4518260
6342,Songwriter,1984,18+,51/100,0,0,1,0,0,"drama film, musical film",United States,English,7.0,tt0088153
6343,Mah e Mir,2016,,51/100,0,0,1,0,0,"drama film, biographical film",Pakistan,Urdu,7.0,tt5164436
6344,The Incredible Story of the Giant Pear,2017,,51/100,0,0,1,0,0,"family film, animated film",Denmark,,9.0,tt7006206
6345,Twilight Zone: Rod Serling's Lost Classics,1994,,51/100,0,0,1,0,0,,,,,
6346,Love's Kitchen,2011,13+,51/100,0,0,1,0,0,"romance film, comedy film, drama film",United Kingdom,English,2.0,tt1519663
6347,Second in Command,2006,18+,51/100,0,0,1,0,0,"action film, thriller film, war film, political thriller film",United States,English,5.0,tt0458471
6348,The Odds,2019,,51/100,0,0,1,0,0,,,,5.0,tt1783392
6349,Room 6,2006,,51/100,0,0,1,0,0,horror film,United States,English,1.0,tt0451187
6350,You and I,2011,18+,51/100,0,0,1,0,0,Korean drama,South Korea,Korean,7.0,tt5229140
6351,The Girl from Monaco,2008,18+,51/100,0,0,1,0,0,comedy drama,France,French,6.0,tt1139800
6352,A Cowgirl's Story,2017,7+,51/100,0,0,1,0,0,independent film,United States,English,10.0,tt5704912
6353,Story,1983,,51/100,0,0,1,0,0,,,,,
6354,Mitron,2018,,51/100,0,0,1,0,0,romantic comedy,India,Hindi,6.0,tt8852558
6355,Bullet Boy,2004,18+,51/100,0,0,1,0,0,"crime film, drama film, hood film","United Kingdom, United States",English,7.0,tt0385568
6356,A Nutcracker Christmas,2016,all,51/100,0,0,1,0,0,,,,,
6357,Christmas on the Bayou,2013,7+,51/100,0,0,1,0,0,,,,,
6358,Holly's Holiday,2012,16+,51/100,0,0,1,0,0,,,,,
6359,Mere Yaar Ki Shaadi Hai,2002,all,51/100,0,0,1,0,0,"musical film, drama film, romance film",India,Hindi,2.0,tt0322653
6360,Kindred Spirits,2019,,51/100,0,0,1,0,0,,,,,
6361,Top of the Food Chain,1999,13+,51/100,0,0,1,0,0,"science fiction comedy, comedy horror, parody film",Canada,English,6.0,tt0159797
6362,Summer Night,2019,,51/100,0,0,1,0,0,,,,,
6363,Till Human Voices Wake Us,2002,18+,51/100,0,0,1,0,0,drama film,Australia,English,6.3,tt0240980
6364,The Mothman of Point Pleasant,2017,,50/100,0,0,1,0,0,,,,7.0,tt6417144
6365,Out of Time,2019,,50/100,0,0,1,0,0,"crime thriller film, crime film, drama film",United States,English,6.5,tt0313443
6366,The Black Velvet Gown,1993,,50/100,0,0,1,0,0,,,,,
6367,Tubelight,2017,,50/100,0,0,1,0,0,"action film, drama film",India,Hindi,8.0,tt5882970
6368,Left Behind II: Tribulation Force,2002,13+,50/100,0,0,1,0,0,"film based on a novel, drama film, fantasy film",Canada,English,4.9,tt0283644
6369,See You Soon,2019,18+,50/100,0,0,1,0,0,drama film,United States,Russian,5.0,tt7216068
6370,Mariah Carey's All I Want for Christmas Is You,2017,all,50/100,0,0,1,0,0,Christmas film,United States,English,6.0,tt6678950
6371,Spinster,2020,7+,50/100,0,0,1,0,0,,Canada,English,6.0,tt8452136
6372,Love's Last Resort,2017,,50/100,0,0,1,0,0,"romantic comedy, comedy drama",United States,English,5.5,tt6398360
6373,The Go-Between,2015,,50/100,0,0,1,0,0,"romance film, flashback film, drama film, film based on a novel",United Kingdom,English,8.0,tt0067144
6374,Gehenna: Where Death Lives,2016,18+,50/100,0,0,1,0,0,horror film,United States,English,5.0,tt4499228
6375,The Kid from Brooklyn,1946,,50/100,0,0,1,0,0,boxing film,United States,English,6.0,tt0038668
6376,Trading Paint,2019,18+,50/100,0,0,1,0,0,"action film, drama film",United States,English,5.0,tt7052494
6377,Pablo Francisco: Ouch!,2006,7+,50/100,0,0,1,0,0,,,,,
6378,The C-Word,2015,,50/100,0,0,1,0,0,documentary film,United States,English,10.0,tt5212792
6379,Befikre,2016,13+,50/100,0,0,1,0,0,romantic comedy,India,Hindi,5.0,tt5108476
6380,Kroos,2019,,50/100,0,0,1,0,0,documentary film,Germany,German,10.0,tt10375886
6381,Yearly Departed,2020,,50/100,0,0,1,0,0,,,,,
6382,Dynamite Warrior,2006,,50/100,0,0,1,0,0,"fantasy film, martial arts film, action film",Thailand,Thai,6.0,tt0963915
6383,The Dust Factory,2004,7+,50/100,0,0,1,0,0,"fantasy film, drama film, family film",United States,English,5.0,tt0329030
6384,Dancing with Maria,2014,,50/100,0,0,1,0,0,documentary film,Italy,Spanish,6.8,tt3984304
6385,The Living Sea,1995,,50/100,0,0,1,0,0,nature documentary,United States,English,10.0,tt0113676
6386,Mike Epps: Under Rated & Never Faded,2009,,50/100,0,0,1,0,0,stand-up comedy,United States,English,10.0,tt1636817
6387,Aadai,2019,,50/100,0,0,1,0,0,thriller film,India,Tamil,6.0,tt8944398
6388,Padi Padi Leche Manasu,2018,,50/100,0,0,1,0,0,romance film,India,Telugu,7.0,tt8093952
6389,Two Step,2015,,50/100,0,0,1,0,0,crime film,United States,English,10.0,tt3288948
6390,Grimm Love,2006,18+,50/100,0,0,1,0,0,"thriller film, LGBT-related film, drama film, horror film",Germany,English,7.0,tt0448400
6391,Speed Kills,2018,18+,50/100,0,0,1,0,0,"thriller film, drama film, crime film, action film",United States,,2.0,tt6749318
6392,Big Sur,2013,18+,50/100,0,0,1,0,0,"biographical film, film based on literature, drama film",United States,English,5.0,tt1462411
6393,Yellow,2006,18+,50/100,0,0,1,0,0,,,,,
6394,Happy Birthday,2016,18+,50/100,0,0,1,0,0,drama film,Brazil,Brazilian Portuguese,,tt8883028
6395,Down the Shore,2011,18+,50/100,0,0,1,0,0,thriller film,United States,English,7.0,tt1155060
6396,The Legion,2020,18+,50/100,0,0,1,0,0,,,,,
6397,Heatstroke,2013,18+,50/100,0,0,1,0,0,"drama film, action film",United States,English,6.0,tt3663040
6398,Field of Lost Shoes,2015,13+,50/100,0,0,1,0,0,"war film, drama film",United States,English,7.0,tt2477218
6399,Doc,1971,18+,50/100,0,0,1,0,0,,,,,
6400,Blood Brother,2018,18+,50/100,0,0,1,0,0,documentary film,United States,"English, Tamil",8.0,tt2265179
6401,The Last Days of Lehman Brothers,2009,16+,50/100,0,0,1,0,0,,,,,
6402,33 & Beyond: The Royal Art of Freemasonry,2017,,50/100,0,0,1,0,0,documentary film,United States,English,8.0,tt5265492
6403,Stalked by My Doctor,2015,13+,50/100,0,0,1,0,0,,,,,
6404,Jogwa - The Awakening,2009,,50/100,0,0,1,0,0,,,,,
6405,The Pond,2021,,50/100,0,0,1,0,0,,,,,
6406,They Reach,2020,,50/100,0,0,1,0,0,,,,7.0,tt6483422
6407,"Westwood: Punk, Icon, Activist",2018,,50/100,0,0,1,0,0,documentary film,England,English,7.0,tt4378628
6408,Trouble at Timpetill,2008,,50/100,0,0,1,0,0,"fantasy film, adventure film","France, Belgium, Luxembourg",French,3.0,tt0953382
6409,Hide and Seek,2000,18+,50/100,0,0,1,0,0,"horror film, mystery film, thriller film, drama film",United States,English,6.0,tt0382077
6410,The Little Traitor,2009,7+,50/100,0,0,1,0,0,"independent film, drama film, family film","Israel, United States","English, Hebrew",10.0,tt0818170
6411,Kaatrin Mozhi,2018,,50/100,0,0,1,0,0,comedy drama,India,Tamil,1.0,tt8303588
6412,The Role,2013,,50/100,0,0,1,0,0,"historical drama, drama film","Russia, Finland, Belarus",Russian,9.0,tt2972828
6413,Who Gets the Dog?,2016,7+,50/100,0,0,1,0,0,"comedy film, romantic comedy",United States,English,10.0,tt1949605
6414,The Hero of Color City,2014,all,50/100,0,0,1,0,0,adventure film,United States,English,8.0,tt0498351
6415,Britt-Marie Was Here,2019,7+,50/100,0,0,1,0,0,drama film,Sweden,Swedish,8.0,tt8103160
6416,Thomas & Friends: Tale of the Brave: The Movie,2014,all,50/100,0,0,1,0,0,,,,,
6417,Sound! Euphonium the Movie - Our Promise: A Brand New Day,2019,,50/100,0,0,1,0,0,,,,,
6418,Maya the Bee: The Honey Games,2018,all,50/100,0,0,1,0,0,"adventure film, comedy film, film based on literature","Germany, Australia","English, German",6.0,tt6685596
6419,One Special Night,1999,7+,50/100,0,0,1,0,0,,,,,
6420,Dragon Eyes,2012,18+,50/100,0,0,1,0,0,"action film, martial arts film",United States,English,4.0,tt1735862
6421,Introspectum Motel,2021,,50/100,0,0,1,0,0,,,,,
6422,Drive Thru,2007,18+,50/100,0,0,1,0,0,"slasher film, comedy horror",United States,English,7.0,tt0466766
6423,Hope Lost,2015,18+,50/100,0,0,1,0,0,thriller film,Italy,English,4.0,tt3610576
6424,I Had A Bloody Good Time At House Harker,2016,,50/100,0,0,1,0,0,,,,7.0,tt4779026
6425,Clifford's Really Big Movie,2004,all,50/100,0,0,1,0,0,,,,,
6426,The Second Woman,1950,,50/100,0,0,1,0,0,romance film,People's Republic of China,Standard Chinese,6.0,tt2271555
6427,Mourning Son,2015,,50/100,0,0,1,0,0,,,,,
6428,The Perfect Wedding,2012,,50/100,0,0,1,0,0,"LGBT-related film, Christmas film, drama film",United States,English,7.0,tt2151863
6429,A Christmas Switch,2018,all,50/100,0,0,1,0,0,,,,,
6430,Piccadilly Jim,2004,16+,50/100,0,0,1,0,0,romantic comedy,United Kingdom,English,5.0,tt0371878
6431,Not Forgotten,2009,18+,50/100,0,0,1,0,0,thriller film,United States,English,4.7,tt1127221
6432,Sleepwalker,2017,,50/100,0,0,1,0,0,,,,,
6433,Full Moon High,1981,7+,50/100,0,0,1,0,0,"teen film, comedy horror",United States,English,7.0,tt0082425
6434,The Hollow Child,2018,18+,50/100,0,0,1,0,0,horror film,Canada,English,4.0,tt6464360
6435,Cat Skin,2017,,50/100,0,0,1,0,0,drama film,,English,10.0,tt4264716
6436,The Unnamable,1988,18+,50/100,0,0,1,0,0,"horror film, monster film",United States,English,6.0,tt0096344
6437,Jaanwar,1999,,50/100,0,0,1,0,0,"drama film, action film",India,Hindi,5.0,tt0230347
6438,First Period,2013,,50/100,0,0,1,0,0,,,,,
6439,Christmas Belle,2013,7+,50/100,0,0,1,0,0,,,,,
6440,Attack of the Crab Monsters,1957,,50/100,0,0,1,0,0,"horror film, science fiction film, monster film, teen film",United States,English,7.0,tt0050147
6441,"Stallone: Frank, That Is",2021,,50/100,0,0,1,0,0,documentary film,,,8.0,tt6812404
6442,Hard Luck,2006,18+,50/100,0,0,1,0,0,silent film,United States,,,tt0470322
6443,LolliLove,2004,,50/100,0,0,1,0,0,comedy film,United States,English,10.0,tt0316187
6444,Max Reload and the Nether Blasters,2020,13+,50/100,0,0,1,0,0,"adventure film, comedy film, science fiction film",United States,English,7.0,tt7424290
6445,M.C.A,2017,,50/100,0,0,1,0,0,,,,,
6446,Iceberg Slim: Portrait of a Pimp,2012,18+,50/100,0,0,1,0,0,,,,,
6447,Bottom of the 9th,2019,18+,50/100,0,0,1,0,0,sport film,United States,English,10.0,tt1507002
6448,Half of a Yellow Sun,2013,18+,50/100,0,0,1,0,0,drama film,"United Kingdom, Nigeria",English,9.0,tt2215077
6449,The Gospel of Matthew,2014,,50/100,0,0,1,0,0,,,,,
6450,The Somme,2005,,50/100,0,0,1,0,0,"documentary film, silent film",United Kingdom,English,8.0,tt0018426
6451,A Year in Burgundy,2013,,50/100,0,0,1,0,0,,,,,
6452,Behind Green Lights,1946,,50/100,0,0,1,0,0,"mystery film, crime film",United States,English,8.0,tt0038346
6453,Bad Blood: A Cautionary Tale,2010,,50/100,0,0,1,0,0,"documentary film, LGBT-related film",United States,English,8.2,tt1773294
6454,Aravind SA - Madrasi Da,2017,,50/100,0,0,1,0,0,,,,,
6455,Maximum Ride,2016,13+,50/100,0,0,1,0,0,"action film, adventure film, comedy film, science fiction film",United States,English,3.0,tt0825283
6456,Wilder Napalm,1993,13+,50/100,0,0,1,0,0,romantic comedy,United States,English,5.5,tt0108569
6457,A Deadly Silence,1989,,50/100,0,0,1,0,0,,,,3.0,tt0097169
6458,Ephraim's Rescue,2013,7+,50/100,0,0,1,0,0,biographical film,United States,English,10.0,tt2509298
6459,Bloodlines,2010,,50/100,0,0,1,0,0,,,,,
6460,Gamera vs. Barugon,1966,,50/100,0,0,1,0,0,"science fiction film, fantasy film, kaiju, horror film",Japan,Japanese,5.0,tt0060446
6461,Blood Born,2021,,50/100,0,0,1,0,0,,,,,
6462,Jim Norton: Please Be Offended,2012,18+,50/100,0,0,1,0,0,,,,,
6463,Fresh Dressed,2015,,50/100,0,0,1,0,0,"documentary film, historical film",United States,English,6.0,tt4209900
6464,The Amazing Mr Blunden,1972,all,50/100,0,0,1,0,0,"fantasy film, children's film, mystery film","United Kingdom, Australia",English,10.0,tt0068200
6465,Shadow Puppets,2007,13+,50/100,0,0,1,0,0,horror film,United States,English,5.0,tt0491145
6466,Gamera vs. Gyaos,1967,,50/100,0,0,1,0,0,"science fiction film, fantasy film, kaiju, horror film",Japan,Japanese,5.2,tt0061695
6467,House Hunting,2013,18+,50/100,0,0,1,0,0,"horror film, psychological horror",United States,English,8.0,tt1608368
6468,Darkness Falls,2020,,50/100,0,0,1,0,0,,"Belgium, United States, France",,1.0,tt6647564
6469,Begum Jaan,2017,18+,50/100,0,0,1,0,0,drama film,India,Hindi,8.0,tt5785116
6470,The Art of War II: Betrayal,2008,18+,50/100,0,0,1,0,0,"martial arts film, action film","Canada, United States",English,2.0,tt1233571
6471,The Winter Lake,2020,18+,50/100,0,0,1,0,0,"thriller film, drama film","Ireland, Canada",English,6.0,tt9778348
6472,Allure,2018,,50/100,0,0,1,0,0,"thriller film, drama film, LGBT-related film",Canada,English,1.0,tt6215208
6473,Jake Shimabukuro: Life on Four Strings,2012,,50/100,0,0,1,0,0,,,,,
6474,Interrogation,2016,18+,50/100,0,0,1,0,0,action film,United States,English,5.0,tt4497338
6475,A Girl Like Grace,2015,13+,50/100,0,0,1,0,0,drama film,United States,,1.0,tt3507138
6476,Prisoner X,2016,,50/100,0,0,1,0,0,,,,,
6477,Crazy for Christmas,2005,7+,50/100,0,0,1,0,0,,,,,
6478,Abilene Town,1946,,50/100,0,0,1,0,0,Western film,United States,English,6.0,tt0038284
6479,Jack and Jill vs. The World,2008,13+,50/100,0,0,1,0,0,"romantic comedy, drama film","Canada, United States",English,9.0,tt0475252
6480,Almost Mercy,2015,,49/100,0,0,1,0,0,,,,,
6481,A Million Happy Nows,2017,16+,49/100,0,0,1,0,0,"drama film, romance film, LGBT-related film",United States,English,10.0,tt4109632
6482,Run for the Sun,1956,,49/100,0,0,1,0,0,"adventure film, action film, drama film",United States,English,6.0,tt0049696
6483,The Magnetic Monster,1953,,49/100,0,0,1,0,0,science fiction film,United States,English,5.8,tt0046026
6484,Ardab Mutiyaran,2019,,49/100,0,0,1,0,0,,India,Punjabi,9.0,tt11122316
6485,Happy Go Lovely,1951,,49/100,0,0,1,0,0,"romantic comedy, musical film",United Kingdom,English,7.0,tt0043618
6486,Summer,2008,,49/100,0,0,1,0,0,,,,,
6487,Impact After the Crash,2013,,49/100,0,0,1,0,0,,,,9.0,tt2076229
6488,A Haunting on Dice Road: The Hell House,2016,,49/100,0,0,1,0,0,,,,6.0,tt7676138
6489,"Goodbye, Butterfly",2021,,49/100,0,0,1,0,0,,,,4.0,tt11410238
6490,Commando 2 - The Black Money Trail,2017,,49/100,0,0,1,0,0,,,,,
6491,The Village of No Return,2017,,49/100,0,0,1,0,0,action comedy film,"People's Republic of China, Taiwan","Putonghua, Standard Taiwanese Mandarin",6.0,tt6461526
6492,Teen Lust,2014,18+,49/100,0,0,1,0,0,horror film,Canada,English,7.0,tt1718915
6493,Antarctica,2020,,49/100,0,0,1,0,0,,,,,
6494,Frankenstein,2004,18+,49/100,0,0,1,0,0,"horror film, science fiction film, drama film, adventure film","United States, Mexico, United Kingdom",English,7.0,tt1312221
6495,Soulless 2,2015,,49/100,0,0,1,0,0,drama film,Russia,Russian,6.0,tt3136646
6496,Tom Papa: Freaked Out,2013,16+,49/100,0,0,1,0,0,,,,,
6497,The Jack in the Box,2020,,49/100,0,0,1,0,0,"horror film, Satanic film",United Kingdom,English,3.0,tt10645682
6498,Keiko The Untold Story of the Star of Free Willy,2013,,49/100,0,0,1,0,0,,,,,
6499,The Monkey's Paw,2013,,49/100,0,0,1,0,0,horror film,United States,English,4.0,tt2513092
6500,The Creepy Line,2018,,49/100,0,0,1,0,0,documentary film,,,9.0,tt8896670
6501,Hotel Splendide,2000,,49/100,0,0,1,0,0,"black comedy film, horror film",United Kingdom,English,6.2,tt0177845
6502,Kathleen Madigan: Madigan Again,2013,,49/100,0,0,1,0,0,,,,,
6503,Embryo,1976,7+,49/100,0,0,1,0,0,,,,,
6504,Incognito,2009,,49/100,0,0,1,0,0,,,,,
6505,Talent for the Game,1991,7+,49/100,0,0,1,0,0,comedy film,United States,English,9.0,tt0103036
6506,Piggy,2012,18+,49/100,0,0,1,0,0,drama film,Spain,Spanish,7.0,tt8286974
6507,Highlander: The Source,2007,18+,49/100,0,0,1,0,0,"fantasy film, adventure film, dystopian film, action film","United States, Lithuania, United Kingdom",English,2.0,tt0299981
6508,The North Star,1943,,49/100,0,0,1,0,0,"war film, propaganda film, drama film, romance film",United States,English,6.0,tt0036217
6509,Sunshine Hotel,2001,,49/100,0,0,1,0,0,,,,,
6510,Meet My Valentine,2015,7+,49/100,0,0,1,0,0,,United States,English,9.0,tt4255274
6511,Love & Hostages,2016,18+,49/100,0,0,1,0,0,,,,,
6512,Christmas Do-Over,2006,7+,49/100,0,0,1,0,0,,,,,
6513,Romans,2017,18+,49/100,0,0,1,0,0,,,,,
6514,One True Love,2008,,49/100,0,0,1,0,0,"romance film, drama film",Philippines,Filipino,7.0,tt1210341
6515,Act Naturally,2011,,49/100,0,0,1,0,0,,,,,
6516,Cowgirls n' Angels,2012,7+,49/100,0,0,1,0,0,children's film,United States,English,8.0,tt1894561
6517,Abducted: Fugitive for Love,2007,16+,49/100,0,0,1,0,0,,,,,
6518,Tom Papa: Human Mule,2016,16+,49/100,0,0,1,0,0,,,,,
6519,What Haunts Us,2017,18+,49/100,0,0,1,0,0,,,,,
6520,The Beast And The Beauty,2005,,49/100,0,0,1,0,0,romantic comedy,South Korea,Korean,8.0,tt0485553
6521,The Ultimate Legacy,2015,7+,49/100,0,0,1,0,0,,United States,English,7.0,tt4738238
6522,The Fabulous Allan Carr,2017,,49/100,0,0,1,0,0,documentary film,United States,English,9.0,tt4704904
6523,Off The Menu,2018,,49/100,0,0,1,0,0,,,,7.0,tt6140580
6524,A Breed Apart,1984,18+,49/100,0,0,1,0,0,drama film,United States,English,8.0,tt0087001
6525,The Liberation of L.B. Jones,1970,18+,49/100,0,0,1,0,0,"drama film, crime film",United States,English,7.0,tt0065979
6526,What Remains,2005,,49/100,0,0,1,0,0,"mystery film, thriller film, drama film",United States,English,7.0,tt11245850
6527,The Mystery of a Hansom Cab,2012,16+,49/100,0,0,1,0,0,film based on a novel,Australia,,10.0,tt2174072
6528,Food and Shelter,2015,,49/100,0,0,1,0,0,drama film,Spain,Spanish,6.0,tt4572998
6529,The Perils of Pauline,1947,,49/100,0,0,1,0,0,comedy film,United States,English,6.0,tt0039698
6530,Enai Noki Paayum Thota,2019,,49/100,0,0,1,0,0,romantic thriller,India,Tamil,5.5,tt5483626
6531,Little Annie Rooney,1925,,49/100,0,0,1,0,0,"comedy drama, silent film",United States,,9.0,tt0016028
6532,A Year and Change,2015,,49/100,0,0,1,0,0,drama film,United States,English,10.0,tt3339354
6533,Enter the Dangerous Mind,2013,,49/100,0,0,1,0,0,psychological horror,United States,English,6.0,tt2229377
6534,Born of Fire,1987,18+,49/100,0,0,1,0,0,"horror film, drama film",United Kingdom,,6.1,tt0092691
6535,Sundown,1941,,49/100,0,0,1,0,0,drama film,"France, Mexico, Sweden","English, Spanish",10.0,tt15115280
6536,Double Mommy,2016,16+,49/100,0,0,1,0,0,,,,,
6537,Nancy Drew... Reporter,1939,,49/100,0,0,1,0,0,"comedy drama, crime film, mystery film",United States,English,7.0,tt0031709
6538,Aurangzeb,2013,,49/100,0,0,1,0,0,crime thriller film,India,Hindi,7.0,tt2804026
6539,Daydream Believers: The Monkees Story,2000,13+,49/100,0,0,1,0,0,,,,,
6540,Porky's 3: Revenge,1985,18+,49/100,0,0,1,0,0,,,,,
6541,Camp Cool Kids,2017,7+,49/100,0,0,1,0,0,,,,4.7,tt4703182
6542,Gamera vs. Jiger,1970,,49/100,0,0,1,0,0,fantasy film,Japan,Japanese,5.3,tt0065755
6543,I'm in Love with a Church Girl,2013,7+,49/100,0,0,1,0,0,"romance film, drama film",United States,English,1.0,tt1618432
6544,Love is the Word,2013,,49/100,0,0,1,0,0,drama film,Netherlands,Limburgish,8.0,tt2379995
6545,Red Headed Stranger,1986,18+,49/100,0,0,1,0,0,,United States,English,9.0,tt0091834
6546,Naachiyaar,2018,,49/100,0,0,1,0,0,"drama film, action film",India,Tamil,5.0,tt7738594
6547,Family Band: The Cowsills Story,2011,,49/100,0,0,1,0,0,,,,,
6548,Division III: Football's Finest,2011,18+,49/100,0,0,1,0,0,,,,,
6549,Old Gringo,1989,18+,49/100,0,0,1,0,0,"adventure film, drama film",United States,English,6.0,tt0098022
6550,Cider with Rosie,2015,,49/100,0,0,1,0,0,biographical film,United Kingdom,English,2.0,tt0169685
6551,Shark Bait,2006,all,49/100,0,0,1,0,0,,United Kingdom,English,5.0,tt12550376
6552,F2: Fun and Frustration,2019,7+,49/100,0,0,1,0,0,,,,,
6553,Gallowwalkers,2012,18+,49/100,0,0,1,0,0,"thriller film, horror film, Western film, action film",United States,English,5.0,tt0829176
6554,The Climbers,2019,,49/100,0,0,1,0,0,"drama film, adventure film",People's Republic of China,Chinese,5.0,tt9635616
6555,The Gospel of Eureka,2018,,49/100,0,0,1,0,0,"LGBT-related film, documentary film",United States,English,8.0,tt7977310
6556,Blue Juice,1995,18+,49/100,0,0,1,0,0,"drama film, comedy film",United Kingdom,English,5.1,tt0112537
6557,Venky Mama,2019,13+,49/100,0,0,1,0,0,comedy drama,India,Telugu,1.0,tt9564774
6558,The Green Glove,1952,,49/100,0,0,1,0,0,"drama film, film noir","France, United States",English,5.0,tt0044673
6559,The Last Days of Patton,1986,7+,49/100,0,0,1,0,0,,,,,
6560,Lewis Black: Black to the Future,2016,,49/100,0,0,1,0,0,,,,,
6561,Inmate Zero,2020,16+,49/100,0,0,1,0,0,,,,,
6562,Gary Gulman: In This Economy?,2012,7+,49/100,0,0,1,0,0,,,,,
6563,"Love, Kennedy",2017,7+,49/100,0,0,1,0,0,,,,,
6564,Kill Dil,2014,13+,49/100,0,0,1,0,0,"action film, romance film, romantic comedy",India,Hindi,7.0,tt3380264
6565,My Dad's Christmas Date,2020,,49/100,0,0,1,0,0,comedy film,United Kingdom,English,7.0,tt11457736
6566,How Awful About Allan,1970,7+,49/100,0,0,1,0,0,,,,,
6567,Making Babies,2019,,49/100,0,0,1,0,0,,,,7.1,tt28285666
6568,Lazy Susan,2020,,49/100,0,0,1,0,0,comedy film,United States,,7.0,tt8633560
6569,Chutney Popcorn,2001,13+,49/100,0,0,1,0,0,"comedy drama, LGBT-related film",United States,English,8.0,tt0126240
6570,Last Woman on Earth,1960,,49/100,0,0,1,0,0,"science fiction film, horror film, post-apocalyptic film, dystopian film",United States,English,6.0,tt0054017
6571,Shut Him Down: The Rise of Jordan Peterson,2018,,49/100,0,0,1,0,0,,,,,
6572,Evel Knievel,1971,,49/100,0,0,1,0,0,"action film, biographical film, thriller film",United States,English,4.0,tt0067069
6573,Milton's Secret,2016,7+,49/100,0,0,1,0,0,"drama film, family film",Canada,English,10.0,tt2806390
6574,Silent Trigger,1996,18+,49/100,0,0,1,0,0,action film,"United Kingdom, Italy, United States",English,7.0,tt0117653
6575,The Condemned 2,2015,18+,49/100,0,0,1,0,0,action film,United States,English,3.0,tt4151192
6576,A Dog Barking at the Moon,2019,,49/100,0,0,1,0,0,"drama film, LGBT-related film",People's Republic of China,Mandarin,8.0,tt9674226
6577,A Child's Christmas in Wales,1987,,49/100,0,0,1,0,0,,,,,
6578,You Belong to Me,2007,,49/100,0,0,1,0,0,drama film,United States,English,6.0,tt0026013
6579,Cowboy Up,2002,13+,49/100,0,0,1,0,0,drama film,United States,English,5.6,tt0186202
6580,The Zero Boys,1986,18+,49/100,0,0,1,0,0,horror film,United States,English,6.0,tt0092288
6581,The Foreigner,2003,18+,49/100,0,0,1,0,0,"action film, thriller film, drama film",United States,English,3.4,tt0312700
6582,The Sci-Fi Boys,2006,,49/100,0,0,1,0,0,documentary film,United States,,7.0,tt0800191
6583,The Gospel of Mark,2015,,49/100,0,0,1,0,0,,,,,
6584,Love & Coffee,2016,,49/100,0,0,1,0,0,,,,,
6585,Sinbad: Where U Been?,2010,,49/100,0,0,1,0,0,,,,,
6586,Dawn Rider,2012,18+,49/100,0,0,1,0,0,Western film,"Canada, United States",English,5.0,tt2014202
6587,The Mystery of the Sphinx,1993,7+,49/100,0,0,1,0,0,documentary film,United States,English,7.1,tt0316293
6588,All Roads Lead Home,2008,7+,49/100,0,0,1,0,0,drama film,United States,English,9.0,tt0821810
6589,Boynton Beach Club,2005,18+,49/100,0,0,1,0,0,romantic comedy,United States,English,6.0,tt0439478
6590,Chicago Overcoat,2009,18+,49/100,0,0,1,0,0,crime film,United States,English,7.0,tt1085382
6591,Dummy,2008,,49/100,0,0,1,0,0,,,,,
6592,Don't Let Them In,2020,,49/100,0,0,1,0,0,,,,,
6593,Slappy and the Stinkers,1998,7+,49/100,0,0,1,0,0,comedy film,United States,English,3.0,tt0120213
6594,Kidnapped: The Hannah Anderson Story,2015,16+,49/100,0,0,1,0,0,,,,,
6595,Paper Mask,1990,18+,49/100,0,0,1,0,0,drama film,United Kingdom,English,8.0,tt0100330
6596,The Son of Monte Cristo,1940,,49/100,0,0,1,0,0,"swashbuckler film, adventure film, drama film",United States,English,7.0,tt0033076
6597,Venus and Serena,2012,13+,49/100,0,0,1,0,0,documentary film,United States,English,8.0,tt2376024
6598,Santa Who?,2000,,49/100,0,0,1,0,0,,,,,
6599,Life in Color,2015,,49/100,0,0,1,0,0,"independent film, drama film",United States,English,9.0,tt4071498
6600,Speckles: The Tarbosaurus,2012,,49/100,0,0,1,0,0,,,,,
6601,Big Sonia,2017,,49/100,0,0,1,0,0,documentary,United States,,10.0,tt3531176
6602,Hate Crime,2006,18+,49/100,0,0,1,0,0,"crime film, drama film, LGBT-related film, thriller film",United States,English,10.0,tt0415833
6603,Love Games,2016,,49/100,0,0,1,0,0,"sex comedy, comedy film","Italy, Spain",Italian,4.3,tt0078267
6604,Chandigarh Amritsar Chandigarh,2019,,49/100,0,0,1,0,0,romantic comedy,India,Punjabi,3.0,tt10084190
6605,Sniper: Special Ops,2016,18+,49/100,0,0,1,0,0,"war film, action film",United States,English,3.0,tt5344794
6606,The Perfect Stranger,2005,all,49/100,0,0,1,0,0,,United States,English,6.8,tt0466923
6607,The Time of Your Life,1948,,49/100,0,0,1,0,0,drama film,United States,English,7.0,tt0040884
6608,Derrida,2002,,49/100,0,0,1,0,0,documentary film,United States,English,6.5,tt0303326
6609,Somebody's Hero,2012,,49/100,0,0,1,0,0,superhero film,United States,English,8.0,tt1504489
6610,Muffin Top: A Love Story,2014,18+,49/100,0,0,1,0,0,romantic comedy,United States,English,10.0,tt2369600
6611,Six Weeks,1982,7+,49/100,0,0,1,0,0,"drama film, Christmas film",United States,English,8.0,tt0084691
6612,Psycho Bettys from Planet Pussycat,2011,,48/100,0,0,1,0,0,,,,,
6613,Never Too Late,2020,16+,48/100,0,0,1,0,0,comedy drama,Canada,English,7.0,tt0119775
6614,Hum Aapke Dil Mein Rehte Hain,1999,,48/100,0,0,1,0,0,romance film,India,Hindi,9.0,tt0189592
6615,Invisible Ghost,1941,,48/100,0,0,1,0,0,horror film,United States,English,6.0,tt0033760
6616,Popi,1969,all,48/100,0,0,1,0,0,,,,,
6617,The Mouse on the Moon,1963,,48/100,0,0,1,0,0,"science fiction film, comedy film, film based on a novel",United Kingdom,English,9.0,tt0057328
6618,Sweet Karma,2009,18+,48/100,0,0,1,0,0,,,,,
6619,The Grief Tourist,2013,18+,48/100,0,0,1,0,0,LGBT-related film,United States,English,8.0,tt1719068
6620,New Life,2016,7+,48/100,0,0,1,0,0,romantic comedy,United States,English,8.0,tt0095726
6621,Alley Cat,1984,18+,48/100,0,0,1,0,0,"action film, martial arts film",United States,English,7.0,tt0083541
6622,Exit Speed,2008,18+,48/100,0,0,1,0,0,"action film, thriller film, drama film",United States,English,8.0,tt1042497
6623,Street Dogs of South Central,2013,18+,48/100,0,0,1,0,0,,,,,
6624,Rent-a-Cop,1987,18+,48/100,0,0,1,0,0,"action film, comedy film, crime film",United States,English,5.0,tt0095977
6625,David Cross: Oh Come On,2019,18+,48/100,0,0,1,0,0,,United States,English,5.0,tt9547338
6626,Tapped Out,2014,18+,48/100,0,0,1,0,0,"action film, drama film",Canada,English,5.3,tt2361184
6627,Steve-O: Guilty as Charged,2016,18+,48/100,0,0,1,0,0,,,,,
6628,Jim Breuer: And Laughter for All,2013,7+,48/100,0,0,1,0,0,,,,,
6629,Duress,2009,18+,48/100,0,0,1,0,0,thriller film,United States,English,6.0,tt1308109
6630,Playback,2012,18+,48/100,0,0,1,0,0,,,,,
6631,Prince Among Slaves,2008,7+,48/100,0,0,1,0,0,,United States,English,9.0,tt0852992
6632,Ekkadiki Pothavu Chinnavada,2016,,48/100,0,0,1,0,0,fantasy film,India,Telugu,7.0,tt6258486
6633,Beneath The Leaves,2019,18+,48/100,0,0,1,0,0,thriller film,United States,,5.0,tt4574654
6634,Halloween Party,2019,16+,48/100,0,0,1,0,0,,,,,
6635,Savage X Fenty Show Vol. 2,2020,,48/100,0,0,1,0,0,,,,,
6636,Ticker,2001,18+,48/100,0,0,1,0,0,"action film, thriller film",United States,English,5.0,tt0196158
6637,The In Crowd,2000,13+,48/100,0,0,1,0,0,teen film,United States,English,4.7,tt0163676
6638,Black Jack Pershing: Love and War,2017,,48/100,0,0,1,0,0,,,,,
6639,Kinshasa Makambo,2018,,48/100,0,0,1,0,0,documentary film,,,6.5,tt8019290
6640,The Color of Time,2012,18+,48/100,0,0,1,0,0,"biographical film, drama film",United States,English,1.0,tt2133333
6641,Disco Godfather,1979,18+,48/100,0,0,1,0,0,"blaxploitation film, horror film, action film",United States,English,5.2,tt0074412
6642,Marilyn Monroe: Beyond the Legend,1987,,48/100,0,0,1,0,0,,United States,,7.5,tt0163735
6643,The Deflowering of Eva van End,2012,18+,48/100,0,0,1,0,0,tragicomedy,Netherlands,Dutch,9.0,tt2323264
6644,We'll Never Have Paris,2014,18+,48/100,0,0,1,0,0,romantic comedy,United States,English,6.0,tt3079016
6645,For the Emperor,2014,,48/100,0,0,1,0,0,"film noir, action film",South Korea,Korean,2.0,tt4136696
6646,The Philly Kid,2012,18+,48/100,0,0,1,0,0,"action film, drama film, boxing film",United States,English,5.6,tt1937506
6647,Netherbeast Incorporated,2007,13+,48/100,0,0,1,0,0,comedy horror,United States,English,7.0,tt0787495
6648,Born to Win,1971,18+,48/100,0,0,1,0,0,comedy drama,United States,English,7.0,tt0066856
6649,The Science Of Fasting,2013,,48/100,0,0,1,0,0,,,,,
6650,Sisters of War,2010,,48/100,0,0,1,0,0,,,,,
6651,Killer Sofa,2019,,48/100,0,0,1,0,0,,New Zealand,,8.0,tt7133754
6652,Aida's Secrets,2016,,48/100,0,0,1,0,0,documentary film,"Israel, United States, Germany",,10.0,tt5706568
6653,What the Waters Left Behind,2017,,48/100,0,0,1,0,0,horror film,Argentina,Spanish,3.0,tt6332764
6654,Brad Williams: Daddy Issues,2016,18+,48/100,0,0,1,0,0,,,,,
6655,Bad Seed,2000,18+,48/100,0,0,1,0,0,"film noir, drama film, horror film",United States,English,7.4,tt0048977
6656,Casey's Shadow,1978,7+,48/100,0,0,1,0,0,"adventure film, drama film",United States,English,2.0,tt0077303
6657,Redwood Highway,2013,13+,48/100,0,0,1,0,0,independent film,"United Kingdom, United States",English,10.0,tt2515164
6658,Ente Ummante Peru,2018,,48/100,0,0,1,0,0,action film,India,Malayalam,7.0,tt9118870
6659,Stalked by My Doctor: The Return,2016,16+,48/100,0,0,1,0,0,,,,,
6660,Halal Love Story,2020,,48/100,0,0,1,0,0,comedy film,India,Malayalam,6.1,tt11112338
6661,Srinivasa Kalyanam,2018,,48/100,0,0,1,0,0,,India,Telugu,5.0,tt8066574
6662,She's In Portland,2020,18+,48/100,0,0,1,0,0,,United States,,8.0,tt7174660
6663,Corporate,2017,13+,48/100,0,0,1,0,0,,,,,
6664,Kickboxer 3: The Art of War,1992,18+,48/100,0,0,1,0,0,"martial arts film, action film",United States,English,4.2,tt0104609
6665,Threshold,1981,7+,48/100,0,0,1,0,0,,,,,
6666,You Are My Sunshine,2005,all,48/100,0,0,1,0,0,"drama film, romance film, LGBT-related film",United Kingdom,English,1.0,tt7161712
6667,Getting to Know You,2020,,48/100,0,0,1,0,0,,,,,
6668,Richard Pryor: Icon,2014,,48/100,0,0,1,0,0,,,,,
6669,The Green Promise,1949,,48/100,0,0,1,0,0,drama film,United States,English,6.5,tt0041431
6670,Stalked by My Neighbor,2015,16+,48/100,0,0,1,0,0,,,,,
6671,730,2015,18+,48/100,0,0,1,0,0,,,,,
6672,Once is Enough,2020,7+,48/100,0,0,1,0,0,comedy film,France,French,5.5,tt0170029
6673,Carolina Skeletons,1991,18+,48/100,0,0,1,0,0,,,,,
6674,Vijay,1988,7+,48/100,0,0,1,0,0,,,,,
6675,Sri Rama Rajyam,2011,,48/100,0,0,1,0,0,drama film,India,Telugu,10.0,tt1783377
6676,My Pal Trigger,1946,,48/100,0,0,1,0,0,Western film,United States,English,6.4,tt0038764
6677,Crime Insiders,2007,18+,48/100,0,0,1,0,0,drama film,France,French,5.0,tt0487504
6678,Jim Breuer: Let's Clear the Air,2009,,48/100,0,0,1,0,0,,,,10.0,tt1659208
6679,Thomas & Friends: King of the Railway,2013,all,48/100,0,0,1,0,0,,,,,
6680,Something to Sing About,1937,,48/100,0,0,1,0,0,"musical film, comedy film",United States,English,6.2,tt0029588
6681,Spark: A Space Tail,2016,7+,48/100,0,0,1,0,0,"science fiction film, adventure film, comedy film, fantasy film","Canada, South Korea, United States",English,3.0,tt3228088
6682,Con Man,2018,,48/100,0,0,1,0,0,,United States,English,4.7,tt6675400
6683,It's So Easy and Other Lies,2016,18+,48/100,0,0,1,0,0,,,,,
6684,My Normal,2010,,48/100,0,0,1,0,0,drama film,United States,,1.0,tt1117983
6685,Dinosaur Island,2014,7+,48/100,0,0,1,0,0,"family film, adventure film",Australia,English,4.0,tt3261302
6686,"Papita, maní, tostón",2013,,48/100,0,0,1,0,0,drama film,Venezuela,Spanish,10.0,tt2383662
6687,Past Midnight,1991,18+,48/100,0,0,1,0,0,"neo-noir, mystery film",United States,English,4.0,tt0105108
6688,An American Carol,2008,13+,48/100,0,0,1,0,0,"comedy film, parody film, Christmas film, film based on literature",United States,English,1.0,tt1190617
6689,No Clue,2014,,48/100,0,0,1,0,0,"crime film, mystery film",Canada,English,8.0,tt2450334
6690,Red Woods,2021,,48/100,0,0,1,0,0,,,,,
6691,Cell 213,2011,18+,48/100,0,0,1,0,0,horror film,Canada,English,2.0,tt1288636
6692,My Santa,2013,7+,48/100,0,0,1,0,0,,India,Malayalam,10.0,tt10912532
6693,Dr. Goldfoot and the Girl Bombs,1966,18+,48/100,0,0,1,0,0,"science fiction comedy, parody film","United States, Italy",Italian,5.0,tt0061014
6694,Xchange,2001,18+,48/100,0,0,1,0,0,science fiction film,Canada,English,5.0,tt0242150
6695,Tell Your Children,1936,7+,48/100,0,0,1,0,0,"exploitation film, drama film, propaganda film, crime film",United States,English,3.8,tt0028346
6696,Paris by Night,2012,7+,48/100,0,0,1,0,0,drama film,United Kingdom,English,8.0,tt0095823
6697,The Haunting of Sharon Tate,2019,18+,48/100,0,0,1,0,0,horror film,"United States, Mexico",English,3.0,tt7976208
6698,Lake Effects,2012,,48/100,0,0,1,0,0,comedy film,United States,English,6.0,tt1699498
6699,The Lift,2021,,48/100,0,0,1,0,0,"horror film, science fiction film, black comedy film",Netherlands,Dutch,6.0,tt0087622
6700,The Gospel of Luke,2015,,48/100,0,0,1,0,0,,,,,
6701,Bhaji on the Beach,1993,18+,48/100,0,0,1,0,0,comedy drama,United Kingdom,English,1.0,tt0106408
6702,Steep,2007,7+,48/100,0,0,1,0,0,,,,,
6703,An Affair,1998,,48/100,0,0,1,0,0,"romance film, erotic film, drama film",South Korea,Korean,6.8,tt0239510
6704,Road Less Traveled,2017,,48/100,0,0,1,0,0,,,,,
6705,Bad Hurt,2016,,48/100,0,0,1,0,0,drama film,United States,English,8.0,tt3369350
6706,Lincoln@Gettysburg,2013,7+,48/100,0,0,1,0,0,,,,,
6707,Pain Warriors,2019,,48/100,0,0,1,0,0,,,,10.0,tt8438478
6708,Dakota's Summer,2014,7+,48/100,0,0,1,0,0,drama film,United States,English,1.0,tt2910342
6709,Tennessee Whiskey: The Dean Dillon Story,2017,,48/100,0,0,1,0,0,,,,,
6710,A Christmas in Royal Fashion,2018,,48/100,0,0,1,0,0,,,,,
6711,Violets Are Blue,1986,13+,48/100,0,0,1,0,0,"romance film, drama film",United States,English,5.8,tt0092173
6712,Modris,2014,,48/100,0,0,1,0,0,drama film,Latvia,Latvian,6.7,tt3657970
6713,Time of Death,2013,,48/100,0,0,1,0,0,,,,,
6714,Whistle Stop,1946,,48/100,0,0,1,0,0,,,,,
6715,Cheers For Miss Bishop,1941,,48/100,0,0,1,0,0,"drama film, romance film",United States,English,5.0,tt0033459
6716,Dabangg 3,2019,,48/100,0,0,1,0,0,"prequel film, action film, Masala film",India,Hindi,1.0,tt7059844
6717,Brother Nature,2016,18+,48/100,0,0,1,0,0,comedy film,United States,English,5.0,tt4000956
6718,Camp Cold Brook,2018,18+,48/100,0,0,1,0,0,"slasher film, ghost film",United States,English,4.0,tt5829032
6719,Zoombies,2016,16+,48/100,0,0,1,0,0,horror film,United States,English,4.0,tt5340882
6720,Eat My Dust,1976,7+,48/100,0,0,1,0,0,"exploitation film, action film",United States,English,6.0,tt0074454
6721,Welcome to the Hartmanns,2016,,48/100,0,0,1,0,0,,,,,
6722,My Pet Dinosaur,2017,7+,48/100,0,0,1,0,0,adventure film,Australia,English,4.0,tt6055082
6723,Matt Braunger: Big Dumb Animal,2015,18+,48/100,0,0,1,0,0,,,,,
6724,Ace of Hearts,2008,7+,48/100,0,0,1,0,0,drama film,"Canada, United States",English,9.0,tt1032746
6725,The Alpha Test,2021,,48/100,0,0,1,0,0,,,,,
6726,The Marksman,2005,18+,48/100,0,0,1,0,0,"action film, thriller film",United States,English,7.0,tt6902332
6727,The Hunted,2014,13+,48/100,0,0,1,0,0,"thriller film, crime film, action film, drama film",United States,English,7.0,tt0269347
6728,Windows,1980,18+,48/100,0,0,1,0,0,,,,,
6729,The Consequence,1977,,48/100,0,0,1,0,0,"drama film, romance film, thriller film",Italy,Italian,8.0,tt0398883
6730,Space Dogs,2010,all,48/100,0,0,1,0,0,"comedy film, adventure film, animated film",Russia,Russian,7.0,tt1272051
6731,Babysitter,2015,,48/100,0,0,1,0,0,"comedy drama, comedy film",Canada,French,4.0,tt13308316
6732,Anita,2013,,48/100,0,0,1,0,0,"biographical film, drama film",Hong Kong,Chinese,10.0,tt15010590
6733,Kadaram Kondan,2019,,48/100,0,0,1,0,0,"action thriller, action film",India,Tamil,3.0,tt9239882
6734,In Search of Mozart,2006,,47/100,0,0,1,0,0,,,,7.3,tt0498355
6735,The Gardener,2017,all,47/100,0,0,1,0,0,,,,,
6736,Siddharth,2013,all,47/100,0,0,1,0,0,,,,,
6737,Herb,2007,,47/100,0,0,1,0,0,,,,,
6738,The Escape of Prisoner 614,2018,13+,47/100,0,0,1,0,0,,United States,,8.0,tt7375578
6739,Don Q Son of Zorro,1925,,47/100,0,0,1,0,0,"adventure film, romance film, silent film",United States,,9.0,tt0015758
6740,Unlikely Angel,1996,7+,47/100,0,0,1,0,0,,,,,
6741,Escape From a Nazi Death Camp,2014,7+,47/100,0,0,1,0,0,,,,,
6742,Ice Blues,2008,18+,47/100,0,0,1,0,0,,,,,
6743,Wheeler,2017,7+,47/100,0,0,1,0,0,,,,,
6744,The House Across the Bay,1940,,47/100,0,0,1,0,0,"crime film, drama film",United States,English,7.0,tt0032609
6745,Close Range,2015,18+,47/100,0,0,1,0,0,martial arts film,United States,English,6.0,tt3511596
6746,Thunder Alley,1985,18+,47/100,0,0,1,0,0,drama film,United States,English,10.0,tt0090168
6747,The Surface,2014,,47/100,0,0,1,0,0,"thriller film, drama film",United States,English,8.0,tt3074578
6748,Beta,1992,,47/100,0,0,1,0,0,,,,,
6749,Gabriela,1983,18+,47/100,0,0,1,0,0,,,,,
6750,Rufus,2013,18+,47/100,0,0,1,0,0,,,,,
6751,Ruby's Studio: the Feelings Show,2010,,47/100,0,0,1,0,0,,,,,
6752,Yajamana,2019,,47/100,0,0,1,0,0,"mystery film, action film",India,Kannada,10.0,tt9315438
6753,Silver Wolf,1999,all,47/100,0,0,1,0,0,"adventure film, drama film",United States,English,10.0,tt0158221
6754,Lake City,2008,18+,47/100,0,0,1,0,0,,,,,
6755,A Husband for Christmas,2016,7+,47/100,0,0,1,0,0,,,,,
6756,Savyasachi,2018,,47/100,0,0,1,0,0,action film,India,Telugu,7.0,tt7335186
6757,The Tiger Hunter,2017,,47/100,0,0,1,0,0,comedy film,United States,English,8.0,tt3853830
6758,Criminally Insane,1975,18+,47/100,0,0,1,0,0,"exploitation film, horror film, slasher film",United States,English,8.0,tt0072831
6759,Of Two Minds,2012,,47/100,0,0,1,0,0,,,,9.0,tt2090582
6760,Grace,2018,16+,47/100,0,0,1,0,0,,,,,
6761,Gamera vs. Guiron,1969,,47/100,0,0,1,0,0,"science fiction film, fantasy film, adventure film, kaiju",Japan,Japanese,4.3,tt0064360
6762,God's Compass,2016,,47/100,0,0,1,0,0,,,,,
6763,Nobody,2007,,47/100,0,0,1,0,0,,People's Republic of China,Chinese,8.0,tt36733027
6764,Camino,2016,18+,47/100,0,0,1,0,0,drama film,Spain,Spanish,1.0,tt1206285
6765,The Conclave,2006,,47/100,0,0,1,0,0,"drama film, historical film","Germany, Canada",English,8.0,tt0452011
6766,The Mystery of Agatha Christie with David Suchet,2013,,47/100,0,0,1,0,0,,,,,
6767,My Neighbor’s Wife,2011,13+,47/100,0,0,1,0,0,,Philippines,,7.0,tt2057442
6768,Local Legends,2013,,47/100,0,0,1,0,0,,,,,
6769,Change in the Air,2018,7+,47/100,0,0,1,0,0,drama film,United States,English,10.0,tt5013782
6770,The Hike,2011,18+,47/100,0,0,1,0,0,,,,2.0,tt1572194
6771,Jean of the Joneses,2016,,47/100,0,0,1,0,0,comedy film,Canada,English,7.0,tt4938050
6772,Eye of the Beholder: The Art of Dungeons & Dragons,2018,,47/100,0,0,1,0,0,documentary film,,,8.0,tt8888186
6773,The Saturn V Story,2014,,47/100,0,0,1,0,0,,,,2.0,tt3884454
6774,The Silent Mountain,2014,,47/100,0,0,1,0,0,"romance film, drama film","Austria, Italy, United States",English,9.0,tt2014295
6775,David,2013,,47/100,0,0,1,0,0,,,,,
6776,Ostatni ludzie Czarnobyla,2018,,47/100,0,0,1,0,0,,,,,
6777,Winds of the Wasteland,1936,,47/100,0,0,1,0,0,Western film,United States,English,6.0,tt0028510
6778,4/20 Massacre,2018,18+,47/100,0,0,1,0,0,slasher film,,English,5.0,tt5946668
6779,Avida,2006,,47/100,0,0,1,0,0,comedy film,France,French,10.0,tt0478558
6780,Toxic Shark,2017,16+,47/100,0,0,1,0,0,,,,4.0,tt6973866
6781,Stalled,2013,,47/100,0,0,1,0,0,"comedy horror, zombie film",United Kingdom,English,5.0,tt2140429
6782,"The Doctor, The Tornado & The Kentucky Kid",2006,,47/100,0,0,1,0,0,,,,9.0,tt0861769
6783,Out of the Wild,2017,,47/100,0,0,1,0,0,children's film,United States,English,6.0,tt0183620
6784,1999 Madeleine,1999,,47/100,0,0,1,0,0,comedy drama,France,,1.0,tt0207943
6785,Gunday,2014,,47/100,0,0,1,0,0,action film,India,Hindi,1.0,tt2574698
6786,Les invités de mon père,2010,,47/100,0,0,1,0,0,tragicomedy,France,French,9.0,tt1583303
6787,Story Of Queen: Mercury Rising,2011,,47/100,0,0,1,0,0,,,,,
6788,The Crystal Ball,1943,,47/100,0,0,1,0,0,"romance film, romantic comedy",United States,English,6.0,tt0035771
6789,A Hitman in London,2015,18+,47/100,0,0,1,0,0,,,,,
6790,Nene Raju Nene Mantri,2017,,47/100,0,0,1,0,0,"tragedy, political film, political thriller film",India,Telugu,7.0,tt7249854
6791,Redeemer,2014,,47/100,0,0,1,0,0,"action film, crime film",Chile,Spanish,9.0,tt3379456
6792,Dwayne Perkins: Take Note,2016,18+,47/100,0,0,1,0,0,"documentary film, comedy film",,,9.0,tt5857874
6793,Most Likely to Succeed,2019,16+,47/100,0,0,1,0,0,,,,1.0,tt4267108
6794,Adventures of Power,2008,13+,47/100,0,0,1,0,0,comedy film,United States,English,10.0,tt0960721
6795,A To Zeppelin: The Story Of Led Zeppelin,2004,,47/100,0,0,1,0,0,,,,2.0,tt0413644
6796,I'll Take Sweden,1965,,47/100,0,0,1,0,0,comedy film,United States,English,4.0,tt0059298
6797,The Puppetoon Movie,1987,all,47/100,0,0,1,0,0,,,,,
6798,The Great War,2019,18+,47/100,0,0,1,0,0,"comedy film, drama film","France, Italy",Italian,8.0,tt0052861
6799,Stash House,2012,18+,47/100,0,0,1,0,0,thriller film,United States,English,1.0,tt1919090
6800,Bloody Knuckles,2014,18+,47/100,0,0,1,0,0,"comedy film, horror film",Canada,English,3.0,tt3264240
6801,Jungle Shuffle,2014,,47/100,0,0,1,0,0,adventure film,"South Korea, Mexico",English,3.0,tt2722786
6802,Oklahoma Crude,1973,7+,47/100,0,0,1,0,0,"drama film, comedy film, Western film",United States,English,8.0,tt0070472
6803,Robert,2015,,47/100,0,0,1,0,0,,,,,
6804,"Spirits of the Air, Gremlins of the Clouds",1989,,47/100,0,0,1,0,0,"science fiction film, post-apocalyptic film",Australia,English,10.0,tt0098373
6805,Kickin' It Old Skool,2007,13+,47/100,0,0,1,0,0,comedy film,United States,English,8.0,tt0772178
6806,Eugene Mirman: Vegan on His Way to the Complain Store,2015,,47/100,0,0,1,0,0,,,,,
6807,Journey to Royal: A WWII Rescue Mission,2021,,47/100,0,0,1,0,0,,,,,
6808,Margaret Cho: PsyCHO,2015,18+,47/100,0,0,1,0,0,,,,,
6809,Heartbeats,2017,7+,47/100,0,0,1,0,0,"romance film, dance film, drama film, comedy film",United States,English,1.0,tt5281700
6810,Tom Sawyer & Huckleberry Finn,2014,13+,47/100,0,0,1,0,0,"adventure film, comedy drama, film based on a novel",United States,English,5.1,tt1977087
6811,Almost Sunrise,2017,13+,47/100,0,0,1,0,0,"documentary film, adventure film, drama film, war film",United States,English,10.0,tt5118024
6812,Penguin,2020,,47/100,0,0,1,0,0,,,,,
6813,Bazodee,2016,13+,47/100,0,0,1,0,0,romance film,,,8.0,tt2922724
6814,There Is Many Like Us,2015,13+,47/100,0,0,1,0,0,,,English,10.0,tt3317696
6815,The Night Crew,2015,,47/100,0,0,1,0,0,thriller film,United States,English,6.0,tt3323638
6816,The First American,2016,,47/100,0,0,1,0,0,,,,,
6817,Stone Pillow,1985,,47/100,0,0,1,0,0,,,,,
6818,What Happens Next,2011,,47/100,0,0,1,0,0,"LGBT-related film, comedy film, romance film",United States,English,2.0,tt1635659
6819,The Smell of Success,2009,13+,47/100,0,0,1,0,0,comedy film,United States,English,8.0,tt0985695
6820,Against a Crooked Sky,1975,all,47/100,0,0,1,0,0,"Western film, drama film",United States,English,8.0,tt0072615
6821,Midnight,1934,,47/100,0,0,1,0,0,,Japan,Japanese,6.0,tt31595995
6822,American Tragedy,2019,,47/100,0,0,1,0,0,drama film,United States,English,6.4,tt0021607
6823,Never Let Go,2015,18+,47/100,0,0,1,0,0,"crime film, drama film",United Kingdom,English,7.0,tt0054115
6824,They Come to America IV: Immigration & Politics,2020,,47/100,0,0,1,0,0,,,,,
6825,The Girl Is in Trouble,2015,,47/100,0,0,1,0,0,"action film, thriller film, drama film",United States,English,8.0,tt1706625
6826,Gamera vs. Viras,1968,,47/100,0,0,1,0,0,"fantasy film, adventure film, monster film",Japan,Japanese,4.6,tt0063000
6827,Ned Kelly,1970,7+,47/100,0,0,1,0,0,"action film, biographical film, Western film, adventure film","Australia, United States, United Kingdom",English,8.0,tt0277941
6828,Tracktown,2017,,47/100,0,0,1,0,0,"sport film, drama film",United States,English,5.0,tt5750534
6829,BloodRayne: The Third Reich,2010,18+,47/100,0,0,1,0,0,"action film, horror film, vampire film, science fiction film","Canada, Germany, United States",English,3.0,tt1159482
6830,The Silver Brumby,1993,all,47/100,0,0,1,0,0,"adventure film, drama film, family film",Australia,English,5.8,tt0108137
6831,We Think the World of You,1988,7+,47/100,0,0,1,0,0,"comedy drama, drama film, LGBT-related film",United Kingdom,English,5.9,tt0096427
6832,Black Field,2009,,47/100,0,0,1,0,0,LGBT-related film,Greece,Greek,9.0,tt1331297
6833,Konga,1961,,47/100,0,0,1,0,0,"horror film, science fiction film, monster film","United Kingdom, United States",English,10.0,tt0055058
6834,The Eternal,1998,18+,47/100,0,0,1,0,0,"horror film, erotic film",United States,English,3.0,tt0158011
6835,Consumed,2015,,47/100,0,0,1,0,0,"thriller film, drama film",United States,English,10.0,tt3760966
6836,Mere Dad Ki Maruti,2013,all,47/100,0,0,1,0,0,comedy film,India,Hindi,8.0,tt2323964
6837,Revenge for Jolly!,2012,18+,47/100,0,0,1,0,0,"comedy drama, comedy film",United States,English,6.0,tt2053423
6838,The Days of Noah Part 1: The Flood,2019,,47/100,0,0,1,0,0,,,,,
6839,Journey Together,1945,,47/100,0,0,1,0,0,drama film,United Kingdom,English,8.0,tt0038663
6840,El Crazy Che,2015,,47/100,0,0,1,0,0,documentary film,Argentina,Spanish,7.1,tt4579610
6841,Wrangler: Anatomy of an Icon,2008,,47/100,0,0,1,0,0,"LGBT-related film, documentary film",United States,English,8.0,tt1053951
6842,Imaginary Friend,2012,13+,47/100,0,0,1,0,0,,,,,
6843,Udhayam NH4,2013,7+,47/100,0,0,1,0,0,romantic thriller,India,Tamil,1.0,tt2872256
6844,A Haunting On Dice Road 2: Town of the Dead,2017,,47/100,0,0,1,0,0,,,,7.0,tt8764448
6845,Kempe Gowda,2011,,47/100,0,0,1,0,0,,India,Kannada,7.2,tt1964837
6846,Reunion,2020,,47/100,0,0,1,0,0,,,,,
6847,Confession,2005,18+,47/100,0,0,1,0,0,,,,,
6848,Secretly (Chori Chori),1956,,47/100,0,0,1,0,0,,,,,
6849,Steve Trevino: 'Til Death,2019,,47/100,0,0,1,0,0,,,,,
6850,Spirit of the Pony Express,2012,,47/100,0,0,1,0,0,,,,10.0,tt1583724
6851,Four,2013,18+,47/100,0,0,1,0,0,,,,,
6852,Sweet Home Carolina,2017,,47/100,0,0,1,0,0,"comedy drama, romance film",United States,English,4.0,tt5319656
6853,Long Lost Son,2006,7+,47/100,0,0,1,0,0,,,,,
6854,Lift Me Up,2015,,47/100,0,0,1,0,0,,,,,
6855,The Ambassador's Daughter,1956,,47/100,0,0,1,0,0,romantic comedy,United States,English,5.0,tt0048944
6856,Carrie's War,2004,,47/100,0,0,1,0,0,,,,,
6857,Mahler on the Couch,2010,,47/100,0,0,1,0,0,biographical film,"Germany, Austria",German,9.0,tt1235537
6858,Shola Aur Shabnam,1992,,47/100,0,0,1,0,0,,India,Hindi,8.0,tt0105394
6859,All Stars,2014,7+,47/100,0,0,1,0,0,comedy film,United Kingdom,English,7.0,tt2186766
6860,N.T.R: Kathanayakudu,2019,,47/100,0,0,1,0,0,biographical film,India,Telugu,1.0,tt7884228
6861,A World Away,2019,13+,47/100,0,0,1,0,0,,,,,
6862,Like Arrows,2018,,47/100,0,0,1,0,0,,,,,
6863,Caught Up,1998,18+,47/100,0,0,1,0,0,"drama film, hood film, crime film",United States,English,5.5,tt0119988
6864,Until September,1984,18+,47/100,0,0,1,0,0,"romance film, drama film","United States, France",English,8.0,tt0088330
6865,Allies,2014,,47/100,0,0,1,0,0,,,,,
6866,Baabul,2006,all,47/100,0,0,1,0,0,"drama film, melodrama","India, France",Hindi,5.4,tt0419468
6867,Road Dogz,2002,18+,47/100,0,0,1,0,0,,,,5.6,tt0210953
6868,Loyalty & Respect,2006,,47/100,0,0,1,0,0,,,,,
6869,The 41–Year–Old Virgin Who Knocked Up Sarah Marshall and Felt Superbad About It,2010,18+,47/100,0,0,1,0,0,,,,,
6870,The Man From Utah,1934,all,47/100,0,0,1,0,0,B western,United States,English,4.0,tt0025455
6871,Gog,1954,,47/100,0,0,1,0,0,,,,,
6872,Ghost Team One,2013,18+,47/100,0,0,1,0,0,comedy horror,United States,English,5.0,tt2272336
6873,Slipstream,2005,18+,47/100,0,0,1,0,0,,,,,
6874,Honeymoon,2013,,47/100,0,0,1,0,0,"musical film, drama film","United Kingdom, Spain","Spanish, English",7.0,tt0053023
6875,Shotgun,1955,,47/100,0,0,1,0,0,,,,,
6876,Home Invasion,2012,13+,47/100,0,0,1,0,0,thriller film,United States,English,7.0,tt5351000
6877,Snakes and Earrings,2008,,47/100,0,0,1,0,0,,Japan,Japanese,4.0,tt1254249
6878,Tormented,1960,,47/100,0,0,1,0,0,"horror film, ghost film",United States,English,4.9,tt0054393
6879,Home Sweet Home,2020,7+,47/100,0,0,1,0,0,comedy film,"Belgium, France",French,7.0,tt0173904
6880,Ukraine Is Not a Brothel,2013,,47/100,0,0,1,0,0,documentary film,Australia,English,8.0,tt3136842
6881,Silas Marner,1985,,47/100,0,0,1,0,0,silent film,United States,,5.0,tt0012684
6882,Walter Williams: Suffer No Fools,2014,,47/100,0,0,1,0,0,,,,,
6883,Cafe Society,1997,18+,47/100,0,0,1,0,0,"drama film, mystery film",United States,English,8.0,tt0112611
6884,The Perfect Daughter,2016,16+,47/100,0,0,1,0,0,,,,,
6885,Our Mighty Yaya,2017,,46/100,0,0,1,0,0,comedy film,Philippines,,6.5,tt6870028
6886,The Trumpet Of The Swan,2001,all,46/100,0,0,1,0,0,,,,,
6887,Delightfully Dangerous,1945,,46/100,0,0,1,0,0,musical film,United States,English,6.1,tt0037636
6888,My Brother's Keeper,2021,13+,46/100,0,0,1,0,0,,,,,
6889,Hostile Border,2015,18+,46/100,0,0,1,0,0,,,,,
6890,Brad Williams: Fun Size,2015,18+,46/100,0,0,1,0,0,,,,,
6891,Pride and Prejudice - A New Musical,2020,,46/100,0,0,1,0,0,,,,,
6892,Dominick Dunne: After the Party,2008,,46/100,0,0,1,0,0,documentary film,Australia,English,8.0,tt1297441
6893,Joni,1979,all,46/100,0,0,1,0,0,,,,,
6894,These Streets We Haunt,2021,,46/100,0,0,1,0,0,,,,8.0,tt9893266
6895,The Fight Within,2016,13+,46/100,0,0,1,0,0,sport film,United States,English,9.0,tt4838334
6896,Soul to Keep,2018,,46/100,0,0,1,0,0,,,,5.0,tt5031658
6897,Beatles Stories,2011,,46/100,0,0,1,0,0,documentary film,United States,English,10.0,tt1806805
6898,Resistance,2003,18+,46/100,0,0,1,0,0,,,,,
6899,Red Rover,2018,,46/100,0,0,1,0,0,,Canada,,1.0,tt7520766
6900,Top Dog,1995,13+,46/100,0,0,1,0,0,"action film, buddy cop film",United States,English,4.3,tt0114697
6901,The Age of Blood,2017,,46/100,0,0,1,0,0,action film,South Korea,Korean,6.0,tt8081830
6902,Sweet Sunshine,2020,,46/100,0,0,1,0,0,drama film,United States,English,9.0,tt10582422
6903,The Interpreters,2018,13+,46/100,0,0,1,0,0,,,,7.4,tt8514564
6904,Born to the West,1937,all,46/100,0,0,1,0,0,Western film,United States,English,6.0,tt0028653
6905,Steps,2021,,46/100,0,0,1,0,0,,,,,
6906,Millie,1931,,46/100,0,0,1,0,0,,,,,
6907,Kaloori,2007,,46/100,0,0,1,0,0,,,,,
6908,Gharana Mogudu,1992,,46/100,0,0,1,0,0,"drama film, action film",India,Telugu,7.5,tt0245917
6909,Adam Ferrara: Funny As Hell,2009,,46/100,0,0,1,0,0,,,,,
6910,Echoes of Fear,2018,,46/100,0,0,1,0,0,,,,,
6911,The Sign of Four,1983,,46/100,0,0,1,0,0,"crime film, film based on literature",United Kingdom,English,5.8,tt0023469
6912,306 Hollywood,2018,,46/100,0,0,1,0,0,documentary film,United States,English,6.0,tt6296764
6913,We Still Say Grace,2020,,46/100,0,0,1,0,0,,United States,English,5.0,tt3408894
6914,A Christmas Recipe for Romance,2019,all,46/100,0,0,1,0,0,,,,,
6915,Stan Lee Presents: Mosaic,2007,7+,46/100,0,0,1,0,0,,,,,
6916,Doll Face,1945,,46/100,0,0,1,0,0,"romantic comedy, musical film",United States,English,5.0,tt0037650
6917,National Lampoon's The Legend of Awesomest Maximus,2011,18+,46/100,0,0,1,0,0,"comedy film, parody film",United States,English,3.0,tt1059887
6918,The Wild Horse Redemption,2007,,46/100,0,0,1,0,0,,,,,
6919,Faan's Train,2014,,46/100,0,0,1,0,0,drama film,South Africa,Afrikaans,7.0,tt1565945
6920,Omega Doom,1996,13+,46/100,0,0,1,0,0,"action film, science fiction film, post-apocalyptic film",United States,English,4.0,tt0117238
6921,Curse of the Mayans,2017,,46/100,0,0,1,0,0,,,,,
6922,Intern,2000,18+,46/100,0,0,1,0,0,,,,,
6923,Blue Steel,1934,all,46/100,0,0,1,0,0,B western,United States,English,5.3,tt0024902
6924,Eternally Yours,1939,,46/100,0,0,1,0,0,"drama film, comedy film",United States,English,5.0,tt0031282
6925,Wah-Wah,2005,18+,46/100,0,0,1,0,0,drama film,United Kingdom,English,10.0,tt0419256
6926,The Rise & Fall of Penn Station,2004,7+,46/100,0,0,1,0,0,,,,,
6927,The Perfect Weapon,2016,13+,46/100,0,0,1,0,0,"thriller film, action film","United States, Spain, Sweden",English,1.0,tt4616250
6928,"Good Morning, Killer",2011,16+,46/100,0,0,1,0,0,,,,,
6929,Bob the Drag Queen: Suspiciously Large Woman,2017,18+,46/100,0,0,1,0,0,,,,,
6930,Expiry,2021,,46/100,0,0,1,0,0,,,,,
6931,The Hairy Ape,1944,,46/100,0,0,1,0,0,drama film,United States,English,6.1,tt0036892
6932,Raffles,1939,,46/100,0,0,1,0,0,,,,,
6933,Olympia,2018,16+,46/100,0,0,1,0,0,,,,,
6934,Ear Buds: The Podcasting Documentary,2016,,46/100,0,0,1,0,0,,,,9.0,tt6111250
6935,Cry Uncle!,1971,18+,46/100,0,0,1,0,0,comedy film,United States,English,5.0,tt0066960
6936,Motives 2,2007,18+,46/100,0,0,1,0,0,"drama film, thriller film",United States,English,4.0,tt0860469
6937,Luckytown,2000,18+,46/100,0,0,1,0,0,drama film,United States,English,4.7,tt0160495
6938,Remington and the Curse of the Zombadings,2011,,46/100,0,0,1,0,0,LGBT-related film,Philippines,,6.0,tt1810861
6939,Without a Paddle: Nature's Calling,2009,13+,46/100,0,0,1,0,0,"comedy film, adventure film",United States,"Spanish, English",1.0,tt1276107
6940,No Greater Love,2017,16+,46/100,0,0,1,0,0,war film,Japan,Japanese,10.0,tt0053114
6941,Vampire Dog,2012,all,46/100,0,0,1,0,0,vampire film,United States,English,5.0,tt2071648
6942,The Manster,1959,,46/100,0,0,1,0,0,"science fiction film, monster film, horror film","United States, Japan",English,5.3,tt0055139
6943,The Ride,1997,7+,46/100,0,0,1,0,0,drama film,Romania,Romanian,7.5,tt0072838
6944,Maria Bamford: Weakness Is the Brand,2020,,46/100,0,0,1,0,0,,,,,
6945,Elipsis,2006,,46/100,0,0,1,0,0,drama film,Venezuela,Spanish,10.0,tt0499467
6946,Rapid Response,2019,13+,46/100,0,0,1,0,0,,,,6.0,tt10276114
6947,Andrew Dice Clay: One Night with Dice,1987,18+,46/100,0,0,1,0,0,,,,,
6948,Fireman Sam: The Great Fire of Pontypandy,2010,,46/100,0,0,1,0,0,,,,,
6949,Living the Change: Inspiring Stories for a Sustainable Future,2018,,46/100,0,0,1,0,0,,,,7.0,tt8115474
6950,Chris Porter: A Man From Kansas,2019,,46/100,0,0,1,0,0,,,,3.0,tt8880188
6951,Unspeakable,2017,,46/100,0,0,1,0,0,"exploitation film, crime film, LGBT-related film",United States,English,3.8,tt0259077
6952,Mark & Russell's Wild Ride,2015,,46/100,0,0,1,0,0,,,,,
6953,Azorian: The Raising of the K-129,2011,7+,46/100,0,0,1,0,0,,,,,
6954,Arrowhead,1953,,46/100,0,0,1,0,0,Western film,United States,English,7.0,tt0045518
6955,Romeo Ranjha,2014,,46/100,0,0,1,0,0,comedy film,India,Punjabi,1.0,tt3607226
6956,The Work and the Glory,2004,7+,46/100,0,0,1,0,0,"historical film, drama film",United States,English,8.0,tt0410454
6957,Physical Graffiti: A Classic Album Under Review,2008,,46/100,0,0,1,0,0,,,,1.0,tt2523150
6958,Teenage Bank Heist,2012,16+,46/100,0,0,1,0,0,,,,,
6959,Late Bloomers,1996,,46/100,0,0,1,0,0,romance film,United States,,8.0,tt0116834
6960,Bewakoofiyaan,2014,7+,46/100,0,0,1,0,0,romantic comedy,India,Hindi,5.0,tt3483646
6961,ETs Among Us: UFO Witnesses and Whistleblowers,2016,,46/100,0,0,1,0,0,documentary film,United States,,10.0,tt5866386
6962,Three Guys Named Mike,1951,,46/100,0,0,1,0,0,comedy film,United States,English,6.2,tt0044125
6963,Miracle in the Woods,1997,7+,46/100,0,0,1,0,0,,,,,
6964,The Legend of Sarila,2013,7+,46/100,0,0,1,0,0,adventure film,Canada,French,4.9,tt2296935
6965,Dennis Hopper: Uneasy Rider,2016,,46/100,0,0,1,0,0,,,,,
6966,The Race Underground,2017,,46/100,0,0,1,0,0,,,,,
6967,Steve Byrne: The Byrne Identity,2010,13+,46/100,0,0,1,0,0,,,,,
6968,The Wrong Car,2016,13+,46/100,0,0,1,0,0,,,,,
6969,Karma,2015,,46/100,0,0,1,0,0,,,,,
6970,Apocalypse Soon: The Making of 'Citizen Toxie',2002,,46/100,0,0,1,0,0,,,,,
6971,Joey Coco Diaz: Sociably UnAcceptable,2016,,46/100,0,0,1,0,0,,,,,
6972,#Lucky Number,2015,16+,46/100,0,0,1,0,0,,,,10.0,tt2538204
6973,Heterosexual Jill,2013,,46/100,0,0,1,0,0,romantic comedy,United States,English,2.0,tt1278073
6974,Cocaine Prison,2019,,46/100,0,0,1,0,0,,,,,
6975,Noor,2017,,46/100,0,0,1,0,0,,,,,
6976,El Gringo,2012,18+,46/100,0,0,1,0,0,"action film, crime film, thriller film",United States,English,5.0,tt1990216
6977,Flight of Fury,2007,18+,46/100,0,0,1,0,0,"action film, thriller film","United States, United Kingdom",English,3.0,tt0783518
6978,Doe,2018,18+,46/100,0,0,1,0,0,,,,,
6979,Ice,1998,13+,46/100,0,0,1,0,0,science fiction film,United States,English,6.4,tt0064465
6980,The Dragon Pearl,2011,7+,46/100,0,0,1,0,0,children's film,Australia,English,9.0,tt1708534
6981,Morgan Murphy: Irish Goodbye,2014,,46/100,0,0,1,0,0,,,,,
6982,The Uncomfortable Truth,2018,13+,46/100,0,0,1,0,0,,,,,
6983,The Immortalists,2014,,46/100,0,0,1,0,0,,,,6.0,tt3267194
6984,The Great Alligator,1979,,46/100,0,0,1,0,0,"monster film, adventure film, horror film",Italy,Italian,4.0,tt0079156
6985,My Last Love,1999,7+,46/100,0,0,1,0,0,,United States,,9.0,tt0186379
6986,Queens and Cowboys: A Straight Year on the Gay Rodeo,2014,,46/100,0,0,1,0,0,,,,,
6987,Come Out Fighting,2016,18+,46/100,0,0,1,0,0,"comedy film, boxing film",United States,English,7.0,tt0037609
6988,Hitler's SS: Portrait In Evil,1985,,46/100,0,0,1,0,0,,,,,
6989,Hell Commandos,1969,,46/100,0,0,1,0,0,war film,Italy,Italian,1.0,tt0062816
6990,Acquainted,2019,13+,46/100,0,0,1,0,0,,,,,
6991,The Heiress,2021,18+,46/100,0,0,1,0,0,"drama film, romance film, historical drama, film based on literature",United States,English,10.0,tt0041452
6992,Apple of My Eye,2017,7+,46/100,0,0,1,0,0,comedy film,Egypt,,6.0,tt13524066
6993,Sankashta Kara Ganapathi,2018,,46/100,0,0,1,0,0,romantic comedy,India,Kannada,10.0,tt8610794
6994,Attack Force,2006,18+,46/100,0,0,1,0,0,"action film, thriller film, horror film, science fiction film",United States,English,2.0,tt0493424
6995,A Girl's Best Friend,2015,,46/100,0,0,1,0,0,,,,,
6996,Life with Murder,2010,,46/100,0,0,1,0,0,documentary film,Canada,English,8.0,tt1675309
6997,Skills Like This,2007,,46/100,0,0,1,0,0,comedy film,United States,English,9.0,tt0800205
6998,Gen-Y Cops,2000,18+,46/100,0,0,1,0,0,,,,,
6999,Sahil Shah's: Childish Behaviour,2018,,46/100,0,0,1,0,0,,,,,
7000,Third Eye Spies,2019,,46/100,0,0,1,0,0,,,,8.0,tt5112424
7001,The Trojan Horse,1961,,46/100,0,0,1,0,0,adventure film,"France, Italy",Italian,7.0,tt0056042
7002,Dudes & Dragons,2015,,46/100,0,0,1,0,0,fantasy film,United States,English,7.0,tt2170369
7003,Nevada,1944,,46/100,0,0,1,0,0,,,,,
7004,Martin Lawrence Doin’ Time,2016,,46/100,0,0,1,0,0,,,,,
7005,Prisoner Number A26188: Henia Bryer,2015,,46/100,0,0,1,0,0,,,,,
7006,Trump: The Art of the Insult,2018,,46/100,0,0,1,0,0,,,,,
7007,Little Murder,2011,18+,46/100,0,0,1,0,0,thriller film,United States,English,5.0,tt1493815
7008,Flight 666,2018,,46/100,0,0,1,0,0,"horror film, Satanic film",United States,English,5.0,tt8239736
7009,In the Dark Half,2012,,46/100,0,0,1,0,0,"psychological horror, drama film",United Kingdom,English,1.0,tt1764645
7010,All She Wishes,2015,,46/100,0,0,1,0,0,,,,,
7011,Yellow Colt,2014,,46/100,0,0,1,0,0,,,,,
7012,Lazarus,2021,,46/100,0,0,1,0,0,,,,,
7013,Shackles,2005,18+,46/100,0,0,1,0,0,drama film,United States,English,10.0,tt0425406
7014,The Vampire Happening,1971,,46/100,0,0,1,0,0,"comedy horror, horror film, vampire film, comedy film",Germany,German,4.7,tt0065762
7015,"Blood, Sand & Gold",2017,16+,46/100,0,0,1,0,0,,,,,
7016,Finding Grace,2020,,46/100,0,0,1,0,0,,United States,,8.0,tt7838654
7017,Ghost in the Graveyard,2019,,46/100,0,0,1,0,0,,,,,
7018,Anthem of a Teenage Prophet,2019,18+,46/100,0,0,1,0,0,,Canada,,10.0,tt6054710
7019,Inside Out,2005,,46/100,0,0,1,1,0,"crime film, drama film",United States,English,5.0,tt1640486
7020,The Wedding Night,1935,,46/100,0,0,1,0,0,drama film,United States,English,8.0,tt0027189
7021,10 Cent Pistol,2014,18+,46/100,0,0,1,0,0,crime thriller film,United States,English,2.0,tt2134170
7022,Naples '44,2016,,45/100,0,0,1,0,0,documentary film,Italy,English,7.0,tt3886508
7023,Muay Thai Giant,2008,18+,45/100,0,0,1,0,0,,,,,
7024,Girlfriends of Christmas Past,2016,all,45/100,0,0,1,0,0,,,,,
7025,Taking 5,2007,7+,45/100,0,0,1,0,0,comedy film,United States,English,5.5,tt0454962
7026,Supercon,2018,18+,45/100,0,0,1,0,0,action comedy film,United States,English,3.0,tt4454078
7027,Salmonberries,1991,18+,45/100,0,0,1,0,0,"LGBT-related film, drama film",Germany,English,10.0,tt0102829
7028,Who's Your Caddy?,2007,13+,45/100,0,0,1,0,0,comedy film,United States,English,3.0,tt0785077
7029,Sugar Daddies,2014,7+,45/100,0,0,1,0,0,drama film,United States,English,4.0,tt4329098
7030,The Over-the-Hill Gang Rides Again,1970,13+,45/100,0,0,1,0,0,,,,,
7031,Pride of the Bowery,1940,all,45/100,0,0,1,0,0,comedy film,United States,English,6.0,tt0034064
7032,Leading Lady,2014,,45/100,0,0,1,0,0,romance film,,Afrikaans,7.0,tt3510718
7033,A Company Of Heroes,2012,,45/100,0,0,1,0,0,,,,7.8,tt7516468
7034,Night Skies,2007,18+,45/100,0,0,1,0,0,horror film,United States,English,4.0,tt0460883
7035,Keeping the Promise,1997,,45/100,0,0,1,0,0,,United States,English,4.0,tt0119454
7036,Warriors of the Year 2072,1984,,45/100,0,0,1,0,0,"action film, science fiction film",Italy,Italian,7.0,tt0085627
7037,Urvi,2017,,45/100,0,0,1,0,0,,,,,
7038,Saved by Grace,2016,7+,45/100,0,0,1,0,0,,,,,
7039,Survival of the Film Freaks,2018,,45/100,0,0,1,0,0,,,,8.0,tt5805592
7040,Stalking Chernobyl: Exploration After Apocalypse,2020,,45/100,0,0,1,0,0,,,,6.5,tt13327648
7041,12 Dog Days Till Christmas,2014,,45/100,0,0,1,0,0,,,,,
7042,A Christmas Princess,2019,7+,45/100,0,0,1,0,0,comedy film,,,3.0,tt10177634
7043,Flesh Eating Mothers,1988,18+,45/100,0,0,1,0,0,cannibal film,United States,English,8.0,tt0097364
7044,The Patchwork Girl of Oz,1914,,45/100,0,0,1,0,0,silent film,United States,,5.0,tt0004457
7045,Ghost,2020,,45/100,0,0,1,0,0,,,,,
7046,Hank and Mike,2008,18+,45/100,0,0,1,0,0,comedy film,Canada,English,5.8,tt0814131
7047,Doors Open,2012,16+,45/100,0,0,1,0,0,,,,,
7048,The Over-the-Hill Gang,1969,13+,45/100,0,0,1,0,0,,,,,
7049,Welcome to Kutsher's: The Last Catskills Resort,2012,,45/100,0,0,1,0,0,,,,,
7050,French Biriyani,2020,,45/100,0,0,1,0,0,,India,,4.0,tt12344410
7051,Reclusion,2016,,45/100,0,0,1,0,0,,,,,
7052,Remember the Sultana,2018,,45/100,0,0,1,0,0,,,,,
7053,Messenger on a White Horse,2017,,45/100,0,0,1,0,0,documentary film,"Argentina, Australia","English, Spanish",8.0,tt6818874
7054,Hesburgh,2019,,45/100,0,0,1,0,0,documentary film,United States,English,10.0,tt8403168
7055,An English Haunting,2020,13+,45/100,0,0,1,0,0,,,,,
7056,Wodehouse In Exile,2013,,45/100,0,0,1,0,0,,,,10.0,tt2735760
7057,Out of Liberty,2019,7+,45/100,0,0,1,0,0,Western film,United States,English,4.0,tt9844368
7058,Gone Missing,2013,7+,45/100,0,0,1,0,0,,,,,
7059,Anjelah Johnson: The Homecoming Show,2013,,45/100,0,0,1,0,0,,,,,
7060,U.F.O.,2012,18+,45/100,0,0,1,0,0,"action film, science fiction film, war film, alien invasion",United Kingdom,English,3.0,tt2040578
7061,Gold Star,2016,,45/100,0,0,1,0,0,,,,,
7062,The Chef's Wife,2014,7+,45/100,0,0,1,0,0,"comedy drama, romantic comedy",France,French,9.0,tt3053860
7063,Madha,2020,,45/100,0,0,1,0,0,,,,,
7064,Va,2010,,45/100,0,0,1,0,0,,,,,
7065,A Haunting in Georgia,2001,,45/100,0,0,1,0,0,,,,,
7066,The Farmer and the Belle: Saving Santaland,2020,,45/100,0,0,1,0,0,,,,,
7067,On the Trail of Bigfoot- The Search,2020,,45/100,0,0,1,0,0,,,,,
7068,Andaaz,2003,,45/100,0,0,1,0,0,"musical film, romance film",India,Hindi,10.0,tt0346507
7069,Bryan Callen: Never Grow Up,2016,18+,45/100,0,0,1,0,0,,,,8.0,tt7255620
7070,White Fire,1984,18+,45/100,0,0,1,0,0,drama film,"France, Turkey, United Kingdom",French,9.0,tt0088359
7071,Gallagher: the Bookkeeper,1985,,45/100,0,0,1,0,0,,,,,
7072,The Sundowners,1950,,45/100,0,0,1,0,0,Western film,United States,English,5.0,tt0043013
7073,Sprinter,2019,,45/100,0,0,1,0,0,,,,,
7074,Chocolate City,2015,18+,45/100,0,0,1,0,0,"comedy drama, drama film",United States,English,2.0,tt3481000
7075,Wandering Eye,2011,13+,45/100,0,0,1,0,0,,,,,
7076,"Bruce Lee: The Man, The Myth",1976,18+,45/100,0,0,1,0,0,"action film, biographical film, martial arts film, Bruceploitation",Hong Kong,Cantonese,5.0,tt0077850
7077,Grateful Dawg,2000,13+,45/100,0,0,1,0,0,"documentary film, musical film",United States,English,10.0,tt0265212
7078,The Adventures of RoboRex,2014,7+,45/100,0,0,1,0,0,,,,,
7079,Rodeo and Juliet,2015,,45/100,0,0,1,0,0,"romance film, family film",United States,English,1.0,tt4693860
7080,Debug,2014,13+,45/100,0,0,1,0,0,"science fiction film, horror film",Canada,English,4.0,tt2769184
7081,My Beautiful Bride,2021,,45/100,0,0,1,0,0,,,,,
7082,Volcanic UFO Mysteries,2021,,45/100,0,0,1,0,0,,,,10.0,tt13327756
7083,What if it Works?,2017,18+,45/100,0,0,1,0,0,,,,5.5,tt4832248
7084,Loafer,1973,,45/100,0,0,1,0,0,,India,Hindi,7.0,tt0156745
7085,Marriage of Lies,2016,7+,45/100,0,0,1,0,0,,,,,
7086,Manhattan Undying,2016,,45/100,0,0,1,0,0,,,,,
7087,Kiltro,2006,,45/100,0,0,1,0,0,"action film, martial arts film",Chile,Spanish,5.0,tt0460484
7088,Casual Encounters,2016,18+,45/100,0,0,1,0,0,,,,,
7089,Jhoom Barabar Jhoom,2007,13+,45/100,0,0,1,0,0,"musical film, romance film, comedy film",India,Hindi,3.0,tt0833476
7090,The McMasters,1970,,45/100,0,0,1,0,0,Western film,United States,English,8.0,tt0064649
7091,Circle of Two,1981,7+,45/100,0,0,1,0,0,"film adaptation, drama film",Canada,English,5.0,tt0080536
7092,Floating City,2012,,45/100,0,0,1,0,0,drama film,People's Republic of China,Cantonese,8.0,tt2387469
7093,Street of No Return,1989,,45/100,0,0,1,0,0,"crime film, drama film, neo-noir, film based on literature","France, Portugal",English,4.0,tt0098396
7094,Fanney Khan,2018,,45/100,0,0,1,0,0,musical film,India,Hindi,2.0,tt6384386
7095,Missing Mom,2016,,45/100,0,0,1,0,0,,,,,
7096,Elimination Game,2014,18+,45/100,0,0,1,0,0,"thriller film, action film, dystopian film",Australia,English,2.0,tt3816614
7097,Eddie Griffin: Undeniable,2018,7+,45/100,0,0,1,0,0,,,,,
7098,Apparition,2019,,45/100,0,0,1,0,0,"horror film, thriller film","United States, Germany",English,5.0,tt1433822
7099,Billy Gardell: Halftime,2011,16+,45/100,0,0,1,0,0,,,,,
7100,The Cleansing,2019,,45/100,0,0,1,0,0,,,,9.0,tt6956798
7101,Drunk Wedding,2015,18+,45/100,0,0,1,0,0,comedy film,United States,English,1.0,tt1950135
7102,Trade Winds,1938,,45/100,0,0,1,0,0,"comedy film, comedy thriller",United States,English,7.0,tt0030888
7103,Idaho The Movie,2012,,45/100,0,0,1,0,0,,,,,
7104,Garnet’s Gold,2014,13+,45/100,0,0,1,0,0,,,,,
7105,Agathe Cléry,2008,,45/100,0,0,1,0,0,"comedy film, musical film",France,French,9.0,tt1068632
7106,Dushmani: A Violent Love Story,1995,,45/100,0,0,1,0,0,,India,Hindi,5.0,tt0112916
7107,Deadlocked,2020,,45/100,0,0,1,0,0,thriller film,United States,English,5.9,tt0233535
7108,Smitty,2012,7+,45/100,0,0,1,0,0,"family film, drama film",United States,English,10.0,tt1531914
7109,If These Knishes Could Talk: The Story of the NY Accent,2013,13+,45/100,0,0,1,0,0,,,,,
7110,Dan Cummins: Get Outta Here; Devil!,2020,,45/100,0,0,1,0,0,,,,,
7111,Guilty Men,2016,,45/100,0,0,1,0,0,drama film,Colombia,Spanish,7.0,tt6152546
7112,I Am Watching You,2016,16+,45/100,0,0,1,0,0,,,,,
7113,Taqdeerwala,1995,,45/100,0,0,1,0,0,fantasy film,India,Hindi,6.6,tt0114615
7114,Bright Hill Road,2020,,45/100,0,0,1,0,0,,,,7.0,tt9893824
7115,Karate Warriors,1976,18+,45/100,0,0,1,0,0,martial arts film,Japan,Japanese,7.0,tt0171444
7116,Dino Dana: The Movie,2020,7+,45/100,0,0,1,0,0,,,,,
7117,The Moo Man,2013,,45/100,0,0,1,0,0,documentary film,United Kingdom,English,9.0,tt2433336
7118,Spooks Run Wild,1941,,45/100,0,0,1,0,0,comedy horror,United States,English,5.0,tt0034224
7119,Tc Gn: Take Care Good Night,2018,,45/100,0,0,1,0,0,,,,,
7120,Egypt's Lost Queens,2014,13+,45/100,0,0,1,0,0,,,,,
7121,Safe Inside,2019,,45/100,0,0,1,0,0,,,,3.0,tt7373818
7122,Fairhaven,2013,,45/100,0,0,1,0,0,comedy film,United States,English,10.0,tt1341718
7123,Monsieur Papa,2011,7+,45/100,0,0,1,0,0,comedy film,France,French,8.0,tt1692214
7124,Hard to Get,2014,,45/100,0,0,1,0,0,,,,6.0,tt3921136
7125,Falling from the Sky: Flight 174,1995,,45/100,0,0,1,0,0,,,,,
7126,Jaya Janaki Nayaka,2017,,45/100,0,0,1,0,0,"action film, romance film",India,Telugu,1.0,tt7286562
7127,My Dad's a Soccer Mom,2014,7+,45/100,0,0,1,0,0,"television film, family film, comedy film",United States,,3.0,tt3794422
7128,Zombies Have Fallen,2017,,45/100,0,0,1,0,0,,,,,
7129,Cabin 28,2017,18+,45/100,0,0,1,0,0,horror film,United Kingdom,British English,1.0,tt5457484
7130,Kireedam,2007,,45/100,0,0,1,0,0,drama film,India,Tamil,7.0,tt1999910
7131,Dohchay,2015,,45/100,0,0,1,0,0,action film,India,Telugu,8.0,tt4463780
7132,By Love Possessed,1961,,45/100,0,0,1,0,0,"drama film, romance film",United States,English,5.4,tt0054710
7133,The Delegation,2018,13+,45/100,0,0,1,0,0,drama film,Albania,Albanian,9.0,tt6599184
7134,Aatagadharaa Siva,2018,,45/100,0,0,1,0,0,,India,Telugu,5.0,tt8535546
7135,Slow Burn,2000,18+,45/100,0,0,1,0,0,"drama film, crime film",United States,English,3.0,tt0165477
7136,No Place to Hide: The Rehtaeh Parsons Story,2015,13+,45/100,0,0,1,0,0,,,,9.0,tt4569494
7137,Apache Woman,1976,,45/100,0,0,1,0,0,Spaghetti Western,Italy,Italian,6.0,tt0168687
7138,Ek Niranjan,2009,,45/100,0,0,1,0,0,action film,India,Telugu,6.0,tt1579540
7139,Nervous Ticks,1992,18+,45/100,0,0,1,0,0,comedy film,United States,,5.8,tt0104984
7140,Ghosts on the Loose,1943,,45/100,0,0,1,0,0,comedy horror,United States,English,5.0,tt0035939
7141,Doubting Thomas,2018,18+,45/100,0,0,1,0,0,,,,,
7142,Loco Love,2003,7+,45/100,0,0,1,0,0,,,,2.0,tt0293452
7143,A Bucket of Blood,1995,18+,45/100,0,0,1,0,0,"comedy horror film, horror film, comedy film",United States,English,7.0,tt0052655
7144,The Engagement Ring,2005,7+,45/100,0,0,1,0,0,comedy film,Azerbaijan,Azerbaijani,7.0,tt1456483
7145,Fighting Caravans,1931,,45/100,0,0,1,0,0,Western film,United States,English,10.0,tt0021861
7146,The Price of Fame,2017,7+,45/100,0,0,1,0,0,silent film,United States,,,tt0007209
7147,Kaafi Filmy,2019,18+,45/100,0,0,1,0,0,,,,,
7148,The Forbidden Dance,1990,13+,45/100,0,0,1,0,0,"romance film, musical film, drama film",United States,English,6.0,tt0099595
7149,Tone Bell - Can't Cancel This,2019,18+,45/100,0,0,1,0,0,,,,,
7150,My 5 Wives,2000,18+,45/100,0,0,1,0,0,comedy film,United States,English,3.0,tt0216930
7151,The Sleepless,2020,,45/100,0,0,1,0,0,,,,9.0,tt12827662
7152,Knuckle Jack,2013,,45/100,0,0,1,0,0,,,,,
7153,The Devil to Pay!,1930,all,45/100,0,0,1,0,0,"drama film, romance film",United States,English,6.6,tt0020821
7154,Hans Christian Andersen: My Life as a Fairytale,2003,,45/100,0,0,1,0,0,,,,,
7155,First We Take Brooklyn,2018,18+,45/100,0,0,1,0,0,crime thriller film,United States,English,2.0,tt5673714
7156,Hide Away,2012,13+,45/100,0,0,1,0,0,drama film,United States,English,9.0,tt1536374
7157,In Search of Doc Holliday,2016,,45/100,0,0,1,0,0,documentary film,United States,,1.0,tt5213016
7158,Katherine,1975,16+,45/100,0,0,1,0,0,,,,,
7159,The Speed of Thought,2011,,45/100,0,0,1,0,0,,United States,English,5.0,tt0847825
7160,Bulldog Drummond,1929,,45/100,0,0,1,0,0,"crime film, drama film, action film, mystery film",United States,English,7.0,tt0019735
7161,It Happened One Valentine's,2017,,45/100,0,0,1,0,0,,,,10.0,tt5646992
7162,Shoelaces for Christmas,2018,7+,45/100,0,0,1,0,0,,,,,
7163,The Hottie & The Nottie,2008,13+,45/100,0,0,1,0,0,romantic comedy,United States,English,1.0,tt0804492
7164,Devil's Diary,2007,,45/100,0,0,1,0,0,,,,,
7165,Before the Revolution,2013,,45/100,0,0,1,0,0,documentary film,Israel,,10.0,tt2466950
7166,Flying Elephants,1928,,45/100,0,0,1,0,0,"comedy film, buddy film, silent film",United States,English,6.0,tt0017893
7167,Gamera vs. Zigra,1971,,45/100,0,0,1,0,0,"science fiction film, fantasy film, adventure film, kaiju",Japan,Japanese,2.0,tt0067123
7168,I Met My Love Again,1938,,44/100,0,0,1,0,0,romance film,United States,English,3.0,tt0030256
7169,Secrets of Deception,2017,18+,44/100,0,0,1,0,0,"crime film, drama film, action film, thriller film",,,10.0,tt5451640
7170,Love Is a Ball,1963,,44/100,0,0,1,0,0,romantic comedy,United States,English,7.0,tt0057262
7171,Bengal Tiger,2015,,44/100,0,0,1,0,0,action film,India,Telugu,8.0,tt5266218
7172,Ferro,2020,,44/100,0,0,1,0,0,,,,,
7173,Paradise Canyon,1935,,44/100,0,0,1,0,0,B western,United States,English,5.1,tt0026846
7174,Bottom Feeders,2021,,44/100,0,0,1,0,0,,,,,
7175,"Henry Rollins: Keep Talking, Pal.",2018,18+,44/100,0,0,1,0,0,,,,,
7176,Kill Order,2017,,44/100,0,0,1,0,0,,,,,
7177,Cameron Esposito: Marriage Material,2016,,44/100,0,0,1,0,0,,,,,
7178,Adolf Hitler - My Part in His Downfall,1973,,44/100,0,0,1,0,0,war film,United Kingdom,English,3.0,tt0068171
7179,Achmed Saves America,2014,,44/100,0,0,1,0,0,,,,6.0,tt3557440
7180,Loving Miss Hatto,2012,16+,44/100,0,0,1,0,0,,,,,
7181,Blue,2018,,44/100,0,0,1,0,0,,,,,
7182,Madagascar Skin,1995,,44/100,0,0,1,0,0,"romantic comedy, LGBT-related film",United Kingdom,English,3.0,tt0113730
7183,Bumm Bumm Bole,2010,,44/100,0,0,1,0,0,,India,Hindi,7.0,tt1629241
7184,The Demolitionist,1995,18+,44/100,0,0,1,0,0,"speculative fiction film, horror film",United States,English,7.0,tt0112843
7185,FANG,2018,18+,44/100,0,0,1,0,0,,,,,
7186,Dusky Paradise,2016,,44/100,0,0,1,0,0,,,,,
7187,Winterset,1936,,44/100,0,0,1,0,0,"crime film, drama film",United States,English,6.0,tt0028511
7188,Beyond Paradise,2015,7+,44/100,0,0,1,0,0,drama film,United States,English,10.0,tt1937340
7189,Black November,2012,13+,44/100,0,0,1,0,0,"drama film, action film","United States, Nigeria",English,10.0,tt2147225
7190,Mississippi Madam: The Life of Nellie Jackson,2017,,44/100,0,0,1,0,0,,,,,
7191,Hitler's Britain,2008,7+,44/100,0,0,1,0,0,,,,,
7192,The Screaming Skull,1958,,44/100,0,0,1,0,0,"horror film, ghost film, film based on literature",United States,English,4.0,tt0052169
7193,The White Bus,1967,,44/100,0,0,1,0,0,drama film,United Kingdom,English,8.0,tt0061181
7194,The Good Shepherd,2004,13+,44/100,0,0,1,0,0,"crime film, drama film, action film",United States,"English, German",6.0,tt0343737
7195,Never Wave at a WAC,1953,,44/100,0,0,1,0,0,comedy film,United States,English,7.0,tt0044962
7196,The Amish: Shunned,2014,7+,44/100,0,0,1,0,0,,,,,
7197,The Retrievers,2001,,44/100,0,0,1,0,0,"thriller film, drama film",United States,English,4.3,tt0086186
7198,Undercover with the Clerics: Iraq's Secret Sex Trade,2019,13+,44/100,0,0,1,0,0,,,,,
7199,7 Assassins,2013,18+,44/100,0,0,1,0,0,"martial arts film, action film",People's Republic of China,Cantonese,6.0,tt3552642
7200,Attagasam,2004,,44/100,0,0,1,0,0,,,,,
7201,The Lawless Frontier,1934,,44/100,0,0,1,0,0,B western,United States,English,5.0,tt0025373
7202,Lower Learning,2008,18+,44/100,0,0,1,0,0,comedy film,United States,English,5.0,tt1129381
7203,Titeuf,2011,all,44/100,0,0,1,0,0,children's film,"France, Switzerland","French, English",6.0,tt1757912
7204,Valerie,1957,,44/100,0,0,1,0,0,,,,,
7205,Ninu Veedani Needanu Nene,2019,,44/100,0,0,1,0,0,thriller film,India,Telugu,2.0,tt9789440
7206,Shadow Company,2006,13+,44/100,0,0,1,0,0,documentary film,"Canada, United States",English,9.0,tt0762133
7207,Luke and Lucy: The Texas Rangers,2009,7+,44/100,0,0,1,0,0,,,,,
7208,The Price,2017,,44/100,0,0,1,0,0,,,,,
7209,"Fanchon, the Cricket",1915,,44/100,0,0,1,0,0,"drama film, silent film",United States,,6.0,tt0005302
7210,Alone for Christmas,2013,all,44/100,0,0,1,0,0,Christmas film,United States,English,1.0,tt3120508
7211,Bob Saget: That's What I'm Talking About,2013,18+,44/100,0,0,1,0,0,,,,,
7212,Kingdom of Conquerors,2013,13+,44/100,0,0,1,0,0,historical film,People's Republic of China,,6.0,tt3176304
7213,Woman of Desire,1994,18+,44/100,0,0,1,0,0,"erotic thriller, drama film",United States,English,3.0,tt0108588
7214,Jun-09,2008,,44/100,0,0,1,0,0,,,,,
7215,Petromax,2019,,44/100,0,0,1,0,0,comedy horror,India,Tamil,4.0,tt10987184
7216,Devil's Whisper,2017,,44/100,0,0,1,0,0,horror film,United States,English,2.0,tt5868924
7217,Rock N' Roll Christmas,2019,7+,44/100,0,0,1,0,0,,,,,
7218,Two Wrongs,2015,16+,44/100,0,0,1,0,0,,,,7.0,tt4060030
7219,The Bold Caballero,1936,,44/100,0,0,1,0,0,action film,United States,English,7.0,tt0027377
7220,Bryan Callen: Man Class,2012,18+,44/100,0,0,1,0,0,,,,,
7221,Our People Will Be Healed,2017,,44/100,0,0,1,0,0,documentary film,Canada,,6.9,tt7239076
7222,One Great Love,2018,13+,44/100,0,0,1,0,0,,Philippines,English,10.0,tt9395384
7223,Race 3,2018,,44/100,0,0,1,0,0,comedy film,India,Hindi,1.0,tt7431594
7224,Howie Mandel Presents Howie Mandel at the Howie Mandel Comedy Club,2019,18+,44/100,0,0,1,0,0,,,,,
7225,The Christine Jorgensen Story,1970,18+,44/100,0,0,1,0,0,LGBT-related film,United States,English,6.0,tt0065549
7226,Raccoon Valley,2018,,44/100,0,0,1,0,0,,,,,
7227,Marrying the Mafia 2,2005,,44/100,0,0,1,0,0,romantic comedy,South Korea,Korean,5.0,tt0479669
7228,Voyage Into Space,1970,,44/100,0,0,1,0,0,,,,,
7229,Nat Turner: A Troublesome Property,2003,7+,44/100,0,0,1,0,0,,United States,English,6.0,tt0354763
7230,Farmland,2014,all,44/100,0,0,1,0,0,documentary film,United States,English,1.0,tt3631430
7231,C.C. and Company,1970,18+,44/100,0,0,1,0,0,"action film, comedy drama",United States,English,7.0,tt0065511
7232,Death at a Barbecue,2017,,44/100,0,0,1,0,0,,,,,
7233,Mohawk,1956,7+,44/100,0,0,1,0,0,,,,,
7234,"Remembering Leonard: His Life, Legacy and Battle with COPD",2017,all,44/100,0,0,1,0,0,,,,,
7235,Vietnam: American Holocaust,2008,,44/100,0,0,1,0,0,,,,,
7236,Lady Death,2004,,44/100,0,0,1,0,0,"horror film, fantasy film",United States,English,8.0,tt0354690
7237,American Experience: Rachel Carson,2017,7+,44/100,0,0,1,0,0,,,,,
7238,Alonzo Bodden: Heavy Lightweight,2019,,44/100,0,0,1,0,0,,,,,
7239,The Genesis Code,2010,7+,44/100,0,0,1,0,0,drama film,United States,English,4.9,tt1481576
7240,Trojan Eddie,1996,,44/100,0,0,1,0,0,"drama film, romance film, crime film","Ireland, United Kingdom",English,5.0,tt0117969
7241,Dick Winters: Hang Tough,2012,,44/100,0,0,1,0,0,,,,10.0,tt2983136
7242,Killing Oswald,2013,,44/100,0,0,1,0,0,,,,,
7243,The Night Before Christmas,1994,,44/100,0,0,1,0,0,"comedy film, Spaghetti Western, Christmas film","Germany, Italy, United States",English,7.0,tt0109321
7244,Killing Jimmy Hoffa,2014,,44/100,0,0,1,0,0,,,,6.0,tt3953944
7245,The Black Candle,1991,,44/100,0,0,1,0,0,documentary film,United States,English,10.0,tt1204882
7246,A Different Loyalty,2004,18+,44/100,0,0,1,0,0,"drama film, romance film","United States, United Kingdom, Canada","English, Russian",9.0,tt0326828
7247,Doomed to Die,1940,,44/100,0,0,1,0,0,mystery film,United States,English,6.0,tt0032404
7248,A Real American Hero,1978,16+,44/100,0,0,1,0,0,,,,,
7249,Boonie Bears: Blast into the Past,2019,7+,44/100,0,0,1,0,0,animated film,People's Republic of China,Standard Chinese,5.0,tt10250750
7250,Trapper Jake,2013,,44/100,0,0,1,0,0,,,,,
7251,Noelle,2007,7+,44/100,0,0,1,1,0,,,,,
7252,Tick Tock,2000,18+,44/100,0,0,1,0,0,,,,,
7253,Alonzo Bodden: Who's Paying Attention,2011,18+,44/100,0,0,1,0,0,,,,,
7254,Black Pumpkin,2020,,44/100,0,0,1,0,0,,,,6.0,tt4180532
7255,Mr. Wong in Chinatown,1939,,44/100,0,0,1,0,0,mystery film,United States,English,7.0,tt0031680
7256,Rain Fall,2009,18+,44/100,0,0,1,0,0,"action film, thriller film, film based on a novel",Japan,Japanese,3.0,tt1206086
7257,Mikhael,2019,,44/100,0,0,1,0,0,,,,,
7258,Bring Me the Head of the Machine Gun Woman,2012,,44/100,0,0,1,0,0,"romance film, comedy film, action film","Chile, Mexico",Spanish,5.0,tt2424028
7259,"You Belong to Me: Sex, Race and Murder in the South",2015,,44/100,0,0,1,0,0,documentary film,United States,English,9.0,tt3090882
7260,Henry VII: Winter King,2013,,44/100,0,0,1,0,0,,,,,
7261,Spooky House,2002,7+,44/100,0,0,1,0,0,comedy film,United States,English,5.0,tt0160905
7262,Spring 1941,2007,18+,44/100,0,0,1,0,0,drama film,Israel,English,9.0,tt1252616
7263,Raju Gari Gadhi 2,2017,18+,44/100,0,0,1,0,0,comedy horror,India,Telugu,5.0,tt6280328
7264,Licks,2013,18+,44/100,0,0,1,0,0,drama film,United States,,7.0,tt2464812
7265,Harriet Tubman: They Called Her Moses,2018,,44/100,0,0,1,0,0,,,,7.1,tt22751820
7266,SS United States: Lady in Waiting,2008,all,44/100,0,0,1,0,0,documentary film,United States,English,8.6,tt1230471
7267,A Stray Goat,2017,,44/100,0,0,1,0,0,drama film,South Korea,Korean,10.0,tt10468098
7268,Available,2016,,44/100,0,0,1,0,0,,,,,
7269,Sensitivity Training,2016,,44/100,0,0,1,0,0,,,,,
7270,Sidekick,2005,,44/100,0,0,1,0,0,fantasy film,Canada,English,3.0,tt0410603
7271,Marjaavaan,2019,,44/100,0,0,1,0,0,pornographic film,India,Hindi,3.0,tt9248934
7272,Death of a Child,2017,13+,44/100,0,0,1,0,0,documentary film,"Denmark, Sweden, United States",,10.0,tt6512300
7273,Ride Out for Revenge,1957,,44/100,0,0,1,0,0,Western film,United States,English,5.0,tt0050900
7274,Treasure State,2013,7+,44/100,0,0,1,0,0,,,,,
7275,Any Bullet Will Do,2019,,44/100,0,0,1,0,0,Western film,United States,American English,5.0,tt4985906
7276,The Cat in the Hat Knows a Lot About Christmas!,2012,all,44/100,0,0,1,0,0,,,,,
7277,Lady Valor: The Kristin Beck Story,2014,,44/100,0,0,1,0,0,,,,,
7278,One Rainy Afternoon,1936,,44/100,0,0,1,0,0,romantic comedy,United States,English,4.0,tt0028062
7279,Hollywood North,2004,18+,44/100,0,0,1,0,0,mockumentary,Canada,English,7.0,tt0337640
7280,Third Contact,2013,,44/100,0,0,1,0,0,"neo-noir, psychological thriller",United Kingdom,English,10.0,tt2059318
7281,Ape Canyon,2021,,44/100,0,0,1,0,0,,,,1.0,tt8601612
7282,I Will Be Murdered,2013,,44/100,0,0,1,0,0,documentary film,Spain,"English, Spanish",10.0,tt2837866
7283,The Basket,2000,7+,44/100,0,0,1,0,0,,,,10.0,tt0190255
7284,A Thousand Junkies,2017,18+,44/100,0,0,1,0,0,comedy drama,United States,English,7.0,tt3482000
7285,Fatal Flip,2015,16+,44/100,0,0,1,0,0,,,,,
7286,Breakfast in Hollywood,1946,,44/100,0,0,1,0,0,comedy film,United States,English,5.7,tt0038382
7287,For the Love of Money,2012,18+,44/100,0,0,1,0,0,"drama film, crime film",United States,English,5.0,tt1730294
7288,The Swiss Conspiracy,1976,7+,44/100,0,0,1,0,0,"action film, drama film, crime film","Germany, United States",English,9.0,tt0073774
7289,Dog City: The Movie,1989,all,44/100,0,0,1,0,0,,,,,
7290,A Haunting at the Hoyt Library,2015,,44/100,0,0,1,0,0,,,,3.0,tt5297216
7291,Ghar,1978,,44/100,0,0,1,0,0,,India,Hindi,8.0,tt0077609
7292,Fighting the Odds: The Marilyn Gambrell Story,2005,,44/100,0,0,1,0,0,,,,,
7293,"Daniel Boone, Trail Blazer",1956,all,44/100,0,0,1,0,0,"biographical film, Western film",United States,English,5.0,tt0049121
7294,Beast Mode,2020,18+,44/100,0,0,1,0,0,,,,6.0,tt2323912
7295,Barista,2015,,44/100,0,0,1,0,0,documentary film,United States,English,8.0,tt4651932
7296,Vatthikuchi,2013,,44/100,0,0,1,0,0,,India,Tamil,8.0,tt2771926
7297,Return to Paradise,1953,,44/100,0,0,1,0,0,"thriller film, drama film, prison film, romance film",United States,English,6.9,tt0124595
7298,Throwback Holiday,2018,,44/100,0,0,1,0,0,,,,,
7299,Angel of Death,1990,,44/100,0,0,1,0,0,,,,,
7300,Dirty Movie,2011,18+,44/100,0,0,1,0,0,comedy film,United States,English,7.0,tt0405163
7301,30 Nights of Paranormal Activity With the Devil Inside the Girl With the Dragon Tattoo,2013,18+,44/100,0,0,1,0,0,"parody film, comedy horror",United States,English,4.0,tt2417650
7302,Summer School Teachers,1974,18+,44/100,0,0,1,0,0,exploitation film,United States,English,10.0,tt0073764
7303,The Legend of Halloween Jack,2018,18+,44/100,0,0,1,0,0,,,,,
7304,Bear with Us,2016,18+,44/100,0,0,1,0,0,"comedy film, drama film",Czech Republic,Czech,6.2,tt8512322
7305,Northern Borders,2015,,44/100,0,0,1,0,0,drama film,United States,English,5.0,tt2316810
7306,Arnez J: Racially Motivated,2013,,44/100,0,0,1,0,0,,,,6.0,tt2631472
7307,Dracula 3000,2004,18+,44/100,0,0,1,0,0,,,,,
7308,'Neath Brooklyn Bridge,1942,,44/100,0,0,1,0,0,"comedy film, drama film",United States,English,6.0,tt0034420
7309,Winter Wedding,2017,7+,44/100,0,0,1,0,0,,,,,
7310,The Identity Theft of Mitch Mustain,2013,7+,44/100,0,0,1,0,0,,,,,
7311,The Custodian,2012,7+,44/100,0,0,1,0,0,drama film,Australia,English,4.0,tt0106638
7312,A Country Christmas,2013,7+,44/100,0,0,1,0,0,,,,,
7313,Bells of Rosarita,1945,all,44/100,0,0,1,0,0,Western film,United States,English,6.0,tt0037535
7314,The People Across the Lake,1988,7+,44/100,0,0,1,0,0,,,,,
7315,Joan the Woman,1916,,44/100,0,0,1,0,0,"silent film, drama film, biographical film",United States,English,6.4,tt0008150
7316,Mrs. Pollifax — Spy,1971,all,44/100,0,0,1,0,0,,,,,
7317,The Flemish Farm,1943,,44/100,0,0,1,0,0,"propaganda film, drama film",United Kingdom,English,6.0,tt0036392
7318,Hal Sparks: Charmageddon,2010,,44/100,0,0,1,0,0,,,,,
7319,Bog,1979,7+,44/100,0,0,1,0,0,,,,,
7320,Elyse,2020,,44/100,0,0,1,0,0,,,,,
7321,Hirokin: The Last Samurai,2012,18+,44/100,0,0,1,0,0,"action film, fantasy film, adventure film, drama film",United States,English,3.0,tt1693679
7322,Clockwork Orange County,2012,,44/100,0,0,1,0,0,,,,,
7323,2 Years of Love,2016,,44/100,0,0,1,0,0,"romantic comedy, comedy drama",United States,English,4.0,tt3752610
7324,8 Days,2014,13+,44/100,0,0,1,0,0,,,,,
7325,The Ghost and the Whale,2016,,44/100,0,0,1,0,0,,United States,English,10.0,tt2429278
7326,Remember Pearl Harbor,2016,7+,44/100,0,0,1,0,0,drama film,United States,English,3.0,tt0035249
7327,Riders in the Sky,1949,,44/100,0,0,1,0,0,Western film,United States,English,6.0,tt0041807
7328,Good Intentions,2010,13+,44/100,0,0,1,0,0,,,,,
7329,Hello Carter,2013,,44/100,0,0,1,0,0,comedy drama,United Kingdom,English,9.0,tt2636488
7330,Mehrunisa V Lub U,2017,,44/100,0,0,1,0,0,romantic comedy,Pakistan,Urdu,10.0,tt7063130
7331,I Saw Mommy Kissing Santa Claus,2002,7+,44/100,0,0,1,0,0,,,,,
7332,An Eye for an Eye,2016,,44/100,0,0,1,0,0,documentary film,Canada,English,10.0,tt5131842
7333,Vitality,2012,,44/100,0,0,1,0,0,,,,,
7334,Sabretooth,2002,18+,44/100,0,0,1,0,0,,,,,
7335,Cosh Boy,1953,,44/100,0,0,1,0,0,drama film,United Kingdom,English,6.0,tt0044515
7336,Hot Money,2021,,44/100,0,0,1,0,0,,,,,
7337,Travis Turner,2021,,44/100,0,0,1,0,0,,,,,
7338,Nightingale: A Melody of Life,2021,,43/100,0,0,1,0,0,,,,6.0,tt11368424
7339,The Curse of Robert the Doll,2016,,43/100,0,0,1,0,0,,,,2.0,tt5001436
7340,Daniel Boone,1936,,43/100,0,0,1,0,0,"Western film, historical film",United States,English,7.0,tt0027499
7341,Darling Nikki,2019,,43/100,0,0,1,0,0,,,,,
7342,The Pollinators,2019,,43/100,0,0,1,0,0,,,,7.1,tt10187550
7343,Cowboys vs. Dinosaurs,2015,,43/100,0,0,1,0,0,action film,United States,English,3.0,tt3252786
7344,Miracle Dogs,2003,all,43/100,0,0,1,0,0,drama film,United States,English,8.0,tt0319865
7345,I Cover the Waterfront,1933,,43/100,0,0,1,0,0,"romance film, drama film, film based on a novel",United States,English,6.0,tt0024151
7346,"Mummy, I'm a Zombie",2014,7+,43/100,0,0,1,0,0,,,,,
7347,C.S. Lewis Onstage: The Most Reluctant Convert,2018,,43/100,0,0,1,0,0,,,,,
7348,Cold Zone,2017,13+,43/100,0,0,1,0,0,,,,3.6,tt6516590
7349,Useless,2020,7+,43/100,0,0,1,0,0,documentary film,"People's Republic of China, Hong Kong","Cantonese, Mandarin, English",3.0,tt1094286
7350,Lavell Crawford: Home for the Holidays,2017,18+,43/100,0,0,1,0,0,,,,,
7351,High Kick Girl!,2009,,43/100,0,0,1,0,0,"action film, martial arts film",Japan,Japanese,4.0,tt1406157
7352,Aries Spears: Comedy Blueprint,2016,,43/100,0,0,1,0,0,,,,,
7353,Galapagos Realm Of Giant Sharks,2014,all,43/100,0,0,1,0,0,,,,,
7354,Lisa Lampanelli: Back to the Drawing Board,2015,18+,43/100,0,0,1,0,0,,,,,
7355,Trois: The Escort,2004,18+,43/100,0,0,1,0,0,erotic thriller,United States,English,7.0,tt0418604
7356,Wolf,2012,,43/100,0,0,1,0,0,,,,,
7357,Sufiyum Sujatayum,2020,,43/100,0,0,1,0,0,,,,,
7358,Marshall's Miracle,2015,7+,43/100,0,0,1,0,0,drama film,United States,English,10.0,tt3700364
7359,The Legend of Swee' Pea,2015,,43/100,0,0,1,0,0,,,,,
7360,Springtime in the Sierras,1947,,43/100,0,0,1,0,0,Western film,United States,English,6.0,tt0039861
7361,I Eat Your Skin,1971,,43/100,0,0,1,0,0,"horror film, zombie film, science fiction film",United States,English,3.0,tt0058220
7362,Backstabbed,2016,7+,43/100,0,0,1,0,0,horror film,Denmark,Danish,4.0,tt0117140
7363,Top Secret Rosies: The Female 'Computers' of WWII,2009,,43/100,0,0,1,0,0,,,,,
7364,Gamera: Super Monster,1980,,43/100,0,0,1,0,0,"fantasy film, kaiju, adventure film",Japan,Japanese,2.0,tt0081675
7365,At the Fork,2016,,43/100,0,0,1,0,0,documentary film,United States,,7.0,tt5726712
7366,Don't Click,2012,,43/100,0,0,1,0,0,horror film,South Korea,Korean,5.0,tt1935785
7367,The Daredevils,1979,,43/100,0,0,1,0,0,martial arts film,Hong Kong,Yue Chinese,5.0,tt0080318
7368,3 Magic Words,2010,all,43/100,0,0,1,0,0,documentary film,United States,English,1.0,tt1820364
7369,Red Is the Color of,2007,,43/100,0,0,1,0,0,,,,,
7370,"Django, The Last Killer",1967,,43/100,0,0,1,0,0,,,,,
7371,Survive The Hollow Shoals,2018,18+,43/100,0,0,1,0,0,,,,,
7372,Fireman Sam: Heroes of the Storm,2014,,43/100,0,0,1,0,0,,,,,
7373,The Believer,2021,,43/100,0,0,1,0,0,"coming-of-age film, drama film",United States,"English, Hebrew",8.0,tt0247199
7374,Atone,2019,,43/100,0,0,1,0,0,"drama film, war film, romance film, film based on a novel","United Kingdom, France",English,9.0,tt0783233
7375,Living with the Enemy,2005,18+,43/100,0,0,1,0,0,,,,,
7376,Stealing Paradise,2012,16+,43/100,0,0,1,0,0,,,,,
7377,A Haunting on Washington Avenue: The Temple Theatre,2014,,43/100,0,0,1,0,0,,,,6.0,tt4184812
7378,Alcatraz,2018,,43/100,0,0,1,0,0,,,,,
7379,Bob Saget: Zero to Sixty,2017,18+,43/100,0,0,1,0,0,,,,,
7380,Road Show,1941,,43/100,0,0,1,0,0,comedy film,United States,English,6.0,tt0034115
7381,Money Kings,1998,18+,43/100,0,0,1,0,0,drama film,United States,English,1.0,tt0131110
7382,Monster from Green Hell,1957,,43/100,0,0,1,0,0,"horror film, monster film",United States,English,6.0,tt0050723
7383,Jail Bait,1954,,43/100,0,0,1,0,0,"crime film, film noir",United States,English,3.0,tt0047127
7384,Hookers on Davie,1984,,43/100,0,0,1,0,0,documentary film,Canada,,7.0,tt0087423
7385,Cuddle Party,2015,,43/100,0,0,1,0,0,,,,,
7386,Under Nevada Skies,1946,all,43/100,0,0,1,0,0,Western film,United States,English,3.0,tt0039064
7387,Farm Girl in New York,2008,,43/100,0,0,1,0,0,,,,,
7388,Tobruk,2008,,43/100,0,0,1,0,0,"drama film, film based on a novel, war film, historical film","Czech Republic, Slovakia",Czech,5.0,tt1224376
7389,"Watch Me, Alone",2014,,43/100,0,0,1,0,0,,,,,
7390,Dangerous Flowers,2006,18+,43/100,0,0,1,0,0,"action film, martial arts film",Thailand,Thai,6.0,tt0756204
7391,At Granny's House,2015,,43/100,0,0,1,0,0,,,,7.0,tt3472714
7392,Terrordactyl,2016,,43/100,0,0,1,0,0,,,,4.0,tt3524346
7393,A Time for Heaven,2017,,43/100,0,0,1,0,0,,,,,
7394,Roth on Roth,2013,,43/100,0,0,1,0,0,,,,,
7395,False Hopes,2020,7+,43/100,0,0,1,0,0,,,,,
7396,Hidden Agenda,2001,18+,43/100,0,0,1,0,0,"drama film, political thriller film",United Kingdom,English,8.0,tt0099768
7397,Angel of the Skies,2013,13+,43/100,0,0,1,0,0,,,,,
7398,Joel Mchale: Live from Pyongyang,2019,,43/100,0,0,1,0,0,,,,,
7399,Extraordinary: The Seeding,2019,,43/100,0,0,1,0,0,documentary film,,English,10.0,tt10648648
7400,Kilroy,2021,,43/100,0,0,1,0,0,romantic comedy,Finland,Finnish,5.0,tt0040509
7401,Stalked by My Doctor: Patient's Revenge,2018,16+,43/100,0,0,1,0,0,,,,,
7402,Luna: Spirit of the Whale,2007,7+,43/100,0,0,1,0,0,,,,,
7403,Henry & Me,2014,7+,43/100,0,0,1,0,0,family film,United States,English,10.0,tt1460798
7404,The Mystery of Mr. Wong,1939,,43/100,0,0,1,0,0,"mystery film, crime film",United States,English,7.0,tt0031704
7405,Instant Death,2017,,43/100,0,0,1,0,0,action film,,,6.0,tt4447090
7406,Gallagher: Stuck in the Sixties,1983,,43/100,0,0,1,0,0,,,,,
7407,Petunia,2013,,43/100,0,0,1,0,0,,,,,
7408,Dragon Day,2013,7+,43/100,0,0,1,0,0,post-apocalyptic film,United States,English,6.0,tt1772262
7409,Ice Princess Lily,2018,7+,43/100,0,0,1,0,0,,,,,
7410,Mickey,1948,,43/100,0,0,1,0,0,,,,,
7411,Mambo,1954,,43/100,0,0,1,0,0,,,,,
7412,Kuldip Patwal: I Didn't Do It!,2018,,43/100,0,0,1,0,0,,,,,
7413,The Dalton Girls,1957,,43/100,0,0,1,0,0,Western film,United States,English,9.0,tt0050285
7414,Seven Alone,1974,all,43/100,0,0,1,0,0,,United States,,5.6,tt0073686
7415,Red Garters,1954,,43/100,0,0,1,0,0,musical film,United States,English,8.0,tt0047400
7416,I Need You to Kill,2017,18+,43/100,0,0,1,0,0,,,,,
7417,The Admiral Was a Lady,1950,all,43/100,0,0,1,0,0,romantic comedy,United States,English,6.0,tt0042182
7418,The Gangster's Daughter,2017,,43/100,0,0,1,0,0,gangster film,Taiwan,Chinese,10.0,tt5713498
7419,Back in the Saddle,1941,,43/100,0,0,1,0,0,,,,,
7420,A Mother's Revenge,2016,16+,43/100,0,0,1,0,0,,Nigeria,,,
7421,"Dennis Miller: Fake News, Real Jokes",2018,,43/100,0,0,1,0,0,,,,,
7422,Frame 313: The JFK Assassination Theories,2008,,43/100,0,0,1,0,0,,,,,
7423,Midnight Stallion,2013,,43/100,0,0,1,0,0,,,,1.0,tt2257816
7424,The Night Is Young,2015,18+,43/100,0,0,1,0,0,"romantic comedy, musical film",United States,English,5.0,tt0026775
7425,Smiley Face Killers,2020,18+,43/100,0,0,1,0,0,"horror film, thriller film",United States,English,6.0,tt12757438
7426,UFOs: The Secret History,2010,,43/100,0,0,1,0,0,,,,,
7427,Pearl,2020,,43/100,0,0,1,0,0,,,,,
7428,Under Western Stars,1938,,43/100,0,0,1,0,0,"Western film, action film, musical film",United States,English,6.0,tt0030910
7429,I Heard the Owl Call My Name,1973,,43/100,0,0,1,0,0,drama film,United States,English,8.0,tt0070206
7430,Flight from Ashiya,1964,,43/100,0,0,1,0,0,"adventure film, drama film, romance film",United States,English,7.0,tt0058104
7431,Who Put The Klan Into Ku Klux Klan,2018,,43/100,0,0,1,0,0,,,,,
7432,Get Well Soon,2001,18+,43/100,0,0,1,0,0,comedy film,United States,English,8.0,tt0293176
7433,Look Again,2012,,43/100,0,0,1,0,0,,,,6.0,tt3840082
7434,The Cat In The Hat Knows A Lot About Halloween!,2016,all,43/100,0,0,1,0,0,,,,,
7435,My First Love,2015,,43/100,0,0,1,0,0,"comedy drama, drama film",France,French,,tt0194052
7436,Who Needs Enemies,2013,18+,43/100,0,0,1,0,0,,,,6.0,tt2847238
7437,Custer's Last Stand,1936,,43/100,0,0,1,0,0,Western film,United States,English,7.0,tt0027488
7438,Bells of San Angelo,1947,,43/100,0,0,1,0,0,Western film,United States,English,7.0,tt0039180
7439,Nibiru - Return of the Gods,2014,,43/100,0,0,1,0,0,,,,,
7440,Rolling Stone: Life and Death of Brian Jones,2019,13+,43/100,0,0,1,0,0,,,,4.0,tt10229846
7441,Friends & Crocodiles,2005,,43/100,0,0,1,0,0,,,,,
7442,Happy Hour,2003,16+,43/100,0,0,1,0,0,drama film,Japan,Japanese,7.0,tt4780662
7443,Black Boys,2020,,43/100,0,0,1,0,0,documentary film,United States,English,10.0,tt11473680
7444,Agent F.O.X.,2015,all,43/100,0,0,1,0,0,"fantasy film, adventure film",People's Republic of China,Standard Chinese,1.0,tt3897080
7445,Inspector Gadget's Last Case,2002,7+,43/100,0,0,1,0,0,,,,,
7446,The Bray Road Beast,2018,,43/100,0,0,1,0,0,,,,10.0,tt8841148
7447,Wyeth,2018,,43/100,0,0,1,0,0,,,,,
7448,Willed to Kill,2012,16+,43/100,0,0,1,0,0,,,,,
7449,Stunts,1977,7+,43/100,0,0,1,0,0,mystery film,United States,English,7.0,tt0076776
7450,Melody Makers,2019,,43/100,0,0,1,0,0,,,,,
7451,Boyfriend Killer,2017,16+,43/100,0,0,1,0,0,"thriller film, drama film",United States,English,4.0,tt5283754
7452,Don't Call Me Bigfoot,2020,7+,43/100,0,0,1,0,0,,,,7.0,tt11990802
7453,LAW,2020,,43/100,0,0,1,0,0,,,,,
7454,Andrew Santino: Home Field Advantage,2017,18+,43/100,0,0,1,0,0,,,,,
7455,The Zombie King,2013,,43/100,0,0,1,0,0,"zombie comedy, buddy film, comedy horror",United Kingdom,English,3.0,tt2091455
7456,Jenny McCarthy's Dirty Sexy Funny,2014,18+,43/100,0,0,1,0,0,,,,,
7457,Grandma's House,2016,7+,43/100,0,0,1,0,0,,,,1.0,tt5176486
7458,Minesweeper,1943,,43/100,0,0,1,0,0,,,,,
7459,No Room To Die,1969,,43/100,0,0,1,0,0,Spaghetti Western,Italy,Italian,5.0,tt0064611
7460,Tarzan and the Trappers,1958,all,43/100,0,0,1,0,0,,,,,
7461,For the Love of Jessee,2020,16+,43/100,0,0,1,0,0,,,,5.0,tt7411120
7462,Global Meltdown,2017,18+,43/100,0,0,1,0,0,,,,3.0,tt7108074
7463,Brian Posehn: Posehn 25x2,2017,,43/100,0,0,1,0,0,,,,,
7464,The Painted Hills,1951,all,43/100,0,0,1,0,0,Western film,United States,English,5.0,tt0043895
7465,The Bobot,2018,,43/100,0,0,1,0,0,"adventure film, speculative fiction film, family film",Ukraine,Ukrainian,7.0,tt5796882
7466,Sinful,2020,,43/100,0,0,1,0,0,,,,3.0,tt12283788
7467,The Florentine,1999,18+,43/100,0,0,1,0,0,drama film,United States,English,5.0,tt0132164
7468,My Rebound Girl,2016,,43/100,0,0,1,0,0,,,,,
7469,"Salome, Where She Danced",1945,13+,43/100,0,0,1,0,0,"romance film, drama film",United States,English,10.0,tt0038046
7470,Dirty Dirty Jokes,1984,18+,43/100,0,0,1,0,0,,,,,
7471,The Missouri Traveler,1958,,43/100,0,0,1,0,0,coming-of-age fiction,United States,English,5.0,tt0051936
7472,Relentless,2020,,43/100,0,0,1,0,0,,,,,
7473,Takedown,2010,18+,43/100,0,0,1,0,0,crime film,United States,English,6.2,tt0159784
7474,Light Girls,2015,,43/100,0,0,1,0,0,,,,,
7475,The Initiation of Sarah,1978,,43/100,0,0,1,0,0,,,,,
7476,The Giant Killer,2017,,43/100,0,0,1,0,0,,,,10.0,tt7291412
7477,Mule Train,1950,,43/100,0,0,1,0,0,Western film,United States,English,5.0,tt0042761
7478,He's Mine Not Yours,2011,,43/100,0,0,1,0,0,,,,8.0,tt1954498
7479,Stuck on You!,1982,18+,43/100,0,0,1,0,0,"comedy film, sexploitation film",United States,English,9.0,tt0088199
7480,Doctor Blood's Coffin,1961,,43/100,0,0,1,0,0,"horror film, zombie film",United Kingdom,English,4.0,tt0054823
7481,Diana: The Royal Truth,2017,,43/100,0,0,1,0,0,,,,7.4,tt13490876
7482,La calle de los pianistas,2015,,43/100,0,0,1,0,0,documentary film,Argentina,Spanish,9.0,tt4574526
7483,Never Met Picasso,1996,,43/100,0,0,1,0,0,"comedy drama, LGBT-related film",United States,English,1.0,tt0117167
7484,Love by Accident,2020,,43/100,0,0,1,0,0,,,,,
7485,Bryan Callen: Complicated Apes,2019,,43/100,0,0,1,0,0,,,,,
7486,JFK's Women: The Scandals Revealed,2006,,43/100,0,0,1,0,0,,,,,
7487,Boss 2,2017,,43/100,0,0,1,0,0,crime thriller film,"India, Bangladesh",Bangla,2.0,tt7066030
7488,Snow Is on the Sea Breeze,2015,,43/100,0,0,1,0,0,,,,,
7489,Gina Brillon: The Floor Is Lava,2020,18+,43/100,0,0,1,0,0,,,,,
7490,Revival: The Sam Bush Story,2015,,43/100,0,0,1,0,0,,,,,
7491,Terrortory 2,2018,,43/100,0,0,1,0,0,,,,,
7492,Tio Papi,2013,7+,43/100,0,0,1,0,0,,United States,,6.1,tt1986998
7493,A Fine Step,2014,7+,43/100,0,0,1,0,0,drama film,United States,,4.0,tt1604100
7494,By Night's End,2020,18+,43/100,0,0,1,0,0,,,,,
7495,A Haunting on Hamilton Street 2: The Stable,2011,,43/100,0,0,1,0,0,,,,6.0,tt2104838
7496,The Capture,1950,,43/100,0,0,1,0,0,"thriller film, film noir, drama film",United States,English,5.9,tt0042313
7497,The Stalker,2020,,43/100,0,0,1,0,0,,,,,
7498,Last Call,2012,,43/100,0,0,1,0,0,drama film,Canada,English,10.0,tt8629592
7499,Jayam,2003,,43/100,0,0,1,0,0,romance film,India,Telugu,6.6,tt1797416
7500,The First Secret City,2015,7+,43/100,0,0,1,0,0,,,,,
7501,The Real Lost World,2006,,42/100,0,0,1,0,0,documentary film,Canada,English,9.0,tt0493293
7502,Soul Assassin,2001,18+,42/100,0,0,1,0,0,crime film,United States,English,3.0,tt0271200
7503,Boyz 2,2018,,42/100,0,0,1,0,0,,India,,7.0,tt8873348
7504,Roommate Wanted,2015,18+,42/100,0,0,1,0,0,,,,8.0,tt2401842
7505,The Painted Desert,1931,,42/100,0,0,1,0,0,Western film,United States,English,5.0,tt0022243
7506,Wives Under Suspicion,1938,,42/100,0,0,1,0,0,"drama film, trial film, crime film",United States,English,5.0,tt0030981
7507,2 Bedroom 1 Bath,2014,18+,42/100,0,0,1,0,0,,,,,
7508,Babru,2019,,42/100,0,0,1,0,0,,United States,Kannada,8.0,tt11247252
7509,Gallagher: Over Your Head,1984,,42/100,0,0,1,0,0,,,,,
7510,Solar Impact: The Destruction of London,2019,,42/100,0,0,1,0,0,,,,,
7511,Hired to Kill,1990,18+,42/100,0,0,1,0,0,action film,United States,English,6.0,tt0102043
7512,The Secret World of Lewis Carroll,2015,,42/100,0,0,1,0,0,,,,,
7513,Silence Patton,2018,,42/100,0,0,1,0,0,documentary film,United States,English,10.0,tt3701610
7514,To Catch a Serial Killer with Trevor McDonald,2018,16+,42/100,0,0,1,0,0,,,,,
7515,Ice Spiders,2007,18+,42/100,0,0,1,0,0,,,,,
7516,The Racing Scene,1969,all,42/100,0,0,1,0,0,documentary film,United States,English,9.0,tt0180946
7517,Infected,2013,18+,42/100,0,0,1,0,0,,,,,
7518,Breaking Wind,2012,18+,42/100,0,0,1,0,0,"comedy film, vampire film",United States,English,1.0,tt1651323
7519,Prince of Central Park,2000,13+,42/100,0,0,1,0,0,drama film,United States,English,5.1,tt0170452
7520,Lake Los Angeles,2014,7+,42/100,0,0,1,0,0,,,,7.0,tt2670290
7521,Marvin & Tige,1985,7+,42/100,0,0,1,0,0,drama film,United States,,6.0,tt0085908
7522,Falls Around Her,2018,,42/100,0,0,1,0,0,drama film,"Canada, Greater Sudbury",,3.0,tt8314254
7523,Goodland,2018,,42/100,0,0,1,0,0,,,,,
7524,Ostatni ludzie Czarnobyla 2,2019,,42/100,0,0,1,0,0,,,,,
7525,Dark Woods II,2015,,42/100,0,0,1,0,0,,,,,
7526,The Ranger and the Lady,1940,,42/100,0,0,1,0,0,Western film,United States,English,3.0,tt0032972
7527,Tom Wilson: Bigger Than You,2011,,42/100,0,0,1,0,0,,,,9.0,tt1559325
7528,Blockade,1938,,42/100,0,0,1,0,0,"drama film, war film",United States,English,6.0,tt0029924
7529,Four Enchanted Sisters,2020,7+,42/100,0,0,1,0,0,"fantasy film, film based on literature","Germany, Austria, Belgium",German,4.8,tt8875940
7530,There's Always Tomorrow,1934,,42/100,0,0,1,0,0,drama film,United States,English,4.0,tt0025876
7531,The Fox Family,2006,,42/100,0,0,1,0,0,musical film,South Korea,Korean,8.0,tt0891496
7532,Secrets,2017,13+,42/100,0,0,1,0,0,,,,,
7533,Amar Akbar Anthony,2018,,42/100,0,0,1,0,0,action film,India,Telugu,6.0,tt8107464
7534,Erik Griffin: AmERIKan Warrior,2018,18+,42/100,0,0,1,0,0,,,,,
7535,Escape and Evasion,2019,16+,42/100,0,0,1,0,0,,Australia,English,7.0,tt7423486
7536,Painted Horses,2017,,42/100,0,0,1,0,0,,,,8.0,tt4985854
7537,A Kiss for Jed Wood,2011,,42/100,0,0,1,0,0,,,,,
7538,Housequake,2009,,42/100,0,0,1,0,0,,United States,English,7.8,tt1329367
7539,RISE,2014,18+,42/100,0,0,1,0,0,,,,,
7540,The Reef 2: High Tide,2012,all,42/100,0,0,1,0,0,adventure film,"United States, South Korea",Korean,4.0,tt1978567
7541,Gun and a Hotel Bible,2021,,42/100,0,0,1,0,0,,,,10.0,tt10661500
7542,Hi-De-Ho,1947,7+,42/100,0,0,1,0,0,musical film,United States,English,6.0,tt0039460
7543,Project Moon Base,1953,,42/100,0,0,1,0,0,"science fiction film, adventure film",United States,English,6.0,tt0046213
7544,Deadly Nightshade,1953,,42/100,0,0,1,0,0,"drama film, crime film, film noir",United Kingdom,English,5.0,tt0204246
7545,The Sharkfighters,1956,,42/100,0,0,1,0,0,drama film,United States,English,8.0,tt0049751
7546,Tribulation,2000,13+,42/100,0,0,1,0,0,"post-apocalyptic film, science fiction film, Satanic film",Canada,English,4.7,tt0202236
7547,La Cucaracha,1998,18+,42/100,0,0,1,0,0,"thriller film, drama film",United States,English,5.9,tt0157913
7548,Roadhouse Girl,1953,,42/100,0,0,1,0,0,"drama film, crime film, film noir",United Kingdom,English,5.0,tt0046045
7549,Do Anjaane,1976,,42/100,0,0,1,0,0,,India,Hindi,6.7,tt0074417
7550,A Stone in the Water,2019,18+,42/100,0,0,1,0,0,,,,7.0,tt11968072
7551,"ETs Among Us 2: Our Alien Origins, Antarctica, Mars and Beyond",2018,,42/100,0,0,1,0,0,,,,10.0,tt10934426
7552,Axeman at Cutters Creek,2021,,42/100,0,0,1,0,0,,,,,
7553,The Perfect Victim,2012,13+,42/100,0,0,1,0,0,,,,6.9,tt2121734
7554,Raiders of the Seven Seas,1953,,42/100,0,0,1,0,0,"adventure film, pirate film",United States,English,6.0,tt0046223
7555,The Chronology Protection Case,2013,,42/100,0,0,1,0,0,,,,,
7556,Wild Faith,2017,7+,42/100,0,0,1,0,0,,,,10.0,tt5960386
7557,"Angry, White and American",2017,13+,42/100,0,0,1,0,0,,,,,
7558,I Am or How Jack Became Black,2017,,42/100,0,0,1,0,0,,,,,
7559,The Wereth Eleven,2011,,42/100,0,0,1,0,0,documentary film,United States,,7.0,tt1641253
7560,Hampton's Legion,2021,,42/100,0,0,1,0,0,,,,,
7561,Mr. Imperium,1951,,42/100,0,0,1,0,0,"drama film, romance film",United States,English,6.0,tt0043822
7562,Solar Attack,2006,7+,42/100,0,0,1,0,0,,,,,
7563,The Real Macaw,1998,all,42/100,0,0,1,0,0,"adventure film, family film",Australia,English,5.3,tt0166321
7564,The Christmas Elves,1995,,42/100,0,0,1,0,0,,,,,
7565,Gary Gulman: Boyish Man,2005,,42/100,0,0,1,0,0,,,,6.8,tt0848574
7566,4Closed,2013,13+,42/100,0,0,1,0,0,,,,,
7567,The Busy Little Engine,2005,,42/100,0,0,1,0,0,children's film,United States,English,10.0,tt0807746
7568,Marina,2012,,42/100,0,0,1,0,0,,,,,
7569,Dope Fiend,2017,,42/100,0,0,1,0,0,,,,,
7570,Raabta,2017,,42/100,0,0,1,0,0,romance film,India,Hindi,5.0,tt5542802
7571,Devil's Trail,2017,,42/100,0,0,1,0,0,"silent film, drama film",United States,,,tt0010066
7572,Lillith,2019,,42/100,0,0,1,0,0,,,,5.0,tt6785752
7573,My Man Is a Loser,2014,18+,42/100,0,0,1,0,0,"buddy film, comedy film",United States,English,8.0,tt2166934
7574,Taken Heart,2017,,42/100,0,0,1,0,0,,,,,
7575,Sherlock Holmes and the Sign of Four,1983,,42/100,0,0,1,0,0,,,,,
7576,Sleeping Fist,1979,,42/100,0,0,1,0,0,martial arts film,Hong Kong,Cantonese,6.1,tt0078262
7577,Before Dawn,2013,,42/100,0,0,1,0,0,"historical film, war film, drama film",Australia,English,4.0,tt10869956
7578,Dan Cummins: Don't Wake The Bear,2017,,42/100,0,0,1,0,0,,,,8.0,tt14642812
7579,Home for Harvest,2019,,42/100,0,0,1,0,0,,,,,
7580,Terror Birds,2016,,42/100,0,0,1,0,0,"animal horror film, science fiction film",United States,,6.0,tt4514660
7581,Alien Intruder,1993,18+,42/100,0,0,1,0,0,"science fiction film, adventure film",United States,English,5.0,tt0106244
7582,Wedding Swingers,2018,,42/100,0,0,1,0,0,,,,,
7583,Android Apocalypse,2006,13+,42/100,0,0,1,0,0,,,,,
7584,Blood and Lace,1971,18+,42/100,0,0,1,0,0,"horror film, slasher film",United States,English,6.0,tt0066848
7585,Following Phil,2018,,42/100,0,0,1,0,0,,,,,
7586,Trouble with Sex,2006,18+,42/100,0,0,1,0,0,"drama film, romance film",Ireland,English,2.0,tt0384847
7587,Alice Wetterlund: My Mama Is a Human and So Am I,2019,18+,42/100,0,0,1,0,0,,,,,
7588,Prison of Secrets,1997,13+,42/100,0,0,1,0,0,,,,,
7589,Copper Bill,2020,7+,42/100,0,0,1,0,0,,,,,
7590,Ek Vivaah Aisa Bhi,2008,all,42/100,0,0,1,0,0,,,,,
7591,Samar,2013,,42/100,0,0,1,0,0,,,,,
7592,Streets of New York,1939,,42/100,0,0,1,0,0,"drama film, crime film",United States,English,6.0,tt0031987
7593,The Wrong Babysitter,2017,16+,42/100,0,0,1,0,0,,,,,
7594,Coyote County Loser,2009,7+,42/100,0,0,1,0,0,,,,,
7595,The Missing Corpse,1945,,42/100,0,0,1,0,0,"thriller film, mystery film",United States,English,7.0,tt0037918
7596,Chasing Niagara,2016,,42/100,0,0,1,0,0,"adventure film, documentary film","Austria, United States, Canada",English,1.0,tt5192278
7597,Ghetto Dawg,2002,18+,42/100,0,0,1,0,0,,,,,
7598,Jack White: Kneeling At The Anthem D.C.,2018,,42/100,0,0,1,0,0,,,,,
7599,Trail to San Antone,1947,,42/100,0,0,1,0,0,Western film,United States,English,6.3,tt0039909
7600,Iliza Shlesinger: Over & Over,2019,,42/100,0,0,1,0,0,,,,10.0,tt10100664
7601,Sx_Tape,2013,18+,42/100,0,0,1,0,0,"horror film, found footage, erotic film, ghost film",United States,English,1.0,tt2041331
7602,Red Sun Rising,1994,18+,42/100,0,0,1,0,0,action film,United States,English,8.0,tt0107937
7603,Beyond the Purple Hills,1950,,42/100,0,0,1,0,0,Western film,United States,English,6.0,tt0042244
7604,Before Your Time,2017,all,42/100,0,0,1,0,0,,,,8.0,tt7627790
7605,Wild Kratts: Creepy Creatures,2018,all,42/100,0,0,1,0,0,,,,,
7606,CRSHD,2019,,42/100,0,0,1,0,0,,,,,
7607,"Mr. Wong, Detective",1938,,42/100,0,0,1,0,0,crime film,United States,English,8.0,tt0030473
7608,The Hired Heart,1997,7+,42/100,0,0,1,0,0,,,,,
7609,Bad is Bad,2011,,42/100,0,0,1,0,0,,,,,
7610,Murder at Midnight,1931,,42/100,0,0,1,0,0,mystery film,United States,English,5.5,tt0022172
7611,Swordsman and Enchantress,1978,,42/100,0,0,1,0,0,,,,,
7612,Locas por el Cambio,2020,13+,42/100,0,0,1,0,0,,,,10.0,tt10683650
7613,"A Boy, a Girl and a Dog",1946,,42/100,0,0,1,0,0,drama film,United States,English,7.0,tt0038380
7614,Werewolf,2020,,42/100,0,0,1,0,0,,,,,
7615,Separate Ways,1981,18+,42/100,0,0,1,0,0,,,,,
7616,Odd Squad: World Turned Odd,2018,,42/100,0,0,1,0,0,,,,,
7617,The Go-Getters,2018,,42/100,0,0,1,0,0,,Canada,,9.0,tt6085642
7618,Afterimages,2014,,42/100,0,0,1,0,0,,,,,
7619,Gun Brothers,1956,,42/100,0,0,1,0,0,Western film,United States,English,5.9,tt0049283
7620,Meteor Moon,2020,7+,42/100,0,0,1,0,0,action film,,,2.0,tt13179918
7621,Maggie's War,2012,,42/100,0,0,1,0,0,,,,,
7622,The Haunting of Borley Rectory,2019,,42/100,0,0,1,0,0,,,,,
7623,High: The True Tale of American Marijuana,2008,,42/100,0,0,1,0,0,,,,,
7624,Striking Range,2006,18+,42/100,0,0,1,0,0,thriller film,United States,,6.0,tt0457290
7625,DIVOS!,2020,,42/100,0,0,1,0,0,,,,,
7626,The Eagle and the Hawk,1950,,42/100,0,0,1,0,0,Western film,United States,English,6.0,tt0042426
7627,Drugs as Weapons Against Us: The CIA War on Musicians and Activists,2018,,42/100,0,0,1,0,0,,,,,
7628,The Coverup,2008,18+,42/100,0,0,1,0,0,crime thriller film,United States,English,5.0,tt1153543
7629,Kaatru Veliyidai,2017,7+,42/100,0,0,1,0,0,war film,India,Tamil,6.0,tt5902484
7630,Space Dogs: Tropical Adventure,2020,7+,42/100,0,0,1,0,0,,,,,
7631,I Love N.Y.,1987,18+,42/100,0,0,1,0,0,comedy drama,United States,English,3.8,tt0095342
7632,Rudy Ruettiger: The Walk On,2017,,42/100,0,0,1,0,0,,,,,
7633,Suburban Nightmare,2004,18+,42/100,0,0,1,0,0,,,,10.0,tt0328897
7634,The Magical Life of Long Tack Sam,2003,,42/100,0,0,1,0,0,,,,,
7635,Snowbound for Christmas,2019,7+,42/100,0,0,1,0,0,,,,,
7636,Lost Holiday,2019,,42/100,0,0,1,0,0,,United States,,1.0,tt7014694
7637,Forgotten Ellis Island,2008,7+,42/100,0,0,1,0,0,documentary film,United States,English,8.0,tt1226227
7638,Savage Island,2004,18+,42/100,0,0,1,0,0,drama film,United States,English,2.0,tt0089964
7639,Wax: We Are The X,2015,,42/100,0,0,1,0,0,drama film,Italy,Italian,6.1,tt3977806
7640,Papam Cheyyathavar Kalleriyatte,2020,,42/100,0,0,1,0,0,,,,,
7641,The Far Frontier,1948,,42/100,0,0,1,0,0,Western film,United States,English,3.0,tt0041347
7642,99,2019,,42/100,0,0,1,0,0,,,,,
7643,Blonde for a Day,1946,,42/100,0,0,1,0,0,"action film, crime film",United States,English,4.0,tt0038366
7644,Dead Silent,1999,,42/100,0,0,1,0,0,,,,,
7645,Bail Out,1989,18+,42/100,0,0,1,0,0,,,,,
7646,Sharing the Secret,2000,,42/100,0,0,1,0,0,,,,,
7647,The Devil to Pay,2020,18+,42/100,0,0,1,0,0,,United States,,9.0,tt7631568
7648,Private Information,1952,,42/100,0,0,1,0,0,drama film,United Kingdom,English,8.0,tt0261917
7649,"High, Wild and Free",1968,,42/100,0,0,1,0,0,,,,,
7650,Midnight Chronicles,2008,,42/100,0,0,1,0,0,,,,3.6,tt1079372
7651,Tarzan the Fearless,1933,7+,42/100,0,0,1,0,0,adventure film,United States,English,4.8,tt0024645
7652,Revelation Trail,2014,18+,42/100,0,0,1,0,0,,,,,
7653,Riders of the Whistling Pines,1949,,42/100,0,0,1,0,0,"action film, Western film",United States,English,4.0,tt0041809
7654,The Swap,1979,18+,42/100,0,0,1,1,0,"drama film, crime film",United States,English,2.0,tt1325031
7655,Break Even,2020,,42/100,0,0,1,0,0,,,,,
7656,Custody of the Heart,2000,,42/100,0,0,1,0,0,,,,,
7657,Omaha Beach: Honor and Sacrifice,2014,,42/100,0,0,1,0,0,,,,,
7658,The Murder of Hi Good,2012,,42/100,0,0,1,0,0,,,,4.0,tt2182390
7659,Convergence,2000,18+,42/100,0,0,1,0,0,,,,,
7660,Jane and Emma,2018,7+,42/100,0,0,1,0,0,historical drama,,,5.0,tt8581198
7661,Cowboy and the Senorita,1944,,42/100,0,0,1,0,0,Western film,United States,English,6.0,tt0036725
7662,Old Goats,2014,,42/100,0,0,1,0,0,,,,,
7663,Before I Say Goodbye,2003,13+,42/100,0,0,1,0,0,,,,5.0,tt0349133
7664,Locomotive,2013,,42/100,0,0,1,0,0,,,,,
7665,Spirit of the Game,2016,7+,42/100,0,0,1,0,0,,Australia,English,10.0,tt4947738
7666,Still Today,2020,16+,42/100,0,0,1,0,0,,,,,
7667,Sons of New Mexico,1949,,42/100,0,0,1,0,0,Western film,United States,English,5.0,tt0041901
7668,Josie & Jack,2019,,42/100,0,0,1,0,0,drama film,United States,,10.0,tt8789416
7669,Lady Behave!,1937,,42/100,0,0,1,0,0,romantic comedy,United States,English,9.0,tt0029102
7670,The Duke Is Tops,1938,,42/100,0,0,1,0,0,musical film,United States,English,5.4,tt0030089
7671,Romance on the Range,1942,,42/100,0,0,1,0,0,Western film,United States,English,5.0,tt0035266
7672,Calendar Girl,1947,,42/100,0,0,1,0,0,comedy drama,United States,English,5.2,tt0106505
7673,Song of Texas,1943,,41/100,0,0,1,0,0,Western film,United States,English,5.0,tt0036379
7674,Condemned to Live,1935,,41/100,0,0,1,0,0,"horror film, vampire film",United States,English,6.0,tt0026230
7675,"An American Girl Story: Summer Camp, Friends For Life",2017,,41/100,0,0,1,0,0,,,,,
7676,The Black Tent,1956,,41/100,0,0,1,0,0,drama film,United Kingdom,English,5.0,tt0049014
7677,Perfect Plan,2010,18+,41/100,0,0,1,0,0,,,,,
7678,"Love, Repeat",2020,,41/100,0,0,1,0,0,,,,9.0,tt7677060
7679,Mike E. Winfield: Stepman,2019,,41/100,0,0,1,0,0,,,,,
7680,Seed of Innocence,1980,18+,41/100,0,0,1,0,0,,,,,
7681,Sakka Podu Podu Raja,2017,,41/100,0,0,1,0,0,"action comedy film, romantic comedy",India,Tamil,1.0,tt7510870
7682,Guardians of the Lost Code,2010,,41/100,0,0,1,0,0,"adventure film, animated film",Mexico,"Spanish, English",6.0,tt1632477
7683,Double Down,2020,,41/100,0,0,1,0,0,,,,,
7684,100 Kilos,2001,18+,41/100,0,0,1,0,0,,,,4.0,tt0242586
7685,The Majestic Life of Queen Elizabeth II,2013,,41/100,0,0,1,0,0,,,,,
7686,Jack the Reaper,2011,18+,41/100,0,0,1,0,0,,United States,English,1.0,tt0961206
7687,Mayor Cupcake,2011,7+,41/100,0,0,1,0,0,,United States,English,6.0,tt1496798
7688,Shoot First And Pray You Live,2008,18+,41/100,0,0,1,0,0,,United States,English,1.0,tt0818226
7689,Bombay To Bangkok,2008,,41/100,0,0,1,0,0,comedy film,India,Hindi,4.0,tt1159917
7690,Bunnyman Vengeance,2017,,41/100,0,0,1,0,0,,,,3.0,tt3629032
7691,"Kevin Nealon: Whelmed, But Not Overly",2012,16+,41/100,0,0,1,0,0,,,,,
7692,Ekaj,2015,,41/100,0,0,1,0,0,LGBT-related film,United States,English,5.6,tt4938292
7693,Overrun!,1970,,41/100,0,0,1,0,0,war film,Italy,,6.0,tt0064964
7694,Stagecoach to Denver,1946,all,41/100,0,0,1,0,0,Western film,United States,English,5.0,tt0038979
7695,Nick Di Paolo: Raw Nerve,2011,18+,41/100,0,0,1,0,0,,,,,
7696,Four Seasons Lodge,2008,,41/100,0,0,1,0,0,,,,,
7697,Last Chance Cafe,2006,13+,41/100,0,0,1,0,0,,,,,
7698,Roarin' Lead,1936,,41/100,0,0,1,0,0,Western film,United States,English,2.0,tt0028194
7699,Doug Stanhope: The Comedians' Comedian's Comedians,2017,,41/100,0,0,1,0,0,,,,,
7700,Cern and the Sense of Beauty,2017,,41/100,0,0,1,0,0,,,,,
7701,Vinaya Vidheya Rama,2019,,41/100,0,0,1,0,0,action film,India,Telugu,1.0,tt8361196
7702,Willie Barcena: The Truth Hurts,2016,,41/100,0,0,1,0,0,,,,,
7703,Voyage to the Planet of Prehistoric Women,1968,7+,41/100,0,0,1,0,0,"science fiction film, adventure film, exploitation film",United States,English,2.0,tt0063790
7704,Hornet's Nest,2012,16+,41/100,0,0,1,0,0,"war film, drama film, action film","United States, Italy","English, German",6.0,tt0065850
7705,Martin Clunes: Heavy Horsepower,2010,,41/100,0,0,1,0,0,,,,,
7706,Moments Without Proper Names,1987,,41/100,0,0,1,0,0,,,,,
7707,The Man from Kathmandu,2020,13+,41/100,0,0,1,0,0,action film,Nepal,Nepali,1.0,tt5364878
7708,San Fernando Valley,1944,,41/100,0,0,1,0,0,Western film,United States,English,10.0,tt0037245
7709,William the Conqueror,2015,,41/100,0,0,1,0,0,,,,,
7710,Don't Look Down,2016,,41/100,0,0,1,0,0,"drama film, erotic film",Argentina,Spanish,5.9,tt1233487
7711,American Visa,2005,18+,41/100,0,0,1,0,0,"romance film, drama film",Bolivia,Spanish,5.0,tt0471565
7712,Mike Case in: The Big Kiss Off,2013,,41/100,0,0,1,0,0,,,,10.0,tt2520578
7713,The Bid,2021,18+,41/100,0,0,1,0,0,,,,,
7714,Warrior Road,2017,18+,41/100,0,0,1,0,0,,,,,
7715,My Father's Will,2009,13+,41/100,0,0,1,0,0,"comedy film, drama film, romance film",,,1.0,tt1001534
7716,The Fear,2013,,41/100,0,0,1,0,0,,,,,
7717,ExPatriot,2017,,41/100,0,0,1,0,0,thriller film,United States,English,9.0,tt5690472
7718,Forest Fairies,2015,all,41/100,0,0,1,0,0,,,,1.0,tt4742274
7719,Phantom Racer,2009,16+,41/100,0,0,1,0,0,,,,,
7720,Black Ballerina,2016,all,41/100,0,0,1,0,0,,,,,
7721,The Curse of Hobbes House,2020,18+,41/100,0,0,1,0,0,,,,,
7722,Eggy,2015,,41/100,0,0,1,0,0,,,,,
7723,Rim of the Canyon,1949,,41/100,0,0,1,0,0,Western film,United States,English,6.0,tt0041810
7724,In the Blink of an Eye,1996,,41/100,0,0,1,0,0,drama film,United States,English,4.6,tt1415267
7725,Palooka,1934,,41/100,0,0,1,0,0,boxing film,United States,English,6.0,tt0025619
7726,Rideshare,2018,,41/100,0,0,1,0,0,thriller film,United States,,2.0,tt6499694
7727,Blackmark,2018,,41/100,0,0,1,0,0,,,,,
7728,The Princess Castle,1996,,41/100,0,0,1,0,0,,,,,
7729,Six Million Steps: A Journey Inward,2011,,41/100,0,0,1,0,0,,,,,
7730,Lady in the Death House,1944,,41/100,0,0,1,0,0,"crime film, drama film, romance film",United States,English,6.0,tt0037001
7731,Pretend You Don't See Her,2002,13+,41/100,0,0,1,0,0,,,,,
7732,The Moors Murders,1999,,41/100,0,0,1,0,0,,,,,
7733,Ring of Darkness,2004,18+,41/100,0,0,1,0,0,"horror film, zombie film",United States,English,2.8,tt0372803
7734,The Groom Wore Spurs,1951,,41/100,0,0,1,0,0,comedy film,United States,English,5.0,tt0043603
7735,The Big Sombrero,1949,,41/100,0,0,1,0,0,Western film,United States,English,5.0,tt0041177
7736,Act of God,2009,all,41/100,0,0,1,0,0,documentary film,"France, United Kingdom",English,6.0,tt1339043
7737,No Solicitors,2015,,41/100,0,0,1,0,0,thriller film,United States,English,4.1,tt3568380
7738,Thief: Someday You Will Pay,2017,,41/100,0,0,1,0,0,,,,,
7739,The Astral Factor,1976,7+,41/100,0,0,1,0,0,"science fiction film, mystery film, thriller film",United States,American English,3.7,tt0087479
7740,The Fanny Crosby Story,2003,,41/100,0,0,1,0,0,,,,,
7741,Guilty of Treason,1950,,41/100,0,0,1,0,0,trial film,United States,English,6.2,tt0041437
7742,Musical Chairs,2012,13+,41/100,0,0,1,0,0,LGBT-related film,United States,English,9.0,tt1874633
7743,Gallagher: Melon Crazy,1984,,41/100,0,0,1,0,0,,,,,
7744,The New Adventures of Peter Rabbit,1995,,41/100,0,0,1,0,0,,,,,
7745,West by Orphan Train,2014,,41/100,0,0,1,0,0,,,,,
7746,Snoop Dogg Presents The Bad Girls of Comedy,2012,18+,41/100,0,0,1,0,0,,,,,
7747,All In,2019,,41/100,0,0,1,0,0,,,,,
7748,Subira,2019,,41/100,0,0,1,0,0,drama film,Kenya,,,tt1238776
7749,Kanna Laddu Thinna Aasaiya,2013,,41/100,0,0,1,0,0,"comedy film, romantic comedy",India,Tamil,6.0,tt2623460
7750,The Lion of Judah,2011,7+,41/100,0,0,1,0,0,adventure film,United States,English,1.0,tt1212022
7751,Swing Hostess,1944,,41/100,0,0,1,0,0,"romance film, drama film, musical film",United States,English,6.0,tt0037336
7752,Dov Davidoff: Lower Your Expectations,2016,,41/100,0,0,1,0,0,,,,,
7753,Dead Man's Cards,2006,13+,41/100,0,0,1,0,0,drama film,United Kingdom,English,8.0,tt0455933
7754,Mystic Iran: The Unseen World,2002,7+,41/100,0,0,1,0,0,,,,,
7755,Danny Roane: First Time Director,2006,18+,41/100,0,0,1,0,0,comedy film,United States,English,6.0,tt0470995
7756,Ashes,2018,,41/100,0,0,1,0,0,,,,,
7757,Ocean Blues,2013,,41/100,0,0,1,0,0,,,,,
7758,Ties That Bind,2010,16+,41/100,0,0,1,0,0,drama film,Ghana,English,7.4,tt1965239
7759,Stay,2018,,41/100,0,0,1,0,0,,,,,
7760,Coach of the Year,1980,all,41/100,0,0,1,0,0,"drama film, American football film",United States,English,5.0,tt0080548
7761,Sworn to Justice,1996,18+,41/100,0,0,1,0,0,action film,United States,English,7.0,tt0117803
7762,Dreaming Out Loud,1940,7+,41/100,0,0,1,0,0,comedy film,United States,English,6.0,tt0032417
7763,Mitsein,2009,,41/100,0,0,1,0,0,,,,,
7764,Yellowstone,1936,,41/100,0,0,1,0,0,,,,,
7765,Resistance Movement,2013,,41/100,0,0,1,0,0,,,,,
7766,Living & Dying,2007,18+,41/100,0,0,1,0,0,heist film,United States,English,2.0,tt0479948
7767,Pete Correale: Let Me Tell Ya,2015,,41/100,0,0,1,0,0,,,,,
7768,A Promise To Astrid,2019,7+,41/100,0,0,1,0,0,,,,2.0,tt9125380
7769,The Boarder,2012,16+,41/100,0,0,1,0,0,drama film,United States,English,5.0,tt1879066
7770,Main Aur Mr. Riight,2014,,41/100,0,0,1,0,0,romantic comedy,India,Hindi,1.0,tt2216852
7771,High Voltage,1929,,41/100,0,0,1,0,0,drama film,United States,English,5.0,tt0019983
7772,The Job,2003,18+,41/100,0,0,1,0,0,drama film,Italy,Italian,8.0,tt0055320
7773,2eleven,2015,18+,41/100,0,0,1,0,0,,,,,
7774,Kettle of Fish,2006,18+,41/100,0,0,1,0,0,comedy film,United States,English,9.0,tt0473500
7775,Steve Lemme & Kevin Heffernan: The Potential Farewell Tour,2018,,41/100,0,0,1,0,0,,,,,
7776,Sunshine Barry & the Disco Worms,2008,7+,41/100,0,0,1,0,0,,,,,
7777,Alex and Leo,2010,,41/100,0,0,1,0,0,"comedy film, romance film",Germany,German,10.0,tt1533784
7778,Alonzo Bodden: Historically Incorrect,2016,18+,41/100,0,0,1,0,0,,,,,
7779,Ilzaam,1986,,41/100,0,0,1,0,0,drama film,India,Hindi,10.0,tt0091258
7780,Three for Bedroom C,1952,,41/100,0,0,1,0,0,,United States,English,10.0,tt0045235
7781,Juncture,2007,18+,41/100,0,0,1,0,0,thriller film,United States,English,7.0,tt0765462
7782,How Not to Work & Claim Benefits... (and Other Useful Information for Wasters),2016,,41/100,0,0,1,0,0,,,,,
7783,Good Enough,2017,,41/100,0,0,1,0,0,,,,,
7784,Texans Never Cry,1951,,41/100,0,0,1,0,0,Western film,United States,English,6.1,tt0044116
7785,Gene Autry and the Mounties,1951,,41/100,0,0,1,0,0,Western film,United States,English,7.0,tt0043579
7786,Indian Territory,1950,,41/100,0,0,1,0,0,Western film,United States,English,5.0,tt0042595
7787,Southward Ho,1939,,41/100,0,0,1,0,0,Western film,United States,English,6.3,tt0031958
7788,Burma,2014,,41/100,0,0,1,0,0,,,,,
7789,Last Summer in the Hamptons,1995,18+,41/100,0,0,1,0,0,comedy drama,United States,English,5.8,tt0113612
7790,Lured Innocence,2000,18+,41/100,0,0,1,0,0,drama film,United States,,2.0,tt0122161
7791,Confessions of an Action Star,2009,13+,41/100,0,0,1,0,0,"comedy film, action film",United States,English,5.0,tt0337887
7792,Tumsa Nahin Dekha,1957,,41/100,0,0,1,0,0,soundtrack,India,Hindi,7.0,tt0051117
7793,Skydog,2020,,41/100,0,0,1,0,0,,,,,
7794,Armageddon Gospels,2019,,41/100,0,0,1,0,0,independent film,United Kingdom,English,3.8,tt6235154
7795,Hate Story IV,2018,18+,41/100,0,0,1,0,0,erotic film,India,Hindi,5.0,tt5325684
7796,All Good Things,2019,,41/100,0,0,1,0,0,"romance film, drama film, crime film",United States,English,7.0,tt1175709
7797,Made in Korea: A One Way Ticket Seoul-Amsterdam?,2007,,41/100,0,0,1,0,0,,,,,
7798,The Desperate Mission,1969,18+,41/100,0,0,1,0,0,,,,,
7799,Rickover: The Birth of Nuclear Power,2014,7+,41/100,0,0,1,0,0,,,,,
7800,Bury Them Deep,1968,,41/100,0,0,1,0,0,Spaghetti Western,Italy,English,5.0,tt0062652
7801,Branded a Coward,1935,,41/100,0,0,1,0,0,Western film,United States,English,6.0,tt0026133
7802,Race Against Time: The Search for Sarah,1996,,41/100,0,0,1,0,0,,,,,
7803,The Last Round-up,1947,,41/100,0,0,1,0,0,,United States,,6.4,tt0039553
7804,"Jungledyret Hugo: Fræk, flabet og fri",2007,,41/100,0,0,1,0,0,,,,,
7805,Come Morning,2012,,41/100,0,0,1,0,0,drama film,United States,English,9.0,tt2016168
7806,It's All Good,2016,,41/100,0,0,1,0,0,documentary film,Denmark,,3.0,tt0405053
7807,Buckskin Frontier,1943,,41/100,0,0,1,0,0,action film,United States,English,2.0,tt0035700
7808,Party Girl,1930,,41/100,0,0,1,0,0,drama film,France,French,6.4,tt3660370
7809,Josh Blue: Delete,2016,,41/100,0,0,1,0,0,,,,,
7810,Anatomy of a Psycho,1961,13+,41/100,0,0,1,0,0,,United States,English,4.1,tt0054627
7811,Lewis & Klarq,2017,,41/100,0,0,1,0,0,,,,,
7812,The Master of Kung Fu,1973,18+,41/100,0,0,1,0,0,,,,,
7813,See Jane Run,1995,,41/100,0,0,1,0,0,,,,5.9,tt0114382
7814,Found.,2020,,41/100,0,0,1,0,0,,,,8.0,tt12244694
7815,Equal Means Equal,2016,,41/100,0,0,1,0,0,documentary film,United States,,9.0,tt3250590
7816,Runnin' from my Roots,2018,,41/100,0,0,1,0,0,,United States,English,8.0,tt4883336
7817,Mitchell,1975,18+,41/100,0,0,1,0,0,,,,,
7818,Lyfe's Journey,2014,,41/100,0,0,1,0,0,,,,,
7819,Speed Demons,2018,16+,41/100,0,0,1,0,0,,,,,
7820,Cut in Half,2017,,41/100,0,0,1,0,0,,,,,
7821,He Watches Over Me,2018,,41/100,0,0,1,0,0,,,,,
7822,Priorities Chapter One: Money Isn't Everything,2021,,41/100,0,0,1,0,0,,,,5.9,tt9256090
7823,Women of Twilight,1952,,41/100,0,0,1,0,0,,United Kingdom,English,7.0,tt0046558
7824,Tarzan's Revenge,1938,,41/100,0,0,1,0,0,"adventure film, action film",United States,English,4.7,tt0030833
7825,The Rocket,2018,,41/100,0,0,1,0,0,drama film,Australia,Lao,8.0,tt2178256
7826,Bacterium,2006,13+,41/100,0,0,1,0,0,,,,,
7827,Dark Iris,2018,,41/100,0,0,1,0,0,,,,,
7828,Nicole,2019,,41/100,0,0,1,0,0,,,,,
7829,The World's Oldest Living Bridesmaid,1990,,41/100,0,0,1,0,0,,,,,
7830,Copper Mountain,1983,,41/100,0,0,1,0,0,comedy film,"United States, Canada",English,1.0,tt0085363
7831,Mega Shark vs. Crocosaurus,2010,18+,41/100,0,0,1,0,0,"monster film, action film, comedy horror film, science fiction horror film",United States,English,1.0,tt1705773
7832,Dead Voices,2020,,41/100,0,0,1,0,0,,,,,
7833,Coming Out,2014,,40/100,0,0,1,0,0,"romance film, drama film, LGBT-related film",German Democratic Republic,German,9.0,tt0097095
7834,Theresa Is a Mother,2015,,40/100,0,0,1,0,0,comedy drama,United States,English,7.0,tt1989646
7835,Answers to Nothing,2011,18+,40/100,0,0,1,0,0,"mystery film, drama film",United States,English,6.0,tt1523939
7836,Soursweet,1988,,40/100,0,0,1,0,0,comedy drama,United Kingdom,English,6.4,tt0096146
7837,My Heart of Darkness,2010,,40/100,0,0,1,0,0,documentary film,"Germany, Sweden",English,9.0,tt1805340
7838,Betrayed,2014,,40/100,0,0,1,0,0,"drama film, silent film",United States,,4.6,tt0007697
7839,Sitting on the Moon,1936,,40/100,0,0,1,0,0,musical film,United States,English,7.0,tt0028260
7840,The Lost Treasure of Sawtooth Island,1999,7+,40/100,0,0,1,0,0,adventure film,United States,English,7.0,tt0228968
7841,"Barry Brewer: Chicago, I'm Home",2019,,40/100,0,0,1,0,0,,,,,
7842,Jennifer Aniston: More Than Friends,2020,7+,40/100,0,0,1,0,0,,,,1.0,tt12824834
7843,All We Got,2021,,40/100,0,0,1,0,0,,,,5.4,tt13266270
7844,The Voyage Beyond,1989,,40/100,0,0,1,0,0,,,,,
7845,Heart of the Rockies,1937,,40/100,0,0,1,0,0,Western film,United States,English,2.0,tt0028986
7846,The Fighter,1952,,40/100,0,0,1,0,0,"biographical film, drama film, boxing film",United States,English,8.0,tt0964517
7847,The DMV Truth,2012,,40/100,0,0,1,0,0,,,,,
7848,Bruce Lee The Invincible,1978,18+,40/100,0,0,1,0,0,"action film, martial arts film",Hong Kong,Standard Chinese,2.0,tt0075789
7849,The Voyage of Curiosity,2017,,40/100,0,0,1,0,0,,,,,
7850,Stormswept,1995,18+,40/100,0,0,1,0,0,"silent film, drama film",United States,,,tt0014512
7851,The Horse Dancer,2017,all,40/100,0,0,1,0,0,,,,7.0,tt6228640
7852,In the Year 2889,1967,,40/100,0,0,1,0,0,,,,,
7853,Ruta Madre,2019,13+,40/100,0,0,1,0,0,comedy drama,,English,10.0,tt4072296
7854,Loaded Pistols,1948,,40/100,0,0,1,0,0,,United States,English,5.0,tt0040543
7855,Respite,2020,,40/100,0,0,1,0,0,documentary film,Germany,,7.8,tt1149867
7856,"Come On, Tarzan",1932,,40/100,0,0,1,0,0,,United States,,6.0,tt0022773
7857,An Affirmative Act,2010,,40/100,0,0,1,0,0,,,,,
7858,The Bridgewater Triangle,2013,,40/100,0,0,1,0,0,,,,1.0,tt3315344
7859,The Devil's Woods,2015,,40/100,0,0,1,0,0,,Ireland,English,4.0,tt2938230
7860,Good Grief It's Friday,2021,,40/100,0,0,1,0,0,,,,8.0,tt10916458
7861,जान तेरे नाम,1992,,40/100,0,0,1,0,0,,India,Hindi,10.0,tt0470381
7862,Raw Herring,2013,,40/100,0,0,1,0,0,,,,,
7863,After School,1988,18+,40/100,0,0,1,0,0,"action film, adventure film, comedy film",United States,English,2.0,tt0096770
7864,The Panther's Claw,1942,,40/100,0,0,1,0,0,mystery film,United States,English,5.9,tt0035171
7865,Kanchana,2011,,40/100,0,0,1,0,0,"comedy horror, LGBT-related film",India,Tamil,10.0,tt2034026
7866,Code of the Cactus,1939,,40/100,0,0,1,0,0,Western film,United States,English,7.0,tt0031164
7867,Tenkai Knights,2013,,40/100,0,0,1,0,0,,,,,
7868,School Spirits,2017,,40/100,0,0,1,0,0,,,,5.0,tt5518168
7869,Gelo,2016,,40/100,0,0,1,0,0,,,,,
7870,Heroes of the Alamo,1937,,40/100,0,0,1,0,0,,United States,English,10.0,tt0133850
7871,Spiral,2018,,40/100,0,0,1,0,0,horror film,United States,English,6.0,tt10342730
7872,Sometimes the Good Kill,2017,16+,40/100,0,0,1,0,0,,,,,
7873,Fifteen Scaffolds for the Killer,1967,,40/100,0,0,1,0,0,Western film,"Italy, Spain",Italian,3.0,tt0063482
7874,Blood of Redemption,2013,18+,40/100,0,0,1,0,0,crime film,United States,English,4.0,tt2510268
7875,A Box for Rob,2013,,40/100,0,0,1,0,0,,,,,
7876,Wall Of Secrets,2003,,40/100,0,0,1,0,0,,,,,
7877,National Lampoon's Snatched,2011,18+,40/100,0,0,1,0,0,comedy film,United States,English,1.0,tt1245534
7878,Queen of Walking,2016,,40/100,0,0,1,0,0,drama film,South Korea,Korean,,
7879,Dangar Doctor Jelly,2017,,40/100,0,0,1,0,0,,,,,
7880,Tammy Pescatelli: Finding the Funny,2013,,40/100,0,0,1,0,0,,,,,
7881,Disappearances,2007,13+,40/100,0,0,1,0,0,drama film,United States,English,5.0,tt0465440
7882,A Deadly Legend,2020,,40/100,0,0,1,0,0,,United States,English,6.0,tt10021582
7883,Never Forget,2008,18+,40/100,0,0,1,0,0,,,,,
7884,Crimson Romance,1934,,40/100,0,0,1,0,0,"war film, drama film",United States,English,4.0,tt0025011
7885,The Unwonted Sasquatch,2016,,40/100,0,0,1,0,0,,,,,
7886,Fleetwood Mac - Unbroken Chain,2004,,40/100,0,0,1,0,0,,,,,
7887,Desert Gold,1936,,40/100,0,0,1,0,0,"action film, Western film, drama film",United States,English,4.0,tt0027511
7888,Curse of the Blind Dead,2019,,40/100,0,0,1,0,0,,Italy,English,3.0,tt7802180
7889,The Gatling Gun,1971,7+,40/100,0,0,1,0,0,Western film,United States,English,2.0,tt0070091
7890,One Remains,2019,,40/100,0,0,1,0,0,,,,,
7891,Corsair,1931,,40/100,0,0,1,0,0,,,,,
7892,People Are Funny,1946,,40/100,0,0,1,0,0,musical film,United States,English,5.0,tt0038831
7893,Two Weeks to Live,1943,,40/100,0,0,1,0,0,comedy film,United States,English,5.0,tt0035480
7894,New Faces,1954,,40/100,0,0,1,0,0,musical film,United States,English,8.0,tt0044963
7895,Tennessee Queer,2014,,40/100,0,0,1,0,0,,,,,
7896,Jill-Michele Meleán: White / Latina,2019,,40/100,0,0,1,0,0,,,,,
7897,The Prankster,2010,,40/100,0,0,1,0,0,,,,,
7898,Mistress of the Apes,1979,18+,40/100,0,0,1,0,0,adventure film,United States,English,3.6,tt0082758
7899,Christmas Coupon,2019,all,40/100,0,0,1,0,0,"drama film, Christmas film",United States,English,1.0,tt10165624
7900,The Deadly Knives,1972,,40/100,0,0,1,0,0,action film,Hong Kong,Standard Chinese,6.0,tt0882813
7901,Janeane Garofalo: If I May,2016,,40/100,0,0,1,0,0,,,,,
7902,Joe & Joe,1996,,40/100,0,0,1,0,0,,United States,English,10.0,tt0116706
7903,Moon Point,2011,13+,40/100,0,0,1,0,0,comedy film,Canada,English,5.0,tt1832405
7904,Gila!,2012,18+,40/100,0,0,1,0,0,,,,,
7905,Selfie Dad,2020,7+,40/100,0,0,1,0,0,,United States,English,7.0,tt6559576
7906,Reach for Me,2008,,40/100,0,0,1,0,0,comedy drama,United States,English,9.0,tt1096986
7907,Hannibal Thompson: Out of Control,2020,,40/100,0,0,1,0,0,,,,,
7908,#IMomSoHard Live,2019,18+,40/100,0,0,1,0,0,,,,,
7909,Shaolin Kung-Fu Mystagogue,1977,18+,40/100,0,0,1,0,0,,,,,
7910,Ninja Academy,1989,18+,40/100,0,0,1,0,0,"action film, ninja film",United States,English,3.0,tt0100265
7911,A Christmas Village,2018,all,40/100,0,0,1,0,0,,,,,
7912,He's Such a Girl,2009,,40/100,0,0,1,0,0,,,,,
7913,Righteous Villains,2020,18+,40/100,0,0,1,0,0,,,,,
7914,The Dragon's Snake Fist,1982,,40/100,0,0,1,0,0,"martial arts film, Bruceploitation",South Korea,Korean,4.0,tt0165268
7915,The Story of The Bee Gees,2011,,40/100,0,0,1,0,0,,,,3.0,tt3514866
7916,The Royal Bed,1931,,40/100,0,0,1,0,0,comedy film,United States,English,5.0,tt0022326
7917,Ragmork,2019,,40/100,0,0,1,0,0,,,,8.0,tt10115644
7918,Nevada City,1941,,40/100,0,0,1,0,0,Western film,United States,English,6.0,tt0033944
7919,Vellipomakey,2017,,40/100,0,0,1,0,0,,India,Telugu,1.0,tt8680096
7920,Haz conmigo lo que quieras,2004,,40/100,0,0,1,0,0,"comedy film, drama film",Spain,Spanish,7.0,tt0359054
7921,Michael Ian Black: Noted Expert,2016,18+,40/100,0,0,1,0,0,,,,,
7922,Jamie Kennedy: Uncomfortable,2010,18+,40/100,0,0,1,0,0,,,,,
7923,Pray TV,1980,7+,40/100,0,0,1,0,0,drama film,United States,English,6.0,tt0084530
7924,Swimsuit,1989,,40/100,0,0,1,0,0,,,,,
7925,Pocket Full of Game,2020,,40/100,0,0,1,0,0,,,,9.0,tt13493476
7926,Solitaire for 2,1995,18+,40/100,0,0,1,0,0,,,,,
7927,Girls in Chains,1943,,40/100,0,0,1,0,0,"drama film, crime film",United States,English,4.0,tt0035944
7928,DSP Dev,2019,,40/100,0,0,1,0,0,,India,Punjabi,9.0,tt10463422
7929,Chee and T,2017,,40/100,0,0,1,0,0,comedy film,United States,English,6.2,tt4007666
7930,Wild Prairie Rose,2016,13+,40/100,0,0,1,0,0,drama film,United States,"English, American Sign Language",7.0,tt5330986
7931,Stolen Hours,1963,,40/100,0,0,1,0,0,"melodrama, drama film","United States, United Kingdom",English,6.2,tt0057531
7932,Honeymoon with Mom,2006,13+,40/100,0,0,1,0,0,,,,,
7933,Huk!,1956,,40/100,0,0,1,0,0,action film,United States,English,5.9,tt0049343
7934,6-Headed Shark Attack,2018,16+,40/100,0,0,1,0,0,action-adventure film,United States,English,1.0,tt8360902
7935,Route 9,1998,18+,40/100,0,0,1,0,0,,,,,
7936,The Big Cat,1949,,40/100,0,0,1,0,0,"Western film, drama film",United States,English,4.0,tt0041175
7937,Goblin,2020,,40/100,0,0,1,0,0,,,,,
7938,True Crime: Safe House,2012,,40/100,0,0,1,0,0,,,,,
7939,Sinbad: Make Me Wanna Holla,2014,16+,40/100,0,0,1,0,0,,,,,
7940,Turnout,2011,,40/100,0,0,1,0,0,"crime film, drama film",United Kingdom,English,5.3,tt1699520
7941,The Nightowls of Coventry,2004,,40/100,0,0,1,0,0,,,,,
7942,My Other Mother,2014,7+,40/100,0,0,1,0,0,,,,,
7943,The Kid's Last Ride,1941,,40/100,0,0,1,0,0,Western film,United States,English,5.0,tt0033784
7944,Danny Boy,1945,,40/100,0,0,1,0,0,musical film,United Kingdom,English,,tt0025033
7945,Mentor,2014,,40/100,0,0,1,0,0,,,,,
7946,"Congratulations, It's a Boy!",1971,16+,40/100,0,0,1,0,0,comedy film,United States,,7.0,tt0066942
7947,Eyes of Texas,1948,all,40/100,0,0,1,0,0,Western film,United States,English,,tt0004033
7948,Becoming Burlesque,2019,,40/100,0,0,1,0,0,,,,,
7949,In Remembrance of Martin,1986,,40/100,0,0,1,0,0,,,,,
7950,The Cowboy and the Indians,1949,,40/100,0,0,1,0,0,Western film,United States,English,6.4,tt0041264
7951,Song of Arizona,1946,,40/100,0,0,1,0,0,Western film,United States,English,5.0,tt0038968
7952,Sierra Sue,1941,,40/100,0,0,1,0,0,Western film,United States,English,6.0,tt0034187
7953,No Surrender,2011,7+,40/100,0,0,1,0,0,,,,,
7954,Dangerous Attraction,2000,,40/100,0,0,1,0,0,thriller film,Canada,English,3.0,tt0228180
7955,Fear of Clowns,2004,18+,40/100,0,0,1,0,0,"horror film, slasher film, drama film",United States,English,1.0,tt0362636
7956,The Proud and Damned,1972,7+,40/100,0,0,1,0,0,adventure film,"Colombia, United States, Spain",English,3.0,tt0070569
7957,Uncle P,2007,7+,40/100,0,0,1,0,0,,,,,
7958,Black Eagle Of Santa Fe,1965,,40/100,0,0,1,0,0,Spaghetti Western,"France, Italy, Germany",German,6.0,tt0057888
7959,The Coming Convergence,2017,18+,40/100,0,0,1,0,0,,,,,
7960,City Of Joel,2018,,40/100,0,0,1,0,0,documentary film,,,,
7961,Sunset on the Desert,1942,,40/100,0,0,1,0,0,Western film,United States,English,4.0,tt0035397
7962,Teen Bahuraniyan,1968,,40/100,0,0,1,0,0,,India,,8.0,tt0293634
7963,Purgatory,1988,,40/100,0,0,1,0,0,,,,,
7964,Underplayed,2020,,40/100,0,0,1,0,0,,Canada,,4.0,tt11906012
7965,Greg Fitzsimmons: Life on Stage,2013,18+,40/100,0,0,1,0,0,,,,,
7966,Rifftrax: The House on Sorority Row,2018,,40/100,0,0,1,0,0,,,,,
7967,The Love Letter,2013,,40/100,0,0,1,0,0,"romantic comedy, comedy drama",United States,English,7.0,tt0166252
7968,Nine Lives,2002,18+,40/100,0,0,1,0,0,comedy film,"France, People's Republic of China",English,6.0,tt4383594
7969,Murder with Pictures,1936,,40/100,0,0,1,0,0,"crime film, mystery film",United States,English,6.0,tt0028004
7970,James McNeill Whistler and the Case for Beauty,2014,,40/100,0,0,1,0,0,,,,,
7971,Stock Option,2015,,40/100,0,0,1,0,0,,,,,
7972,Terror at Blood Fart Lake,2009,,40/100,0,0,1,0,0,,,,,
7973,Boy of the Streets,1937,,40/100,0,0,1,0,0,drama film,United States,English,7.0,tt0029941
7974,"Scenesters: Music, Mayhem and Melrose ave. 1985-1990",2017,,40/100,0,0,1,0,0,,,,,
7975,Hard Breed to Kill,1967,,40/100,0,0,1,0,0,,,,,
7976,Who Wrote the New Testament?,2013,,40/100,0,0,1,0,0,,,,,
7977,Last Train Home,1989,,40/100,0,0,1,0,0,documentary film,Canada,Sichuanese,8.0,tt1512201
7978,She Knows Y'Know,1962,,39/100,0,0,1,0,0,independent film,United Kingdom,English,6.0,tt0274835
7979,Dancing Pirate,1936,,39/100,0,0,1,0,0,"musical film, pirate film",United States,English,5.0,tt0027496
7980,Courageous Love,2017,,39/100,0,0,1,0,0,"independent film, drama film",United States,English,9.0,tt3980372
7981,Love and Love Only,2016,,39/100,0,0,1,0,0,romance film,Australia,English,1.0,tt4792108
7982,Getting Lucky,1989,,39/100,0,0,1,0,0,"teen film, erotic film",United States,English,8.0,tt0099648
7983,Hitler of the Andes,2003,,39/100,0,0,1,0,0,,,,,
7984,Tails of Iceland,2019,,39/100,0,0,1,0,0,,,,,
7985,Bullwhip,1958,,39/100,0,0,1,0,0,Western film,United States,English,6.0,tt0051438
7986,Mandao of the Dead,2018,,39/100,0,0,1,0,0,"comedy film, science fiction film, horror film",United States,English,10.0,tt7529360
7987,Unli Life,2018,,39/100,0,0,1,0,0,,,,,
7988,She's Not Our Sister,2011,,39/100,0,0,1,0,0,,,,,
7989,Love Simple,2009,,39/100,0,0,1,0,0,comedy drama,United States,English,2.0,tt1153698
7990,Murim Bewitched Master,1982,,39/100,0,0,1,0,0,,,,,
7991,Krishnashtami,2016,,39/100,0,0,1,0,0,action comedy film,India,Telugu,1.0,tt5572890
7992,I m 24,2012,,39/100,0,0,1,0,0,,India,,9.0,tt1340778
7993,Being Venice,2013,,39/100,0,0,1,0,0,,Australia,,4.8,tt2012110
7994,Hope Dances,2017,7+,39/100,0,0,1,0,0,,,,10.0,tt5442884
7995,A Bridge Apart,2013,,39/100,0,0,1,0,0,,,,,
7996,One Hit From Home,2012,,39/100,0,0,1,0,0,,,,,
7997,Greg Warren: Where the Field Corn Grows,2020,,39/100,0,0,1,0,0,,,,,
7998,Life After Life,2017,,39/100,0,0,1,0,0,drama film,People's Republic of China,,7.0,tt5357114
7999,Wild Kratts: Creatures of the Deep Sea,2016,all,39/100,0,0,1,0,0,,,,,
8000,Interviewing Monsters and Bigfoot,2020,16+,39/100,0,0,1,0,0,,United States,English,1.0,tt7325162
8001,Velocity Trap,1999,18+,39/100,0,0,1,0,0,,,,,
8002,Chad Daniels: As Is,2012,,39/100,0,0,1,0,0,,,,,
8003,Soccer City,2011,,39/100,0,0,1,0,0,,,,,
8004,Bold Eagles,2013,,39/100,0,0,1,0,0,,,,,
8005,Operation Diplomat,1953,,39/100,0,0,1,0,0,drama film,United Kingdom,English,9.0,tt0046147
8006,A Fly in the Champagne,2009,,39/100,0,0,1,0,0,,,,7.6,tt2297128
8007,Garden of Hedon,2013,,39/100,0,0,1,0,0,,,,1.0,tt1737794
8008,Murder in Law,1989,,39/100,0,0,1,0,0,,,,,
8009,Jigsaw,2002,18+,39/100,0,0,1,0,0,"splatter film, crime film",United States,English,6.0,tt3348730
8010,Kim McVicar: Please Notice Me,2020,,39/100,0,0,1,0,0,,,,,
8011,Pooja Ke Phool,1964,,39/100,0,0,1,0,0,,India,Hindi,7.1,tt0156903
8012,I Hate Tom Petty,2011,,39/100,0,0,1,0,0,,,,,
8013,Demon with the Atomic Brain,2017,,39/100,0,0,1,0,0,,,,,
8014,Danger Street,1947,,39/100,0,0,1,0,0,mystery film,United States,English,5.6,tt0039298
8015,Porches and Private Eyes,2016,,39/100,0,0,1,0,0,,,,,
8016,The Demonic Tapes,2017,,39/100,0,0,1,0,0,,,,,
8017,Neal 'n' Nikki,2005,13+,39/100,0,0,1,0,0,"comedy film, romantic comedy",India,Hindi,1.0,tt0470869
8018,The Count of Monte Cristo,1996,,39/100,0,0,1,0,0,"swashbuckler film, romance film, action film, drama film","United States, United Kingdom, Ireland",English,7.7,tt0245844
8019,Turning Point,2013,,39/100,0,0,1,0,0,drama film,United States,English,7.0,tt0076843
8020,Five Pounds,2010,,39/100,0,0,1,0,0,silent film,United Kingdom,,,tt0011187
8021,Jessie's Dad,2011,,39/100,0,0,1,0,0,documentary film,United States,English,10.0,tt1864380
8022,The Private Life of Deer,2013,all,39/100,0,0,1,0,0,,,,,
8023,The Christmas Ride,2020,,39/100,0,0,1,0,0,,,,,
8024,Blitzed: Nazis on Drugs,2018,,39/100,0,0,1,0,0,,,,,
8025,Love Stalk,2016,,39/100,0,0,1,0,0,,,,,
8026,Blood Child,1982,,39/100,0,0,1,0,0,,,,,
8027,First One In,2020,,39/100,0,0,1,0,0,,,,,
8028,Space Girls in Beverly Hills,2009,,39/100,0,0,1,0,0,,,,,
8029,Into His Arms,1999,,39/100,0,0,1,0,0,,United States,English,9.0,tt0165833
8030,World Without End (No Reported Incidents),2017,,39/100,0,0,1,0,0,,,,,
8031,Miracle Dogs Too,2006,7+,39/100,0,0,1,0,0,"family film, drama film",,,6.0,tt0494260
8032,Nick Thune: Good Guy,2016,,39/100,0,0,1,0,0,,,,,
8033,Quit,2010,,39/100,0,0,1,0,0,,,,,
8034,Griefwalker,2008,,39/100,0,0,1,0,0,,,,,
8035,Dil Tera Diwana,1996,,39/100,0,0,1,0,0,,India,Hindi,9.0,tt0322027
8036,Yonggary,1999,13+,39/100,0,0,1,0,0,"kaiju, science fiction film",South Korea,English,2.7,tt0272425
8037,Saleslady,1938,,39/100,0,0,1,0,0,,,,5.5,tt0030710
8038,I Am Gangster,2015,,39/100,0,0,1,0,0,,,,1.0,tt4082506
8039,Lazarus: Apocalypse,2014,18+,39/100,0,0,1,0,0,,,,,
8040,Eat Your Heart Out,1997,18+,39/100,0,0,1,0,0,"comedy drama, romantic comedy film","Germany, United States",English,7.0,tt0119042
8041,Dana Gould: I Know It's Wrong,2013,18+,39/100,0,0,1,0,0,,,,,
8042,Straight Shooter,1939,7+,39/100,0,0,1,0,0,Western film,United States,English,10.0,tt0033104
8043,Imperial Venus,1962,7+,39/100,0,0,1,0,0,comedy drama,"France, Italy",French,5.2,tt0057638
8044,The Legend of Tillamook's Gold,2006,,39/100,0,0,1,0,0,,,,,
8045,Peculiar Pets,2010,,39/100,0,0,1,0,0,,,,,
8046,Wall Street Cowboy,1939,,39/100,0,0,1,0,0,Western film,United States,English,5.0,tt0032107
8047,Mary for Mayor,2020,7+,39/100,0,0,1,0,0,,,,,
8048,E19 Virus,2017,13+,39/100,0,0,1,0,0,,,,,
8049,This Is Who I Am,2012,,39/100,0,0,1,0,0,,,,,
8050,Rap Sheet: Hip-Hop and the Cops,2006,18+,39/100,0,0,1,0,0,,,,,
8051,Price of Love,2020,,39/100,0,0,1,0,0,drama film,Ethiopia,Amharic,6.9,tt4319210
8052,Man from Texas,1948,,39/100,0,0,1,0,0,Western film,United States,English,3.0,tt0040565
8053,Elvis Presley: The Final Hours,2018,,39/100,0,0,1,0,0,,,,,
8054,The Chaos Factor,2000,18+,39/100,0,0,1,0,0,"thriller film, political film, action film, war film",United States,English,4.7,tt0208037
8055,In the Name of Ben-Hur,2016,,39/100,0,0,1,0,0,action film,United States,English,4.0,tt5582876
8056,Apostles of Comedy,2008,7+,39/100,0,0,1,0,0,,,,,
8057,Philo Vance Returns,1947,,39/100,0,0,1,0,0,mystery film,United States,English,4.0,tt0039701
8058,Matt Besser: Pot Humor,2019,,39/100,0,0,1,0,0,,,,,
8059,Once in a New Moon,1935,,39/100,0,0,1,0,0,science fiction film,United Kingdom,English,4.0,tt0026818
8060,The Best of 'Autopsy': A Sex Crimes Special,2000,,39/100,0,0,1,0,0,,,,,
8061,Just Like a Woman,1992,18+,39/100,0,0,1,0,0,"comedy drama, LGBT-related film",United Kingdom,English,10.0,tt0104576
8062,Gangs of the Dead,2006,18+,39/100,0,0,1,0,0,"horror film, zombie film, post-apocalyptic film, action film",United States,English,2.0,tt0436498
8063,By Any Name,2017,,39/100,0,0,1,0,0,,United Kingdom,English,3.0,tt3919234
8064,Double Edge,1992,18+,39/100,0,0,1,0,0,thriller film,United States,,10.0,tt0104130
8065,Camera Obscura,2000,,39/100,0,0,1,0,0,,,,,
8066,Bear with Me,2000,,39/100,0,0,1,0,0,,Canada,English,10.0,tt0228054
8067,Forbidden Jungle,1950,,39/100,0,0,1,0,0,adventure film,United States,English,6.0,tt0042473
8068,The Fearless Young Boxer,1979,,39/100,0,0,1,0,0,martial arts film,Hong Kong,,9.0,tt0079142
8069,Sundown Saunders,1935,,39/100,0,0,1,0,0,Western film,United States,English,6.0,tt0028324
8070,Telephone Operator,1937,,39/100,0,0,1,0,0,drama film,United States,English,6.0,tt0030839
8071,Owen Benjamin: Huge Pianist,2018,18+,39/100,0,0,1,0,0,,,,,
8072,Venus Obscura,2018,,39/100,0,0,1,0,0,,,,,
8073,Night of the Living Dead: Resurrection,2012,18+,39/100,0,0,1,0,0,zombie film,United Kingdom,English,1.0,tt2006801
8074,Harlem Aria,1999,18+,39/100,0,0,1,0,0,drama film,United States,English,8.0,tt0168848
8075,Morgan's Ferry,1999,13+,39/100,0,0,1,0,0,"crime film, drama film",United States,English,5.0,tt0170260
8076,SuperTornado: Anatomy of a MegaDisaster,2015,all,39/100,0,0,1,0,0,,,,,
8077,Baghdad Texas,2009,,39/100,0,0,1,0,0,comedy film,United States,English,7.2,tt0762072
8078,Grinders,2011,,39/100,0,0,1,0,0,pornographic film,,,5.9,tt20198930
8079,Happy 40th,2015,,39/100,0,0,1,0,0,,,,,
8080,Sawan Ko Aane Do,1979,,39/100,0,0,1,0,0,,India,Hindi,10.0,tt0388389
8081,Eluka Majaka,2016,,39/100,0,0,1,0,0,fantasy film,India,Telugu,4.8,tt6925128
8082,Colorz of Rage,1999,18+,39/100,0,0,1,0,0,,United States,English,10.0,tt0211317
8083,15 Killings,2020,,39/100,0,0,1,0,0,,,,,
8084,Adrift in Soho,2018,all,39/100,0,0,1,0,0,,,,,
8085,Thodi Thodi Si Manmaaniyan,2017,,39/100,0,0,1,0,0,,India,Hindi,5.0,tt4695016
8086,The Courageous Avenger,1935,,39/100,0,0,1,0,0,Western film,United States,English,7.0,tt0026241
8087,Social Suicide,2015,,39/100,0,0,1,0,0,thriller film,United Kingdom,English,2.0,tt4045732
8088,The Beer Jesus from America,2019,,39/100,0,0,1,0,0,,,,,
8089,Secret Lives,2005,18+,39/100,0,0,1,0,0,drama film,United Kingdom,English,6.0,tt0029531
8090,Always Will,2006,7+,39/100,0,0,1,0,0,,,,,
8091,Blowfly Park,2014,7+,39/100,0,0,1,0,0,"drama film, thriller film",Sweden,Swedish,5.0,tt3265506
8092,Special Agent Kids,2013,,39/100,0,0,1,0,0,,,,,
8093,My Dad Is Scrooge,2014,,39/100,0,0,1,0,0,Christmas film,Canada,English,7.0,tt4048732
8094,Jay Pharoah: Can I Be Me?,2015,,39/100,0,0,1,0,0,,,,,
8095,What Children Do,2017,,39/100,0,0,1,0,0,,,,,
8096,Centipede,2004,18+,39/100,0,0,1,0,0,,,,,
8097,A Haunting on Hamilton Street,2010,,39/100,0,0,1,0,0,,,,4.9,tt5297152
8098,The Underground Sinema,2015,18+,39/100,0,0,1,0,0,,,,,
8099,Bleeding Hearts,2013,,39/100,0,0,1,0,0,,,,,
8100,Keith Robinson: Back of the Bus Funny,2015,,39/100,0,0,1,0,0,,,,,
8101,Angel in Training,1999,all,39/100,0,0,1,0,0,,,,4.3,tt0166986
8102,Lizard Man,2012,,39/100,0,0,1,0,0,,,,,
8103,Jon Reep: Ginger Beard Man,2019,,39/100,0,0,1,0,0,,,,,
8104,Final Appointment,1954,,39/100,0,0,1,0,0,crime film,United Kingdom,English,6.1,tt0163627
8105,Where Sleeping Dogs Lie,2019,,39/100,0,0,1,0,0,"thriller film, crime film",United States,English,7.0,tt0105809
8106,Terror Talk,2018,,39/100,0,0,1,0,0,,,,,
8107,CALL TV,2018,,39/100,0,0,1,0,0,,,,,
8108,"Eriko, Pretended",2018,all,39/100,0,0,1,0,0,,Japan,Japanese,,
8109,Wide Blue Yonder,2012,,39/100,0,0,1,0,0,comedy film,"Norway, United Kingdom",English,6.0,tt0858500
8110,In The House of Flies,2014,,39/100,0,0,1,0,0,,,,,
8111,Amanda and the Fox,2018,,39/100,0,0,1,0,0,,,,,
8112,Der Andere - eine Familiengeschichte,2016,,39/100,0,0,1,0,0,,,,,
8113,Mothers of the Bride,2015,7+,39/100,0,0,1,0,0,,,,,
8114,An Evening In Paris,1967,,39/100,0,0,1,0,0,musical film,India,Hindi,10.0,tt0074503
8115,Ram Ratan,2017,,39/100,0,0,1,0,0,,,,,
8116,Ablaze,2001,18+,39/100,0,0,1,0,0,"thriller film, action film",United States,English,1.0,tt0217979
8117,Artworks,2003,18+,39/100,0,0,1,0,0,,United States,English,4.8,tt0325015
8118,Mars Needs Women,1968,,39/100,0,0,1,0,0,,,,,
8119,Let's Sing Again,1936,,39/100,0,0,1,0,0,musical film,United States,English,6.0,tt0027882
8120,Forrest Shaw: Poor Decisions,2018,18+,39/100,0,0,1,0,0,,,,,
8121,Manchild: The Schea Cotton Story,2016,,39/100,0,0,1,0,0,documentary film,United States,,9.0,tt5323042
8122,Krazzy Tabbar,2017,,39/100,0,0,1,0,0,,,,,
8123,Plato's Reality Machine,2013,,39/100,0,0,1,0,0,,,,10.0,tt2040470
8124,Son of a Gun,2019,,39/100,0,0,1,0,0,"heist film, action film, prison film, drama film","Australia, United Kingdom, Canada",English,7.0,tt2452200
8125,Charlie Kay Chakkar Mein,2015,,39/100,0,0,1,0,0,erotic thriller,India,Hindi,4.6,tt2190820
8126,Gallagher: We Need a Hero,1992,,39/100,0,0,1,0,0,,,,,
8127,The Starck Club Documentary-The Final Cut,2013,,39/100,0,0,1,0,0,,,,,
8128,Kirpaan,2014,,39/100,0,0,1,0,0,,India,Punjabi,2.0,tt3501924
8129,Brian Gaar: Jokes I Wrote At Work,2015,,39/100,0,0,1,0,0,,,,,
8130,The Film Peddler,2011,,39/100,0,0,1,0,0,,,,,
8131,Beaten,2005,,39/100,0,0,1,0,0,,,,,
8132,Melanie Comarcho: Hello!,2012,18+,39/100,0,0,1,0,0,,,,,
8133,Midnight Devils,2020,,38/100,0,0,1,0,0,,,,,
8134,Return to Treasure Island,1954,,38/100,0,0,1,0,0,pirate film,United States,English,1.0,tt0047406
8135,Rhythm in the Clouds,1937,,38/100,0,0,1,0,0,musical film,United States,English,5.0,tt0029482
8136,Territorial Behavior,2015,,38/100,0,0,1,0,0,,,,,
8137,Merlin's Shop of Mystical Wonders,1996,,38/100,0,0,1,0,0,"horror film, fantasy film",United States,English,2.1,tt0174917
8138,Narco Soldiers,2019,13+,38/100,0,0,1,0,0,,,,10.0,tt10525174
8139,The Healing Garden,2021,all,38/100,0,0,1,0,0,,,,8.0,tt13031460
8140,Wetbacks,1956,,38/100,0,0,1,0,0,,United States,,5.0,tt0049946
8141,Ishq Garaari,2013,,38/100,0,0,1,0,0,romantic comedy,India,Punjabi,2.0,tt3213204
8142,They Meet Again,1941,,38/100,0,0,1,0,0,musical film,United States,English,5.0,tt0034279
8143,Ninja Fist of Fire,1972,,38/100,0,0,1,0,0,action film,Taiwan,Standard Chinese,5.0,tt0199824
8144,Barefoot Boy,1938,,38/100,0,0,1,0,0,drama film,United States,English,4.0,tt0029898
8145,Bugged,1997,13+,38/100,0,0,1,0,0,comedy horror,United States,English,4.2,tt0115775
8146,The Contender,2015,,38/100,0,0,1,0,0,"drama film, political thriller film","United States, United Kingdom",English,6.9,tt0208874
8147,Modern Classic,2017,,38/100,0,0,1,0,0,,,,,
8148,Knox: The Life and Legacy of Scotland's Controversial Reformer,2015,,38/100,0,0,1,0,0,,,,,
8149,Message From A Mistress,2017,,38/100,0,0,1,0,0,,,,,
8150,Fugitive Rage,1996,18+,38/100,0,0,1,0,0,crime film,United States,English,3.6,tt0116374
8151,Dark Obsession,1989,18+,38/100,0,0,1,0,0,drama film,United Kingdom,English,4.7,tt0097158
8152,Nick Di Paolo: Inflammatory,2017,,38/100,0,0,1,0,0,,,,,
8153,Nature Unleashed: Fire,2004,18+,38/100,0,0,1,0,0,,,,,
8154,Izzie's Way Home,2016,all,38/100,0,0,1,0,0,adventure film,United States,English,10.0,tt5667482
8155,City of Shadows,1987,18+,38/100,0,0,1,0,0,"drama film, historical film",Canada,,9.0,tt1239430
8156,Buttcrack,1998,18+,38/100,0,0,1,0,0,,,,,
8157,William Lee Martin: The Nutcracker,2019,,38/100,0,0,1,0,0,,,,,
8158,Ester Steinberg Burning Bush,2021,13+,38/100,0,0,1,0,0,,,,,
8159,The Dancing Pumpkin and the Ogre's Plot,2007,,38/100,0,0,1,0,0,,,,4.0,tt7547510
8160,Where Love Found Me,2016,13+,38/100,0,0,1,0,0,,,,,
8161,The Gay Ranchero,1948,,38/100,0,0,1,0,0,Western film,United States,English,8.0,tt0040385
8162,Interlaced,2017,,38/100,0,0,1,0,0,,,,1.0,tt4087816
8163,Galaxy Lords,2018,,38/100,0,0,1,0,0,,,,,
8164,Bobby Slayton: Born to Be Bobby,2010,,38/100,0,0,1,0,0,,,,,
8165,Nic & Tristan Go Mega Dega,2010,all,38/100,0,0,1,0,0,,,,,
8166,Edison,2015,7+,38/100,0,0,1,0,0,,,,,
8167,Bee Sting,2014,,38/100,0,0,1,0,0,,,,,
8168,Arc,2006,13+,38/100,0,0,1,0,0,,,,,
8169,Tammy Pescatelli's Way After School Special,2020,18+,38/100,0,0,1,0,0,,,,,
8170,The Norse: An Arctic Mystery,2012,7+,38/100,0,0,1,0,0,,,,,
8171,Gurozuka,2005,,38/100,0,0,1,0,0,"horror film, slasher film, teen film",Japan,Japanese,2.0,tt0493695
8172,Betrayal,2013,,38/100,0,0,1,0,0,,,,,
8173,Hanna's Gold,2010,all,38/100,0,0,1,0,0,"adventure film, family film",United States,,5.0,tt1470172
8174,Secret Valley,1937,,38/100,0,0,1,0,0,Western film,United States,English,5.9,tt0029532
8175,Watch Out,2008,,38/100,0,0,1,0,0,,,,,
8176,Somnus,2016,,38/100,0,0,1,0,0,,,,,
8177,The List,2007,13+,38/100,0,0,1,0,0,"film noir, crime film, action film",United States,English,8.0,tt1551630
8178,Back Page,1934,,38/100,0,0,1,0,0,,,,7.0,tt0024857
8179,The Bone Garden,2016,18+,38/100,0,0,1,0,0,,,,2.0,tt2390335
8180,Seven Hours of Gunfire,1965,,38/100,0,0,1,0,0,Spaghetti Western,"Spain, Italy, Germany",Spanish,5.0,tt0058575
8181,The Four Deuces,1976,18+,38/100,0,0,1,0,0,"action film, gangster film, comedy film",United States,English,1.0,tt0073011
8182,"Debra Digiovanni: Single, Awkward, Female",2011,18+,38/100,0,0,1,0,0,,,,,
8183,Gallagher's Sledge-O-Matic,2000,,38/100,0,0,1,0,0,,,,,
8184,A Reckoning,2018,,38/100,0,0,1,0,0,Western film,,,1.0,tt7605084
8185,Los Marcados,1971,,38/100,0,0,1,0,0,"Western film, LGBT-related film",Mexico,Spanish,6.0,tt0286808
8186,What Price Crime,1935,,38/100,0,0,1,0,0,crime film,United States,English,6.0,tt0027201
8187,Pete Correale: The Things We Do For Love,2009,,38/100,0,0,1,0,0,,,,7.4,tt4196616
8188,Das schafft die nie,1994,18+,38/100,0,0,1,0,0,,,,,
8189,Childish Things,1969,,38/100,0,0,1,0,0,drama film,United States,English,10.0,tt0068407
8190,Wildcat,1942,,38/100,0,0,1,0,0,,,,,
8191,Princess Diana: A Life After Death,2018,,38/100,0,0,1,0,0,,,,,
8192,Loni Love: America's Sister,2010,,38/100,0,0,1,0,0,,,,,
8193,Gina Brillon: Pacifically Speaking,2015,,38/100,0,0,1,0,0,,,,,
8194,Maverick: Manhunt Brazil,2016,,38/100,0,0,1,0,0,,,,10.0,tt4143066
8195,Frontier Outlaws,1944,,38/100,0,0,1,0,0,,United States,English,6.0,tt0036842
8196,Shannon Street: Echoes Under a Blood Red Moon,2017,18+,38/100,0,0,1,0,0,,,,,
8197,The King's Guard,2000,13+,38/100,0,0,1,0,0,adventure film,United States,English,1.0,tt0206075
8198,Paquete 3,2015,,38/100,0,0,1,0,0,,,,,
8199,Last Day of School,2016,18+,38/100,0,0,1,0,0,silent film,United States,,,tt1303756
8200,D-Day: The Price Of Freedom,2005,,38/100,0,0,1,0,0,,,,,
8201,The Contract,2016,,38/100,0,0,1,0,0,"thriller film, drama film, crime film",United States,English,7.0,tt0445946
8202,Lonely Boys,2016,,38/100,0,0,1,0,0,,,,,
8203,The Nutcrackers,2010,all,38/100,0,0,1,0,0,,,,,
8204,Tasting Menu,2013,13+,38/100,0,0,1,0,0,comedy film,"Spain, Ireland","Catalan, Spanish, English",2.0,tt1826753
8205,Tales of Found Footage,2019,18+,38/100,0,0,1,0,0,,,,,
8206,Honesty Weekend,2021,,38/100,0,0,1,0,0,,,,,
8207,David Crowe: Crooked Finger,2009,,38/100,0,0,1,0,0,,,,,
8208,Night Train,1998,13+,38/100,0,0,1,0,0,thriller film,People's Republic of China,Mandarin,8.0,tt1032941
8209,Thru: The Hereafter Remains Unknown,2017,,38/100,0,0,1,0,0,,,,,
8210,Vegas in Space,1991,18+,38/100,0,0,1,0,0,"science fiction film, science fiction comedy, adventure film, LGBT-related film",United States,English,4.0,tt0103192
8211,Banjara: The truck driver,2018,,38/100,0,0,1,0,0,,,,,
8212,Neengal Kettavai,1984,,38/100,0,0,1,0,0,,India,Tamil,6.5,tt0235615
8213,Lil Rel: RELevent,2015,,38/100,0,0,1,0,0,,,,,
8214,Captain Scarlett,1953,,38/100,0,0,1,0,0,adventure film,United States,English,4.0,tt0045605
8215,La Vaca - Holy Cow,2011,,38/100,0,0,1,0,0,,,,,
8216,What Comes Around,1985,7+,38/100,0,0,1,0,0,,United States,English,6.0,tt21389338
8217,"Die Sister, Die!",1978,7+,38/100,0,0,1,0,0,thriller film,United States,English,6.0,tt0068485
8218,Blanc de Blanc,2009,,38/100,0,0,1,0,0,,,,3.0,tt1501342
8219,Preacherman,1971,18+,38/100,0,0,1,0,0,comedy film,United States,English,8.0,tt0067606
8220,Captured in Chinatown,1935,,38/100,0,0,1,0,0,"romance film, mystery film, sport film, crime film",United States,English,7.0,tt0026177
8221,Fink!,2005,18+,38/100,0,0,1,0,0,,,,8.0,tt0447635
8222,The Fidel Castro Tapes,2014,7+,38/100,0,0,1,0,0,,,,,
8223,Solar Flare,2008,13+,38/100,0,0,1,0,0,,United States,English,1.0,tt1130091
8224,Baby Cat,1983,18+,38/100,0,0,1,0,0,comedy film,France,,4.0,tt0085206
8225,Brothers O'Toole,1973,all,38/100,0,0,1,0,0,,,,,
8226,Goobers!,2012,7+,38/100,0,0,1,0,0,"speculative fiction film, fantasy film",United States,English,4.0,tt0119744
8227,Faith's Song,2017,,38/100,0,0,1,0,0,,,,1.0,tt6229100
8228,Where's The Love?,2014,,38/100,0,0,1,0,0,,,,,
8229,The Days of Noah Part 2: Judgment Hour,2019,,38/100,0,0,1,0,0,,,,,
8230,Held For Ransom,1938,,38/100,0,0,1,0,0,crime film,United States,English,5.3,tt0030228
8231,Fury of the Fist and the Golden Fleece,2018,,38/100,0,0,1,0,0,,,,1.0,tt2490148
8232,The Crescent Moon Clown,2018,,38/100,0,0,1,0,0,,,,,
8233,The Odyssey of Destiny,2014,,38/100,0,0,1,0,0,,,,,
8234,Abhinetri No. 1,2016,,38/100,0,0,1,0,0,,,,,
8235,The Turtle and the Sea,2014,,38/100,0,0,1,0,0,,,,,
8236,Mr. Reckless,1948,,38/100,0,0,1,0,0,adventure film,United States,English,5.0,tt0040616
8237,Hearts in Bondage,1936,,38/100,0,0,1,0,0,drama film,United States,English,4.0,tt0027727
8238,The Dude Ranger,1934,,38/100,0,0,1,0,0,"comedy film, Western film",United States,English,9.0,tt0025073
8239,All Over Town,1937,,38/100,0,0,1,0,0,comedy film,United States,English,4.0,tt0028568
8240,Scientology: The Science of Truth or the Art of Deception?,2012,,38/100,0,0,1,0,0,,,,6.0,tt5090170
8241,Death's Door,2008,,38/100,0,0,1,0,0,,,,,
8242,Haunted Maze,2017,,38/100,0,0,1,0,0,,,,,
8243,Hillbillys in a Haunted House,1967,all,38/100,0,0,1,0,0,"musical film, comedy horror",United States,English,2.8,tt0061765
8244,Binhi: The Seed,2015,13+,38/100,0,0,1,0,0,,,,4.7,tt4678058
8245,Virus Shark,2021,,38/100,0,0,1,0,0,,United States,English,3.0,tt13785940
8246,A Midsummer's Hawaiian Dream,2016,,38/100,0,0,1,0,0,,,,,
8247,Shadow Government,2009,,38/100,0,0,1,0,0,,,,,
8248,Sunset Cove,1978,18+,38/100,0,0,1,0,0,,,,,
8249,Prem Deewane,1992,,38/100,0,0,1,0,0,,India,Hindi,6.0,tt0105166
8250,The Power of the Resurrection,1958,,38/100,0,0,1,0,0,,United States,,7.0,tt0416105
8251,Miracle on Highway 34,2020,,38/100,0,0,1,0,0,,,,,
8252,A Million Hits,2018,,38/100,0,0,1,0,0,,,,,
8253,Hot Mess,2017,,37/100,0,0,1,0,0,,,,,
8254,The Legend of Butch & Sundance,2006,13+,37/100,0,0,1,0,0,,United States,English,6.0,tt0366709
8255,A New Husband for Christmas,2020,,37/100,0,0,1,0,0,,,,,
8256,The Last Ridge: The 10th Mountain Division,2007,,37/100,0,0,1,0,0,,,,,
8257,Mission to Glory: A True Story,1977,7+,37/100,0,0,1,0,0,,,,,
8258,Lilith,2018,,37/100,0,0,1,0,0,,,,,
8259,Magic Max,2021,13+,37/100,0,0,1,0,0,,,,,
8260,How to Go Out on a Date in Queens,2006,18+,37/100,0,0,1,0,0,,,,,
8261,Kung Fu Masters 2,2018,,37/100,0,0,1,0,0,,,,,
8262,Caryl of the Mountains,1936,,37/100,0,0,1,0,0,children's film,United States,English,6.0,tt0027425
8263,Yellowneck,1955,,37/100,0,0,1,0,0,Western film,United States,English,6.0,tt0048818
8264,Riders of the Rockies,1937,7+,37/100,0,0,1,0,0,,United States,,6.0,tt0029485
8265,Richard Lewis: The Magical Misery Tour,1997,,37/100,0,0,1,0,0,,,,,
8266,Quel maledetto ponte sull'Elba,1969,,37/100,0,0,1,0,0,war film,"Spain, Italy",Italian,6.0,tt0064737
8267,Murder.com,2008,18+,37/100,0,0,1,0,0,,,,,
8268,ADHD: Not Just for Kids,2017,,37/100,0,0,1,0,0,,,,,
8269,Invisible Mom,1996,7+,37/100,0,0,1,0,0,comedy film,United States,English,7.0,tt0113434
8270,Guns Don't Argue,1957,,37/100,0,0,1,0,0,,United States,English,5.0,tt0048108
8271,Nocturnal Agony,2014,,37/100,0,0,1,0,0,,,,1.0,tt1890485
8272,Ambush at Dark Canyon,2012,18+,37/100,0,0,1,0,0,"drama film, Western film",,,2.0,tt1887923
8273,Hold,2009,,37/100,0,0,1,0,0,,,,,
8274,Darkness,2014,,37/100,0,0,1,0,0,,,,,
8275,A Night at the Follies,1947,,37/100,0,0,1,0,0,musical film,United States,,7.0,tt0147089
8276,Turned Out,2019,,37/100,0,0,1,0,0,,,,8.0,tt9887568
8277,Gallagher: An Uncensored Evening,1980,,37/100,0,0,1,0,0,,,,,
8278,Ranangan,2018,,37/100,0,0,1,0,0,,India,Marathi,8.0,tt8396318
8279,Prison Shadows,1936,,37/100,0,0,1,0,0,"drama film, crime film",United States,English,3.0,tt0028140
8280,Blanche,2018,7+,37/100,0,0,1,0,0,,,,,
8281,The Windsplitter,1971,,37/100,0,0,1,0,0,,,,,
8282,Making a Killing,2018,18+,37/100,0,0,1,0,0,mystery film,"United States, Canada",,4.0,tt6116568
8283,Musclecar,2017,,37/100,0,0,1,0,0,,Australia,English,4.7,tt7680690
8284,Etgar Keret What Animal R U?,2013,,37/100,0,0,1,0,0,,,,,
8285,The Fall of '55,2006,,37/100,0,0,1,0,0,"LGBT-related film, documentary film",United States,English,9.0,tt0823174
8286,DocoBANKSY,2014,7+,37/100,0,0,1,0,0,,,,9.0,tt1855175
8287,Ninaitthathai Mudippavan,1975,,37/100,0,0,1,0,0,,,,,
8288,Jay Mohr: American Treasure,2020,,37/100,0,0,1,0,0,,,,,
8289,Luv Ka The End,2011,7+,37/100,0,0,1,0,0,"comedy film, romantic comedy",India,Hindi,8.0,tt1918927
8290,Adventures in Odyssey: Electric Christmas,1994,,37/100,0,0,1,0,0,,,,,
8291,The Daniel Tiger Movie: Won't You Be Our Neighbor?,2018,all,37/100,0,0,1,0,0,,,,,
8292,Halloween Horror Tales,2018,,37/100,0,0,1,0,0,,,,,
8293,From Other Worlds,2004,13+,37/100,0,0,1,0,0,"comedy film, science fiction film",United States,,5.0,tt0363623
8294,Red Sea,2016,all,37/100,0,0,1,0,0,,,,,
8295,Timber Queen,1944,,37/100,0,0,1,0,0,drama film,United States,English,7.0,tt0036440
8296,A Wonderful Christmas,2006,7+,37/100,0,0,1,0,0,,,,,
8297,Voyage of the Chimera,2021,,37/100,0,0,1,0,0,,,,2.0,tt14251154
8298,A Room Full of Nothing,2019,,37/100,0,0,1,0,0,drama film,United States,English,1.0,tt8906652
8299,The Outdoorsman,2017,13+,37/100,0,0,1,0,0,,,,,
8300,Between Two Women,2004,,37/100,0,0,1,0,0,LGBT-related film,United Kingdom,English,10.0,tt0319056
8301,The One Warrior,2011,,37/100,0,0,1,0,0,fantasy film,United States,English,2.4,tt1623772
8302,"Young, High and Dead",2013,,37/100,0,0,1,0,0,,,,,
8303,The Vanquisher,2009,18+,37/100,0,0,1,0,0,science fiction action film,Thailand,Thai,2.0,tt1841594
8304,Michael Loftus: You've Changed,2009,,37/100,0,0,1,0,0,,,,,
8305,The Fatal Hour,1940,,37/100,0,0,1,0,0,"crime film, drama film",United States,English,6.0,tt0032457
8306,The Guy with Secret Kung Fu,1980,,37/100,0,0,1,0,0,,,,,
8307,Blonde Comet,1941,,37/100,0,0,1,0,0,sport film,United States,English,3.0,tt0033399
8308,Android Uprising,2020,,37/100,0,0,1,0,0,,,,,
8309,Heart of Stone,2009,,37/100,0,0,1,0,0,,,,,
8310,Dawn Express,1942,7+,37/100,0,0,1,0,0,drama film,United States,English,6.0,tt0034637
8311,Nakhuda,1981,7+,37/100,0,0,1,0,0,,India,Hindi,2.0,tt0341496
8312,The Courageous Dr. Christian,1940,,37/100,0,0,1,0,0,drama film,United States,English,6.0,tt0032361
8313,Got My Hustle Up,2018,,37/100,0,0,1,0,0,,,,,
8314,Doppel,2020,,37/100,0,0,1,0,0,,,,,
8315,Paul Rodriguez: The Here & Wow,2018,,37/100,0,0,1,0,0,,,,,
8316,Run for Love,2016,,37/100,0,0,1,0,0,romance film,People's Republic of China,,4.7,tt4655294
8317,Dead in France,2012,18+,37/100,0,0,1,0,0,,,,,
8318,The Paradise Trail,1979,,37/100,0,0,1,0,0,,,,,
8319,Perfect Break,2016,,37/100,0,0,1,0,0,,,,,
8320,Frank and Fearless,2018,,37/100,0,0,1,0,0,comedy film,South Africa,English,1.0,tt10112464
8321,The Real Death Star,2002,,37/100,0,0,1,0,0,,,,,
8322,Redhead,1941,,37/100,0,0,1,0,0,,,,,
8323,Western Gold,1937,,37/100,0,0,1,0,0,,United States,English,4.0,tt0029756
8324,The Surge: The Whole Story,2009,,37/100,0,0,1,0,0,,,,,
8325,The Miracle Kid,1941,,37/100,0,0,1,0,0,"drama film, boxing film",United States,English,5.0,tt0035067
8326,A Dangerous Place,2012,13+,37/100,0,0,1,0,0,,,,6.0,tt0107696
8327,Timelock,1996,,37/100,0,0,1,0,0,"science fiction film, action film",United States,English,1.0,tt0117915
8328,Officer,2018,,37/100,0,0,1,0,0,,,,,
8329,Such Were Some Of You,2014,,37/100,0,0,1,0,0,,,,,
8330,Heathens and Thieves,2012,18+,37/100,0,0,1,0,0,,,,7.0,tt1510983
8331,Porsche: Decades of Disruption,2017,7+,37/100,0,0,1,0,0,,,,,
8332,Elodie,2019,,37/100,0,0,1,0,0,,,,,
8333,Premasathi Vattel Te,1987,,37/100,0,0,1,0,0,,India,Marathi,5.5,tt0213173
8334,Zero Tolerance,2014,,37/100,0,0,1,0,0,"action film, thriller film, crime film",Sweden,Swedish,6.0,tt0198837
8335,Evil on Queen Street,2002,,37/100,0,0,1,0,0,,,,,
8336,The Shop,2014,,37/100,0,0,1,0,0,,,,,
8337,The Devil Plays,1931,,37/100,0,0,1,0,0,"crime film, mystery film, Satanic film",United States,English,4.0,tt0021796
8338,El alazán y el rosillo,1966,,37/100,0,0,1,0,0,,,,,
8339,Jasper Redd: Jazz Talk,2014,,37/100,0,0,1,0,0,,,,,
8340,Darra,2016,,37/100,0,0,1,0,0,,,,,
8341,Luk'Luk'I,2017,,37/100,0,0,1,0,0,"docufiction, LGBT-related film",Canada,,6.5,tt6186442
8342,Shirdi Sai Baba,2001,,37/100,0,0,1,0,0,,,,,
8343,Grace and Gravity,2018,,37/100,0,0,1,0,0,,,,,
8344,Here's Flash Casey,1938,,37/100,0,0,1,0,0,mystery film,United States,English,5.0,tt0028994
8345,Uphaar,1971,all,37/100,0,0,1,0,0,drama film,India,Hindi,9.0,tt0166008
8346,Shhhh,2014,,37/100,0,0,1,0,0,,,,,
8347,The Bogus Witch Project,2000,18+,37/100,0,0,1,0,0,parody film,United States,English,2.0,tt0250990
8348,Kaashmora,2016,,37/100,0,0,1,0,0,"comedy horror, action film",India,Tamil,8.0,tt5980232
8349,A Walk on the Moon,1987,,37/100,0,0,1,0,0,"comedy film, romance film",United States,English,8.0,tt0120613
8350,Dogged,2017,18+,37/100,0,0,1,0,0,,,,,
8351,And There Were 4,2018,,36/100,0,0,1,0,0,,,,9.0,tt7385782
8352,Kiss the Bride,2011,13+,36/100,0,0,1,0,0,"romantic comedy, LGBT-related film",United States,English,8.0,tt0296711
8353,Meet Dr. Christian,1939,,36/100,0,0,1,0,0,drama film,United States,English,6.0,tt0031635
8354,The Phoenix,2020,,36/100,0,0,1,0,0,,,,,
8355,Maximum Impact,2017,,36/100,0,0,1,0,0,"action comedy film, action film","Russia, United States","Russian, English",2.4,tt4921370
8356,The October Flowers,2018,,36/100,0,0,1,0,0,,,,,
8357,Black and Blue,2018,,36/100,0,0,1,0,0,"drama film, thriller film, crime film",United States,English,6.0,tt7390646
8358,Abomination: The Evilmaker II,2003,,36/100,0,0,1,0,0,,,,,
8359,Secondhand Hearts,2017,16+,36/100,0,0,1,0,0,comedy film,United States,English,7.0,tt0083041
8360,Navy Secrets,1939,,36/100,0,0,1,0,0,adventure film,United States,English,4.0,tt0031715
8361,Unknown Powers,1978,7+,36/100,0,0,1,0,0,,,,,
8362,Craig Shoemaker: Daditude,2012,18+,36/100,0,0,1,0,0,,,,,
8363,Thomas & Friends: Big World! Big Adventures! The Movie,2018,,36/100,0,0,1,0,0,,,,,
8364,Jugni,2016,7+,36/100,0,0,1,0,0,,India,Hindi,7.0,tt3453964
8365,The Underdog,1943,,36/100,0,0,1,0,0,"comedy film, romance film",Greece,Greek,5.5,tt0180786
8366,Eggsploitation,2010,,36/100,0,0,1,0,0,,,,,
8367,Dead Eyes Open,2008,,36/100,0,0,1,0,0,,,,,
8368,Lady of Guadalupe,2020,,36/100,0,0,1,0,0,,,,,
8369,Assassin's Game,2015,18+,36/100,0,0,1,0,0,,United States,English,1.0,tt8272852
8370,Calígula,2015,,36/100,0,0,1,0,0,"exploitation film, pornographic film, erotic film, biographical film","United Kingdom, United States, Italy","English, Italian",5.3,tt0080491
8371,The Last Appeal,2016,,36/100,0,0,1,0,0,silent film,United States,,,tt0358562
8372,Heer & Hero,2013,,36/100,0,0,1,0,0,,,,,
8373,Ian Harvie: May the Best Cock Win,2016,,36/100,0,0,1,0,0,,,,,
8374,First Lady,2020,7+,36/100,0,0,1,0,0,,,,,
8375,Key of Brown,2013,,36/100,0,0,1,0,0,,,,,
8376,Painter,2020,7+,36/100,0,0,1,0,0,,,,,
8377,Hollywood High,1976,18+,36/100,0,0,1,0,0,comedy film,,English,2.5,tt0082519
8378,Silver Stallion,1941,,36/100,0,0,1,0,0,,United States,,6.0,tt0034189
8379,Waters Rising,2007,,36/100,0,0,1,0,0,,,,,
8380,Hi-Riders,1978,18+,36/100,0,0,1,0,0,"thriller film, action film, crime film",United States,English,6.0,tt0076140
8381,The Legend of Six Fingers,2014,,36/100,0,0,1,0,0,,,,2.0,tt2989580
8382,Elfette Saves Christmas,2019,,36/100,0,0,1,0,0,,,,,
8383,"Alonzo Bodden: Tall, Dark and Funny",2006,,36/100,0,0,1,0,0,,,,6.9,tt0848607
8384,Nicole Burch: Never Been Kissed,2020,,36/100,0,0,1,0,0,,,,,
8385,Choosi Choodangaane,2020,,36/100,0,0,1,0,0,"drama film, romantic comedy",India,Telugu,1.0,tt11301882
8386,Student of the Year 2,2019,,36/100,0,0,1,0,0,romantic comedy,India,Hindi,1.0,tt7255568
8387,Women of Devil's Island,1962,,36/100,0,0,1,0,0,"adventure film, drama film","Italy, France",Italian,5.0,tt0055323
8388,Great God Gold,1935,,36/100,0,0,1,0,0,"drama film, crime film",United States,English,7.0,tt0026436
8389,Lowriders vs Zombies from Space,2018,,36/100,0,0,1,0,0,,,,,
8390,God's Step Children,1938,,36/100,0,0,1,0,0,drama film,United States,English,5.0,tt0028942
8391,Kautuk Srivastava : Anatomy Of Awkward,2018,,36/100,0,0,1,0,0,,,,,
8392,Havens End,2018,18+,36/100,0,0,1,0,0,,,,,
8393,Perfect Piece,2016,,36/100,0,0,1,0,0,,,,,
8394,Elvis & the Memphis Mafia,2018,,36/100,0,0,1,0,0,,,,,
8395,Finding Jesus,2020,all,36/100,0,0,1,0,0,,,,,
8396,Black History Activators,2020,,36/100,0,0,1,0,0,,,,,
8397,Before All Others,2016,7+,36/100,0,0,1,0,0,,,,1.0,tt6245644
8398,Brent Weinbach: Appealing to the Mainstream,2017,18+,36/100,0,0,1,0,0,,,,,
8399,Gays in Prison,2015,,36/100,0,0,1,0,0,,,,,
8400,Point 453,2017,,36/100,0,0,1,0,0,,,,,
8401,Scary Bride,2020,,36/100,0,0,1,0,0,,,,,
8402,Elayne Boosler: Party of One,1986,,36/100,0,0,1,0,0,,,,,
8403,Waiting on Mary,2016,,36/100,0,0,1,0,0,,,,,
8404,Honeymoon Limited,1935,,36/100,0,0,1,0,0,comedy film,United States,English,6.0,tt0026487
8405,The Adventures of Petey and Friends,2016,,36/100,0,0,1,0,0,,People's Republic of China,,5.0,tt5538124
8406,Reg'lar Fellers,1941,,36/100,0,0,1,0,0,comedy film,United States,English,2.0,tt0034089
8407,Everything Went Down,2013,,36/100,0,0,1,0,0,,,,10.0,tt2300836
8408,The Great Cookie Comeback: Rebaking Wally Amos,2020,,36/100,0,0,1,0,0,,,,,
8409,The Shortest Way Home: C.S. Lewis and Mere Christianity,2013,,36/100,0,0,1,0,0,,,,,
8410,Diamond in the Rough,2019,,36/100,0,0,1,0,0,,,,,
8411,Ian Bagg: Conversations,2018,,36/100,0,0,1,0,0,,,,,
8412,A Century of Black Cinema,2003,7+,36/100,0,0,1,0,0,,,,,
8413,I'd Give My Life,1936,,36/100,0,0,1,0,0,drama film,United States,English,8.0,tt0027784
8414,Harm's Way,2008,18+,36/100,0,0,1,0,0,,,,,
8415,John Heffron: Middle Class Funny,2009,,36/100,0,0,1,0,0,,,,,
8416,Sing Sing Nights,1934,,36/100,0,0,1,0,0,"drama film, romance film, mystery film, war film",United States,English,4.0,tt0027003
8417,Rumors of Wars,2014,13+,36/100,0,0,1,0,0,,,,,
8418,Marina Franklin: Single Black Female,2019,,36/100,0,0,1,0,0,,,,,
8419,Jimmy Dore: Sentenced To Live,2015,,36/100,0,0,1,0,0,,,,10.0,tt4188766
8420,Killing Stella,2017,,36/100,0,0,1,0,0,"drama film, film based on literature",Austria,German,3.0,tt7131848
8421,Queen of the Yukon,1940,,36/100,0,0,1,0,0,Western film,United States,English,6.0,tt0032959
8422,Switchin' The Script,2012,,36/100,0,0,1,0,0,,,,,
8423,When the Lights Go On Again,1944,,36/100,0,0,1,0,0,,United States,,1.0,tt0037459
8424,Tuareg: Desert Warrior,1984,,36/100,0,0,1,0,0,,,,,
8425,Richard The Lionheart,2013,18+,36/100,0,0,1,0,0,adventure film,"Italy, United States",English,1.0,tt2396200
8426,Buckets,2017,,36/100,0,0,1,0,0,,,,,
8427,Ricochet,2011,16+,36/100,0,0,1,0,0,,,,,
8428,What Is New Thought?,2014,,36/100,0,0,1,0,0,,,,,
8429,The Girl Who Came Back,1935,,36/100,0,0,1,0,0,crime film,United States,English,4.0,tt0026412
8430,The Wrath of Cain,2010,18+,36/100,0,0,1,0,0,action film,United States,,8.0,tt1465519
8431,Immortal Combat the Code,2019,,36/100,0,0,1,0,0,,,,,
8432,Monte Carlo Nights,1934,,36/100,0,0,1,0,0,mystery film,United States,English,5.2,tt0025514
8433,Intolerance: No More,2020,,36/100,0,0,1,0,0,,,,7.0,tt7970886
8434,Thunder in the City,1937,,36/100,0,0,1,0,0,"drama film, romance film",United Kingdom,English,7.0,tt0029670
8435,Gallagher: That's Stupid,1982,,36/100,0,0,1,0,0,,,,,
8436,Trump vs the Illuminati,2020,,36/100,0,0,1,0,0,,,,1.0,tt12969958
8437,Jingle Bells,1950,,36/100,0,0,1,0,0,,,,,
8438,Bones of Brundage,2018,,35/100,0,0,1,0,0,,,,,
8439,Totem: The Return of the G'psgolox Pole,2003,,35/100,0,0,1,0,0,,Canada,English,8.0,tt0379556
8440,Chinese Boxes,1984,,35/100,0,0,1,0,0,crime film,Germany,English,6.0,tt0087052
8441,Stro: The Michael D'Asaro Story,2020,,35/100,0,0,1,0,0,,,,6.0,tt12180054
8442,House with a Turret,2012,,35/100,0,0,1,0,0,historical film,Ukraine,Russian,10.0,tt2292844
8443,August,2018,,35/100,0,0,1,0,0,,,,,
8444,Elliott Morgan: Holy Shit,2019,,35/100,0,0,1,0,0,,,,,
8445,Taven,2015,,35/100,0,0,1,0,0,,,,,
8446,Shawn Pelofsky: Stretch it Out!,2018,,35/100,0,0,1,0,0,,,,,
8447,Prayer Never Fails,2016,7+,35/100,0,0,1,0,0,drama film,United States,,10.0,tt4575782
8448,Jury of Our Peers,2008,,35/100,0,0,1,0,0,,,,,
8449,Relative Evil,2001,18+,35/100,0,0,1,0,0,,,,,
8450,WWII: Saving The Reality,2011,,35/100,0,0,1,0,0,,,,,
8451,Wanderers of the West,1941,,35/100,0,0,1,0,0,,United States,English,5.2,tt0034371
8452,Jaws of Justice,1933,,35/100,0,0,1,0,0,Western film,United States,English,3.0,tt0024192
8453,Shadows of the Past,2009,7+,35/100,0,0,1,0,0,"silent film, drama film, romance film",Estonia,Estonian,,tt1519355
8454,Wallaby Jim of the Islands,1937,,35/100,0,0,1,0,0,adventure film,United States,English,6.0,tt0029745
8455,Hawk and Rev: Vampire Slayers,2020,,35/100,0,0,1,0,0,,,,,
8456,The Insurgents,2007,18+,35/100,0,0,1,0,0,"political thriller film, thriller film, drama film",United States,English,7.0,tt0758757
8457,I'm That Kind of Woman,2012,,35/100,0,0,1,0,0,,,,,
8458,Udanchhoo,2018,,35/100,0,0,1,0,0,,India,Hindi,1.0,tt4794022
8459,Convention Girl,1935,,35/100,0,0,1,0,0,drama film,United States,English,6.0,tt0026232
8460,Paradise Isle,1937,,35/100,0,0,1,0,0,"drama film, romance film",United States,English,10.0,tt0029374
8461,Love You Right: An R&B Musical,2021,,35/100,0,0,1,0,0,,,,,
8462,Inside the Law,1942,,35/100,0,0,1,0,0,comedy drama,United States,English,6.0,tt0034898
8463,The Mason Brothers,2017,18+,35/100,0,0,1,0,0,drama film,United States,English,2.0,tt5193658
8464,The Festival Girls,1961,,35/100,0,0,1,0,0,drama film,United States,English,3.0,tt0053822
8465,The Gateway,2015,,35/100,0,0,1,0,0,"drama film, mysticism","Ukraine, United States",Ukrainian,10.0,tt7425298
8466,The Grift,2008,,35/100,0,0,1,0,0,"heist film, neo-noir, film noir, crime film",United States,English,6.8,tt0099703
8467,William Lee Martin: Standing in the Middle,2019,,35/100,0,0,1,0,0,,,,,
8468,Blackmail,2017,,35/100,0,0,1,0,0,"crime film, thriller film, drama film, silent film",United Kingdom,,8.0,tt0019702
8469,Moonfire,1973,7+,35/100,0,0,1,0,0,action film,United States,English,6.0,tt0066095
8470,Sky Racket,1937,,35/100,0,0,1,0,0,drama film,United States,English,5.0,tt0140551
8471,On Angel Wings,2014,,35/100,0,0,1,0,0,,,,,
8472,Adam Lost His Apple,1965,,35/100,0,0,1,0,0,,,,,
8473,Stinger,2005,18+,35/100,0,0,1,0,0,,,,,
8474,Uncommon Law,2015,,35/100,0,0,1,0,0,,,,,
8475,The Black Kung Fu Experience,2012,,35/100,0,0,1,0,0,,,,,
8476,The Dance,2019,,35/100,0,0,1,0,0,,,,,
8477,Laundry Day,2018,,35/100,0,0,1,0,0,comedy film,United States,English,9.0,tt3260760
8478,Jeff Garcia: The Ten Dollar Ticket,2009,,35/100,0,0,1,0,0,,,,,
8479,Fishbowl,2021,,35/100,0,0,1,0,0,drama film,,English,,tt2559130
8480,Honor Amongst Men,2018,,35/100,0,0,1,0,0,,,,,
8481,The Knife of Devil's Roaring and Soul Missing,1976,,35/100,0,0,1,0,0,,,,,
8482,Sasheer Zamata: Pizza Mind,2017,18+,35/100,0,0,1,0,0,,,,,
8483,La pachanga,2019,,35/100,0,0,1,0,0,comedy film,Colombia,Spanish,3.6,tt11385190
8484,Texas Road,2010,,35/100,0,0,1,0,0,drama film,Canada,English,10.0,tt0827181
8485,Tartarus,2005,,35/100,0,0,1,0,0,,,,,
8486,Kirdar-E-Sardar,2017,,35/100,0,0,1,0,0,,India,Punjabi,7.4,tt7920444
8487,Dancing Ninja,2010,,35/100,0,0,1,0,0,"comedy film, crime film, action film","South Korea, Canada, United States",English,4.0,tt1294141
8488,Covert Action,1988,,35/100,0,0,1,0,0,spy film,"Greece, Italy",English,4.0,tt0077376
8489,Templar Nation,2013,13+,35/100,0,0,1,0,0,,,,,
8490,Disconnected,1983,,35/100,0,0,1,0,0,,,,,
8491,24 Hours,2014,,34/100,0,0,1,0,0,,,,,
8492,Claudia Oshry: Disgraced Queen,2020,,34/100,0,0,1,0,0,,,,,
8493,Where Birds Don't Fly,2017,,34/100,0,0,1,0,0,,,,,
8494,Black Saturday,2005,,34/100,0,0,1,0,0,,,,,
8495,The Proposition,1996,18+,34/100,0,0,1,0,0,"Western film, drama film, crime film, bushranging film","Australia, United Kingdom",English,8.0,tt0421238
8496,The Cat in the Hat Knows a Lot About Camping!,2016,,34/100,0,0,1,0,0,,,,,
8497,Italy's Mystery Mountains,2014,,34/100,0,0,1,0,0,,,,4.0,tt4059502
8498,The Yousers,2018,,34/100,0,0,1,0,0,,,,,
8499,Miraculous Messages,2007,,34/100,0,0,1,0,0,,,,,
8500,The Cat In The Hat Knows A Lot About Space!,2017,all,34/100,0,0,1,0,0,,,,,
8501,Get the Girl,2009,,34/100,0,0,1,0,0,"comedy thriller, crime film",United States,English,7.0,tt4045894
8502,Superintelligence: Beyond Human,2019,,34/100,0,0,1,0,0,,,,,
8503,The Mystery of the Hooded Horsemen,1937,all,34/100,0,0,1,0,0,Western film,United States,English,3.0,tt0029289
8504,Mummy Dearest,2021,,34/100,0,0,1,0,0,drama film,Nigeria,English,,tt10183622
8505,1/2 New Year,2019,,34/100,0,0,1,0,0,,,,1.0,tt4461676
8506,The Bashful Bachelor,1942,all,34/100,0,0,1,0,0,comedy film,United States,English,5.0,tt0033379
8507,Evan Straw,2010,13+,34/100,0,0,1,0,0,,,,,
8508,Humpty Dumpty & More Kids Songs: Super Simple Songs,2017,,34/100,0,0,1,0,0,,,,,
8509,Beware Of Ladies,1936,,34/100,0,0,1,0,0,crime film,United States,English,5.3,tt0027354
8510,Father Steps Out,1941,,34/100,0,0,1,0,0,comedy film,United States,English,2.8,tt0033468
8511,Drastic Measures,2019,7+,34/100,0,0,1,0,0,,,,7.0,tt8615164
8512,Terror at Bigfoot Pond,2020,18+,34/100,0,0,1,0,0,,,,1.0,tt12752158
8513,Snitch'd,2003,18+,34/100,0,0,1,0,0,"adventure film, crime film, action film, drama film",,,1.0,tt0369946
8514,Pink Heat,2015,,34/100,0,0,1,0,0,,,,,
8515,Tony Roberts: I'm Different,2013,,34/100,0,0,1,0,0,,,,,
8516,Stranded,2002,18+,34/100,0,0,1,0,0,"adventure film, drama film, science fiction film",Spain,English,7.0,tt0283015
8517,The Reunited States,2020,,33/100,0,0,1,0,0,,,,,
8518,La Sucursal,2019,,33/100,0,0,1,0,0,comedy film,Colombia,Spanish,4.1,tt10197804
8519,Doggie Boogie - Get Your Grrr On!,2012,7+,33/100,0,0,1,0,0,,,,,
8520,One By One,2016,,33/100,0,0,1,0,0,,,,,
8521,Let 'em Have It,1935,,33/100,0,0,1,0,0,"drama film, crime film",United States,English,8.0,tt0026621
8522,Prey for the Beast,2007,,33/100,0,0,1,0,0,,,,,
8523,Point of Terror,1971,18+,33/100,0,0,1,0,0,"exploitation film, drama film, horror film",United States,English,8.0,tt0067594
8524,Zabardast,2007,,33/100,0,0,1,0,0,,,,5.3,tt1219390
8525,Living Space,2018,,33/100,0,0,1,0,0,"drama film, horror film",Australia,English,1.0,tt5887650
8526,In the Money,1933,,33/100,0,0,1,0,0,comedy film,United States,English,6.0,tt0025306
8527,Tusks,1988,18+,33/100,0,0,1,0,0,adventure film,United States,English,3.9,tt0100825
8528,Captain Calamity,1936,,33/100,0,0,1,0,0,"adventure film, treasure hunt film",United States,English,4.3,tt0027420
8529,The Young Land,1959,,33/100,0,0,1,0,0,Western film,United States,English,7.0,tt0053461
8530,Just Business,2008,13+,33/100,0,0,1,0,0,thriller film,Canada,English,6.0,tt1149595
8531,Aperture Kids and the Mysterious Neighbor,2021,,33/100,0,0,1,0,0,,,,10.0,tt13571090
8532,Any Last Words?,2012,13+,33/100,0,0,1,0,0,,,,,
8533,Matt Braunger: Finally Live in Portland,2019,,33/100,0,0,1,0,0,,,,,
8534,A Box of Faith,2015,all,33/100,0,0,1,0,0,,,,,
8535,Guantanamero,2007,18+,32/100,0,0,1,0,0,drama film,"Spain, United Kingdom","Spanish, Arabic, English",9.0,tt0490080
8536,18 Vayasu,2012,,32/100,0,0,1,0,0,psychological thriller,India,Tamil,6.2,tt2877914
8537,Konga TNT,2020,,32/100,0,0,1,0,0,,Canada,,1.0,tt12637626
8538,Modern Prodigal,2019,7+,32/100,0,0,1,0,0,,,,9.0,tt6208096
8539,Marital Problems,2017,,32/100,0,0,1,0,0,,,,7.0,tt4603176
8540,Forbidden Secrets,2005,16+,32/100,0,0,1,0,0,"thriller film, drama film","Canada, United States",English,5.0,tt0455447
8541,The Jailhouse,2009,,32/100,0,0,1,0,0,,United States,English,1.0,tt1318516
8542,Virus Undead,2008,18+,32/100,0,0,1,0,0,"horror film, zombie film",Germany,English,6.0,tt0938347
8543,Arrest Bulldog Drummond,1938,all,31/100,0,0,1,0,0,science fiction film,United States,English,6.0,tt0031054
8544,ICE Agent,2013,,31/100,0,0,1,0,0,,,,7.0,tt2828022
8545,Brash Boys Club,2020,,31/100,0,0,1,0,0,,,,5.1,tt11384296
8546,Avalanche Sharks,2014,,30/100,0,0,1,0,0,,,,,
8547,Return of the Tiger,1977,,30/100,0,0,1,0,0,"martial arts film, Bruceploitation",Taiwan,,8.0,tt0079803
8548,"Veritas, Prince of Truth",2007,7+,30/100,0,0,1,0,0,fantasy film,"United States, Mexico",English,4.0,tt0421156
8549,Guilty by Association,2003,18+,30/100,0,0,1,0,0,"thriller film, drama film, crime film",United States,English,2.3,tt0372311
8550,Border Blues,2004,18+,30/100,0,0,1,0,0,,,,,
8551,Hollow Scream,2018,,30/100,0,0,1,0,0,,,,2.0,tt7101994
8552,Payback,2007,18+,30/100,0,0,1,0,0,"heist film, action film, neo-noir, thriller film",United States,English,8.0,tt0120784
8553,Bruce Lee Fights Back from the Grave,1976,18+,29/100,0,0,1,0,0,"action film, martial arts film, Bruceploitation",South Korea,Korean,3.0,tt0074247
8554,Air Rage,2001,18+,29/100,0,0,1,0,0,action film,United States,English,3.0,tt0274321
8555,Clay,2008,,29/100,0,0,1,0,0,,,,,
8556,All Babes Want To Kill Me,2005,13+,29/100,0,0,1,0,0,,,,,
8557,Out of Line,2001,18+,29/100,0,0,1,0,0,"action film, drama film",United States,English,7.0,tt0242746
8558,Christian Blake,2008,,28/100,0,0,1,0,0,,,,,
8559,The Legend of Sasquatch,2007,all,28/100,0,0,1,0,0,family film,United States,English,1.0,tt0491027
8560,Feeders 2: Slay Bells,1998,18+,28/100,0,0,1,0,0,,,,1.0,tt0366436
8561,A Talking Pony!?!,2013,,28/100,0,0,1,0,0,,,,,
8562,Mutant Species,1995,18+,27/100,0,0,1,0,0,science fiction film,United States,,10.0,tt0113881
8563,Armed for Action,1992,,27/100,0,0,1,0,0,,,,,
8564,Lipstick Camera,1994,18+,26/100,0,0,1,0,0,,,,4.2,tt0110359
8565,Bank Alarm,1937,,26/100,0,0,1,0,0,"drama film, romance film",United States,English,4.0,tt0028607
8566,1313: Giant Killer Bees!,2011,16+,26/100,0,0,1,0,0,horror film,United States,English,1.0,tt2165529
8567,Tom Clancy's The Division: Agent Origins,2016,,19/100,0,0,1,0,0,,,,,
8568,High Rise,2016,,19/100,0,0,1,0,0,"drama film, dystopian film, film based on a novel",United Kingdom,English,7.0,tt0462335
8569,A risky revenge,2019,,17/100,0,0,1,0,0,,,,,
8570,Facundo Alitaftaf,1978,,16/100,0,0,1,0,0,,,,,
8571,The Cursed Island,2014,,16/100,0,0,1,0,0,,,,,
8572,The John Wayne Story - The Later Years,1993,,16/100,0,0,1,0,0,,,,,
8573,Johnston: The Defenders of Taffy 3,2014,,16/100,0,0,1,0,0,,,,,
8574,"Rebel: Loreta Velazquez, Secret Soldier of the American Civil War",2013,,16/100,0,0,1,0,0,,,,,
8575,Rise Of The Great White Shark,2017,7+,16/100,0,0,1,0,0,,,,,
8576,Long Live Your Death,2015,18+,16/100,0,0,1,0,0,"Spaghetti Western, treasure hunt film, Western film, comedy film","Spain, Italy, Germany",Italian,6.0,tt0067303
8577,"Once Upon a Time Was I, Verônica",2012,,16/100,0,0,1,0,0,drama film,Brazil,Portuguese,8.0,tt2379422
8578,Pure the movie series,2018,,16/100,0,0,1,0,0,,,,,
8579,KAALA (Malayalam),2018,,15/100,0,0,1,0,0,,,,,
8580,Paddle to the Ocean,2013,,15/100,0,0,1,0,0,,,,7.1,tt3088570
8581,The Mini Witch,2013,,15/100,0,0,1,0,0,,,,,
8582,Josh Blue: Broccoli,2020,,15/100,0,0,1,0,0,,,,,
8583,Columbus In America,2018,,15/100,0,0,1,0,0,,,,,
8584,"ETs Among Us 3: Secret Space Program, Alien Psychics & Crop Circle Clues",2018,,15/100,0,0,1,0,0,,,,,
8585,"Evening Waterfalls, 8 hours for sleep and meditation ultra dark",2016,,15/100,0,0,1,0,0,,,,,
8586,Anxiety Feast,2020,,15/100,0,0,1,0,0,,,,,
8587,Everything and Nothing: The Amazing Science of Empty Space,2011,,15/100,0,0,1,0,0,,,,,
8588,Lots and Lots of Trucks: Hard Workin' Trucks,2008,,14/100,0,0,1,0,0,,,,,
8589,Wild Kratts: Alaska- Hero's Journey,2017,,14/100,0,0,1,0,0,,,,,
8590,Lil Wayne: Bling,2018,,14/100,0,0,1,0,0,,,,,
8591,Omerta the Act of Silence,2017,,14/100,0,0,1,0,0,,,,,
8592,"Evening Rain with thunderstorm, 9 hours for sleep and meditation-ultra dark",2016,,14/100,0,0,1,0,0,,,,,
8593,Ruby's Studio: The Friendship Show,2012,,14/100,0,0,1,0,0,,,,,
8594,Kindness Matters,2018,,14/100,0,0,1,0,0,family drama film,United States,English,5.0,tt8470494
8595,How You Are to Me,2018,,14/100,0,0,1,0,0,,,,,
8596,Las Vegas Story,2015,,14/100,0,0,1,0,0,"drama film, crime film, film noir",United States,English,6.0,tt0044825
8597,Five Lionni Classics,1986,,14/100,0,0,1,0,0,,,,,
8598,Nature: Touching the Wild: Living with the Mule Deer of Deadman Gulch,2014,,14/100,0,0,1,0,0,,,,,
8599,Corrie ten Boom: A Faith Undefeated,2013,,14/100,0,0,1,0,0,,,,,
8600,I Love Toy Trains - Ticket to Ride,2013,,13/100,0,0,1,0,0,,,,,
8601,Halloween Bug-A-Boo!,2020,,13/100,0,0,1,0,0,,,,,
8602,Stevie Ray Vaughan - 1984-1989: Lonestar,2017,,13/100,0,0,1,0,0,,,,,
8603,Love At First Swipe,2015,,13/100,0,0,1,0,0,,,,,
8604,Kacche Dhaagey,2016,,13/100,0,0,1,0,0,,,,,
8605,Don't Cry For Me Papa,1983,,13/100,0,0,1,0,0,,,,,
8606,UFOTV Presents: Out of the Blue - The Definitive Investigation On UFOs,2012,,13/100,0,0,1,0,0,,,,,
8607,Reflections on the Lord's Prayer: For People with Cancer,2008,,13/100,0,0,1,0,0,,,,,
8608,The Amazing Adventure of Marchello the Cat,2017,,13/100,0,0,1,0,0,,,,,
8609,Truck Tunes 2,2014,all,13/100,0,0,1,0,0,,,,,
8610,Little Pim: Let's Count - Spanish for Kids,2010,,13/100,0,0,1,0,0,,,,,
8611,Arthur and the Haunted Tree House,2017,,13/100,0,0,1,0,0,,,,,
8612,Rollin: The Fall of the Auto Industry and the rise of the Drug Economy in Detroit,2016,,13/100,0,0,1,0,0,,,,,
8613,The Fairies: Fairy Beach,2007,all,12/100,0,0,1,0,0,,,,,
8614,5K1-States Evidence,2018,,12/100,0,0,1,0,0,,,,,
8615,Fire Lines,2014,13+,12/100,0,0,1,0,0,,,,,
8616,Mary Poppins,1964,all,96/100,0,0,0,1,0,"fantasy film, musical film, comedy film, family film",United States,English,7.8,tt0058331
8617,Avengers: Endgame,2019,13+,90/100,0,0,0,1,0,"superhero film, speculative fiction film, action film, adventure film",United States,English,10.0,tt4154796
8618,Avengers: Infinity War,2018,13+,90/100,0,0,0,1,0,"superhero film, science fiction film, action film, adventure film",United States,English,10.0,tt4154756
8619,Star Wars: A New Hope,1977,7+,89/100,0,0,0,1,0,"space opera, science fiction film, action film, adventure film",United States,English,10.0,tt0076759
8620,Star Wars: The Empire Strikes Back,1980,7+,89/100,0,0,0,1,0,"science fiction film, adventure film, action film, fantasy film",United States,English,10.0,tt0080684
8621,Soul,2020,7+,89/100,0,0,0,1,0,,,,,
8622,Guardians of the Galaxy,2014,13+,89/100,0,0,0,1,0,"science fiction film, superhero film",United States,English,8.0,tt2015381
8623,The Lion King,1994,all,89/100,0,0,0,1,0,"adventure film, family film, comedy film, drama film",United States,English,6.0,tt6105098
8624,WALL·E,2008,all,88/100,0,0,0,1,0,"romantic comedy, post-apocalyptic film, science fiction comedy, adventure film",United States,English,10.0,tt0910970
8625,The Avengers,2012,13+,88/100,0,0,0,1,0,"action film, science fiction film, crossover fiction, superhero film",United States,English,9.0,tt0848228
8626,The Many Adventures of Winnie the Pooh,1977,all,88/100,0,0,0,1,0,,,,,
8627,Toy Story,1995,all,88/100,0,0,0,1,0,,,,,
8628,Up,2009,7+,88/100,0,0,0,1,0,,,,,
8629,Star Wars: Return of the Jedi,1983,7+,87/100,0,0,0,1,0,"science fiction film, adventure film, fantasy film, action film",United States,English,9.0,tt0086190
8630,Finding Nemo,2003,all,87/100,0,0,0,1,0,,,,,
8631,"Monsters, Inc.",2001,all,87/100,0,0,0,1,0,,,,,
8632,Coco,2017,7+,87/100,0,0,0,1,0,"musical film, fantasy film, adventure film, detective film","United States, Mexico","English, Spanish",10.0,tt2380307
8633,Avatar,2009,13+,86/100,0,0,0,1,0,"science fiction film, action film, adventure film, military science fiction",United States,"Na'vi, English",9.0,tt0499549
8634,Toy Story 3,2010,all,86/100,0,0,0,1,0,,,,,
8635,Thor: Ragnarok,2017,13+,86/100,0,0,0,1,0,"superhero film, science fiction film, fantasy film, action film",United States,English,9.0,tt3501632
8636,Pirates of the Caribbean: The Curse of the Black Pearl,2003,13+,86/100,0,0,0,1,0,"fantasy film, swashbuckler film, treasure hunt film, comedy film",United States,English,8.1,tt0325980
8637,Captain America: Civil War,2016,13+,86/100,0,0,0,1,0,"superhero film, science fiction film, action film, adventure film",United States,English,8.0,tt3498820
8638,Star Wars: The Force Awakens,2015,13+,86/100,0,0,0,1,0,"science fiction film, adventure film, action film, fantasy film",United States,English,5.0,tt2488496
8639,The Incredibles,2004,7+,86/100,0,0,0,1,0,,,,,
8640,Captain America: The Winter Soldier,2014,13+,86/100,0,0,0,1,0,"action film, adventure film, superhero film, science fiction film",United States,English,9.0,tt1843866
8641,Rogue One: A Star Wars Story,2016,13+,85/100,0,0,0,1,0,"space opera, fantasy film, action film, science fiction film",United States,English,8.0,tt3748528
8642,Guardians of the Galaxy Vol. 2,2017,13+,85/100,0,0,0,1,0,"adventure film, science fiction film, comedy film",United States,English,8.0,tt3896198
8643,Zootopia,2016,7+,85/100,0,0,0,1,0,"comedy film, adventure film, buddy cop film, family film",United States,English,7.0,tt26443597
8644,Ratatouille,2007,all,85/100,0,0,0,1,0,,,,,
8645,Doctor Strange,2016,13+,85/100,0,0,0,1,0,"superhero film, action film, adventure film, fantasy film",United States,English,9.0,tt1211837
8646,X-Men: Days of Future Past,2014,13+,85/100,0,0,0,1,0,"action film, superhero film, dystopian film, thriller film","United States, United Kingdom","English, Vietnamese",7.9,tt1877832
8647,Black Panther,2018,13+,84/100,0,0,0,1,0,"superhero film, action film, adventure film, science fiction film",United States,American English,8.0,tt1825683
8648,Avengers: Age of Ultron,2015,13+,84/100,0,0,0,1,0,"science fiction film, superhero film",United States,English,7.0,tt2395427
8649,The Princess Bride,1987,7+,84/100,0,0,0,1,0,"romantic comedy film, fantasy film, pirate film, swashbuckler film","United States, Australia",English,9.0,tt0093779
8650,Big Hero 6,2014,7+,84/100,0,0,0,1,0,,,,,
8651,Toy Story 2,1999,all,84/100,0,0,0,1,0,,,,,
8652,Aladdin,1992,all,84/100,0,0,0,1,0,"romance film, adventure film, musical film, fantasy film",United States,English,8.0,tt6139732
8653,Ant-Man,2015,13+,84/100,0,0,0,1,0,"action film, science fiction film, superhero film, adventure film",United States,English,9.0,tt0478970
8654,Moana,2016,7+,83/100,0,0,0,1,0,,,,,
8655,Hidden Figures,2016,7+,83/100,0,0,0,1,0,"biographical film, drama film",United States,English,8.0,tt4846340
8656,Frozen,2013,7+,83/100,0,0,0,1,0,,,,,
8657,Star Wars: Episode III - Revenge of the Sith,2005,13+,83/100,0,0,0,1,0,"science fiction film, action film, adventure film, fantasy film",United States,English,9.0,tt0121766
8658,Wreck-It Ralph,2012,7+,83/100,0,0,0,1,0,"fantasy film, comedy film, crossover fiction, comedy drama",United States,English,9.0,tt1772341
8659,Incredibles 2,2018,7+,83/100,0,0,0,1,0,,,,,
8660,Tangled,2010,7+,83/100,0,0,0,1,0,"comedy film, romance film",United States,,10.0,tt15173232
8661,Iron Man 3,2013,13+,83/100,0,0,0,1,0,"science fiction film, superhero film, action film, adventure film",United States,English,8.0,tt1300854
8662,The Nightmare Before Christmas,1993,7+,83/100,0,0,0,1,0,,,,,
8663,Luca,2021,7+,82/100,0,0,0,1,0,,,,,
8664,Home Alone,1990,7+,82/100,0,0,0,1,0,"comedy film, family film, adventure film, Christmas film",United States,English,7.0,tt0099785
8665,Captain America: The First Avenger,2011,13+,82/100,0,0,0,1,0,"action film, science fiction film, superhero film, war film",United States,English,7.0,tt0458339
8666,Thor,2011,13+,82/100,0,0,0,1,0,"action film, fantasy film, adventure film, superhero film",United States,English,7.0,tt0800369
8667,X2,2003,13+,82/100,0,0,0,1,0,"action film, superhero film, speculative fiction film, science fiction film",United States,English,7.4,tt0290334
8668,Iron Man 2,2010,13+,82/100,0,0,0,1,0,"action film, science fiction film, adventure film, superhero film",United States,"English, Russian",7.0,tt1228705
8669,The Greatest Showman,2017,7+,82/100,0,0,0,1,0,"biographical film, drama film, musical film, romance film",United States,English,7.5,tt1485796
8670,Pirates of the Caribbean: Dead Man's Chest,2006,13+,82/100,0,0,0,1,0,"fantasy film, swashbuckler film, treasure hunt film, comedy film",United States,English,9.0,tt0383574
8671,Toy Story 4,2019,all,82/100,0,0,0,1,0,,,,,
8672,Star Wars: The Last Jedi,2017,13+,82/100,0,0,0,1,0,"science fiction film, space opera, adventure film, action film",United States,English,3.0,tt2527336
8673,Tinker Bell and the Lost Treasure,2009,all,81/100,0,0,0,1,0,,,,,
8674,Hamilton,2020,13+,81/100,0,0,0,1,0,,,,,
8675,Captain Marvel,2019,13+,81/100,0,0,0,1,0,"superhero film, science fiction film, action film, adventure film",United States,English,5.0,tt4154664
8676,Thor: The Dark World,2013,13+,81/100,0,0,0,1,0,"action film, fantasy film, science fiction film, superhero film",United States,English,6.7,tt1981115
8677,Raya and the Last Dragon,2021,7+,81/100,0,0,0,1,0,,,,,
8678,Ant-Man and the Wasp,2018,13+,81/100,0,0,0,1,0,"superhero film, action film, science fiction film, adventure film",United States,English,7.0,tt5095030
8679,Fantastic Mr. Fox,2009,7+,81/100,0,0,0,1,0,,,,,
8680,Finding Dory,2016,7+,81/100,0,0,0,1,0,,,,,
8681,Mulan,1998,all,81/100,0,0,0,1,0,"adventure film, drama film, action film, war film",United States,English,5.0,tt4566758
8682,Pirates of the Caribbean: At World's End,2007,13+,81/100,0,0,0,1,0,"fantasy film, comedy drama, swashbuckler film, comedy film",United States,English,8.0,tt0449088
8683,Cars,2006,all,81/100,0,0,0,1,0,,,,,
8684,X-Men: Apocalypse,2016,13+,80/100,0,0,0,1,0,"science fiction film, science fiction action film, superhero film, fantasy film",United States,"English, Russian, German",7.0,tt3385516
8685,Monsters University,2013,all,80/100,0,0,0,1,0,"comedy film, fantasy film, monster film, children's film",United States,English,7.2,tt1453405
8686,Brave,2012,7+,80/100,0,0,0,1,0,,,,,
8687,Onward,2020,7+,80/100,0,0,0,1,0,fantasy film,United States,English,9.0,tt7146812
8688,The Sound of Music,1965,all,80/100,0,0,0,1,0,"musical film, biographical film, film based on book, drama film",United States,English,10.0,tt0059742
8689,Isle of Dogs,2018,13+,80/100,0,0,0,1,0,,,,,
8690,Who Framed Roger Rabbit,1988,7+,80/100,0,0,0,1,0,"neo-noir, buddy film, crossover fiction, fantasy film",United States,English,10.0,tt0096438
8691,The Sandlot,1993,7+,79/100,0,0,0,1,0,"coming-of-age fiction, comedy film",United States,English,8.0,tt0108037
8692,Solo: A Star Wars Story,2018,13+,79/100,0,0,0,1,0,"speculative fiction film, science fiction film, space Western, action film",United States,English,8.0,tt3778644
8693,A Bug's Life,1998,all,79/100,0,0,0,1,0,,,,,
8694,Star Wars: Episode I - The Phantom Menace,1999,7+,79/100,0,0,0,1,0,"science fiction film, action film, adventure film, fantasy film",United States,English,6.5,tt0120915
8695,Remember the Titans,2000,7+,79/100,0,0,0,1,0,"drama film, biographical film, American football film",United States,English,10.0,tt0210945
8696,Ralph Breaks the Internet,2018,7+,79/100,0,0,0,1,0,,,,,
8697,Black Is King,2020,16+,79/100,0,0,0,1,0,,United States,English,3.0,tt12607910
8698,Lilo & Stitch,2002,7+,79/100,0,0,0,1,0,"science fiction film, comedy film, fantasy film, comedy drama",United States,"English, Hawaiian",6.0,tt11655566
8699,The Emperor's New Groove,2000,all,78/100,0,0,0,1,0,,,,,
8700,Star Wars: The Rise of Skywalker,2019,13+,78/100,0,0,0,1,0,"space opera, fantasy film, action film, adventure film",United States,English,5.0,tt2527338
8701,Star Wars: Episode II - Attack of the Clones,2002,7+,78/100,0,0,0,1,0,"science fiction film, action film, adventure film, fantasy film",United States,English,8.0,tt0121765
8702,The Simpsons Movie,2007,13+,78/100,0,0,0,1,0,,,,,
8703,Frozen II,2019,7+,78/100,0,0,0,1,0,,,,,
8704,"The Chronicles of Narnia: The Lion, the Witch and the Wardrobe",2005,7+,78/100,0,0,0,1,0,"fantasy film, action film, Christmas film, film based on a novel","United Kingdom, United States",English,7.0,tt0363771
8705,X-Men: The Last Stand,2006,13+,78/100,0,0,0,1,0,"action film, science fiction film, superhero film, fantasy film","United States, United Kingdom, Canada",English,7.0,tt0376994
8706,Snow White and the Seven Dwarfs,1937,all,78/100,0,0,0,1,0,fantasy film,Germany,German,7.0,tt0048591
8707,X-Men Origins: Wolverine,2009,13+,78/100,0,0,0,1,0,"action film, superhero film, science fiction film","United States, United Kingdom",English,7.0,tt0458525
8708,Sanjay's Super Team,2015,7+,78/100,0,0,0,1,0,"documentary film, family film, superhero film",United States,English,10.0,tt4661600
8709,Pirates of the Caribbean: Dead Men Tell No Tales,2017,13+,78/100,0,0,0,1,0,"treasure hunt film, fantasy film, swashbuckler film, pirate film",United States,English,7.0,tt1790809
8710,Home Alone 2: Lost in New York,1992,7+,77/100,0,0,0,1,0,"comedy film, Christmas film, family film, mystery film",United States,English,8.0,tt0104431
8711,The Color of Friendship,2000,7+,77/100,0,0,0,1,0,,,,,
8712,Free Solo,2018,13+,77/100,0,0,0,1,0,documentary film,United States,English,10.0,tt7775622
8713,The Princess and the Frog,2009,all,77/100,0,0,0,1,0,,,,,
8714,Alice in Wonderland,1951,all,77/100,0,0,0,1,0,"pornographic parody film, pornographic film, fantasy film, erotic film",United States,English,7.0,tt0074113
8715,Rio,2011,all,77/100,0,0,0,1,0,,,,,
8716,Saving Mr. Banks,2013,13+,77/100,0,0,0,1,0,"biographical film, drama film, flashback film","United Kingdom, Australia, United States",English,8.0,tt2140373
8717,Ice Age: Dawn of the Dinosaurs,2009,7+,76/100,0,0,0,1,0,"fantasy film, teen film, flashback film, comedy film",United States,English,9.0,tt1080016
8718,Miss Peregrine's Home for Peculiar Children,2016,13+,76/100,0,0,0,1,0,"adventure film, fantasy film, film based on a novel, time-travel film","United States, United Kingdom",English,7.0,tt1935859
8719,Bolt,2008,7+,76/100,0,0,0,1,0,,,,,
8720,That Darn Cat!,1965,all,76/100,0,0,0,1,0,"comedy film, children's film, film based on a novel",United States,English,7.0,tt0059793
8721,Night at the Museum,2006,7+,76/100,0,0,0,1,0,"fantasy film, action comedy film, film based on a novel","United States, United Kingdom, Canada","English, Italian, Hebrew",6.0,tt0477347
8722,One Hundred and One Dalmatians,1961,all,76/100,0,0,0,1,0,"family film, comedy film, fantasy film",United States,English,8.0,tt0115433
8723,Lady and the Tramp,1955,all,76/100,0,0,0,1,0,"children's film, musical film, romance film",United States,English,6.0,tt8096832
8724,Bambi,1942,all,76/100,0,0,0,1,0,,,,,
8725,Togo,2019,7+,76/100,0,0,0,1,0,,,,,
8726,The Straight Story,1999,all,76/100,0,0,0,1,0,"drama film, biographical film, adventure film, road movie","France, United Kingdom, United States",English,8.0,tt0166896
8727,Peter Pan,1953,all,76/100,0,0,0,1,0,"fantasy film, musical film, traditionally animated film, film based on literature",United States,English,7.0,tt0046183
8728,Cars 3,2017,all,76/100,0,0,0,1,0,"children's film, fantasy film, family film, comedy film",United States,English,8.0,tt3606752
8729,Fantasia,1940,all,76/100,0,0,0,1,0,,,,,
8730,Maleficent: Mistress of Evil,2019,7+,76/100,0,0,0,1,0,"family film, fantasy film, adventure film, action film",United States,English,7.0,tt4777008
8731,Ice Age: The Meltdown,2006,7+,76/100,0,0,0,1,0,"fantasy film, children's film, flashback film, comedy film",United States,English,8.0,tt0438097
8732,Treasure Planet,2002,7+,75/100,0,0,0,1,0,,,,,
8733,Anastasia,1997,all,75/100,0,0,0,1,0,,,,,
8734,Pooh's Heffalump Movie,2005,all,75/100,0,0,0,1,0,,,,,
8735,John Carter,2012,13+,75/100,0,0,0,1,0,,,,,
8736,Willow,1988,7+,75/100,0,0,0,1,0,,,,,
8737,Dumbo,1941,all,75/100,0,0,0,1,0,"fantasy film, family film, adventure film",United States,English,9.0,tt3861390
8738,Sleeping Beauty,1959,all,75/100,0,0,0,1,0,,,,,
8739,We Bought a Zoo,2011,7+,75/100,0,0,0,1,0,"drama film, romantic comedy",United States,English,9.0,tt1389137
8740,Pocahontas,1995,all,75/100,0,0,0,1,0,,,,,
8741,The Good Dinosaur,2015,7+,75/100,0,0,0,1,0,,,,,
8742,The Aristocats,1970,all,75/100,0,0,0,1,0,,,,,
8743,National Treasure: Book of Secrets,2007,7+,75/100,0,0,0,1,0,"thriller film, adventure film, treasure hunt film, action film",United States,English,7.0,tt0465234
8744,Hocus Pocus,1993,7+,75/100,0,0,0,1,0,"comedy horror film, horror film, fantasy film, comedy film",United States,English,7.0,tt0107120
8745,Cool Runnings,1993,7+,75/100,0,0,0,1,0,"comedy film, sport film","United States, Canada",English,7.0,tt0106611
8746,Christopher Robin,2018,7+,75/100,0,0,0,1,0,"drama film, adventure film, comedy film, family film","United States, United Kingdom",English,9.0,tt4575576
8747,Stargirl,2020,7+,74/100,0,0,0,1,0,romance film,United States,English,5.0,tt4858674
8748,Eddie the Eagle,2016,13+,74/100,0,0,0,1,0,"biographical sports film, comedy drama, drama film","United Kingdom, United States, Germany",English,7.0,tt1083452
8749,Atlantis: The Lost Empire,2001,7+,74/100,0,0,0,1,0,,,,,
8750,The Book of Life,2014,7+,74/100,0,0,0,1,0,,,,,
8751,The Parent Trap,1998,7+,74/100,0,0,0,1,0,"comedy of remarriage, comedy drama, romantic comedy, melodrama","United Kingdom, United States",English,6.7,tt0120783
8752,Before the Flood,2016,7+,74/100,0,0,0,1,0,documentary film,United States,English,9.0,tt5929776
8753,Piper,2016,all,74/100,0,0,0,1,0,,,,,
8754,The Fox and the Hound,1981,all,74/100,0,0,0,1,0,,United States,,5.2,tt9893578
8755,Cars 2,2011,all,74/100,0,0,0,1,0,"spy film, action film, buddy film, crime film",United States,English,7.0,tt1216475
8756,Prince of Persia: The Sands of Time,2010,13+,74/100,0,0,0,1,0,"fantasy film, swashbuckler film, action film, time-travel film",United States,English,7.0,tt0473075
8757,The Sword in the Stone,1963,all,74/100,0,0,0,1,0,,,,,
8758,The Chronicles of Narnia: Prince Caspian,2008,7+,74/100,0,0,0,1,0,"fantasy film, action film, film based on a novel, adventure film","United States, United Kingdom, Poland",English,7.0,tt0499448
8759,Tron,1982,7+,74/100,0,0,0,1,0,"action film, science fiction film, adventure film, cyberpunk",United States,English,6.7,tt0084827
8760,Frank and Ollie,1995,7+,73/100,0,0,0,1,0,"biographical film, documentary film",United States,English,8.0,tt0113104
8761,Holes,2003,7+,73/100,0,0,0,1,0,"comedy drama, mystery film, comedy film, Western film",United States,English,10.0,tt0311289
8762,Meet the Robinsons,2007,all,73/100,0,0,0,1,0,,,,,
8763,The Princess Diaries,2001,all,73/100,0,0,0,1,0,"romantic comedy, comedy drama, teen film, children's film",United States,English,6.0,tt0247638
8764,Horton Hears a Who!,2008,all,73/100,0,0,0,1,0,,,,,
8765,Alice Through the Looking Glass,2016,7+,73/100,0,0,0,1,0,"fantasy film, cinematic fairy tale",United States,English,7.0,tt2567026
8766,Night at the Museum: Battle of the Smithsonian,2009,7+,73/100,0,0,0,1,0,"fantasy film, adventure film, slapstick, action film","United States, Canada",English,5.0,tt1078912
8767,Brother Bear,2003,all,73/100,0,0,0,1,0,,,,,
8768,Mary Poppins Returns,2018,7+,73/100,0,0,0,1,0,"musical film, film based on a novel, family film","United States, United Kingdom",English,7.0,tt5028340
8769,Timmy Failure: Mistakes Were Made,2020,7+,73/100,0,0,0,1,0,"fantasy film, comedy film",United States,"English, Spanish",6.0,tt6820324
8770,The Muppet Christmas Carol,1992,all,72/100,0,0,0,1,0,"musical film, children's film, comedy film, Christmas film",United States,English,7.8,tt0104940
8771,Presto,2008,all,72/100,0,0,0,1,0,,,,,
8772,Ferdinand,2017,7+,72/100,0,0,0,1,0,,,,,
8773,Miracle,2004,7+,72/100,0,0,0,1,0,comedy drama,Turkey,Turkish,10.0,tt3138782
8774,The Finest Hours,2016,13+,72/100,0,0,0,1,0,"disaster film, drama film, historical film, film based on book",United States,English,7.0,tt2025690
8775,"Honey, I Shrunk the Kids",1989,7+,72/100,0,0,0,1,0,"science fiction comedy, science fiction film, comedy film",United States,English,8.0,tt0097523
8776,The Santa Clause,1994,7+,72/100,0,0,0,1,0,"fantasy film, comedy film, Christmas film",United States,English,8.0,tt0111070
8777,Percy Jackson & the Olympians: The Lightning Thief,2010,7+,72/100,0,0,0,1,0,"fantasy film, teen film, adventure film, action film","United States, Canada",English,8.0,tt0814255
8778,The Peanuts Movie,2015,all,72/100,0,0,0,1,0,,,,,
8779,Frankenweenie,2012,7+,72/100,0,0,0,1,0,"monster film, fantasy film, children's film, comedy film",United States,English,7.0,tt1142977
8780,The Chronicles of Narnia: The Voyage of the Dawn Treader,2010,7+,72/100,0,0,0,1,0,"fantasy film, action film, film based on a novel","United Kingdom, United States",English,6.3,tt0980970
8781,Geri's Game,1997,all,72/100,0,0,0,1,0,,,,,
8782,Into the Woods,2014,7+,72/100,0,0,0,1,0,"fantasy film, musical film",United States,English,4.0,tt2180411
8783,Piglet's Big Movie,2003,all,72/100,0,0,0,1,0,,,,,
8784,Pete's Dragon,2016,7+,72/100,0,0,0,1,0,"fantasy film, adventure film, family film, drama film",United States,English,7.0,tt2788732
8785,Freaky Friday,2003,7+,71/100,0,0,0,1,0,"comedy film, fantasy film, film based on a novel, romantic comedy",United States,English,7.0,tt0322330
8786,Fantastic Four: Rise of the Silver Surfer,2007,13+,71/100,0,0,0,1,0,"action film, science fiction film, superhero film, fantasy film","United States, United Kingdom, Germany",English,7.0,tt0486576
8787,Sister Act,1992,7+,71/100,0,0,0,1,0,"musical film, comedy film",United States,English,9.0,tt0105417
8788,The Sorcerer's Apprentice,2010,7+,71/100,0,0,0,1,0,"fantasy film, adventure film, action film, comedy film",United States,English,6.1,tt0963966
8789,EverAfter,1998,13+,71/100,0,0,0,1,0,,,,,
8790,A Goofy Movie,1995,all,71/100,0,0,0,1,0,,,,,
8791,Bend It Like Beckham,2002,13+,71/100,0,0,0,1,0,"romantic comedy, female buddy film, comedy drama, teen film","United Kingdom, Germany, United States","English, Hindi, Punjabi",7.0,tt0286499
8792,Lifted,2006,all,71/100,0,0,0,1,0,,,,,
8793,Big Business,1988,7+,71/100,0,0,0,1,0,"female buddy film, comedy film",United States,English,7.0,tt0094739
8794,Roving Mars,2006,7+,71/100,0,0,0,1,0,documentary film,United States,English,9.0,tt0436595
8795,The Lion King II: Simba's Pride,1998,all,71/100,0,0,0,1,0,,,,,
8796,La luna,2012,all,71/100,0,0,0,1,0,drama film,Italy,"Italian, English",8.0,tt0079495
8797,The Muppet Movie,1979,all,71/100,0,0,0,1,0,"musical film, comedy film","United States, United Kingdom",English,9.0,tt0079588
8798,Percy Jackson: Sea of Monsters,2013,7+,70/100,0,0,0,1,0,"fantasy film, teen film, action film, film based on a novel",United States,English,7.0,tt1854564
8799,The Rescuers,1977,all,70/100,0,0,0,1,0,,,,8.0,tt1346308
8800,Partly Cloudy,2009,all,70/100,0,0,0,1,0,"comedy film, fantasy film, family film",United States,English,8.0,tt1425244
8801,Iron Will,1994,7+,70/100,0,0,0,1,0,adventure film,United States,English,6.6,tt0110157
8802,Eight Below,2006,7+,70/100,0,0,0,1,0,"adventure film, drama film",United States,English,10.0,tt0397313
8803,Homeward Bound: The Incredible Journey,1993,all,70/100,0,0,0,1,0,"adventure film, film based on a novel",United States,English,7.0,tt0107131
8804,James and the Giant Peach,1996,7+,70/100,0,0,0,1,0,"fantasy film, musical film, children's film, film based on a novel","United Kingdom, United States",English,8.0,tt0116683
8805,Adventures in Babysitting,1987,13+,70/100,0,0,0,1,0,"teen film, comedy film, action film",United States,English,7.0,tt0092513
8806,The Great Mouse Detective,1986,all,70/100,0,0,0,1,0,,,,,
8807,Day & Night,2010,all,70/100,0,0,0,1,0,,,,,
8808,Flight of the Navigator,1986,7+,70/100,0,0,0,1,0,"science fiction film, fantasy film, children's film, time-travel film","United States, Norway",English,6.9,tt0091059
8809,The Mighty Ducks,1992,7+,70/100,0,0,0,1,0,"comedy drama, comedy film",United States,English,6.6,tt0104868
8810,BURN·E,2008,all,70/100,0,0,0,1,0,,,,,
8811,The Lion King 1½,2004,all,70/100,0,0,0,1,0,,,,,
8812,Mickey's Christmas Carol,1983,all,70/100,0,0,0,1,0,,,,,
8813,Bedtime Stories,2008,7+,69/100,0,0,0,1,0,"comedy film, fantasy film, children's film",United States,English,6.0,tt0960731
8814,The Last Song,2010,7+,69/100,0,0,0,1,0,"romance film, teen film, coming-of-age fiction, drama film",United States,English,5.0,tt1294226
8815,Ice Age: Collision Course,2016,all,69/100,0,0,0,1,0,"science fiction film, comedy film, adventure film, family film",United States,English,3.0,tt3416828
8816,Mr. Holland's Opus,1995,7+,69/100,0,0,0,1,0,"drama film, musical film",United States,English,7.0,tt0113862
8817,Secretariat,2010,7+,69/100,0,0,0,1,0,"biographical film, sport film, drama film",United States,English,10.0,tt1028576
8818,Fantasia 2000,1999,all,69/100,0,0,0,1,0,,,,,
8819,Oliver & Company,1988,all,69/100,0,0,0,1,0,,,,,
8820,Melody Time,1948,,69/100,0,0,0,1,0,"children's film, live-action/animated film, musical film",United States,English,6.0,tt0040580
8821,Newsies: The Broadway Musical,2017,7+,69/100,0,0,0,1,0,musical film,United States,English,8.0,tt6346162
8822,Bao,2018,all,69/100,0,0,0,1,0,,,,,
8823,Splash,1984,7+,69/100,0,0,0,1,0,"romantic comedy, comedy drama, fantasy film",United States,English,7.0,tt0088161
8824,"20,000 Leagues Under the Sea",1954,all,69/100,0,0,0,1,0,"science fiction film, submarine film, film based on a novel, drama film",United States,English,8.0,tt0046672
8825,Dinosaur,2000,7+,69/100,0,0,0,1,0,adventure film,United States,English,6.4,tt0130623
8826,Cheaper by the Dozen,2003,7+,69/100,0,0,0,1,0,"comedy film, children's film, film based on literature",United States,English,5.9,tt0349205
8827,The Rescuers Down Under,1990,all,69/100,0,0,0,1,0,,,,,
8828,Chicken Little,2005,all,68/100,0,0,0,1,0,"disaster film, comedy film, coming-of-age film, children's film",United States,English,7.0,tt0371606
8829,The Princess Diaries 2: Royal Engagement,2004,all,68/100,0,0,0,1,0,"teen film, comedy film, romantic comedy",United States,English,7.0,tt0368933
8830,101 Dalmatians II: Patch's London Adventure,2003,all,68/100,0,0,0,1,0,,,,,
8831,High School Musical,2006,all,68/100,0,0,0,1,0,"romantic comedy, musical film, teen film, drama film",United States,English,4.0,tt0962726
8832,Descendants,2015,all,68/100,0,0,0,1,0,,Germany,English,7.0,tt1279936
8833,Winnie the Pooh,2011,all,68/100,0,0,0,1,0,,,,,
8834,The Greatest Game Ever Played,2005,7+,68/100,0,0,0,1,0,"sport film, drama film, biographical film",United States,English,9.0,tt0388980
8835,Lava,2014,all,68/100,0,0,0,1,0,,,,,
8836,Bedknobs and Broomsticks,1971,all,68/100,0,0,0,1,0,"fantasy film, musical film, adventure film, children's film","United Kingdom, United States",English,7.1,tt0066817
8837,Queen of Katwe,2016,7+,68/100,0,0,0,1,0,"biographical film, drama film, sport film, film based on literature",United States,English,9.0,tt4341582
8838,The Game Plan,2007,7+,68/100,0,0,0,1,0,"children's film, comedy film, American football film",United States,English,8.0,tt0492956
8839,Glory Road,2006,7+,68/100,0,0,0,1,0,drama film,United States,English,10.0,tt0385726
8840,D2: The Mighty Ducks,1994,7+,68/100,0,0,0,1,0,"comedy drama, comedy film",United States,"Icelandic, English",7.0,tt0109520
8841,The Cat from Outer Space,1978,all,68/100,0,0,0,1,0,"science fiction film, science fiction comedy, children's film, comedy film",United States,English,6.0,tt0077305
8842,Toy Story of Terror!,2013,all,68/100,0,0,0,1,0,,,,,
8843,DuckTales: The Movie - Treasure of the Lost Lamp,1990,all,68/100,0,0,0,1,0,,,,,
8844,"Alexander and the Terrible, Horrible, No Good, Very Bad Day",2014,7+,67/100,0,0,0,1,0,"comedy film, children's film, film adaptation",United States,English,7.0,tt1698641
8845,The Odd Life of Timothy Green,2012,7+,67/100,0,0,0,1,0,"fantasy film, drama film, comedy drama",United States,English,7.0,tt1462769
8846,Jack-Jack Attack,2005,all,67/100,0,0,0,1,0,,,,,
8847,The Three Musketeers,1993,7+,67/100,0,0,0,1,0,"swashbuckler film, adventure film, action film, comedy film","Austria, United States, United Kingdom",English,6.0,tt0108333
8848,Aladdin and the King of Thieves,1996,all,67/100,0,0,0,1,0,,,,,
8849,Descendants 3,2019,all,67/100,0,0,0,1,0,"musical film, action film, teen film",United States,English,6.0,tt8022928
8850,Secret of the Wings,2012,all,67/100,0,0,0,1,0,,,,,
8851,The Pacifier,2005,7+,67/100,0,0,0,1,0,"comedy film, action film, drama film","United States, Canada",English,6.0,tt0395699
8852,The One and Only Ivan,2020,7+,67/100,0,0,0,1,0,"fantasy film, live-action/animated film",United States,English,6.0,tt3661394
8853,Toy Story That Time Forgot,2014,all,67/100,0,0,0,1,0,,,,,
8854,Muppet Treasure Island,1996,all,67/100,0,0,0,1,0,"musical film, children's film, comedy film, film based on literature",United States,English,8.0,tt0117110
8855,Gnomeo & Juliet,2011,all,67/100,0,0,0,1,0,"romantic comedy, musical film, fantasy film, children's film","United Kingdom, United States",English,7.0,tt0377981
8856,Tinker Bell,2008,all,67/100,0,0,0,1,0,,,,,
8857,Return to Oz,1985,7+,66/100,0,0,0,1,0,"fantasy film, children's film, film based on a novel","United States, United Kingdom",English,7.0,tt0089908
8858,The Santa Clause 2,2002,all,66/100,0,0,0,1,0,"romantic comedy, fantasy film, children's film, Christmas film",United States,English,6.0,tt0304669
8859,The Black Cauldron,1985,7+,66/100,0,0,0,1,0,,,,,
8860,Tinker Bell and the Legend of the NeverBeast,2014,all,66/100,0,0,0,1,0,,,,,
8861,The Big Year,2011,7+,66/100,0,0,0,1,0,"comedy film, film based on a novel",United States,English,7.0,tt1053810
8862,Around the World in 80 Days,2004,7+,66/100,0,0,0,1,0,"children's film, adventure film, comedy film, film based on a novel","Germany, United States, Ireland","English, German",8.0,tt0327437
8863,Herbie Goes to Monte Carlo,1977,all,66/100,0,0,0,1,0,"children's film, comedy film, action film",United States,English,5.7,tt0076137
8864,3 Men and a Baby,1987,7+,66/100,0,0,0,1,0,"buddy film, comedy film",United States,English,7.0,tt0094137
8865,Lemonade Mouth,2011,all,66/100,0,0,0,1,0,,,,,
8866,Tinker Bell and the Pirate Fairy,2014,all,66/100,0,0,0,1,0,,,,,
8867,One Man Band,2005,all,66/100,0,0,0,1,0,,,,,
8868,Flubber,1997,7+,66/100,0,0,0,1,0,"comedy film, science fiction film, fantasy film",United States,English,5.3,tt0119137
8869,Newsies,1992,7+,66/100,0,0,0,1,0,"musical film, children's film, historical drama",United States,English,9.0,tt0104990
8870,"Hello, Dolly!",1969,all,66/100,0,0,0,1,0,"romantic comedy, musical film",United States,English,9.0,tt0064418
8871,Halloweentown,1998,all,66/100,0,0,0,1,0,,,,,
8872,Sister Act 2: Back in the Habit,1993,7+,66/100,0,0,0,1,0,"musical film, comedy film",United States,English,5.7,tt0108147
8873,Jack,1996,13+,66/100,0,0,0,1,0,,,,,
8874,Race to Witch Mountain,2009,7+,66/100,0,0,0,1,0,"science fiction film, mystery film, children's film, adventure film",United States,English,7.0,tt1075417
8875,Diary of a Wimpy Kid: Rodrick Rules,2011,7+,66/100,0,0,0,1,0,"comedy film, family film, film based on a novel",United States,English,8.0,tt1650043
8876,Maggie Simpson in The Longest Daycare,2012,7+,66/100,0,0,0,1,0,,,,,
8877,Knick Knack,1989,all,66/100,0,0,0,1,0,"comedy film, family film",United States,English,8.0,tt0097674
8878,Planes,2013,7+,66/100,0,0,0,1,0,"comedy film, children's film, action film, adventure film",United States,English,4.0,tt1691917
8879,George of the Jungle,1997,7+,66/100,0,0,0,1,0,"comedy film, action film",United States,English,5.6,tt0119190
8880,Descendants 2,2017,all,66/100,0,0,0,1,0,,,,,
8881,The Adventures of Ichabod and Mr. Toad,1949,7+,65/100,0,0,0,1,0,,,,,
8882,Heavyweights,1995,7+,65/100,0,0,0,1,0,"comedy drama, children's film, comedy film",United States,English,8.0,tt0110006
8883,Destino,2003,7+,65/100,0,0,0,1,0,,,,,
8884,The Great Muppet Caper,1981,all,65/100,0,0,0,1,0,"musical film, heist film, mystery film, comedy film","United Kingdom, United States",English,8.0,tt0082474
8885,Cheaper by the Dozen 2,2005,7+,65/100,0,0,0,1,0,comedy film,United States,English,6.0,tt0452598
8886,You Again,2010,7+,65/100,0,0,0,1,0,"comedy film, romantic comedy",United States,English,6.0,tt1414382
8887,Lou,2017,all,65/100,0,0,0,1,0,,,,,
8888,Mike's New Car,2002,all,65/100,0,0,0,1,0,,,,,
8889,Oklahoma!,1955,all,65/100,0,0,0,1,0,musical film,United States,English,7.0,tt0048445
8890,Baby's Day Out,1994,7+,65/100,0,0,0,1,0,"comedy film, family film",United States,English,8.0,tt0109190
8891,Mulan II,2004,all,65/100,0,0,0,1,0,,,,,
8892,High School Musical 2,2007,all,65/100,0,0,0,1,0,,,,,
8893,Riley's First Date?,2015,all,65/100,0,0,0,1,0,,,,,
8894,Mickey's Once Upon a Christmas,1999,all,65/100,0,0,0,1,0,,,,,
8895,Old Yeller,1957,all,65/100,0,0,0,1,0,"coming-of-age fiction, drama film, children's film, film based on literature",United States,English,10.0,tt0050798
8896,Recess: Taking the Fifth Grade,2003,all,65/100,0,0,0,1,0,"children's film, Christmas film",United States,English,6.0,tt0382937
8897,Lilo & Stitch 2: Stitch Has a Glitch,2005,7+,65/100,0,0,0,1,0,,,,,
8898,The Nutcracker and the Four Realms,2018,7+,65/100,0,0,0,1,0,"fantasy film, drama film, Christmas film, mystery film",United States,English,7.0,tt5523010
8899,Phineas and Ferb: The Movie: Across the 2nd Dimension,2011,all,65/100,0,0,0,1,0,,,,,
8900,22 vs. Earth,2021,all,64/100,0,0,0,1,0,,,,,
8901,The Kid Who Would Be King,2019,7+,64/100,0,0,0,1,0,"fantasy film, adventure film",United Kingdom,English,9.0,tt6811018
8902,The Return of Jafar,1994,all,64/100,0,0,0,1,0,,,,,
8903,"The Simpsons: The Good, the Bart, and the Loki",2021,7+,64/100,0,0,0,1,0,,,,,
8904,Journey to the Center of the Earth,1959,all,64/100,0,0,0,1,0,"science fiction film, fantasy film, film based on a novel, adventure film",United States,English,7.0,tt0052948
8905,Marvel Rising: Secret Warriors,2018,,64/100,0,0,0,1,0,"pop music, action film, speculative fiction film, animated film with LGBT character(s)",United States,English,4.0,tt7728344
8906,Luxo Jr.,1986,all,64/100,0,0,0,1,0,,,,,
8907,One Magic Christmas,1985,all,64/100,0,0,0,1,0,"fantasy film, children's film, drama film, Christmas film","Canada, United States",English,8.0,tt0089731
8908,Tinker Bell and the Great Fairy Rescue,2010,all,64/100,0,0,0,1,0,,,,,
8909,Kitbull,2019,7+,64/100,0,0,0,1,0,,,,,
8910,Steamboat Willie,1928,all,64/100,0,0,0,1,0,,,,,
8911,The Lizzie McGuire Movie,2003,7+,64/100,0,0,0,1,0,"romantic comedy, musical film, teen film","United States, Italy",English,5.6,tt0306841
8912,Tuck Everlasting,2002,7+,64/100,0,0,0,1,0,"fantasy film, drama film, romance film, film based on a novel",United States,English,7.0,tt0283084
8913,Red Tails,2012,13+,64/100,0,0,0,1,0,"war film, drama film",United States,English,6.0,tt0485985
8914,Folklore: The Long Pond Studio Sessions,2020,7+,64/100,0,0,0,1,0,,,,,
8915,Us Again,2021,all,64/100,0,0,0,1,0,,,,,
8916,The Haunted Mansion,2003,7+,64/100,0,0,0,1,0,"fantasy film, children's film, comedy film, mystery film",United States,English,6.0,tt0338094
8917,Ice Princess,2005,all,64/100,0,0,0,1,0,"romantic comedy, comedy drama, teen film, sport film",United States,English,6.1,tt0396652
8918,High School Musical 3: Senior Year,2008,all,64/100,0,0,0,1,0,"romantic comedy, musical film, teen film, drama film",United States,English,4.0,tt0962726
8919,Jane,2017,7+,64/100,0,0,0,1,0,,,,,
8920,Boundin',2003,all,64/100,0,0,0,1,0,,,,,
8921,Oceans,2010,all,64/100,0,0,0,1,0,,,,,
8922,Hawaiian Vacation,2011,all,64/100,0,0,0,1,0,,,,,
8923,The Three Caballeros,1944,all,64/100,0,0,0,1,0,"musical film, children's film, fantasy film, family film",United States,English,7.0,tt0038166
8924,Mars Needs Moms,2011,7+,63/100,0,0,0,1,0,science fiction film,United States,English,5.4,tt1305591
8925,Prep & Landing,2009,all,63/100,0,0,0,1,0,Christmas film,United States,English,6.0,tt2069885
8926,The Tigger Movie,2000,all,63/100,0,0,0,1,0,,,,,
8927,Princess Protection Program,2009,all,63/100,0,0,0,1,0,,,,,
8928,Pollyanna,1960,all,63/100,0,0,0,1,0,"children's film, comedy drama, comedy film, drama film",United States,English,9.0,tt0054195
8929,The Little Mermaid: Ariel's Beginning,2008,7+,63/100,0,0,0,1,0,musical film,United States,English,7.0,tt0969647
8930,Small Fry,2011,all,63/100,0,0,0,1,0,,,,,
8931,The Black Hole,1979,7+,63/100,0,0,0,1,0,"action film, science fiction film, adventure film, family film",United States,English,6.0,tt0078869
8932,Bears,2014,all,63/100,0,0,0,1,0,,,,,
8933,Starstruck,2010,all,63/100,0,0,0,1,0,,,,,
8934,The Wizards Return: Alex vs. Alex,2013,7+,63/100,0,0,0,1,0,,,,,
8935,Phineas and Ferb: The Movie: Candace Against the Universe,2020,all,63/100,0,0,0,1,0,,,,,
8936,Godmothered,2020,7+,63/100,0,0,0,1,0,"fantasy comedy film, Christmas film",United States,English,10.0,tt11681250
8937,Inner Workings,2016,all,63/100,0,0,0,1,0,,,,,
8938,Cinderella III: A Twist in Time,2007,all,63/100,0,0,0,1,0,,,,,
8939,Wizards of Waverly Place: The Movie,2009,7+,63/100,0,0,0,1,0,,,,,
8940,Recess: School's Out,2001,all,63/100,0,0,0,1,0,,,,,
8941,Kronk's New Groove,2005,all,63/100,0,0,0,1,0,,,,,
8942,Partysaurus Rex,2012,all,63/100,0,0,0,1,0,,,,,
8943,The Little Mermaid II: Return to the Sea,2000,7+,63/100,0,0,0,1,0,,,,,
8944,The Love Bug,1968,all,63/100,0,0,0,1,0,"comedy film, romantic comedy, fantasy film",United States,English,10.0,tt0064603
8945,Home Alone 3,1997,7+,62/100,0,0,0,1,0,"action film, comedy film, Christmas film, family film",United States,English,6.0,tt0119303
8946,Strange Magic,2015,7+,62/100,0,0,0,1,0,,,,,
8947,Flora & Ulysses,2021,7+,62/100,0,0,0,1,0,"children's film, comedy film, comedy drama, superhero film",United States,American English,6.0,tt8521736
8948,Camp Rock,2008,all,62/100,0,0,0,1,0,,,,,
8949,Brother Bear 2,2006,all,62/100,0,0,0,1,0,,,,,
8950,Wild Hearts Can't Be Broken,1991,all,62/100,0,0,0,1,0,"romance film, drama film, biographical film, film based on book",United States,English,7.2,tt0103262
8951,An Extremely Goofy Movie,2000,all,62/100,0,0,0,1,0,,,,,
8952,Teen Beach Movie,2013,7+,62/100,0,0,0,1,0,,,,,
8953,Howard,2018,7+,62/100,0,0,0,1,0,,,,,
8954,Halloweentown II: Kalabar's Revenge,2001,all,62/100,0,0,0,1,0,,,,,
8955,G-Force,2009,7+,62/100,0,0,0,1,0,"science fiction film, science fiction comedy, teen film, action film",United States,American English,6.0,tt0436339
8956,"Mickey, Donald, Goofy: The Three Musketeers",2004,all,62/100,0,0,0,1,0,,,,,
8957,Annie,1999,all,62/100,0,0,0,1,0,,,,,
8958,Mighty Joe Young,1998,7+,62/100,0,0,0,1,0,"fantasy film, drama film",United States,English,5.7,tt0120751
8959,A Wrinkle in Time,2018,7+,62/100,0,0,0,1,0,"fantasy film, adventure film",United States,English,1.0,tt1620680
8960,Miraculous World: Shanghai – The Legend of Ladydragon,2021,7+,62/100,0,0,0,1,0,,,,,
8961,Three Little Pigs,1933,,62/100,0,0,0,1,0,,,,,
8962,Homeward Bound II: Lost in San Francisco,1996,all,62/100,0,0,0,1,0,"children's film, romantic comedy, adventure film",United States,English,5.9,tt0116552
8963,Home on the Range,2004,7+,62/100,0,0,0,1,0,drama film,United States,English,6.4,tt0026484
8964,Planes: Fire & Rescue,2014,7+,62/100,0,0,0,1,0,"comedy film, children's film",United States,English,7.0,tt2980706
8965,Beauty and the Beast: The Enchanted Christmas,1997,all,62/100,0,0,0,1,0,,,,,
8966,Fun and Fancy Free,1947,all,62/100,0,0,0,1,0,"musical film, children's film, romantic comedy, fantasy film",United States,English,7.0,tt0039404
8967,Olaf's Frozen Adventure,2017,all,62/100,0,0,0,1,0,"Christmas film, musical film, comedy film, adventure film",United States,English,5.7,tt5452780
8968,Geek Charming,2011,7+,62/100,0,0,0,1,0,,,,,
8969,Darby O'Gill and the Little People,1959,all,61/100,0,0,0,1,0,"fantasy film, adventure film, children's film",United States,English,9.0,tt0052722
8970,Garfield,2004,7+,61/100,0,0,0,1,0,"comedy film, buddy film, slapstick",United States,English,5.0,tt0356634
8971,The Santa Clause 3: The Escape Clause,2006,all,61/100,0,0,0,1,0,"fantasy film, comedy film, Christmas film",United States,English,5.0,tt0452681
8972,Because of Winn-Dixie,2005,7+,61/100,0,0,0,1,0,"comedy drama, film based on a novel, drama film",United States,English,6.4,tt0317132
8973,Bambi II,2006,all,61/100,0,0,0,1,0,,,,,
8974,Halloweentown High,2004,all,61/100,0,0,0,1,0,,,,,
8975,The Journey of Natty Gann,1985,7+,61/100,0,0,0,1,0,"children's film, adventure film",United States,English,7.0,tt0089385
8976,Treasure Island,1950,7+,61/100,0,0,0,1,0,"children's film, film based on literature, pirate film",United States,English,9.0,tt0043067
8977,Dug's Special Mission,2009,all,61/100,0,0,0,1,0,,,,,
8978,African Cats,2011,all,61/100,0,0,0,1,0,"nature documentary, documentary film",United States,English,10.0,tt1223236
8979,The Lego Star Wars Holiday Special,2020,all,61/100,0,0,0,1,0,,,,,
8980,Escape to Witch Mountain,1975,all,61/100,0,0,0,1,0,"science fiction film, mystery film, children's film, fantasy film",United States,English,6.3,tt0072951
8981,Marvel Studios: Assembling a Universe,2014,7+,61/100,0,0,0,1,0,,,,,
8982,Monkey Kingdom,2015,all,61/100,0,0,0,1,0,documentary film,United States,English,6.0,tt3660770
8983,Safety,2020,7+,61/100,0,0,0,1,0,,,,,
8984,Hannah Montana: The Movie,2009,all,61/100,0,0,0,1,0,"musical film, teen film, comedy drama, romantic comedy",United States,English,8.0,tt1114677
8985,Lady and the Tramp II: Scamp's Adventure,2001,all,61/100,0,0,0,1,0,,,,,
8986,Maggie Simpson in The Force Awakens from Its Nap,2021,18+,61/100,0,0,0,1,0,,,,,
8987,Mickey's Twice Upon a Christmas,2004,all,61/100,0,0,0,1,0,"comedy film, Christmas film",United States,English,6.4,tt0424279
8988,Flicka,2006,7+,61/100,0,0,0,1,0,"drama film, film based on a novel",United States,English,7.0,tt0434215
8989,D3: The Mighty Ducks,1996,7+,61/100,0,0,0,1,0,"comedy drama, comedy film",United States,English,5.5,tt0116000
8990,Once Upon a Snowman,2020,all,61/100,0,0,0,1,0,,,,,
8991,Return to Never Land,2002,all,61/100,0,0,0,1,0,,,,,
8992,"Honey, I Blew Up the Kid",1992,7+,61/100,0,0,0,1,0,"science fiction comedy, science fiction film, comedy film",United States,English,8.0,tt0104437
8993,Mater and the Ghostlight,2006,all,61/100,0,0,0,1,0,,,,,
8994,The Absent-Minded Professor,1961,all,61/100,0,0,0,1,0,"science fiction film, science fiction comedy, children's film, comedy film",United States,English,6.7,tt0054594
8995,The Wild,2006,all,61/100,0,0,0,1,0,,,,,
8996,Camp Nowhere,1994,7+,61/100,0,0,0,1,0,"children's film, comedy film",United States,English,6.1,tt0109369
8997,"Miraculous World: New York, United HeroeZ",2020,7+,60/100,0,0,0,1,0,,,,,
8998,Secret Society of Second Born Royals,2020,7+,60/100,0,0,0,1,0,action film,United States,English,7.0,tt10324122
8999,Float,2019,7+,60/100,0,0,0,1,0,,,,,
9000,Cadet Kelly,2002,all,60/100,0,0,0,1,0,,,,,
9001,Stitch! The Movie,2003,all,60/100,0,0,0,1,0,,,,,
9002,Artemis Fowl,2020,7+,60/100,0,0,0,1,0,"science fantasy, adventure film, action film, film based on a novel",United States,English,1.0,tt3089630
9003,Camp Rock 2: The Final Jam,2010,7+,60/100,0,0,0,1,0,,,,,
9004,Born in China,2016,all,60/100,0,0,0,1,0,documentary film,"United States, People's Republic of China",English,7.2,tt4629266
9005,Valiant,2005,all,60/100,0,0,0,1,0,,,,,
9006,Cloud 9,2014,all,60/100,0,0,0,1,0,"drama film, romance film",Germany,German,8.0,tt1037228
9007,102 Dalmatians,2000,all,60/100,0,0,0,1,0,"children's film, comedy film, fantasy film",United States,English,4.9,tt0211181
9008,Twitches,2005,7+,60/100,0,0,0,1,0,,,,,
9009,Kim Possible: So the Drama,2005,all,60/100,0,0,0,1,0,,,,,
9010,Jungle 2 Jungle,1997,7+,60/100,0,0,0,1,0,comedy film,United States,English,5.2,tt0119432
9011,Cinderella II: Dreams Come True,2002,all,60/100,0,0,0,1,0,,,,,
9012,Garfield: A Tail of Two Kitties,2006,7+,60/100,0,0,0,1,0,"comedy film, children's film, live-action/animated film",United States,English,6.0,tt0455499
9013,Waking Sleeping Beauty,2009,7+,60/100,0,0,0,1,0,documentary film,United States,English,9.0,tt1159961
9014,Clouds,2020,13+,60/100,0,0,0,1,0,,,,,
9015,Magic Camp,2020,7+,59/100,0,0,0,1,0,"family film, comedy film",United States,English,5.0,tt3979300
9016,Teen Beach 2,2015,all,59/100,0,0,0,1,0,,,,,
9017,3 Men and a Little Lady,1990,7+,59/100,0,0,0,1,0,,,,,
9018,Z-O-M-B-I-E-S,2018,all,59/100,0,0,0,1,0,,,,,
9019,Walking with Dinosaurs,2013,7+,59/100,0,0,0,1,0,"children's film, animated film, pseudo-documentary, live-action/animated film","United Kingdom, United States, Australia",English,5.0,tt1762399
9020,Blank Check,1994,7+,59/100,0,0,0,1,0,"children's film, comedy film",United States,English,5.3,tt0109287
9021,Pooh's Grand Adventure: The Search for Christopher Robin,1997,all,59/100,0,0,0,1,0,,,,,
9022,Auntie Edna,2018,,59/100,0,0,0,1,0,,,,,
9023,Blackbeard's Ghost,1968,all,59/100,0,0,0,1,0,"comedy film, fantasy film, children's film, pirate film",United States,English,8.0,tt0062737
9024,Your Friend the Rat,2007,all,59/100,0,0,0,1,0,,,,,
9025,Zenon: Girl of the 21st Century,1999,all,59/100,0,0,0,1,0,,,,,
9026,Tin Toy,1988,all,59/100,0,0,0,1,0,,,,,
9027,Atlantis: Milo's Return,2003,all,59/100,0,0,0,1,0,,,,,
9028,Pocahontas II: Journey to a New World,1998,all,59/100,0,0,0,1,0,,,,,
9029,Let It Shine,2012,all,59/100,0,0,0,1,0,,,,,
9030,Tangled: Before Ever After,2017,all,59/100,0,0,0,1,0,,,,,
9031,Ice Age: The Great Egg-Scapade,2016,7+,59/100,0,0,0,1,0,comedy film,United States,English,6.0,tt5480340
9032,Chimpanzee,2012,all,59/100,0,0,0,1,0,"nature documentary, documentary film",United States,English,7.0,tt1222815
9033,The Apple Dumpling Gang,1975,all,59/100,0,0,0,1,0,"comedy film, Western film, children's film",United States,English,10.0,tt0072653
9034,The Reluctant Dragon,1941,all,59/100,0,0,0,1,0,anthology film,United States,English,7.0,tt0034091
9035,Avalon High,2011,all,59/100,0,0,0,1,0,,,,,
9036,Saludos Amigos,1942,,59/100,0,0,0,1,0,"musical film, fantasy film, live-action/animated film, documentary film",United States,English,6.0,tt0036326
9037,The Band Concert,1935,,59/100,0,0,0,1,0,,,,,
9038,Leroy & Stitch,2006,all,58/100,0,0,0,1,0,,,,,
9039,12 Dates of Christmas,2011,7+,58/100,0,0,0,1,0,,,,,
9040,Don't Look Under the Bed,1999,7+,58/100,0,0,0,1,0,,,,,
9041,Phineas and Ferb: Star Wars,2014,all,58/100,0,0,0,1,0,,,,,
9042,The Happiest Millionaire,1967,all,58/100,0,0,0,1,0,"musical film, children's film, biographical film",United States,English,8.0,tt0061749
9043,"Good Luck Charlie, It's Christmas!",2011,all,58/100,0,0,0,1,0,,,,,
9044,I'll Be Home for Christmas,1998,7+,58/100,0,0,0,1,0,"comedy film, Christmas film",United States,English,5.6,tt0155753
9045,"Honey, We Shrunk Ourselves",1997,7+,58/100,0,0,0,1,0,"science fiction film, comedy film",United States,English,4.0,tt0119310
9046,Mickey's Trailer,1938,,58/100,0,0,0,1,0,,,,,
9047,The Luck of the Irish,2001,all,58/100,0,0,0,1,0,"film based on literature, romantic comedy, fantasy film",United States,English,7.0,tt0040553
9048,Return to Halloweentown,2006,all,58/100,0,0,0,1,0,,,,,
9049,Candleshoe,1977,7+,58/100,0,0,0,1,0,"heist film, children's film, comedy film, film based on a novel","United States, United Kingdom",English,6.7,tt0075807
9050,Everyone's Hero,2006,all,58/100,0,0,0,1,0,,,,,
9051,Brink!,1998,all,58/100,0,0,0,1,0,,,,,
9052,Burrow,2020,all,58/100,0,0,0,1,0,,,,,
9053,Invisible Sister,2015,all,58/100,0,0,0,1,0,,,,,
9054,Smart House,1999,all,58/100,0,0,0,1,0,,,,,
9055,The Shaggy Dog,1959,all,58/100,0,0,0,1,0,"fantasy film, children's film, comedy film",United States,English,6.4,tt0053271
9056,Purl,2019,7+,58/100,0,0,0,1,0,,,,,
9057,Black Beauty,2020,7+,58/100,0,0,0,1,0,"children's film, adventure film, action film, film based on a novel","United Kingdom, United States",English,10.0,tt0109279
9058,The Adventures of Huck Finn,1993,7+,58/100,0,0,0,1,0,"comedy drama, children's film, coming-of-age film, adventure film",United States,English,8.0,tt0106223
9059,Tarzan II,2005,all,58/100,0,0,0,1,0,,,,,
9060,Confessions of a Teenage Drama Queen,2004,7+,58/100,0,0,0,1,0,"musical film, teen film, comedy film, drama film",United States,English,4.0,tt0361467
9061,Tom and Huck,1995,7+,58/100,0,0,0,1,0,"teen film, comedy drama, coming-of-age fiction, adventure film",United States,English,6.0,tt0112302
9062,The Jungle Book 2,2003,all,58/100,0,0,0,1,0,,,,,
9063,Diary of a Wimpy Kid: The Long Haul,2017,7+,58/100,0,0,0,1,0,"teen film, comedy film, film based on a novel, family film",United States,English,4.3,tt6003368
9064,Prep & Landing: Naughty vs. Nice,2011,all,57/100,0,0,0,1,0,Christmas film,United States,English,6.0,tt2069885
9065,The Fox and the Hound 2,2006,all,57/100,0,0,0,1,0,,,,,
9066,The Incredible Journey,1963,all,57/100,0,0,0,1,0,film based on a novel,United States,English,7.0,tt0057180
9067,Deep Blue,2003,all,57/100,0,0,0,1,0,"nature documentary, documentary film",United Kingdom,English,7.4,tt0365109
9068,Prom,2011,7+,57/100,0,0,0,1,0,,,,,
9069,Phineas and Ferb: Mission Marvel,2013,all,57/100,0,0,0,1,0,,,,,
9070,The Prince and the Pauper,1990,all,57/100,0,0,0,1,0,"swashbuckler film, drama film, film based on a novel",United States,English,8.0,tt0029440
9071,The Sandlot 2,2005,7+,57/100,0,0,0,1,0,coming-of-age fiction,United States,English,6.0,tt0418131
9072,Bad Hair Day,2015,all,57/100,0,0,0,1,0,,,,,
9073,Z-O-M-B-I-E-S 2,2020,all,57/100,0,0,0,1,0,,,,,
9074,The Boys: The Sherman Brothers' Story,2009,7+,57/100,0,0,0,1,0,documentary film,United States,English,10.0,tt1015971
9075,The Cheetah Girls,2003,all,57/100,0,0,0,1,0,,,,,
9076,Man of the House,1995,7+,57/100,0,0,0,1,0,comedy film,United States,English,6.0,tt0113755
9077,Twitches Too,2007,7+,57/100,0,0,0,1,0,,,,,
9078,Herbie Rides Again,1974,all,57/100,0,0,0,1,0,"children's film, fantasy film, action film, comedy film",United States,English,6.0,tt0071607
9079,Ewoks: The Battle for Endor,1985,all,57/100,0,0,0,1,0,,,,,
9080,Tru Confessions,2002,all,57/100,0,0,0,1,0,,,,,
9081,Read It and Weep,2006,all,57/100,0,0,0,1,0,,,,,
9082,Lonesome Ghosts,1937,,57/100,0,0,0,1,0,,,,,
9083,Motocrossed,2001,all,57/100,0,0,0,1,0,,,,,
9084,Aliens of the Deep,2005,all,57/100,0,0,0,1,0,documentary film,United States,English,5.0,tt0417415
9085,"Marvel: 75 Years, From Pulp to Pop!",2014,7+,57/100,0,0,0,1,0,,,,,
9086,Out,2020,7+,57/100,0,0,0,1,0,,,,,
9087,Loop,2020,7+,57/100,0,0,0,1,0,,,,,
9088,The Ugly Dachshund,1966,all,57/100,0,0,0,1,0,comedy film,United States,English,7.0,tt0061135
9089,Shipwrecked,1990,7+,57/100,0,0,0,1,0,"children's film, pirate film, film based on a novel","United States, Norway, Sweden","English, Norwegian",8.0,tt0099816
9090,Jump In!,2007,all,57/100,0,0,0,1,0,,,,,
9091,The Big Green,1995,7+,56/100,0,0,0,1,0,"comedy film, Christmas film, association football film",United States,English,6.0,tt0112499
9092,The Even Stevens Movie,2003,all,56/100,0,0,0,1,0,,,,,
9093,"Davy Crockett, King of the Wild Frontier",1955,7+,56/100,0,0,0,1,0,"children's film, biographical film",United States,English,8.0,tt0047977
9094,Brave Little Tailor,1938,,56/100,0,0,0,1,0,cinematic fairy tale,"Italy, Germany, Spain",Slovak,6.4,tt0099175
9095,The Old Mill,1937,all,56/100,0,0,0,1,0,,,,,
9096,Minutemen,2008,all,56/100,0,0,0,1,0,,,,,
9097,Johnny Tsunami,1999,all,56/100,0,0,0,1,0,,,,,
9098,Life with Mikey,1993,7+,56/100,0,0,0,1,0,comedy film,United States,English,5.7,tt0107413
9099,Cow Belles,2006,all,56/100,0,0,0,1,0,,,,,
9100,First Kid,1996,7+,56/100,0,0,0,1,0,"family film, comedy film",United States,English,5.0,tt0116311
9101,The Small One,1978,all,56/100,0,0,0,1,0,,,,,
9102,Operation Dumbo Drop,1995,7+,56/100,0,0,0,1,0,comedy film,United States,English,5.2,tt0114048
9103,Wendy Wu: Homecoming Warrior,2006,all,56/100,0,0,0,1,0,,,,,
9104,Walt Disney's Silly Symphony: The Ugly Duckling,1939,all,56/100,0,0,0,1,0,,,,,
9105,Winnie the Pooh: Springtime with Roo,2004,all,56/100,0,0,0,1,0,,,,,
9106,Return from Witch Mountain,1978,all,56/100,0,0,0,1,0,"science fiction film, mystery film, children's film, fantasy film",United States,English,7.0,tt0078158
9107,Stuntman,2021,13+,56/100,0,0,0,1,0,"comedy film, romance film, spy film","Italy, France",English,5.2,tt0063652
9108,Smash and Grab,2019,7+,56/100,0,0,0,1,0,,United Kingdom,English,8.0,tt0033813
9109,Get a Clue,2002,all,56/100,0,0,0,1,0,,United States,English,5.2,tt0120495
9110,Tall Tale,1995,7+,56/100,0,0,0,1,0,"fantasy film, Western film, adventure film, family film",United States,English,8.0,tt0111359
9111,Red's Dream,1987,all,56/100,0,0,0,1,0,,,,,
9112,Beverly Hills Chihuahua,2008,7+,56/100,0,0,0,1,0,"comedy film, children's film",United States,English,5.0,tt1014775
9113,Frenemies,2012,all,56/100,0,0,0,1,0,,,,,
9114,Flowers and Trees,1932,,56/100,0,0,0,1,0,,,,,
9115,The Thirteenth Year,1999,all,56/100,0,0,0,1,0,,,,,
9116,The Little Prince(ss),2021,,56/100,0,0,0,1,0,,,,,
9117,Max Keeble's Big Move,2001,all,56/100,0,0,0,1,0,"comedy film, crime film",United States,English,5.5,tt0273799
9118,Stuck in the Suburbs,2004,all,56/100,0,0,0,1,0,,,,,
9119,Penguins,2019,all,56/100,0,0,0,1,0,documentary film,United States,English,7.0,tt8080302
9120,The Story of Robin Hood and His Merrie Men,1952,7+,56/100,0,0,0,1,0,"action film, comedy film","United States, United Kingdom",English,9.0,tt0045197
9121,Party Central,2014,7+,55/100,0,0,0,1,0,,,,,
9122,The Moon-Spinners,1964,all,55/100,0,0,0,1,0,"neo-noir, mystery film",United States,English,7.0,tt0058371
9123,The Island at the Top of the World,1974,all,55/100,0,0,0,1,0,"science fiction film, fantasy film",United States,"Icelandic, English",6.2,tt0071671
9124,Far from Home: The Adventures of Yellow Dog,1995,7+,55/100,0,0,0,1,0,"children's film, adventure film",United States,English,9.0,tt0113028
9125,Phantom of the Megaplex,2000,all,55/100,0,0,0,1,0,,,,,
9126,Mom's Got a Date with a Vampire,2000,7+,55/100,0,0,0,1,0,,,,,
9127,Now You See It...,2005,all,55/100,0,0,0,1,0,,,,,
9128,Girl vs. Monster,2012,7+,55/100,0,0,0,1,0,,,,,
9129,Upside-Down Magic,2020,all,55/100,0,0,0,1,0,,,,,
9130,Double Teamed,2002,all,55/100,0,0,0,1,0,,,,,
9131,The Tortoise and the Hare,1935,,55/100,0,0,0,1,0,,,,,
9132,Benji the Hunted,1987,all,55/100,0,0,0,1,0,"comedy drama, drama film",United States,English,9.0,tt0092638
9133,MARS: Inside SpaceX,2018,7+,54/100,0,0,0,1,0,,,,,
9134,Ferdinand the Bull,1938,,54/100,0,0,0,1,0,,,,,
9135,Santa's Workshop,1932,,54/100,0,0,0,1,0,,,,,
9136,The Suite Life Movie,2011,all,54/100,0,0,0,1,0,,,,,
9137,Wolfgang,2021,,54/100,0,0,0,1,0,,,,,
9138,How to Build a Better Boy,2014,all,54/100,0,0,0,1,0,,,,,
9139,Clock Cleaners,1937,,54/100,0,0,0,1,0,,,,,
9140,Lambert the Sheepish Lion,1952,,54/100,0,0,0,1,0,,United States,English,7.6,tt0044821
9141,Zenon: The Zequel,2001,all,54/100,0,0,0,1,0,,,,,
9142,The Apple Dumpling Gang Rides Again,1979,all,54/100,0,0,0,1,0,"comedy film, Western film, children's film",United States,English,8.0,tt0078790
9143,Pluto's Christmas Tree,1952,,54/100,0,0,0,1,0,,,,,
9144,Star Wars Biomes,2021,,54/100,0,0,0,1,0,,,,,
9145,Snowball Express,1972,all,54/100,0,0,0,1,0,comedy film,United States,English,6.0,tt0069291
9146,Herbie Goes Bananas,1980,all,54/100,0,0,0,1,0,"children's film, comedy film",United States,English,3.0,tt0080861
9147,Pixel Perfect,2004,all,54/100,0,0,0,1,0,,,,,
9148,Sharpay's Fabulous Adventure,2011,all,54/100,0,0,0,1,0,,,,,
9149,The Cheetah Girls: One World,2008,all,54/100,0,0,0,1,0,,,,,
9150,Thru the Mirror,1936,,54/100,0,0,0,1,0,,,,,
9151,The Brave Little Toaster to the Rescue,1997,all,54/100,0,0,0,1,0,,,,,
9152,Go Figure,2005,all,54/100,0,0,0,1,0,,,,,
9153,The Shaggy D.A.,1976,all,54/100,0,0,0,1,0,"children's film, fantasy film, comedy film",United States,English,8.0,tt0075200
9154,Titanic: 20 Years Later with James Cameron,2017,7+,54/100,0,0,0,1,0,,,,,
9155,The Computer Wore Tennis Shoes,1969,all,54/100,0,0,0,1,0,"science fiction film, science fiction comedy, comedy film",United States,English,6.0,tt0065566
9156,The Strongest Man in the World,1975,all,54/100,0,0,0,1,0,"science fiction film, science fiction comedy, comedy film",United States,English,5.9,tt0073760
9157,Elephant,2020,all,54/100,0,0,0,1,0,,,,,
9158,The Mistle-Tones,2012,7+,54/100,0,0,0,1,0,"Christmas film, comedy film",United States,English,6.0,tt2490352
9159,Greyfriars Bobby: The True Story of a Dog,1961,7+,54/100,0,0,0,1,0,,,,,
9160,College Road Trip,2008,all,54/100,0,0,0,1,0,"comedy film, family film, drama film, teen film",United States,English,6.0,tt0997047
9161,The Real Right Stuff,2020,7+,54/100,0,0,0,1,0,,,,,
9162,A Kid in King Arthur's Court,1995,7+,53/100,0,0,0,1,0,"fantasy film, children's film, science fiction film, comedy film",United States,English,7.0,tt0113538
9163,Apollo: Missions to the Moon,2019,,53/100,0,0,0,1,0,,,,7.0,tt9782756
9164,Winnie the Pooh: A Very Merry Pooh Year,2002,all,53/100,0,0,0,1,0,,,,,
9165,The Proud Family Movie,2005,all,53/100,0,0,0,1,0,,,,,
9166,The Living Desert,1953,all,53/100,0,0,0,1,0,nature documentary,United States,English,8.0,tt0046008
9167,The Legend of Mor'du,2012,all,53/100,0,0,0,1,0,fantasy,United States,English,7.0,tt2565938
9168,Iron Man & Captain America: Heroes United,2014,7+,53/100,0,0,0,1,0,speculative fiction film,United States,English,3.0,tt3911200
9169,Mr. Magoo,1997,7+,53/100,0,0,0,1,0,"comedy film, romantic comedy",United States,English,6.0,tt0119718
9170,Chip an' Dale,1947,,53/100,0,0,0,1,0,,,,,
9171,The Little Mermaid Live!,2019,7+,53/100,0,0,0,1,0,,,,,
9172,The Cheetah Girls 2,2006,all,53/100,0,0,0,1,0,,,,,
9173,Davy Crockett and the River Pirates,1956,all,53/100,0,0,0,1,0,"biographical film, pirate film",United States,English,8.0,tt0049125
9174,Trick or Treat,1952,,53/100,0,0,0,1,0,"horror film, comedy film, musical film, ghost film",United States,English,7.0,tt0092112
9175,The Hunchback of Notre Dame II,2002,all,53/100,0,0,0,1,0,"film based on literature, animated film",United States,English,4.6,tt0257778
9176,Shark Beach with Chris Hemsworth,2021,,53/100,0,0,0,1,0,,,,,
9177,Playing with Sharks: The Valerie Taylor Story,2021,13+,53/100,0,0,0,1,0,,,,,
9178,Marvel's Behind the Mask,2021,13+,53/100,0,0,0,1,0,documentary film,United States,English,6.0,tt13885628
9179,Eddie's Million Dollar Cook Off,2003,all,53/100,0,0,0,1,0,,,,,
9180,Alley Cats Strike,2000,all,53/100,0,0,0,1,0,,,,,
9181,The Million Dollar Duck,1971,all,53/100,0,0,0,1,0,"science fiction film, comedy film, family film",United States,English,9.0,tt0066728
9182,Mr. Duck Steps Out,1940,all,52/100,0,0,0,1,0,,,,,
9183,Mr. Boogedy,1986,all,52/100,0,0,0,1,0,,,,,
9184,The Crimson Wing: Mystery of the Flamingos,2008,all,52/100,0,0,0,1,0,"nature documentary, documentary film","United Kingdom, United States",English,7.0,tt0902967
9185,Snowglobe,2007,7+,52/100,0,0,0,1,0,,,,,
9186,Science Fair,2018,7+,52/100,0,0,0,1,0,documentary film,United States,English,10.0,tt7153434
9187,The Art of Skiing,1941,,52/100,0,0,0,1,0,,,,,
9188,The Big Bad Wolf,1934,,52/100,0,0,0,1,0,comedy film,"France, Belgium",French,5.0,tt2320274
9189,Going to the Mat,2004,all,52/100,0,0,0,1,0,,,,,
9190,Tummy Trouble,1989,all,52/100,0,0,0,1,0,,,,,
9191,Quints,2000,all,52/100,0,0,0,1,0,,,,,
9192,Johnny Kapahala - Back on Board,2007,,52/100,0,0,0,1,0,,,,,
9193,Mickey and the Seal,1948,all,52/100,0,0,0,1,0,,,,,
9194,How to Play Baseball,1942,,52/100,0,0,0,1,0,,,,,
9195,The Brave Little Toaster Goes to Mars,1998,all,52/100,0,0,0,1,0,science fiction film,United States,English,5.0,tt0147926
9196,All in a Nutshell,1949,,52/100,0,0,0,1,0,,,,,
9197,Into the Grand Canyon,2019,7+,52/100,0,0,0,1,0,,,,8.0,tt9822474
9198,Hatching Pete,2009,all,52/100,0,0,0,1,0,,,,,
9199,George & A.J.,2009,all,52/100,0,0,0,1,0,animation,United States,English,6.0,tt1552624
9200,Chef Donald,1941,,52/100,0,0,0,1,0,,,,,
9201,Tiger Cruise,2005,7+,52/100,0,0,0,1,0,,,,,
9202,How to Fish,1942,,52/100,0,0,0,1,0,,,,,
9203,American Eid,2021,all,52/100,0,0,0,1,0,,,,,
9204,Amy,1981,all,52/100,0,0,0,1,0,,,,,
9205,America's Heart and Soul,2004,7+,52/100,0,0,0,1,0,documentary film,United States,English,5.1,tt0381006
9206,Trail Mix-Up,1993,all,52/100,0,0,0,1,0,,,,,
9207,Once Upon A Mattress,2005,7+,52/100,0,0,0,1,0,musical film,United States,English,8.0,tt0426148
9208,Tarzan & Jane,2002,all,52/100,0,0,0,1,0,"adventure film, action film","Germany, United States, Australia",English,10.0,tt0120856
9209,Right on Track,2003,all,52/100,0,0,0,1,0,,,,,
9210,Wings of Life,2011,all,52/100,0,0,0,1,0,"nature documentary, documentary film","United States, France",English,6.0,tt1222816
9211,That Darn Cat,1997,7+,52/100,0,0,0,1,0,"mystery film, children's film, action film, comedy film",United States,English,5.0,tt0120317
9212,The Sandlot: Heading Home,2007,7+,51/100,0,0,0,1,0,coming-of-age fiction,United States,English,1.0,tt0817307
9213,Squanto: A Warrior's Tale,1994,7+,51/100,0,0,0,1,0,"adventure film, drama film",United States,English,7.0,tt0111271
9214,Gus,1976,all,51/100,0,0,0,1,0,,,,,
9215,Lamp Life,2020,,51/100,0,0,0,1,0,,,,,
9216,The Hockey Champ,1939,,51/100,0,0,0,1,0,,,,,
9217,Doug's 1st Movie,1999,all,51/100,0,0,0,1,0,,,,,
9218,On Ice,1935,,51/100,0,0,0,1,0,,,,,
9219,Three Days,2001,all,51/100,0,0,0,1,0,drama film,"Soviet Union, Lithuania",Russian,5.0,tt0103132
9220,Boat Builders,1938,,51/100,0,0,0,1,0,,,,,
9221,A Knight for a Day,1946,,51/100,0,0,0,1,0,,,,,
9222,Dr. Dolittle 3,2006,7+,51/100,0,0,0,1,0,"fantasy film, comedy film",United States,English,1.0,tt0481513
9223,Ruby Bridges,1998,7+,51/100,0,0,0,1,0,biographical film,United States,English,9.0,tt0138068
9224,Let's Be Tigers,2021,7+,51/100,0,0,0,1,0,,United States,American English,1.0,tt14475518
9225,The Scream Team,2002,7+,51/100,0,0,0,1,0,,,,,
9226,Elmer Elephant,1936,all,51/100,0,0,0,1,0,,,,,
9227,Gotta Kick It Up!,2002,all,51/100,0,0,0,1,0,,,,,
9228,The Country Bears,2002,all,51/100,0,0,0,1,0,"buddy film, musical film",United States,English,4.0,tt0276033
9229,Miracle in Lane 2,2000,all,51/100,0,0,0,1,0,,,,,
9230,A Ring of Endless Light,2002,all,51/100,0,0,0,1,0,,,,,
9231,Belle's Magical World,1998,all,51/100,0,0,0,1,0,,,,,
9232,Forky Asks a Question: What Is a Friend?,2019,,51/100,0,0,0,1,0,,,,6.7,tt11194638
9233,Jumping Ship,2001,all,51/100,0,0,0,1,0,,,,,
9234,The Grasshopper and the Ants,1934,,51/100,0,0,0,1,0,,,,,
9235,Magician Mickey,1937,,51/100,0,0,0,1,0,,,,,
9236,Iron Man & Hulk: Heroes United,2013,7+,51/100,0,0,0,1,0,"crossover fiction, speculative fiction film",United States,English,1.0,tt3221698
9237,Three Little Wolves,1936,,51/100,0,0,0,1,0,,,,,
9238,White Fang 2: Myth of the White Wolf,1994,7+,51/100,0,0,0,1,0,"adventure film, drama film",United States,English,5.4,tt0111701
9239,Dadnapped,2009,all,51/100,0,0,0,1,0,,,,,
9240,Mars and Beyond,1957,,51/100,0,0,0,1,0,,,,,
9241,Rip Girls,2000,all,51/100,0,0,0,1,0,,,,,
9242,Third Man on the Mountain,1959,all,50/100,0,0,0,1,0,coming-of-age fiction,United States,English,10.0,tt0053352
9243,Atlantis Rising,2017,,50/100,0,0,0,1,0,documentary film,Canada,English,8.0,tt6467274
9244,George of the Jungle 2,2003,7+,50/100,0,0,0,1,0,comedy film,United States,English,6.0,tt0322389
9245,Marvel Studios: Expanding the Universe,2019,7+,50/100,0,0,0,1,0,,,,,
9246,Horse Sense,1999,all,50/100,0,0,0,1,0,silent film,United States,,,tt0333586
9247,Super Buddies,2013,all,50/100,0,0,0,1,0,"superhero film, children's film",United States,English,5.0,tt2999390
9248,The Ewok Adventure,1984,all,50/100,0,0,0,1,0,,,,,
9249,Cheetah,1989,all,50/100,0,0,0,1,0,"adventure film, drama film, film based on a novel",United States,English,6.0,tt0097053
9250,Tugboat Mickey,1940,,50/100,0,0,0,1,0,,,,,
9251,The Goddess of Spring,1934,,50/100,0,0,0,1,0,,,,,
9252,Den Brother,2010,,50/100,0,0,0,1,0,,,,,
9253,Into the Okavango,2018,7+,50/100,0,0,0,1,0,documentary film,United States,English,9.0,tt7573844
9254,Donald Duck: The Wise Little Hen,1934,,50/100,0,0,0,1,0,,,,,
9255,Toby Tortoise Returns,1936,,50/100,0,0,0,1,0,,,,,
9256,Out of Scale,1951,,50/100,0,0,0,1,0,,United States,English,10.0,tt0043890
9257,Mr. Mouse Takes a Trip,1940,,50/100,0,0,0,1,0,,,,,
9258,"Up, Up, and Away",2000,all,49/100,0,0,0,1,0,,,,,
9259,Expedition Amelia,2019,,49/100,0,0,0,1,0,,,,,
9260,Beach Picnic,1939,,49/100,0,0,0,1,0,,,,,
9261,Almost Angels,1962,,49/100,0,0,0,1,0,,United States,English,8.0,tt0055740
9262,Babes in the Woods,1932,,49/100,0,0,0,1,0,,,,,
9263,Forky Asks a Question: What Is Love?,2019,,49/100,0,0,0,1,0,,,,6.9,tt11194642
9264,Early to Bed,1941,,49/100,0,0,0,1,0,"comedy film, buddy film, silent film",United States,,6.0,tt0018860
9265,The Castaway Cowboy,1974,all,49/100,0,0,0,1,0,"comedy film, Western film",United States,English,8.0,tt0071288
9266,Hawaiian Holiday,1937,,49/100,0,0,0,1,0,,,,,
9267,Lend a Paw,1941,,49/100,0,0,0,1,0,,,,,
9268,Corn Chips,1951,,49/100,0,0,0,1,0,,,,,
9269,The African Lion,1955,all,49/100,0,0,0,1,0,nature documentary,United States,English,7.0,tt0047803
9270,Jane Goodall: The Hope,2020,,49/100,0,0,0,1,0,documentary film,,,7.0,tt12137534
9271,Zenon: Z3,2004,all,49/100,0,0,0,1,0,,,,,
9272,Gender Revolution: A Journey with Katie Couric,2017,7+,49/100,0,0,0,1,0,,,,,
9273,Life-Size 2: A Christmas Eve,2018,16+,49/100,0,0,0,1,0,,,,,
9274,Winter Storage,1949,,49/100,0,0,0,1,0,,,,,
9275,The Olympic Champ,1942,,49/100,0,0,0,1,0,,,,,
9276,Growing Fangs,2021,,49/100,0,0,0,1,0,,,,,
9277,High School Musical: The Musical: The Series: The Special,2019,all,49/100,0,0,0,1,0,,,,,
9278,Three Blind Mouseketeers,1936,,49/100,0,0,0,1,0,,,,,
9279,Young Black Stallion,2003,all,49/100,0,0,0,1,0,,United States,English,10.0,tt0318850
9280,Trailer Horn,1950,,49/100,0,0,0,1,0,,,,,
9281,How to Swim,1942,,49/100,0,0,0,1,0,drama film,Israel,Hebrew,7.5,tt9482110
9282,Kazaam,1996,7+,49/100,0,0,0,1,0,"comedy film, fantasy film",United States,English,3.2,tt0116756
9283,Double Dribble,1946,,49/100,0,0,0,1,0,,,,,
9284,How to Play Football,1944,,49/100,0,0,0,1,0,,,,,
9285,Orca Vs Great White,2021,13+,49/100,0,0,0,1,0,,,,,
9286,Ye Olden Days,1933,,48/100,0,0,0,1,0,,,,,
9287,The Little Whirlwind,1941,,48/100,0,0,0,1,0,,,,,
9288,Bride of Boogedy,1987,all,48/100,0,0,0,1,0,,,,,
9289,The Last of the Chupacabras,2021,,48/100,0,0,0,1,0,,,,,
9290,Forky Asks a Question: What Is Cheese?,2020,,48/100,0,0,0,1,0,,,,6.7,tt11194650
9291,LEGO Star Wars: The New Yoda Chronicles - Escape from the Jedi Temple,2014,all,48/100,0,0,0,1,0,,,,,
9292,Forky Asks a Question: What Is Money?,2019,,48/100,0,0,0,1,0,,,,6.1,tt11194634
9293,The Simple Things,1953,,48/100,0,0,0,1,0,,,,,
9294,Dinner Is Served,2021,,48/100,0,0,0,1,0,comedy film,Germany,German,7.5,tt0027526
9295,Captain Sparky vs. The Flying Saucers,2013,,48/100,0,0,0,1,0,,,,,
9296,Lost on Everest,2020,13+,48/100,0,0,0,1,0,,,,6.0,tt12660966
9297,Breaking2,2017,7+,48/100,0,0,0,1,0,documentary film,,,7.0,tt7293698
9298,The Pied Piper,1933,,48/100,0,0,0,1,0,"war film, drama film, film based on a novel",United States,English,7.0,tt0035189
9299,Meet the Deedles,1998,7+,48/100,0,0,0,1,0,buddy film,United States,English,4.1,tt0120645
9300,Mickey's Birthday Party,1942,,48/100,0,0,0,1,0,,,,,
9301,The Ultimate Christmas Present,2000,all,48/100,0,0,0,1,0,,,,,
9302,Dolphin Reef,2018,all,48/100,0,0,0,1,0,"documentary film, nature documentary","United States, France",English,6.0,tt10055028
9303,Dragon Around,1954,,48/100,0,0,0,1,0,,,,,
9304,Lego Star Wars: The Yoda Chronicles - Raid on Coruscant,2014,,48/100,0,0,0,1,0,,,,,
9305,Mickey's Rival,1936,,48/100,0,0,0,1,0,,,,,
9306,Treasure Buddies,2012,all,48/100,0,0,0,1,0,children's film,United States,English,1.0,tt1791658
9307,Mars: One Day on the Red Planet,2020,,48/100,0,0,0,1,0,documentary film,,,,
9308,Moon Mater,2010,all,48/100,0,0,0,1,0,"family film, comedy film",,,6.1,tt1788785
9309,Donald's Golf Game,1938,,48/100,0,0,0,1,0,,,,,
9310,Those Calloways,1965,7+,48/100,0,0,0,1,0,"drama film, children's film",United States,English,6.0,tt0059796
9311,LEGO Star Wars: The New Yoda Chronicles - Race For The Holocrons,2014,,48/100,0,0,0,1,0,,,,,
9312,Don's Fountain of Youth,1953,,48/100,0,0,0,1,0,,,,,
9313,Donald's Dog Laundry,1940,,48/100,0,0,0,1,0,,,,,
9314,Sea Scouts,1939,all,48/100,0,0,0,1,0,,,,,
9315,Jungle Cat,1959,7+,48/100,0,0,0,1,0,"documentary film, animals documentary",United States,English,8.0,tt0053977
9316,Santa Paws 2: The Santa Pups,2012,all,48/100,0,0,0,1,0,"children's film, Christmas film",United States,English,7.0,tt2414212
9317,Forky Asks a Question: What Is Time?,2019,,48/100,0,0,0,1,0,,,,6.4,tt11194640
9318,Rogue Shark?,2021,13+,47/100,0,0,0,1,0,,,,,
9319,Mickey Mouse: Mickey's Delayed Date,1947,,47/100,0,0,0,1,0,,,,,
9320,Morning Light,2008,7+,47/100,0,0,0,1,0,documentary film,United States,English,9.0,tt1198405
9321,Marvel Rising: Chasing Ghosts,2019,,47/100,0,0,0,1,0,,,,5.0,tt9073748
9322,The Golden Touch,1935,,47/100,0,0,0,1,0,,,,,
9323,You Wish!,2003,all,47/100,0,0,0,1,0,,,,,
9324,Inspector Gadget 2,2003,all,47/100,0,0,0,1,0,comedy film,United States,English,4.0,tt0301454
9325,Forky Asks a Question: What Is Art?,2019,,47/100,0,0,0,1,0,,,,6.2,tt11194636
9326,Donald's Tire Trouble,1943,,47/100,0,0,0,1,0,,,,,
9327,Stepsister from Planet Weird,2000,all,47/100,0,0,0,1,0,,,,,
9328,The New Neighbor,1953,,47/100,0,0,0,1,0,silent film,United States,,,tt0002390
9329,Under the Sea: A Descendants Story,2018,,47/100,0,0,0,1,0,fantasy,United States,English,6.0,tt8884364
9330,Super Rhino,2009,all,47/100,0,0,0,1,0,"short film, comedy film, fantasy",United States,English,6.2,tt1368151
9331,Forky Asks a Question: What Is a Computer?,2019,,47/100,0,0,0,1,0,,,,,
9332,The Adventures of Bullwhip Griffin,1967,,47/100,0,0,0,1,0,"comedy film, Western film",United States,English,8.0,tt0061333
9333,Man in Space,1955,,47/100,0,0,0,1,0,,,,,
9334,Society Dog Show,1939,,47/100,0,0,0,1,0,,,,,
9335,Marvel Rising: Heart of Iron,2019,,47/100,0,0,0,1,0,,,,1.0,tt9073746
9336,Bearly Asleep,1955,,47/100,0,0,0,1,0,,,,,
9337,Back To The Titanic,2020,7+,47/100,0,0,0,1,0,,,,6.0,tt12100782
9338,Emil and the Detectives,1964,7+,47/100,0,0,0,1,0,"comedy drama, comedy film, crime film",United States,English,7.0,tt0058056
9339,Forky Asks a Question: What is Reading?,2020,,47/100,0,0,0,1,0,,,,4.0,tt11194652
9340,Okavango: River of Dreams,2019,7+,47/100,0,0,0,1,0,,,,,
9341,Life Is Ruff,2005,7+,47/100,0,0,0,1,0,,,,,
9342,Rescue Dog,1947,,47/100,0,0,0,1,0,comedy film,United States,,10.0,tt4609262
9343,Walt & El Grupo,2008,7+,47/100,0,0,0,1,0,documentary film,United States,English,5.0,tt1223150
9344,Grand Canyonscope,1954,,46/100,0,0,0,1,0,,,,,
9345,Treasure of Matecumbe,1976,all,46/100,0,0,0,1,0,"adventure film, treasure hunt film, film based on a novel",United States,English,8.0,tt0075347
9346,Let's Stick Together,1952,,46/100,0,0,0,1,0,,,,,
9347,The Biscuit Eater,1972,all,46/100,0,0,0,1,0,"drama film, family film",United States,English,5.7,tt0068276
9348,Pluto's Party,1952,,46/100,0,0,0,1,0,,,,,
9349,Drain the Titanic,2016,,46/100,0,0,0,1,0,documentary film,,,4.0,tt4743564
9350,Hannah Montana & Miley Cyrus: Best of Both Worlds Concert,2008,all,46/100,0,0,0,1,0,"comedy film, documentary film, musical film",United States,English,1.0,tt1127884
9351,Beezy Bear,1955,,46/100,0,0,0,1,0,,,,,
9352,Miracle at Midnight,1998,,46/100,0,0,0,1,0,,,,,
9353,Own the Room,2021,7+,46/100,0,0,0,1,0,,United States,,10.0,tt14017018
9354,Recess: All Growed Down,2003,all,46/100,0,0,0,1,0,,,,,
9355,Food for Feudin',1950,,46/100,0,0,0,1,0,,,,,
9356,The Secret of the Magic Gourd,2007,all,46/100,0,0,0,1,0,"fantasy film, children's film",People's Republic of China,"Mandarin, English",7.0,tt0496386
9357,Forky Asks a Question: What Is a Leader?,2019,,46/100,0,0,0,1,0,,,,,
9358,Can of Worms,1999,7+,46/100,0,0,0,1,0,,,,,
9359,The Lost Tomb of Alexander the Great,2019,7+,46/100,0,0,0,1,0,,,,,
9360,Myth: A Frozen Tale,2020,,46/100,0,0,0,1,0,,,,,
9361,Pluto's Purchase,1948,,46/100,0,0,0,1,0,,,,,
9362,Pluto and the Gopher,1950,,46/100,0,0,0,1,0,,,,,
9363,Decorating Disney: Holiday Magic,2017,7+,46/100,0,0,0,1,0,,,,,
9364,The Vanishing Prairie,1954,all,46/100,0,0,0,1,0,nature documentary,United States,English,7.0,tt0047642
9365,Hounded,2001,all,46/100,0,0,0,1,0,,,,4.0,tt15241758
9366,Perri,1957,all,45/100,0,0,0,1,0,,,,,
9367,Sacred Planet,2004,all,45/100,0,0,0,1,0,documentary film,United States,English,1.0,tt0353965
9368,The Bears and I,1974,all,45/100,0,0,0,1,0,"comedy film, drama film",United States,English,7.0,tt0071199
9369,World's Biggest Bull Shark?,2021,13+,45/100,0,0,0,1,0,,,,,
9370,Canine Caddy,1941,,45/100,0,0,0,1,0,,,,,
9371,Unidentified Flying Oddball,1979,all,45/100,0,0,0,1,0,"science fiction comedy, fantasy film, science fiction film, comedy film",United States,English,5.0,tt0080062
9372,Secrets of Life,1956,all,45/100,0,0,0,1,0,documentary film,United States,English,7.0,tt0049733
9373,Marvel Rising: Battle of the Bands,2019,,45/100,0,0,0,1,0,,,,1.0,tt10863978
9374,Forky Asks a Question: What Is a Pet?,2019,,45/100,0,0,0,1,0,,,,6.0,tt11194648
9375,Shark Gangs,2021,13+,45/100,0,0,0,1,0,,,,,
9376,The Adventures of André and Wally B.,1984,all,45/100,0,0,0,1,0,,,,,
9377,Buffalo Dreams,2005,all,45/100,0,0,0,1,0,,,,,
9378,Mark Twain and Me,1991,,45/100,0,0,0,1,0,,,,,
9379,In the Footsteps of Elephant,2020,all,45/100,0,0,0,1,0,,,,8.0,tt12100044
9380,'Twas the Night,2001,all,45/100,0,0,0,1,0,,,,,
9381,Yellowstone Cubs,1963,all,45/100,0,0,0,1,0,,,,8.0,tt0206446
9382,A Celebration of the Music from Coco,2020,,45/100,0,0,0,1,0,,,,7.0,tt12076020
9383,The Christmas Star,1986,all,45/100,0,0,0,1,0,Christmas film,,English,6.2,tt0090840
9384,Mail Dog,1947,,45/100,0,0,0,1,0,,,,,
9385,Full-Court Miracle,2003,all,45/100,0,0,0,1,0,,,,,
9386,Cesar Millan: The Real Story,2012,,45/100,0,0,0,1,0,,,,,
9387,Mickey Down Under,1948,,45/100,0,0,0,1,0,,,,,
9388,High School Musical: The Musical: The Holiday Special,2020,all,45/100,0,0,0,1,0,,,,,
9389,Marvel Rising: Playing with Fire,2019,7+,45/100,0,0,0,1,0,,,,,
9390,Playdate with Destiny,2020,all,45/100,0,0,0,1,0,,,,,
9391,Dory's Reef Cam,2020,all,45/100,0,0,0,1,0,,,,,
9392,Pompeii: Secrets of the Dead,2019,,44/100,0,0,0,1,0,,,,6.5,tt12045720
9393,The Ghosts of Buxley Hall,1980,all,44/100,0,0,0,1,0,,,,,
9394,Pluto's Sweater,1949,,44/100,0,0,0,1,0,,,,,
9395,Fuzzbucket,1986,all,44/100,0,0,0,1,0,,,,,
9396,Mission to the Sun,2018,7+,44/100,0,0,0,1,0,,,,,
9397,Jingle Pols,2013,7+,44/100,0,0,0,1,0,,,,8.0,tt2278028
9398,Drain Alcatraz,2017,,44/100,0,0,0,1,0,documentary film,,,3.0,tt7823038
9399,Drain the Bermuda Triangle,2014,,44/100,0,0,0,1,0,,,,6.0,tt4266692
9400,Marvel Rising: Operation Shuri,2019,7+,44/100,0,0,0,1,0,,,,9.0,tt11113964
9401,Lost Temple of The Inca,2020,7+,44/100,0,0,0,1,0,,,,7.0,tt11668444
9402,Skyrunners,2009,all,44/100,0,0,0,1,0,,,,,
9403,The Plausible Impossible,1956,,44/100,0,0,0,1,0,,,,,
9404,Bizarre Dinosaurs,2009,,44/100,0,0,0,1,0,,,,,
9405,Star Wars: Galaxy's Edge - Adventure Awaits,2019,7+,44/100,0,0,0,1,0,,,,,
9406,Trail of the Panda,2009,all,43/100,0,0,0,1,0,,People's Republic of China,,8.0,tt1247700
9407,Incredible! The Story of Dr. Pol,2015,7+,43/100,0,0,0,1,0,,,,,
9408,Notre Dame: Race Against the Inferno,2019,,43/100,0,0,0,1,0,,,,1.0,tt11559162
9409,The Disney Holiday Singalong,2020,,43/100,0,0,0,1,0,,,,,
9410,Prowlers of the Everglades,1953,,43/100,0,0,0,1,0,documentary film,United States,English,9.0,tt0280050
9411,Bone Bandit,1948,,43/100,0,0,0,1,0,,,,,
9412,Miracle Landing on the Hudson,2014,,43/100,0,0,0,1,0,,,,4.0,tt3067436
9413,Drain The Ocean: WWII,2016,7+,43/100,0,0,0,1,0,,,,7.0,tt6141006
9414,Jonas Brothers: The Concert Experience,2009,all,43/100,0,0,0,1,0,"children's film, concert film, musical film",United States,English,1.0,tt1229827
9415,The Sign of Zorro,1958,all,43/100,0,0,0,1,0,"film based on a novel, swashbuckler film",United States,English,8.0,tt0054307
9416,Casebusters,1986,all,43/100,0,0,0,1,0,,,,,
9417,The New Yoda Chronicles: Clash of the Skywalkers,2014,,43/100,0,0,0,1,0,,,,,
9418,Expedition Everest,2020,7+,42/100,0,0,0,1,0,,,,,
9419,The Pre-Opening Report from Disneyland,1955,,42/100,0,0,0,1,0,,,,,
9420,Ready to Run,2000,all,42/100,0,0,0,1,0,,,,,
9421,From Our Family to Yours,2020,,42/100,0,0,0,1,0,,,,,
9422,The Poof Point,2001,7+,42/100,0,0,0,1,0,,,,,
9423,700 Sharks,2018,,42/100,0,0,0,1,0,,,,,
9424,How Dogs Got Their Shapes,2016,,42/100,0,0,0,1,0,,,,,
9425,Pluto's Surprise Package,1949,,42/100,0,0,0,1,0,,,,,
9426,Diving with Dolphins,2020,,42/100,0,0,0,1,0,,,,9.0,tt12100080
9427,Petra: Secrets of the Ancient Builders,2020,all,42/100,0,0,0,1,0,,,,,
9428,Surviving the Mount St. Helens Disaster,2020,,42/100,0,0,0,1,0,,,,10.0,tt12453440
9429,A Tale of Two Critters,1977,all,42/100,0,0,0,1,0,,,,,
9430,The Olympic Elk,1952,,42/100,0,0,0,1,0,documentary film,United States,English,8.0,tt0219222
9431,You Lucky Dog,1998,all,42/100,0,0,0,1,0,,,,,
9432,Easter Island Unsolved,2018,7+,42/100,0,0,0,1,0,,,,6.8,tt16411500
9433,Kingdom of the Blue Whale,2009,7+,42/100,0,0,0,1,0,,,,10.0,tt1403075
9434,The Story of the Faithful Wookiee,1978,,41/100,0,0,0,1,0,,,,,
9435,Secrets of the Bull Shark,2020,,41/100,0,0,0,1,0,,,,,
9436,Drain the Great Lakes,2011,all,41/100,0,0,0,1,0,,,,8.0,tt3738576
9437,Drain The Sunken Pirate City,2017,,41/100,0,0,0,1,0,,,,5.0,tt7964284
9438,Whispers: An Elephant's Tale,2000,all,41/100,0,0,0,1,0,,United States,English,5.0,tt0185007
9439,Sharks of Lost Island,2013,,41/100,0,0,0,1,0,,,,,
9440,Nature's Half Acre,1951,,41/100,0,0,0,1,0,nature documentary,United States,English,8.0,tt0043839
9441,The Jungle Book: Mowgli's Story,1998,all,41/100,0,0,0,1,0,"comedy film, film based on book",United States,English,3.0,tt0144262
9442,The Last Ice,2020,,41/100,0,0,0,1,0,,,,10.0,tt12812506
9443,Blue Ribbon Kids,2016,7+,41/100,0,0,0,1,0,,,,,
9444,Stonehenge: Decoded,2008,,41/100,0,0,0,1,0,,,,,
9445,Paris to Pittsburgh,2018,,41/100,0,0,0,1,0,documentary film,United States,English,10.0,tt9236264
9446,The Story of the Animated Drawing,1955,all,41/100,0,0,0,1,0,,,,,
9447,Water Birds,1952,,41/100,0,0,0,1,0,nature documentary,United States,English,10.0,tt0045314
9448,Hamilton: History Has Its Eyes On You,2020,7+,41/100,0,0,0,1,0,,,,6.5,tt12690910
9449,The Hidden Kingdoms of China,2020,,41/100,0,0,0,1,0,,,,,
9450,LEGO Star Wars: The New Yoda Chronicles – Duel of the Skywalkers,2014,,41/100,0,0,0,1,0,,,,7.0,tt8999684
9451,Mega Hammerhead,2016,,41/100,0,0,0,1,0,documentary film,,,8.0,tt5828074
9452,The Mouseketeers at Walt Disney World,1977,,40/100,0,0,0,1,0,,,,,
9453,Buried Truth of the Maya,2020,7+,40/100,0,0,0,1,0,,,,,
9454,"Sammy, the Way-Out Seal",1962,all,40/100,0,0,0,1,0,,,,,
9455,Shark vs. Surfer,2020,,40/100,0,0,0,1,0,,,,,
9456,Oil Spill of The Century,2018,13+,40/100,0,0,0,1,0,documentary film,,,5.2,tt32236112
9457,My Dog the Thief,1969,all,40/100,0,0,0,1,0,,,,,
9458,The Liberty Story,1957,all,40/100,0,0,0,1,0,,,,,
9459,Hacksaw,1971,7+,40/100,0,0,0,1,0,"horror film, found footage, slasher film, splatter film",United States,English,9.0,tt8453220
9460,Big Sur-Wild California,2010,all,40/100,0,0,0,1,0,,,,1.0,tt2183531
9461,Secrets of Christ's Tomb: Explorer Special,2017,,40/100,0,0,0,1,0,,,,,
9462,Cradle of the Gods,2012,,39/100,0,0,0,1,0,,,,6.5,tt2214921
9463,Justin Morgan Had a Horse,1972,all,39/100,0,0,0,1,0,,,,,
9464,Disney Illuminations Firework Show Disneyland Paris,2017,,39/100,0,0,0,1,0,,,,,
9465,Richie Rich's Christmas Wish,1998,all,39/100,0,0,0,1,0,Christmas film,United States,English,3.0,tt0155110
9466,Secrets of the King Cobra,2010,,39/100,0,0,0,1,0,documentary film,,,,
9467,Viking Warrior Women,2019,,39/100,0,0,0,1,0,,,,9.0,tt11676420
9468,Egypt's Treasure Guardians,2016,,38/100,0,0,0,1,0,,,,6.2,tt7264462
9469,Born Wild: The Next Generation,2020,all,38/100,0,0,0,1,0,,,,,
9470,Chasing the Equinox,2019,,38/100,0,0,0,1,0,,,,,
9471,Kingdom of the Apes: Battle Lines,2014,7+,38/100,0,0,0,1,0,,,,,
9472,Arendelle Castle Yule Log,2019,all,38/100,0,0,0,1,0,,,,,
9473,Giants of the Deep Blue,2017,7+,38/100,0,0,0,1,0,,,,,
9474,America's Greatest Animals,2012,,38/100,0,0,0,1,0,,,,10.0,tt6293566
9475,Sea of Hope: America's Underwater Treasures,2017,,38/100,0,0,0,1,0,,,,,
9476,Being the Queen,2020,13+,38/100,0,0,0,1,0,,,,,
9477,Winged Seduction: Birds of Paradise,2012,,38/100,0,0,0,1,0,,,,6.0,tt2543062
9478,The Boy Who Talked to Badgers,1975,,38/100,0,0,0,1,0,,,,,
9479,Man vs. Shark,2019,,38/100,0,0,0,1,0,,,,,
9480,The Lost City of Machu Picchu,2019,13+,38/100,0,0,0,1,0,,,,,
9481,Tree Climbing Lions,2018,7+,38/100,0,0,0,1,0,,,,,
9482,Planet of the Birds,2018,,37/100,0,0,0,1,0,,,,,
9483,The Undefeated Presents: Hamilton In-Depth,2020,,37/100,0,0,0,1,0,,,,,
9484,Penguins: Life on the Edge,2020,,37/100,0,0,0,1,0,behind-the-scenes film,,,,
9485,Wild Portugal,2020,13+,37/100,0,0,0,1,0,,,,7.0,tt16043106
9486,Disney My Music Story: Perfume,2020,,37/100,0,0,0,1,0,,,,,
9487,Shanghai Disney Resort Grand Opening Special,2016,,35/100,0,0,0,1,0,,,,,
9488,Shark vs. Whale,2020,7+,35/100,0,0,0,1,0,,,,,
9489,Shark Attack Investigation: The Paige Winter Story,2020,13+,35/100,0,0,0,1,0,,,,,
9490,Disney Holiday Magic Quest,2020,,35/100,0,0,0,1,0,,,,,
9491,India's Wild Leopards,2020,,35/100,0,0,0,1,0,,,,7.1,tt11902274
9492,Journey to Shark Eden,2009,,35/100,0,0,0,1,0,,,,,tt1948394
9493,Man Among Cheetahs,2017,,35/100,0,0,0,1,0,,,,6.9,tt7974952
9494,Big Sharks Rule,2018,7+,35/100,0,0,0,1,0,,,,,
9495,Sultan And The Rock Star,1980,all,34/100,0,0,0,1,0,,,,,
9496,My Music Story: Yoshiki,2021,16+,33/100,0,0,0,1,0,,,,,
9497,Disney Channel Halloween House Party,2020,,33/100,0,0,0,1,0,,,,,
9498,Earth Live,2017,,33/100,0,0,0,1,0,,,,,
9499,World's Greatest Dogs,2015,,33/100,0,0,0,1,0,,,,,
9500,Wild Uganda,2018,7+,32/100,0,0,0,1,0,,,,,
9501,Challenge Accepted! Disney Channel's Epic Holiday Showdown,2020,,32/100,0,0,0,1,0,,,,,
9502,Sharks of the Bermuda Triangle,2020,,31/100,0,0,0,1,0,,,,,
9503,Sharkcano,2020,,16/100,0,0,0,1,0,,,,6.1,tt27999923
9504,Disney My Music Story: Sukima Switch,2021,16+,16/100,0,0,0,1,0,,,,,
9505,Big Cat Games,2015,,15/100,0,0,0,1,0,,,,,
9506,Great Shark Chow Down,2019,7+,14/100,0,0,0,1,0,,,,,
9507,In Beaver Valley,1950,,14/100,0,0,0,1,0,nature documentary,United States,English,9.0,tt0042592
9508,Texas Storm Squad,2020,13+,14/100,0,0,0,1,0,,,,,
9509,What the Shark?,2020,13+,14/100,0,0,0,1,0,,,,,
9510,Built for Mars: The Perseverance Rover,2021,,14/100,0,0,0,1,0,,,,,
9511,Most Wanted Sharks,2020,,14/100,0,0,0,1,0,,,,,
9512,Doc McStuffins: The Doc Is In,2020,,13/100,0,0,0,1,0,,,,,
9513,Ultimate Viking Sword,2019,,13/100,0,0,0,1,0,,,,,
9514,Hunt for the Abominable Snowman,2011,,10/100,0,0,0,1,0,documentary film,United States,,1.0,tt1886977
9515,Women of Impact: Changing the World,2019,7+,10/100,0,0,0,1,0,,,,,
