ID,Title,Year,Age,Rotten Tomatoes,Netflix,Hulu,Prime Video,Disney+,Type,Genre,Country,Language,IMDb,IMDb_ID
1,Breaking Bad,2008,18+,100/100,1,0,0,0,1,"crime television series, drama television series, thriller television series, black comedy",United States,"American English, Spanish language in the Americas",10.0,tt0903747
2,Stranger Things,2016,16+,96/100,1,0,0,0,1,"science fiction television program, horror television series, drama television series, fantasy television series",United States,English,9.0,tt4574334
3,Attack on Titan,2013,18+,95/100,1,1,0,0,1,,,,9.0/10,
4,Better Call Saul,2015,18+,94/100,1,0,0,0,1,"legal drama, crime television series",United States,English,10.0,tt3032476
5,Dark,2017,16+,93/100,1,0,0,0,1,"science fiction television program, drama television series, thriller television series, LGBT-related television series",Germany,German,10.0,tt5753856
6,Avatar: The Last Airbender,2005,7+,93/100,1,0,1,0,1,"fantasy television series, action television series, drama television series, adventure television series",United States,English,6.0,tt9018736
7,Peaky Blinders,2013,18+,93/100,1,0,0,0,1,"drama television series, historical drama, crime television series",United Kingdom,English,10.0,tt2442560
8,The Walking Dead,2010,18+,93/100,1,0,0,0,1,"horror television series, drama television series, post-apocalyptic television series",United States,English,8.1,tt1520211
9,Black Mirror,2011,18+,92/100,1,0,0,0,1,"science fiction television program, drama television series, anthology series, dystopian television series",United Kingdom,English,9.0,tt2085059
10,The Queen's Gambit,2020,18+,92/100,1,0,0,0,1,,,,8.6/10,
11,Mindhunter,2017,18+,90/100,1,0,0,0,1,"drama television series, thriller television series, LGBT-related television series, crime television series",United States,English,10.0,tt5290382
12,Community,2009,7+,90/100,1,1,1,0,1,"sitcom, college life television program",United States,English,9.0,tt1439629
13,Narcos,2015,18+,90/100,1,0,0,0,1,"drama television series, crime television series, biographical television program",United States,"English, Spanish",9.0,tt2707408
14,Shameless,2011,18+,90/100,1,1,1,0,1,"comedy drama, LGBT-related television series",United States,English,9.0,tt1586680
15,Money Heist,2017,18+,90/100,1,0,0,0,1,"action television series, black comedy, buddy film, buddy cop film",Spain,Spanish,9.0,tt6468322
16,Marvel's Daredevil,2015,18+,90/100,1,0,0,0,1,"action television series, fantasy television series, adventure television series, drama television series",United States,English,8.0,tt3322312
17,Lucifer,2016,16+,90/100,1,0,0,0,1,"crime television series, horror television series, comedy drama, fantasy television series","United States, Czech Republic",English,10.0,tt4052886
18,Supernatural,2005,16+,89/100,1,0,0,0,1,"thriller television series, fantasy television series, action television series, horror television series","Canada, United States",English,10.0,tt0460681
19,The Witcher,2019,18+,89/100,1,0,0,0,1,"fantasy television series, drama television series, film based on literature","United States, Poland, Hungary",English,8.0,tt5180504
20,Ozark,2017,18+,89/100,1,0,0,0,1,"drama television series, crime television series",United States,English,9.0,tt5071412
21,The Crown,2016,18+,89/100,1,0,0,0,1,"drama television series, historical television series","United Kingdom, United States",English,9.0,tt4786824
22,Cobra Kai,2018,16+,89/100,1,0,0,0,1,"comedy drama, action television series",United States,English,8.0,tt7221388
23,The Blacklist,2013,16+,88/100,1,0,0,0,1,"crime television series, thriller television series, drama television series",United States,English,9.0,tt2741602
24,The Flash,2014,16+,88/100,1,0,0,0,1,"science fiction television program, superhero television program, action television series, drama television series",United States,English,7.5,tt3107288
25,Outlander,2014,18+,88/100,1,0,0,0,1,"fantasy television series, drama television series, adventure television series, historical television series","United States, United Kingdom","English, Scottish Gaelic, French",8.0,tt3006802
26,Fullmetal Alchemist: Brotherhood,2009,16+,88/100,1,1,0,0,1,,,,9.1/10,
27,The Good Place,2016,16+,88/100,1,0,0,0,1,"fantasy television series, comedy television series",United States,English,10.0,tt4955642
28,House of Cards,2013,18+,88/100,1,0,0,0,1,"political thriller, political drama",United States,English,9.0,tt1856010
29,Atypical,2017,16+,88/100,1,0,0,0,1,"comedy drama, LGBT-related television series",United States,English,10.0,tt6315640
30,Grey's Anatomy,2005,16+,87/100,1,1,0,0,1,medical drama,United States,English,8.0,tt0413573
31,Arrested Development,2003,16+,87/100,1,1,0,0,1,,,,8.7/10,
32,Lupin,2021,18+,87/100,1,0,0,0,1,"crime television series, mystery television series",France,French,7.0,tt2531336
33,The Umbrella Academy,2019,16+,87/100,1,0,0,0,1,"action television series, drama television series, superhero television program, television adaptation",United States,English,7.0,tt1312171
34,Orange Is the New Black,2013,18+,87/100,1,0,0,0,1,"comedy drama, LGBT-related television series, crime television series",United States,American English,8.0,tt2372162
35,The Vampire Diaries,2009,16+,86/100,1,0,0,0,1,"fantasy television series, horror television series, drama television series, youth series",United States,English,10.0,tt1405406
36,Demon Slayer: Kimetsu no Yaiba,2019,18+,86/100,1,1,0,0,1,,,,8.7/10,
37,The Last Dance,2020,16+,86/100,1,0,0,0,1,television documentary,United States,English,10.0,tt8420184
38,American Horror Story,2011,18+,86/100,1,1,1,0,1,"anthology series, horror television series",United States,English,7.0,tt1844624
39,Elite,2018,18+,86/100,1,0,0,0,1,"thriller television series, teen drama television, LGBT-related television series",Spain,Spanish,7.0,tt7134908
40,BoJack Horseman,2014,18+,86/100,1,0,0,0,1,,,,8.7/10,
41,Star Trek: The Next Generation,1987,7+,86/100,1,1,1,0,1,"science fiction television program, adventure television series",United States,English,8.7,tt0092455
42,Broadchurch,2013,18+,86/100,1,0,0,0,1,"thriller television series, police television drama",United Kingdom,English,9.0,tt2249364
43,The IT Crowd,2006,16+,86/100,1,0,0,0,1,sitcom,United Kingdom,English,10.0,tt0487831
44,When They See Us,2019,18+,86/100,1,0,0,0,1,,,,8.9/10,
45,"Love, Death & Robots",2019,18+,86/100,1,0,0,0,1,,,,8.5/10,
46,Schitt's Creek,2015,16+,86/100,1,0,0,0,1,"sitcom, LGBT-related television series",Canada,English,10.0,tt3526078
47,Marvel's Agents of S.H.I.E.L.D.,2013,16+,86/100,1,0,0,0,1,"science fiction television program, fantasy television series, action television series, adventure television series",United States,English,7.0,tt2364582
48,Never Have I Ever,2020,16+,86/100,1,0,0,0,1,"comedy drama, teen drama television, LGBT-related television series",United States,English,7.0,tt10062292
49,The 100,2014,16+,86/100,1,0,0,0,1,"post-apocalyptic television series, science fiction television program, speculative fiction, LGBT-related television series",United States,English,8.0,tt2661044
50,American Crime Story,2016,18+,85/100,1,0,0,0,1,"anthology series, crime television series, drama television series",United States,English,8.0,tt2788432
51,The Last Kingdom,2015,18+,85/100,1,0,0,0,1,"historical drama, television series based on a novel",United Kingdom,English,9.0,tt4179452
52,The End of the F***ing World,2017,18+,85/100,1,0,0,0,1,"teen drama television, black comedy, coming-of-age television program",United Kingdom,English,8.0,tt6257970
53,New Girl,2011,16+,85/100,1,0,0,0,1,sitcom,United States,English,8.0,tt1826940
54,Penny Dreadful,2014,18+,85/100,1,0,1,0,1,"horror television series, thriller television series, drama television series, LGBT-related television series","United Kingdom, United States",English,7.0,tt2628232
55,One Piece,1999,7+,85/100,1,1,0,0,1,,,,8.8/10,
56,Marvel's The Punisher,2017,18+,85/100,1,0,0,0,1,"action television series, crime television series, adventure television series, thriller television series",United States,English,9.0,tt5675620
57,Evil,2019,18+,85/100,1,0,0,0,1,thriller television series,United States,English,7.0,tt9055008
58,YOU,2018,18+,85/100,1,0,0,0,1,"thriller television series, television series based on a novel",United States,English,8.0,tt7335184
59,Sense8,2015,18+,84/100,1,0,0,0,1,"science fiction television program, drama television series, LGBT-related television series",United States,English,8.0,tt2431438
60,Making a Murderer,2015,16+,84/100,1,0,0,0,1,documentary film,United States,English,10.0,tt5189670
61,Unbelievable,2019,18+,84/100,1,0,0,0,1,,,,8.4/10,
62,Arrow,2012,16+,84/100,1,0,0,0,1,"science fiction television program, action television series, superhero fiction, crime television series",United States,"English, Spanish, Russian",7.0,tt2193021
63,Sex Education,2019,18+,84/100,1,0,0,0,1,"teen drama television, LGBT-related television series, coming-of-age television program, comedy drama",United Kingdom,English,10.0,tt7767422
64,Marvel's Jessica Jones,2015,18+,84/100,1,0,0,0,1,"action television series, fantasy television series, crime television series, thriller television series",United States,English,9.0,tt2357547
65,Sweet Tooth,2021,16+,84/100,1,0,0,0,1,"fantasy television series, drama television series, post-apocalyptic television series",United States,English,7.7,tt12809988
66,Good Girls,2018,16+,84/100,1,1,0,0,1,comedy drama,United States,English,9.0,tt6474378
67,Death Note,2006,16+,84/100,1,1,0,0,1,,,,9.0/10,
68,Gilmore Girls,2000,16+,84/100,1,0,0,0,1,"comedy drama, youth series",United States,English,8.2,tt0238784
69,The Legend of Korra,2012,7+,83/100,1,0,0,0,1,,,,8.4/10,
70,How to Get Away with Murder,2014,16+,83/100,1,1,0,0,1,"legal drama, mystery television series, thriller television series, LGBT-related television series",United States,English,10.0,tt3205802
71,Master of None,2015,18+,83/100,1,0,0,0,1,comedy television series,United States,English,10.0,tt4635276
72,Chappelle's Show,2003,18+,83/100,1,0,0,0,1,comedy film,United States,English,8.8,tt0353049
73,One-Punch Man,2015,7+,83/100,1,1,0,0,1,,,,8.8/10,
74,Downton Abbey,2010,16+,83/100,1,0,1,0,1,"historical drama, drama television series, historical television series",United Kingdom,English,10.0,tt1606375
75,Gotham,2014,16+,83/100,1,0,0,0,1,"fantasy television series, drama television series, crime television series, LGBT-related television series",United States,English,9.0,tt3749900
76,Pose,2018,18+,83/100,1,0,0,0,1,,,,8.6/10,
77,Bodyguard,2018,18+,83/100,1,0,0,0,1,drama,United Kingdom,English,9.0,tt7493974
78,Altered Carbon,2018,18+,83/100,1,0,0,0,1,"cyberpunk, action television series, crime television series, science fiction television program",United States,English,9.0,tt2261227
79,Ash vs Evil Dead,2015,18+,83/100,1,0,0,0,1,"comedy horror, fantasy television series",United States,English,9.0,tt4189022
80,The Sinner,2017,16+,83/100,1,0,0,0,1,"thriller television series, LGBT-related television series, television series based on a novel",United States,English,7.8,tt6048596
81,Our Planet,2019,all,82/100,1,0,0,0,1,documentary film,United Kingdom,English,10.0,tt9253866
82,Narcos: Mexico,2018,18+,82/100,1,0,0,0,1,"drama film, telenarconovela","United States, Mexico",,9.0,tt8714904
83,Shadow and Bone,2021,16+,82/100,1,0,0,0,1,"fantasy television series, adventure television series, television series based on a novel, teen drama television",United States,English,6.0,tt2403776
84,Castlevania,2017,18+,82/100,1,0,0,0,1,,,,8.3/10,
85,Star Trek,1966,7+,82/100,1,1,1,0,1,"adventure television series, science fiction television program",United States,English,9.0,tt0060028
86,The Kominsky Method,2018,18+,82/100,1,0,0,0,1,comedy drama,United States,English,10.0,tt7255502
87,Hunter x Hunter,2011,16+,82/100,1,1,0,0,1,,,,9.0/10,
88,Dead to Me,2019,18+,82/100,1,0,0,0,1,comedy drama,United States,English,10.0,tt8064302
89,The Haunting of Hill House,2018,18+,82/100,1,0,0,0,1,,,,8.6/10,
90,Russian Doll,2019,18+,82/100,1,0,0,0,1,comedy television series,United States,English,10.0,tt7520794
91,Kingdom,2019,18+,82/100,1,1,0,0,1,,,,8.4/10,
92,Neon Genesis Evangelion,1995,16+,82/100,1,0,0,0,1,,,,8.5/10,
93,Naruto,2002,7+,81/100,1,1,0,0,1,,,,8.3/10,
94,NCIS,2003,16+,81/100,1,0,0,0,1,"police procedural, action television series, drama television series",United States,English,7.8,tt0364845
95,Manifest,2018,16+,81/100,1,1,0,0,1,drama film,United States,English,7.0,tt8421350
96,Halt and Catch Fire,2014,16+,81/100,1,0,0,0,1,"drama television series, historical drama, LGBT-related television series",United States,English,9.0,tt2543312
97,Monty Python's Flying Circus,1969,16+,81/100,1,0,0,0,1,comedy television series,United Kingdom,English,8.8,tt0063929
98,After Life,2019,18+,81/100,1,0,0,0,1,black comedy,United Kingdom,English,9.0,tt8398600
99,Riverdale,2017,16+,81/100,1,1,0,0,1,"drama television series, youth series, LGBT-related television series, romance television series",United States,English,7.0,tt5420376
100,Big Mouth,2017,18+,81/100,1,0,0,0,1,"hardboiled, film noir, crime television series, action television series",South Korea,Korean,9.0,tt21195490
101,I Think You Should Leave with Tim Robinson,2019,18+,81/100,1,0,0,0,1,sketch comedy,United States,English,8.0,tt10050772
102,Derry Girls,2018,16+,81/100,1,0,0,0,1,sitcom,United Kingdom,English,9.0,tt7120662
103,The Promised Neverland,2019,18+,81/100,1,1,0,0,1,,,,8.5/10,
104,Lost in Space,2018,7+,80/100,1,1,0,0,1,"science fiction television program, adventure science fiction",United States,English,8.0,tt0058824
105,Star Trek: Deep Space Nine,1993,7+,80/100,1,1,1,0,1,"science fiction television program, adventure television series",United States,English,9.0,tt0106145
106,Jane the Virgin,2014,16+,80/100,1,0,0,0,1,"comedy drama, soap opera, romantic comedy",United States,"English, Spanish",9.0,tt3566726
107,Godless,2017,18+,80/100,1,0,0,0,1,"Westerns on television, drama television series",United States,English,9.0,tt5516154
108,The OA,2016,18+,80/100,1,0,0,0,1,"drama television series, mystery television series, science fiction television program, LGBT-related television series",United States,English,8.0,tt4635282
109,DC's Legends of Tomorrow,2016,16+,80/100,1,0,0,0,1,"action television series, superhero television program, science fiction television program, LGBT-related television series",United States,English,7.0,tt4532368
110,Sacred Games,2018,18+,80/100,1,0,0,0,1,"crime television series, thriller television series, LGBT-related television series, television series based on a novel",India,Hindi,10.0,tt6077448
111,iZombie,2015,16+,80/100,1,0,0,0,1,"comedy drama, television adaptation, zombie television program, crime television series",United States,English,8.0,tt3501584
112,Longmire,2012,16+,80/100,1,0,0,0,1,"drama television series, television series based on a novel, Westerns on television",United States,English,8.0,tt1836037
113,Happy Endings,2011,16+,80/100,1,1,0,0,1,"romantic comedy, American television sitcom, sitcom, LGBT-related television series",United States,English,8.0,tt1587678
114,Into the Badlands,2015,16+,80/100,1,0,0,0,1,"action television series, post-apocalyptic television series",United States,English,8.0,tt3865236
115,The Originals,2013,16+,80/100,1,0,0,0,1,"teen drama television, vampire television program, werewolf television program, fantasy television series",United States,English,9.0,tt2632424
116,Anne with an E,2017,all,80/100,1,0,0,0,1,"drama television series, television series based on a novel",Canada,English,10.0,tt5421602
117,Grace and Frankie,2015,18+,80/100,1,0,0,0,1,"sitcom, comedy television series, LGBT-related television series",United States,English,8.2,tt3609352
118,Chilling Adventures of Sabrina,2018,16+,80/100,1,0,0,0,1,"drama television series, paranormal television program, horror television series, LGBT-related television series",United States,English,9.0,tt7569592
119,Queen of the South,2016,16+,79/100,1,0,0,0,1,"thriller television series, television series based on a novel",United States,English,10.0,tt1064899
120,A Series of Unfortunate Events,2017,7+,79/100,1,0,0,0,1,"black comedy, drama television series, television series based on a novel",United States,English,7.0,tt4834206
121,Bridgerton,2020,,79/100,1,0,0,0,1,"television series based on a novel, alternate history television series, historical drama, romantic fiction",United States,English,7.0,tt8740790
122,Unorthodox,2020,18+,79/100,1,0,0,0,1,,,,8.0/10,
123,Stargate SG-1,1997,13+,79/100,1,1,0,0,1,"science fiction television program, adventure television series, action television series","United States, Canada",English,8.4,tt0118480
124,Outer Banks,2020,18+,79/100,1,0,0,0,1,"action television series, teen drama television, adventure television series, mystery television series",United States,English,7.0,tt10293938
125,13 Reasons Why,2017,18+,79/100,1,0,0,0,1,"drama television series, thriller television series, youth series",United States,English,8.0,tt1837492
126,Unbreakable Kimmy Schmidt,2015,16+,79/100,1,0,0,0,1,"comedy television series, sitcom, LGBT-related television series",United States,English,7.0,tt3339966
127,Marvel's Luke Cage,2016,18+,79/100,1,0,0,0,1,"science fiction television program, crime television series, superhero television program",United States,English,7.0,tt3322314
128,GLOW,2017,18+,79/100,1,0,0,0,1,"drama television series, comedy television series, LGBT-related television series",United States,English,8.0,tt5770786
129,Borgen,2010,18+,79/100,1,0,0,0,1,"crime television series, political drama",Denmark,Danish,10.0,tt1526318
130,The 4400,2004,7+,79/100,1,0,0,0,1,"science fiction television program, mystery television series, drama television series",United States,English,8.0,tt0389564
131,Alias Grace,2017,18+,79/100,1,0,0,0,1,,,,7.7/10,
132,All American,2018,16+,79/100,1,0,0,0,1,drama television series,United States,English,3.0,tt7414406
133,Santa Clarita Diet,2017,18+,79/100,1,0,0,0,1,comedy horror,United States,English,9.0,tt5580540
134,Reign,2013,16+,78/100,1,0,0,0,1,"period drama film, historical drama",United States,English,7.4,tt2710394
135,Maniac,2018,18+,78/100,1,0,0,0,1,black comedy,United States,English,8.0,tt5580146
136,Dark Matter,2015,18+,78/100,1,0,1,0,1,"space opera, drama television series, science fiction television program","Canada, United States",English,9.0,tt4159076
137,Star Trek: Voyager,1995,7+,78/100,1,1,1,0,1,"science fiction television program, adventure television series",United States,English,8.0,tt0112178
138,"Tiger King: Murder, Mayhem and Madness",2020,18+,78/100,1,0,0,0,1,"television documentary, true crime",United States,English,7.0,tt11823076
139,Call the Midwife,2012,16+,78/100,1,0,0,0,1,"medical drama, drama television series, film based on book, historical drama",United Kingdom,English,10.0,tt1983079
140,Queer Eye,2018,16+,78/100,1,0,0,0,1,"reality television, LGBT-related television series, makeover reality television series",United States,American English,10.0,tt7259746
141,American Vandal,2017,16+,78/100,1,0,0,0,1,mockumentary,United States,English,10.0,tt6877772
142,Wynonna Earp,2016,16+,78/100,1,0,0,0,1,"dark fantasy, drama television series, thriller television series, Westerns on television","Canada, United States",English,9.0,tt4878326
143,Marvel's The Defenders,2017,18+,78/100,1,0,0,0,1,"action television series, fantasy television series, adventure television series, drama television series",United States,English,6.0,tt4230076
144,HAPPY!,2017,18+,77/100,1,0,0,0,1,fantasy television series,United States,English,8.0,tt2452242
145,Haikyu!!,2014,16+,77/100,1,1,0,0,1,,,,8.7/10,
146,Colony,2016,16+,77/100,1,0,0,0,1,,,,7.4/10,
147,Heartland,2007,7+,77/100,1,0,1,0,1,drama television series,Canada,English,9.0,tt1094229
148,Alone,2015,16+,77/100,1,1,0,0,1,,,,8.4/10,
149,Marco Polo,2014,18+,77/100,1,0,1,0,1,"drama film, historical fantasy",United States,English,8.0,tt2189461
150,Wild Wild Country,2018,16+,77/100,1,0,0,0,1,television documentary,United States,English,7.0,tt7768848
151,The Dragon Prince,2018,7+,77/100,1,0,0,0,1,,,,8.4/10,
152,Locke & Key,2020,16+,77/100,1,0,0,0,1,"fantasy television series, teen drama television, adventure television series",United States,English,7.0,tt3007572
153,Love,2016,18+,77/100,1,0,0,0,1,,,,7.7/10,
154,One Day at a Time,2017,7+,77/100,1,0,0,0,1,"sitcom, LGBT-related television series",United States,English,10.0,tt5339440
155,Feel Good,2020,18+,77/100,1,0,0,0,1,comedy drama,United Kingdom,English,10.0,tt10098620
156,Fauda,2015,16+,77/100,1,0,0,0,1,"political thriller, thriller television series, action television series, drama television series",Israel,"Hebrew, Arabic",9.0,tt4565380
157,The Dark Crystal: Age of Resistance,2019,7+,77/100,1,0,0,0,1,"fantasy television series, dark fantasy television program","United Kingdom, United States",English,8.0,tt6905598
158,Top Boy,2011,18+,77/100,1,0,0,0,1,drama television series,United Kingdom,English,10.0,tt1830379
159,I Am Not Okay with This,2020,18+,77/100,1,0,0,0,1,"comedy drama, fantasy television series",United States,English,8.0,tt9446688
160,Supergirl,2015,16+,77/100,1,0,0,0,1,"action television series, drama television series, superhero television program, adventure television series",United States,English,8.0,tt4016454
161,The Shannara Chronicles,2016,16+,77/100,1,0,0,0,1,"post-apocalyptic television series, television series based on a novel, fantasy television series",United States,English,6.0,tt1051220
162,Designated Survivor,2016,7+,77/100,1,0,0,0,1,political drama,United States,English,8.0,tt5296406
163,Travelers,2016,16+,77/100,1,0,0,0,1,"science fiction television program, time-travel television program, science fiction","Canada, United States",English,8.0,tt5651844
164,StartUp,2016,18+,77/100,1,0,0,0,1,drama television series,United States,English,8.0,tt5028002
165,Ripper Street,2012,18+,77/100,1,0,0,0,1,"drama television series, mystery television series, historical fiction",United Kingdom,English,9.0,tt2183641
166,Episodes,2011,18+,77/100,1,0,0,0,1,"sitcom, LGBT-related television series","United Kingdom, United States",English,9.0,tt1582350
167,Crazy Ex-Girlfriend,2015,16+,76/100,1,0,0,0,1,"comedy drama, LGBT-related television series, musical, romantic comedy",United States,English,10.0,tt4094300
168,Bloodline,2015,18+,76/100,1,0,0,0,1,"drama television series, thriller television series",United States,English,8.0,tt3520702
169,Black Summer,2019,18+,76/100,1,0,0,0,1,"drama television series, post-apocalyptic television series",United States,,6.6,tt8923854
170,The Borgias,2011,18+,76/100,1,0,0,0,1,"historical television series, thriller television series",Canada,English,8.0,tt1582457
171,Glee,2009,16+,76/100,1,0,1,0,1,"comedy drama, musical, youth series, LGBT-related television series",United States,English,8.0,tt1327801
172,The Stranger,2020,18+,76/100,1,0,0,0,1,,,,7.3/10,
173,Virgin River,2019,16+,76/100,1,0,0,0,1,"romance film, drama television series, television series based on a novel",United States,English,7.0,tt9077530
174,Lilyhammer,2012,18+,76/100,1,0,0,0,1,"comedy drama, crime television series","Norway, United States","Norwegian, English",8.0,tt1958961
175,Dirty John,2018,18+,76/100,1,0,0,0,1,true crime,United States,English,10.0,tt7945720
176,TURN: Washington's Spies,2014,16+,76/100,1,0,0,0,1,"historical drama, film based on book",United States,English,9.0,tt2543328
177,Star Trek: Enterprise,2001,7+,76/100,1,1,1,0,1,"science fiction television program, action television series, military science fiction, adventure television series",United States,"English, Klingon",7.0,tt0244365
178,She-Ra and the Princesses of Power,2018,all,75/100,1,0,0,0,1,,,,7.9/10,
179,Merlin,2008,7+,75/100,1,1,1,0,1,"fantasy television series, adventure television series, drama television series",United Kingdom,English,7.9,tt1199099
180,The Magicians,2015,16+,75/100,1,0,0,0,1,"fantasy television series, LGBT-related television series, television series based on a novel, college life television program",United States,English,8.0,tt4254242
181,Ginny & Georgia,2021,16+,75/100,1,0,0,0,1,,United States,English,9.0,tt10813940
182,The Spy,2019,18+,75/100,1,0,0,0,1,"drama television series, film based on book",France,English,8.0,tt5952634
183,On My Block,2018,16+,75/100,1,0,0,0,1,coming-of-age fiction,United States,"English, Spanish",7.0,tt7879820
184,The Movies That Made Us,2019,18+,75/100,1,0,0,0,1,television documentary,United States,English,5.0,tt10681222
185,Chef's Table,2015,all,75/100,1,0,0,0,1,television documentary,United States,English,8.0,tt4295140
186,Biohackers,2020,18+,75/100,1,0,0,0,1,"techno-thriller, science fiction television program, drama film",Germany,German,7.0,tt9849210
187,The Seven Deadly Sins,2014,16+,75/100,1,0,0,0,1,,,,8.0/10,
188,The Keepers,2017,16+,75/100,1,0,0,0,1,,United States,English,8.0,tt6792200
189,F is for Family,2015,18+,74/100,1,0,0,0,1,,,,8.0/10,
190,The Midnight Gospel,2020,18+,74/100,1,0,0,0,1,,,,8.2/10,
191,Ragnarok,2020,18+,74/100,1,0,1,0,1,"fantasy television series, drama television series, speculative fiction","Norway, Denmark","Norwegian, Old Norse, English",9.0,tt9251798
192,Legacies,2018,16+,74/100,1,0,0,0,1,"drama television series, horror television series, fantasy television series, youth series",United States,English,6.0,tt8103070
193,The Order,2019,18+,74/100,1,0,0,0,1,,,,6.8/10,
194,Disenchantment,2018,16+,74/100,1,0,0,0,1,,,,7.2/10,
195,Dead Set,2008,18+,74/100,1,0,0,0,1,zombie film,United Kingdom,English,8.0,tt1285482
196,Dirty Money,2018,16+,74/100,1,0,0,0,1,documentary film,United States,English,10.0,tt7889220
197,The Staircase,2005,16+,74/100,1,0,0,0,1,,,,7.9/10,
198,Soul Eater,2008,16+,74/100,1,1,0,0,1,,,,7.8/10,
199,Into the Night,2020,18+,74/100,1,0,0,0,1,"post-apocalyptic television series, science fiction television program, drama television series, thriller television series",Belgium,"French, Dutch, English",6.0,tt10919486
200,The Haunting of Bly Manor,2020,,74/100,1,0,0,0,1,,,,7.4/10,
201,Julie and the Phantoms,2020,7+,74/100,1,0,0,0,1,,United States,,10.0,tt10183988
202,Leyla ile Mecnun,2011,7+,74/100,1,0,0,0,1,,Turkey,Turkish,10.0,tt1831164
203,Living with Yourself,2019,18+,74/100,1,0,0,0,1,"comedy, romantic comedy, black comedy",United States,English,7.0,tt8880894
204,Young Royals,2021,,74/100,1,0,0,0,1,teen drama television,Sweden,Swedish,10.0,tt14664414
205,Hilda,2018,7+,74/100,1,0,0,0,1,,,,8.6/10,
206,The Mechanism,2018,18+,74/100,1,0,0,0,1,political drama,Brazil,Brazilian Portuguese,8.0,tt6873658
207,ERASED,2016,16+,74/100,1,1,0,0,1,"drama television series, mystery television series",Japan,Japanese,9.0,tt7573686
208,Formula 1: Drive to Survive,2019,16+,74/100,1,0,0,0,1,television documentary,United Kingdom,English,10.0,tt8289930
209,Don't F**k with Cats: Hunting an Internet Killer,2019,18+,74/100,1,0,0,0,1,"true crime, television documentary, drama television series",United States,English,9.0,tt11318602
210,Kim's Convenience,2016,16+,73/100,1,0,0,0,1,sitcom,Canada,English,8.0,tt5912064
211,The Society,2019,18+,73/100,1,0,0,0,1,"mystery television series, LGBT-related television series",United States,English,7.0,tt8778064
212,Imposters,2017,16+,73/100,1,0,0,0,1,"black comedy, LGBT-related television series",United States,English,8.0,tt5212822
213,Frequency,2016,7+,73/100,1,0,1,0,1,"drama television series, police television drama, science fiction television program",United States,English,7.4,tt5531470
214,Wentworth,2013,18+,73/100,1,0,0,0,1,,,,8.6/10,
215,Marvel's Iron Fist,2017,18+,73/100,1,0,0,0,1,"action television series, fantasy television series, superhero television program",United States,English,8.0,tt3322310
216,Bleach,2004,18+,73/100,1,1,0,0,1,,,,8.1/10,
217,Quantico,2015,16+,73/100,1,0,0,0,1,"thriller television series, drama television series, LGBT-related television series",United States,English,7.0,tt4428122
218,Shooter,2016,16+,73/100,1,0,0,0,1,,,,7.5/10,
219,Pokémon,1997,7+,73/100,1,1,1,0,1,,,,7.5/10,
220,Hollywood,2020,18+,73/100,1,0,0,0,1,,,,7.5/10,
221,Madam Secretary,2014,16+,73/100,1,0,0,0,1,drama television series,United States,English,9.0,tt3501074
222,Last Tango in Halifax,2012,16+,73/100,1,0,0,0,1,"comedy drama, LGBT-related television series",United Kingdom,,9.0,tt2216156
223,Safe,2018,18+,73/100,1,1,0,0,1,,,,7.3/10,
224,Resurrection: Ertugrul,2014,16+,73/100,1,0,0,0,1,"adventure television series, historical television series",Turkey,Turkish,9.0,tt4320258
225,Versailles,2015,18+,73/100,1,0,0,0,1,,,,7.9/10,
226,Sex/Life,2021,18+,73/100,1,0,0,0,1,"comedy drama, television series based on a novel",United States,English,7.0,tt10839422
227,Fullmetal Alchemist,2003,16+,73/100,1,0,0,0,1,,,,8.5/10,
228,Marianne,2019,18+,73/100,1,0,0,0,1,horror television series,France,French,8.0,tt10875696
229,Five Came Back,2017,16+,73/100,1,0,0,0,1,documentary film,United States,,9.0,tt6587094
230,Miraculous: Tales of Ladybug & Cat Noir,2015,7+,73/100,1,0,0,0,1,,,,7.7/10,
231,Abstract: The Art of Design,2017,16+,73/100,1,0,0,0,1,"television documentary, documentary film",United States,English,10.0,tt6333098
232,Teenage Bounty Hunters,2020,18+,72/100,1,0,0,0,1,drama film,United States,English,8.0,tt10584608
233,Documentary Now!,2015,18+,72/100,1,0,0,0,1,mockumentary,United States,English,10.0,tt4677934
234,Special,2019,18+,72/100,1,0,0,0,1,,,,7.6/10,
235,JoJo's Bizarre Adventure,2012,18+,72/100,1,1,0,0,1,,,,8.4/10,
236,Manhunt,2017,16+,72/100,1,0,0,0,1,detective fiction,United States,,7.0,tt0052488
237,Your Lie in April,2014,7+,72/100,1,1,0,0,1,,,,8.6/10,
238,Code Geass: Lelouch of the Rebellion,2006,18+,72/100,1,0,0,0,1,,,,8.7/10,
239,Middleditch & Schwartz,2020,18+,72/100,1,0,0,0,1,,United States,,9.0,tt12027034
240,Zoo,2015,16+,72/100,1,0,0,0,1,drama,Spain,Catalan,4.2,tt1149587
241,Jupiters Legacy,2021,18+,72/100,1,0,0,0,1,,,,6.7/10,
242,Ratched,2020,18+,72/100,1,0,0,0,1,horror television series,United States,,6.0,tt7423538
243,Babylon Berlin,2017,18+,72/100,1,0,0,0,1,"thriller television series, historical drama, television series based on a novel, period drama film",Germany,"German, Russian",8.4,tt4378376
244,Better Than Us,2018,,72/100,1,0,0,0,1,"science fiction television program, drama television series, dystopian television series",Russia,Russian,9.0,tt8285216
245,Everything Sucks!,2018,16+,72/100,1,0,0,0,1,"comedy drama, LGBT-related television series",United States,English,8.0,tt7078710
246,Evil Genius,2018,18+,72/100,1,0,0,0,1,,,,7.5/10,
247,Doctor Foster,2015,16+,72/100,1,0,0,0,1,drama film,United Kingdom,English,8.0,tt4602768
248,Marcella,2016,18+,72/100,1,0,0,0,1,,,,7.4/10,
249,Survivor,2000,7+,72/100,1,1,1,0,1,reality television,United States,English,7.6,tt0239195
250,Derek,2013,7+,72/100,1,0,0,0,1,,,,8.0/10,
251,Flowers,2016,,72/100,1,0,0,0,1,,,,8.2/10,
252,3%,2016,18+,72/100,1,0,0,0,1,"science fiction television program, dystopian television series",Brazil,Portuguese,9.0,tt4922804
253,Tuca & Bertie,2019,18+,72/100,1,0,0,0,1,,,,7.4/10,
254,Kuroko's Basketball,2012,,72/100,1,0,0,0,1,,,,8.3/10,
255,Parasyte -the maxim-,2014,18+,72/100,1,1,0,0,1,,,,8.3/10,
256,Last Chance U,2016,16+,71/100,1,0,0,0,1,"sport film, documentary film",United States,English,8.0,tt5863126
257,Trailer Park Boys,2001,18+,71/100,1,0,0,0,1,"comedy television series, mockumentary, raunchy comedy television program",Canada,Canadian English,10.0,tt0290988
258,Black Lightning,2018,16+,71/100,1,0,0,0,1,"superhero film, LGBT-related television series",United States,English,7.0,tt6045840
259,Chicago Med,2015,16+,71/100,1,1,0,0,1,medical drama,United States,English,7.0,tt4655480
260,How to Sell Drugs Online (Fast),2019,18+,71/100,1,0,0,0,1,drama film,Germany,German,8.0,tt9184994
261,Secret City,2016,18+,71/100,1,0,0,0,1,"drama film, television series based on a novel, political thriller",Australia,English,7.0,tt4976512
262,Dynasty,2017,16+,71/100,1,0,0,0,1,soap opera,United States,English,6.4,tt0081856
263,Dracula,2020,18+,71/100,1,0,0,0,1,,,,6.8/10,
264,Delhi Crime,2019,,71/100,1,0,0,0,1,,India,,9.0,tt9398466
265,Space Force,2020,18+,71/100,1,0,0,0,1,comedy television series,United States,English,8.0,tt9612516
266,Pretend It's a City,2021,16+,71/100,1,0,0,0,1,television documentary,United States,English,10.0,tt13660958
267,Masters of the Universe: Revelation,2021,7+,71/100,1,0,0,0,1,,,,4.9/10,
268,iCarly,2007,all,71/100,1,0,0,0,1,sitcom,United States,English,7.0,tt13657062
269,Who Killed Sara?,2021,18+,71/100,1,0,0,0,1,,Mexico,Spanish,7.0,tt11937816
270,Sword Art Online,2012,18+,71/100,1,1,0,0,1,science fiction television program,United States,English,7.6/10,tt5936660
271,Paranormal,2020,7+,71/100,1,0,0,0,1,"mystery television series, thriller television series, psychological horror, fiction",Egypt,Arabic,10.0,tt12411074
273,Frontier,2016,18+,71/100,1,0,0,0,1,,,,7.2/10,
274,The Politician,2019,16+,71/100,1,0,0,0,1,"comedy drama, musical comedy, LGBT-related television series",United States,American English,7.0,tt7971476
275,Raising Dion,2019,7+,71/100,1,0,0,0,1,"science fiction television program, drama television series",United States,English,5.0,tt7826108
276,Food Wars! Shokugeki no Soma,2015,18+,71/100,1,1,0,0,1,,,,8.2/10,
277,Crash Landing on You,2019,16+,71/100,1,0,0,0,1,"romantic comedy, drama",South Korea,Korean,9.0,tt11178330
278,Seven Seconds,2018,18+,71/100,1,0,0,0,1,crime,United States,English,10.0,tt6297682
279,The Great British Bake Off,2010,7+,70/100,1,0,0,0,1,cooking show,United Kingdom,English,9.0,tt1877368
280,Wizards: Tales of Arcadia,2020,7+,70/100,1,0,0,0,1,,,,8.2/10,
281,Conversations with a Killer: The Ted Bundy Tapes,2019,18+,70/100,1,0,0,0,1,television documentary,United States,English,10.0,tt9425132
282,Lenox Hill,2020,,70/100,1,0,0,0,1,television documentary,United States,,10.0,tt12190580
283,Fate: The Winx Saga,2021,18+,70/100,1,0,0,0,1,"teen drama television, fantasy television series","Italy, United Kingdom",English,9.0,tt8179402
284,The Circle,2020,18+,70/100,1,0,1,0,1,reality television,United States,English,8.0,tt9581768
285,Cheer,2020,16+,70/100,1,0,0,0,1,television documentary,United States,English,8.0,tt11426660
286,Hemlock Grove,2013,18+,70/100,1,0,0,0,1,"science fiction television program, television series based on a novel, horror television series, thriller television series",United States,English,7.0,tt2309295
287,Transformers: War for Cybertron: Siege,2020,16+,70/100,1,0,0,0,1,,,,7.4/10,
288,Explained,2018,16+,70/100,1,0,0,0,1,television documentary,United States,English,5.0,tt8005374
289,Messiah,2020,18+,70/100,1,0,0,0,1,,,,7.6/10,
290,Sky Rojo,2021,18+,70/100,1,0,0,0,1,"crime television series, action thriller",Spain,Spanish,8.0,tt8690776
291,Bonding,2019,18+,70/100,1,0,0,0,1,"black comedy film, LGBT-related television series",United States,English,8.0,tt7718088
292,I'm Sorry,2017,7+,70/100,1,0,0,0,1,comedy television series,United States,English,7.0,tt5987254
293,Katla,2021,18+,70/100,1,0,0,0,1,"Nordic noir, thriller television series",Iceland,"Icelandic, English, Swedish",8.0,tt11102190
294,It's Okay to Not Be Okay,2020,16+,70/100,1,0,0,0,1,"romance, drama film",South Korea,Korean,10.0,tt12451520
295,Forensic Files,1996,16+,70/100,1,1,1,0,1,,United States,,8.0,tt11840612
296,Workin' Moms,2017,18+,70/100,1,0,0,0,1,comedy drama,Canada,English,7.0,tt6143796
297,The Toys That Made Us,2017,16+,70/100,1,0,0,0,1,television documentary,United States,English,6.0,tt7053920
298,The Devil Next Door,2019,18+,70/100,1,0,0,0,1,television documentary,United States,English,10.0,tt11165002
299,Kipo and the Age of Wonderbeasts,2020,7+,70/100,1,0,0,0,1,,,,8.4/10,
300,"Roswell, New Mexico",2019,16+,70/100,1,0,0,0,1,"drama television series, science fiction television program, television series based on a novel",United States,English,6.0,tt7588054
301,Night Stalker: The Hunt For a Serial Killer,2021,18+,70/100,1,0,0,0,1,true crime,United States,English,9.0,tt13651632
302,Glitch,2015,16+,70/100,1,0,0,0,1,"drama film, paranormal reality television",Australia,English,7.0,tt4192782
303,Great Pretender,2020,18+,69/100,1,0,0,0,1,,United States,English,8.0,tt0318891
304,InuYasha,2000,16+,69/100,1,1,0,0,1,,,,7.9/10,
305,In the Dark,2019,16+,69/100,1,0,0,0,1,LGBT-related television series,United States,English,7.0,tt7772602
306,GHOUL,2018,18+,69/100,1,0,0,0,1,,,,7.1/10,
307,Nailed It!,2018,7+,69/100,1,0,0,0,1,reality television,United States,English,8.0,tt6987788
308,Voltron: Legendary Defender,2016,7+,69/100,1,0,0,0,1,,,,8.1/10,
309,Trollhunters: Tales of Arcadia,2016,7+,69/100,1,0,0,0,1,,,,8.4/10,
310,Sweet Magnolias,2020,16+,69/100,1,0,0,0,1,"drama television series, television series based on a novel",United States,English,7.0,tt9077540
311,Medici: Masters of Florence,2016,7+,69/100,1,0,0,0,1,period drama film,"United Kingdom, Italy",English,8.0,tt5057130
312,The Innocent,2021,,69/100,1,0,0,0,1,"television series based on a novel, thriller television series",Spain,Spanish,8.0,tt10147644
313,Aggretsuko,2018,16+,69/100,1,0,0,0,1,,,,8.1/10,
314,Jurassic World: Camp Cretaceous,2020,7+,69/100,1,0,0,0,1,,,,7.5/10,
315,Rake,2010,16+,69/100,1,1,1,0,1,,,,8.5/10,
316,The Serpent,2021,,69/100,1,0,0,0,1,,,,7.6/10,
317,The Gift,2019,18+,69/100,1,1,0,0,1,,,,7.2/10,
318,Violet Evergarden,2018,16+,69/100,1,0,0,0,1,,,,8.5/10,
319,3Below: Tales of Arcadia,2018,7+,69/100,1,0,0,0,1,,,,7.7/10,
320,Jeffrey Epstein: Filthy Rich,2020,18+,69/100,1,0,0,0,1,,,,7.1/10,
321,Dawson's Creek,1998,7+,69/100,1,1,0,0,1,"youth series, drama television series, LGBT-related television series, romance television series",United States,English,6.0,tt0118300
322,Private Practice,2007,16+,69/100,1,1,0,0,1,medical drama,United States,English,6.8,tt0972412
323,Beauty and the Beast,2012,7+,69/100,1,0,0,1,1,,,,7.0/10,
324,Daybreak,2019,18+,69/100,1,0,0,0,1,,,,6.7/10,
325,Easy,2016,18+,69/100,1,0,0,0,1,,,,6.9/10,
326,Behind Her Eyes,2021,18+,68/100,1,0,0,0,1,,,,7.2/10,
327,Collateral,2018,18+,68/100,1,0,0,0,1,,,,6.8/10,
328,Knightfall,2017,16+,68/100,1,0,0,0,1,"historical drama, action television series, adventure television series, drama television series","United States, Czech Republic",English,8.0,tt4555364
329,The Confession Killer,2019,16+,68/100,1,0,0,0,1,,,,7.4/10,
330,Sophie: A Murder In West Cork,2021,18+,68/100,1,0,0,0,1,,Ireland,,5.0,tt14681732
331,Call My Agent!,2015,16+,68/100,1,0,0,0,1,"comedy drama, LGBT-related television series",France,French,10.0,tt4277922
332,My Little Pony: Friendship Is Magic,2010,7+,68/100,1,1,0,0,1,,,,7.6/10,
333,Leah Remini: Scientology and the Aftermath,2016,16+,68/100,1,1,0,0,1,,United States,,8.9,tt6244192
334,Containment,2016,16+,68/100,1,0,0,0,1,drama television series,United States,English,9.0,tt4421578
335,Z Nation,2014,16+,68/100,1,0,0,0,1,"horror television series, drama television series, science fiction television program, action television series",United States,English,7.0,tt3843168
336,Emily in Paris,2020,18+,68/100,1,0,0,0,1,"comedy drama, romance television series",United States,English,6.0,tt8962124
337,Victorious,2010,7+,68/100,1,0,0,0,1,"teen sitcom, music television",United States,English,8.0,tt1604099
338,Scream: The TV Series,2015,16+,68/100,1,0,0,0,1,"horror television series, drama television series, mystery television series, LGBT-related television series",United States,English,5.0,tt3921180
339,Akame ga Kill!,2014,18+,68/100,1,1,0,0,1,,,,7.8/10,
340,Warrior Nun,2020,18+,68/100,1,0,0,0,1,"fantasy television series, teen drama television, action television series, adventure television series",United States,English,10.0,tt9059350
341,Bad Blood,2017,18+,68/100,1,0,0,0,1,"drama film, film based on book","United States, Canada",,10.0,tt6423364
342,Young & Hungry,2014,16+,68/100,1,0,0,0,1,"comedy film, American television sitcom, LGBT-related television series",United States,English,7.0,tt2084712
343,Caliphate,2020,18+,68/100,1,0,0,0,1,"drama television series, thriller television series",Sweden,"Swedish, Arabic",10.0,tt11398870
344,'Allo 'Allo!,1984,,68/100,1,0,0,0,1,comedy television series,United Kingdom,English,8.4,tt0086659
345,Good Witch,2015,7+,68/100,1,0,0,0,1,"comedy drama, fantasy television series",United States,English,10.0,tt3906732
346,Gilmore Girls: A Year in the Life,2016,16+,68/100,1,0,0,0,1,comedy drama,United States,English,5.0,tt5435008
347,Aquarius,2015,16+,68/100,1,0,0,0,1,,,,7.1/10,
348,Firefly Lane,2021,18+,67/100,1,0,0,0,1,"television series based on a novel, drama film",United States,English,9.0,tt9012876
349,White Gold,2017,18+,67/100,1,0,0,0,1,comedy,United Kingdom,English,8.0,tt6010920
350,Hyperdrive,2019,7+,67/100,1,0,1,0,1,reality television,United States,English,10.0,tt8911552
351,Reply 1988,2015,,67/100,1,0,0,0,1,"comedy, melodrama, comedy film, drama film",South Korea,Korean,10.0,tt5182866
352,Ninjago: Masters of Spinjitzu,2012,all,67/100,1,0,1,0,1,,,,7.2/10,
353,Spotless,2015,,67/100,1,0,0,0,1,drama,France,,7.0,tt3834000
354,Devilman: Crybaby,2018,,67/100,1,0,0,0,1,,,,7.6/10,
355,BEASTARS,2019,18+,67/100,1,0,0,0,1,,,,7.8/10,
356,Kill la Kill,2013,18+,67/100,1,0,0,0,1,,,,7.9/10,
357,Down to Earth with Zac Efron,2020,7+,67/100,1,0,0,0,1,television documentary,United States,English,8.0,tt12585152
358,Ancient Aliens,2010,7+,67/100,1,1,1,0,1,television documentary,United States,English,6.0,tt1643266
359,Slasher,2016,18+,67/100,1,0,0,0,1,"thriller television series, LGBT-related television series",Canada,English,9.0,tt4667888
360,Ray,2021,,67/100,1,0,0,0,1,,,,7.3/10,
361,Time: The Kalief Browder Story,2017,16+,67/100,1,0,0,0,1,,United States,,9.0,tt6133034
362,Away,2020,16+,67/100,1,0,0,0,1,,,,6.6/10,
363,No Tomorrow,2016,7+,67/100,1,0,0,0,1,science fiction film,United States,English,10.0,tt5595688
364,Locked Up,2015,18+,67/100,1,0,0,0,1,,,,8.2/10,
365,The Frankenstein Chronicles,2015,16+,67/100,1,0,0,0,1,science fiction television program,United Kingdom,English,6.0,tt4206804
366,The Ranch,2016,16+,67/100,1,0,0,0,1,sitcom,United States,English,7.0,tt4998212
367,Cursed,2020,18+,67/100,1,0,0,0,1,"fantasy television series, teen drama television, television series based on a novel, adventure television series",United States,English,5.0,tt8210856
368,Wu Assassins,2019,18+,67/100,1,0,0,0,1,"action television series, fantasy television series",United States,English,8.0,tt8652642
369,Mr. Sunshine,2018,18+,67/100,1,0,0,0,1,"action television series, drama television series, romance television series",South Korea,Korean,10.0,tt7094780
370,The Unicorn,2019,7+,67/100,1,1,0,0,1,sitcom,United States,English,8.0,tt10329028
371,Anohana: The Flower We Saw That Day,2011,16+,67/100,1,0,0,0,1,,,,8.2/10,
372,Alice in Borderland,2020,,67/100,1,0,0,0,1,psychological thriller,Japan,Japanese,9.0,tt10795658
373,The Challenge,1998,16+,67/100,1,1,1,0,1,reality television,United States,English,7.0,tt0176095
374,Gypsy,2017,18+,67/100,1,0,0,0,1,,,,6.8/10,
375,Fuller House,2016,7+,67/100,1,0,0,0,1,American television sitcom,United States,English,6.0,tt3986586
376,How to Become a Tyrant,2021,,67/100,1,0,0,0,1,"television documentary, documentary film",United States,English,7.0,tt14832996
377,Killer Inside: The Mind of Aaron Hernandez,2020,18+,67/100,1,0,0,0,1,"documentary, true crime, sport film",United States,English,8.0,tt11475228
378,RESIDENT EVIL: Infinite Darkness,2021,18+,67/100,1,0,0,0,1,,,,5.8/10,
379,1983,2018,18+,67/100,1,0,0,0,1,,,,6.8/10,
380,Wet Hot American Summer: First Day of Camp,2015,16+,67/100,1,0,0,0,1,sitcom,United States,,8.0,tt4341500
381,The Baker and the Beauty,2020,16+,67/100,1,0,1,0,1,comedy television series,United States,,10.0,tt9164986
382,Spinning Out,2020,18+,67/100,1,0,0,0,1,teen drama television,United States,English,8.0,tt9117054
383,Trinkets,2019,18+,67/100,1,0,0,0,1,"teen drama television, LGBT-related television series, television series based on a novel",United States,English,7.0,tt9134194
384,Insatiable,2018,18+,67/100,1,0,0,0,1,"black comedy film, drama film",United States,English,8.0,tt6487482
385,The Chalet,2018,18+,67/100,1,0,0,0,1,slasher film,France,French,7.0,tt8168678
386,We Bare Bears,2015,7+,67/100,1,1,0,0,1,,,,7.9/10,
387,Gurren Lagann,2007,16+,66/100,1,0,0,0,1,,,,8.3/10,
388,Friends from College,2017,18+,66/100,1,0,0,0,1,"comedy television series, LGBT-related television series",United States,,9.0,tt5565334
389,Jericho,2006,16+,66/100,1,0,0,0,1,"post-apocalyptic television series, drama television series, action television series",United States,English,9.0,tt0805663
390,Tidelands,2018,18+,66/100,1,0,0,0,1,"romance television series, fantasy television series",Australia,English,6.8,tt6898970
391,Dear White People,2017,18+,66/100,1,1,0,0,1,"satire, comedy drama, LGBT-related television series, college life television program",United States,English,8.0,tt5707802
392,Dare Me,2019,18+,66/100,1,0,0,0,1,television series based on a novel,United States,,7.0,tt2983222
393,Ouran High School Host Club,2006,16+,66/100,1,1,0,0,1,,,,8.2/10,
394,Scooby-Doo! Mystery Incorporated,2010,7+,66/100,1,0,0,0,1,,,,8.0/10,
395,The Untamed,2019,16+,66/100,1,0,0,0,1,"Xianxia, fantasy television series, Chinese television drama, Danmei",People's Republic of China,Mandarin,10.0,tt10554898
396,Stranger,2017,18+,66/100,1,0,0,0,1,"science fiction television program, horror television series, drama television series, fantasy television series",United States,English,9.0,tt4574334
397,El Chapo,2017,18+,66/100,1,0,0,0,1,"drama television series, telenarconovela",United States,Spanish,7.8,tt6692188
398,Great News,2017,7+,66/100,1,0,0,0,1,sitcom,United States,English,8.0,tt4955480
399,The Get Down,2016,16+,66/100,1,0,0,0,1,"drama television series, musical",United States,English,9.0,tt4592410
400,The Naked Director,2019,18+,66/100,1,0,0,0,1,"comedy drama, television series based on a novel",Japan,Japanese,7.6,tt10477528
401,Rise of Empires: Ottoman,2020,18+,66/100,1,0,0,0,1,drama television series,Turkey,,8.0,tt9244578
402,Club de Cuervos,2015,18+,66/100,1,0,0,0,1,comedy drama,Mexico,Spanish,10.0,tt4680240
403,My Mister,2018,,66/100,1,0,0,0,1,"psychological drama, tragedy",South Korea,Korean,10.0,tt7923710
404,Toradora!,2008,16+,66/100,1,0,1,0,1,,,,8.0/10,
405,The Baby-Sitters Club,2020,7+,66/100,1,0,1,0,1,"teen television program, television series based on a novel, comedy drama, family television series",United States,English,8.0,tt8690518
406,Carole & Tuesday,2019,7+,66/100,1,0,0,0,1,,,,7.9/10,
407,Van Helsing,2016,16+,66/100,1,0,0,0,1,"drama television series, horror television series, post-apocalyptic television series, fantasy television series",United States,English,6.0,tt5197820
408,Vincenzo,2021,,66/100,1,0,0,0,1,,,,8.5/10,
409,The Night Shift,2014,16+,66/100,1,0,0,0,1,"LGBT-related television series, drama television series",United States,English,7.0,tt2477230
410,"Pablo Escobar, The Drug Lord",2012,18+,66/100,1,0,0,0,1,"drama television series, telenarconovela",Colombia,Spanish,8.0,tt2187850
411,No Game No Life,2014,16+,66/100,1,0,0,0,1,,,,7.8/10,
412,The King: Eternal Monarch,2020,16+,66/100,1,0,0,0,1,"Korean drama, fantasy television series, alternate history television series, mystery television series",South Korea,Korean,8.0,tt11228748
413,Eden,2021,7+,65/100,1,0,1,0,1,,,,6.7/10,
414,Stateless,2020,16+,65/100,1,0,0,0,1,"drama film, drama television series",Australia,English,8.0,tt4878488
415,High Score,2020,16+,65/100,1,0,0,0,1,television documentary,United States,English,6.0,tt12759400
416,Hospital Playlist,2020,,65/100,1,0,0,0,1,"Korean drama, medical drama, comedy, comedy film",South Korea,Korean,10.0,tt11769304
417,Dash & Lily,2020,7+,65/100,1,0,0,0,1,"romantic comedy, television series based on a novel",United States,English,7.0,tt1758589
418,The Confession Tapes,2017,16+,65/100,1,0,0,0,1,documentary film,United States,,9.0,tt7349602
419,Black Butler,2008,18+,65/100,1,1,0,0,1,,,,7.8/10,
420,The Rain,2018,18+,65/100,1,0,0,0,1,"post-apocalyptic television series, drama television series, psychological thriller, science fiction television program","Denmark, United States","Danish, Swedish",6.0,tt6656238
421,Love Is Blind,2020,18+,65/100,1,0,1,0,1,"reality television, dating game show",United States,English,7.0,tt11704040
422,Trial by Media,2020,16+,65/100,1,0,0,0,1,true crime,United States,English,8.0,tt11963042
423,Wormwood,2017,16+,65/100,1,0,0,0,1,,,,7.0/10,
424,Fear City: New York vs The Mafia,2020,18+,65/100,1,0,0,0,1,,,,7.1/10,
425,Sorjonen,2016,18+,65/100,1,0,0,0,1,"crime television series, drama fiction, Nordic noir",Finland,Finnish,8.0,tt4937942
426,Crashing,2016,,65/100,1,0,0,0,1,LGBT-related television series,United Kingdom,English,8.0,tt5295524
427,Forged in Fire,2015,7+,65/100,1,1,1,0,1,reality television,United States,English,9.0,tt4680444
428,Baby,2018,18+,65/100,1,0,0,0,1,,,,6.8/10,
429,Sweet Home,2020,,65/100,1,0,0,0,1,"survival film, thriller television series, fantasy television series",South Korea,Korean,5.0,tt11612120
430,The Disastrous Life of Saiki K.,2016,16+,65/100,1,0,0,0,1,,,,8.3/10,
431,The Innocence Files,2020,18+,65/100,1,0,0,0,1,television documentary,United States,English,10.0,tt11958922
432,BNA,2020,16+,65/100,1,0,0,0,1,,,,7.2/10,
433,The Mist,2017,16+,65/100,1,0,0,0,1,"science fiction television program, film based on literature, science fiction horror",United States,English,6.0,tt5639976
434,Halston,2021,18+,65/100,1,0,1,0,1,,,,7.5/10,
435,Shaun the Sheep,2007,all,65/100,1,0,1,0,1,,,,8.2/10,
436,The Universe,2007,16+,65/100,1,0,1,0,1,documentary film,United States,English,8.6,tt1051155
437,Self Made: Inspired by the Life of Madam C.J. Walker,2020,18+,65/100,1,0,0,0,1,,,,7.3/10,
438,Shtisel,2013,16+,65/100,1,0,0,0,1,drama television series,Israel,Hebrew,9.0,tt3069894
439,The Boss Baby: Back in Business,2018,7+,65/100,1,0,0,0,1,,,,6.5/10,
440,Puella Magi Madoka Magica,2011,16+,65/100,1,1,0,0,1,,,,8.3/10,
441,Masameer County,2021,,65/100,1,0,0,0,1,,,,8.3/10,
442,Sinatra: All or Nothing at All,2015,7+,65/100,1,0,0,0,1,,,,8.0/10,
443,Comedians in Cars Getting Coffee,2012,16+,65/100,1,0,0,0,1,,,,8.1/10,
444,Senora Acero,2014,16+,65/100,1,1,0,0,1,LGBT-related television series,Mexico,Spanish,9.0,tt3904068
445,Dark Tourist,2018,18+,65/100,1,0,0,0,1,television documentary,United States,English,7.0,tt8725166
446,Criminal: UK,2019,18+,65/100,1,0,0,0,1,"anthology series, police procedural",United Kingdom,English,7.0,tt9348692
447,Heist,2021,,65/100,1,0,0,0,1,,,,6.8/10,
448,The Bureau of Magical Things,2018,7+,65/100,1,0,0,0,1,"adventure television series, fantasy television series",Australia,English,8.0,tt7153034
449,Cleverman,2016,16+,65/100,1,0,0,0,1,science fiction television program,"Australia, United States, New Zealand","English, Kumbainggar",9.0,tt4649420
450,The Innocent Man,2018,18+,65/100,1,0,0,0,1,"melodrama, romance television series",South Korea,Korean,8.0,tt2593336
451,Norsemen,2016,18+,65/100,1,0,0,0,1,comedy television series,Norway,"Norwegian, English",9.0,tt5905354
452,Word of Honor,2021,,65/100,1,0,0,0,1,,People's Republic of China,Putonghua,10.0,tt12458172
453,Pawn Stars,2009,7+,65/100,1,1,1,0,1,reality television,United States,English,8.0,tt1492088
454,Inside Bill's Brain: Decoding Bill Gates,2019,16+,65/100,1,0,0,0,1,,,,7.9/10,
455,Damnation,2017,18+,65/100,1,0,0,0,1,drama television series,United States,English,8.0,tt6106704
456,From Dusk Till Dawn: The Series,2014,18+,64/100,1,0,0,0,1,"anthology series, drama television series, horror television series, vampire television program",United States,English,7.0,tt3337194
457,Lovesick,2014,18+,64/100,1,0,0,0,1,romantic comedy,United Kingdom,,8.0,tt4051832
458,Flint Town,2018,18+,64/100,1,0,0,0,1,television documentary,United States,English,8.0,tt8004578
459,Watership Down,2018,7+,64/100,1,0,0,0,1,,,,7.2/10,
460,Undercover,2019,18+,64/100,1,0,1,0,1,drama film,Bulgaria,Bulgarian,10.0,tt1909015
461,Rita,2012,16+,64/100,1,0,0,0,1,,,,8.1/10,
462,Dorohedoro,2020,18+,64/100,1,0,0,0,1,,,,8.2/10,
463,Maid Sama!,2010,16+,64/100,1,1,0,0,1,,,,8.0/10,
464,Mystery Science Theater 3000: The Return,2017,16+,64/100,1,0,0,0,1,,,,8.0/10,
465,Is It Wrong to Try to Pick Up Girls in a Dungeon?,2015,16+,64/100,1,1,0,0,1,,,,7.4/10,
466,Surviving R. Kelly,2019,18+,64/100,1,0,0,0,1,television documentary,United States,English,9.0,tt8385496
467,Saint Seiya,1986,7+,64/100,1,0,1,0,1,,,,8.5/10,
468,Flaked,2016,18+,64/100,1,0,0,0,1,comedy,United States,English,7.0,tt4973548
469,Fate/Zero,2011,18+,64/100,1,0,0,0,1,,,,8.3/10,
470,Crazyhead,2016,16+,64/100,1,0,0,0,1,comedy horror,United Kingdom,,9.0,tt6038584
471,The Five,2016,7+,64/100,1,0,0,0,1,"talk show, news program",United States,English,6.0,tt1981471
472,Signal,2016,,64/100,1,0,0,0,1,,,,8.6/10,
473,H2O: Just Add Water,2006,all,64/100,1,1,0,0,1,"fantasy television series, youth series",Australia,English,8.0,tt0491603
474,Requiem,2018,18+,64/100,1,0,0,0,1,,,,6.5/10,
475,The Valhalla Murders,2019,18+,64/100,1,0,0,0,1,,Iceland,"Icelandic, English, German",8.0,tt9100822
476,Cardcaptor Sakura,1998,7+,64/100,1,0,0,0,1,,,,8.0/10,
477,Black Earth Rising,2018,16+,64/100,1,0,0,0,1,drama,United Kingdom,English,7.0,tt7660730
478,W/ Bob & David,2015,18+,64/100,1,0,0,0,1,comedy,United States,English,7.3,tt4574708
479,The Trials of Gabriel Fernandez,2020,18+,64/100,1,0,0,0,1,,,,8.1/10,
480,She's Gotta Have It,2017,18+,64/100,1,0,0,0,1,LGBT-related television series,United States,English,5.0,tt3713588
481,Save Me,2018,16+,64/100,1,0,0,0,1,"thriller television series, mystery film, thriller film",South Korea,Korean,10.0,tt7020532
482,Giri/Haji,2019,,64/100,1,0,0,0,1,detective fiction,United Kingdom,,9.0,tt8001106
484,The Curse of Oak Island,2014,7+,64/100,1,1,0,0,1,,United States,English,7.0,tt3455408
485,Black,2017,16+,63/100,1,0,0,0,1,,,,8.0/10,
486,Losers,2019,,63/100,1,0,0,0,1,television documentary,United States,,8.0,tt9817218
487,Ajin,2016,18+,63/100,1,0,0,0,1,,,,7.6/10,
488,Ink Master,2012,16+,63/100,1,0,0,0,1,reality television,United States,English,7.0,tt1865740
489,The Innocents,2018,,63/100,1,0,0,0,1,,,,6.3/10,
490,Goosebumps,1995,all,63/100,1,0,0,0,1,"children's television series, horror television series, anthology series",Canada,English,7.6,tt0111987
491,Vampire Knight,2008,16+,63/100,1,1,0,0,1,,,,7.4/10,
492,Angel Beats!,2010,16+,63/100,1,0,0,0,1,,,,7.7/10,
493,Green Eggs and Ham,2019,7+,63/100,1,0,0,0,1,,,,8.2/10,
494,The Hollow,2018,7+,63/100,1,0,0,0,1,,,,7.2/10,
495,Dogs,2018,all,63/100,1,0,0,0,1,,,,8.1/10,
496,November 13: Attack on Paris,2018,18+,63/100,1,0,0,0,1,,,,8.3/10,
497,It's Bruno!,2019,7+,63/100,1,0,0,0,1,comedy drama,United States,,7.0,tt10186846
498,Wanted,2016,16+,63/100,1,0,0,0,1,,Australia,English,10.0,tt5193358
499,Masum,2017,16+,63/100,1,0,0,0,1,"crime television series, mystery television series",Turkey,Turkish,7.0,tt6478318
500,Cable Girls,2017,18+,63/100,1,0,0,0,1,"drama fiction, LGBT-related television series",Spain,Spanish,7.0,tt5674718
501,Lady Dynamite,2016,16+,63/100,1,0,0,0,1,sitcom,United States,English,8.0,tt4789300
502,Power Rangers,1993,7+,63/100,1,0,1,0,1,tokusatsu,United States,English,10.0,tt3521854
503,The Mire,2018,18+,63/100,1,0,0,0,1,,Poland,,8.0,tt8855592
504,Tabula Rasa,2017,18+,63/100,1,0,0,0,1,,,,8.0/10,
505,Ethos,2020,,63/100,1,0,0,0,1,drama film,Turkey,Turkish,10.0,tt11301642
506,Clannad,2007,7+,63/100,1,1,0,0,1,,,,7.9/10,
507,Ugly Delicious,2018,18+,63/100,1,0,0,0,1,"documentary, cooking show",United States,,9.0,tt7907916
508,Generation 56k,2021,,63/100,1,0,0,0,1,romance television series,Italy,Italian,8.0,tt13524842
509,Fate/stay night [Unlimited Blade Works],2014,18+,63/100,1,1,0,0,1,,,,8.0/10,
510,Man with a Plan,2016,7+,63/100,1,0,0,0,1,sitcom,United States,English,7.0,tt5734308
511,Rilakkuma and Kaoru,2019,7+,63/100,1,0,0,0,1,,,,8.3/10,
512,World War II In HD Colour,2009,7+,63/100,1,0,0,0,1,documentary film,United Kingdom,English,10.0,tt2069688
513,Boys Over Flowers,2009,16+,63/100,1,1,0,0,1,romantic comedy,South Korea,Korean,8.0,tt1370334
514,Meteor Garden,2018,16+,63/100,1,0,0,0,1,"romantic comedy, Chinese television drama",People's Republic of China,Putonghua,10.0,tt8690890
515,"What's New, Scooby-Doo?",2002,7+,63/100,1,0,0,0,1,,,,7.3/10,
516,The Letdown,2017,,63/100,1,0,0,0,1,comedy television series,Australia,English,7.0,tt7320300
517,Sick Note,2017,18+,63/100,1,0,0,0,1,comedy television series,United Kingdom,English,9.0,tt5770788
518,Big Time Rush,2009,all,63/100,1,1,1,0,1,"teen sitcom, comedy television series, sitcom, musical film",United States,English,10.0,tt1131746
519,Girlboss,2017,18+,63/100,1,0,0,0,1,"comedy television series, film based on book",United States,English,8.0,tt5706996
520,Quicksand,2019,18+,63/100,1,0,0,0,1,"crime television series, television series based on a novel",Sweden,Swedish,9.0,tt8686106
521,Rotten,2018,18+,63/100,1,0,0,0,1,,,,7.2/10,
522,The Irregulars,2021,18+,63/100,1,0,0,0,1,"crime television series, drama television series",United Kingdom,English,7.0,tt10893694
523,The Mantis,2017,,63/100,1,0,0,0,1,"crime television series, mystery television series, thriller",South Korea,Korean,10.0,tt35934396
524,College Romance,2018,18+,63/100,1,0,0,0,1,,India,,8.8/10,nm8809646
525,Elite Short Stories: Carla Samuel,2021,18+,63/100,1,0,0,0,1,,,,7.0/10,
526,Bard of Blood,2019,18+,63/100,1,0,0,0,1,"thriller television series, television series based on a novel",India,Hindi,7.0,tt8069036
527,Charmed,2018,16+,62/100,1,0,0,0,1,"paranormal television program, comedy drama, fantasy television series",United States,English,6.0,tt0158552
528,The New Legends of Monkey,2018,7+,62/100,1,0,0,0,1,"adventure television series, children's television series, comedy television series, fantasy television series",Australia,English,7.0,tt6807662
529,Nevertheless,2021,,62/100,1,0,0,0,1,"drama film, romance film",South Korea,Korean,10.0,tt14518284
530,"The Mind, Explained",2019,16+,62/100,1,0,0,0,1,"docu-soap, television documentary",United States,English,10.0,tt10810430
531,Fast & Furious Spy Racers,2019,7+,62/100,1,0,0,0,1,,,,5.5/10,
532,Itaewon Class,2020,,62/100,1,0,0,0,1,"drama film, romance film",South Korea,Korean,8.0,tt11239552
533,Occupied,2015,16+,62/100,1,0,0,0,1,political thriller,Norway,"Norwegian, English, Russian",7.0,tt4192998
534,The Magic School Bus,1994,all,62/100,1,0,0,0,1,,,,7.8/10,
535,Toast of London,2013,16+,62/100,1,0,0,0,1,sitcom,United Kingdom,English,10.0,tt2432604
536,Patriot Act with Hasan Minhaj,2018,18+,62/100,1,0,0,0,1,"variety show, comedy television series",United States,English,10.0,tt8080054
537,Greatest Events of World War II in Colour,2019,16+,62/100,1,0,0,0,1,,,,8.7/10,
538,Offspring,2010,16+,62/100,1,0,0,0,1,drama television series,Australia,English,8.0,tt1530541
539,Blown Away,2019,7+,62/100,1,0,0,0,1,,,,7.1/10,
540,60 Days In,2016,16+,62/100,1,1,1,0,1,,United States,English,8.0,tt5564124
541,Trese,2021,18+,62/100,1,0,0,0,1,,,,7.1/10,
542,Move to Heaven,2021,,62/100,1,0,0,0,1,,South Korea,Korean,10.0,tt11052470
543,Hot Girls Wanted: Turned On,2017,18+,62/100,1,0,0,0,1,documentary film,United States,English,6.6,tt6333104
544,The Heirs,2013,16+,62/100,1,0,0,0,1,"romance television series, comedy television series, drama television series, youth series","South Korea, United States","Korean, English",8.0,tt3243098
545,The Curious Creations of Christine McConnell,2018,7+,62/100,1,0,0,0,1,"cooking show, comedy television series",United States,English,9.0,tt8773080
546,Alexa & Katie,2018,all,62/100,1,0,0,0,1,sitcom,United States,English,8.0,tt6916746
547,Sailor Moon Crystal,2014,16+,62/100,1,1,0,0,1,,,,8.0/10,
548,Blood of Zeus,2020,,62/100,1,0,0,0,1,,,,7.5/10,
549,La Reina del Sur,2011,18+,62/100,1,0,0,0,1,telenovela,United States,Spanish,10.0,tt1704637
550,Barbarians,2020,,62/100,1,0,0,0,1,"historical television series, historical drama",Germany,"German, Latin",8.0,tt9184986
551,Pine Gap,2018,16+,62/100,1,0,0,0,1,political thriller,Australia,English,8.0,tt7371868
552,To the Lake,2019,,62/100,1,0,0,0,1,"television series based on a novel, drama television series, horror television series, science fiction television program",Russia,Russian,8.0,tt9151230
553,Suburra: Blood on Rome,2017,18+,62/100,1,0,0,0,1,television series based on a novel,Italy,,8.0,tt7197684
554,Taco Chronicles,2019,18+,62/100,1,0,0,0,1,,United States,,9.0,tt10242848
555,She,2020,18+,62/100,1,0,0,0,1,,,,6.5/10,
556,Between,2015,16+,62/100,1,0,0,0,1,science fiction television program,Canada,English,4.0,tt4132692
557,Velvet,2014,16+,62/100,1,0,0,0,1,,,,8.1/10,
558,Bobby Kennedy for President,2018,16+,62/100,1,0,0,0,1,television documentary,United States,,6.0,tt8200004
559,Durarara!!,2010,16+,62/100,1,1,0,0,1,,,,7.9/10,
560,Yu-Gi-Oh!,1998,,62/100,1,1,1,0,1,,,,7.9/10,
561,Hostages,2013,16+,62/100,1,0,0,0,1,drama television series,United States,English,7.0,tt2647258
562,Rhythm + Flow,2019,18+,62/100,1,0,0,0,1,reality television,United States,,7.0,tt9278032
563,Blue Exorcist,2011,16+,62/100,1,1,0,0,1,,,,7.4/10,
564,L.A.'s Finest,2019,16+,62/100,1,0,0,0,1,"police procedural, LGBT-related television series",United States,English,7.0,tt7555294
565,Vagabond,2019,,62/100,1,0,0,0,1,,,,8.3/10,
566,Thomas & Friends,1984,all,62/100,1,0,1,0,1,,,,6.6/10,
567,The Protector,2018,18+,61/100,1,0,0,0,1,"science fiction television program, fantasy television series, action thriller, television series based on a novel",Turkey,Turkish,6.4,tt7668518
568,Unsolved Mysteries,1987,7+,61/100,1,1,1,0,1,crime television series,United States,English,8.3,tt0094574
569,Too Hot to Handle,2020,18+,61/100,1,0,0,0,1,"reality television, dating game show",United Kingdom,English,4.0,tt12004280
570,AJ and the Queen,2020,,61/100,1,0,0,0,1,"comedy drama, LGBT-related television series",United States,,9.0,tt8404094
571,Are You The One?,2014,16+,61/100,1,1,0,0,1,reality television,United States,English,5.0,tt3484274
572,Little Things,2016,18+,61/100,1,0,0,0,1,,,,8.3/10,
573,Still Game,2002,16+,61/100,1,0,0,0,1,sitcom,United Kingdom,,8.9,tt0281491
574,Transformers: Prime,2010,7+,61/100,1,0,0,0,1,,,,7.9/10,
575,Henry Danger,2014,all,61/100,1,0,0,0,1,"teen sitcom, American television sitcom, comedy television series, science fiction television program",United States,English,10.0,tt3596174
576,Tidying Up with Marie Kondo,2019,7+,61/100,1,0,0,0,1,,United States,"English, Japanese",9.0,tt8115560
577,Nightflyers,2018,18+,61/100,1,0,0,0,1,"science fiction television program, space opera, horror television series, film based on literature",United States,English,4.0,tt6903284
578,Love 101,2020,18+,61/100,1,0,0,0,1,"comedy television series, romance television series",Turkey,Turkish,10.0,tt10516352
579,Car Masters: Rust to Riches,2018,7+,61/100,1,0,0,0,1,reality television,United States,,8.0,tt8893550
580,WHAT / IF,2019,18+,61/100,1,0,0,0,1,thriller television series,United States,,6.3,tt8860450
581,Total Drama Island,2007,7+,61/100,1,0,0,0,1,,,,7.2/10,
582,Roman Empire,2016,16+,61/100,1,0,0,0,1,"drama television series, television documentary, sword-and-sandal film, biographical film",United States,English,5.0,tt6233538
583,Beyond Evil,2021,,61/100,1,0,0,0,1,"psychological thriller, procedural",South Korea,Korean,8.0,tt13634872
584,Deadwind,2018,18+,61/100,1,0,0,0,1,"crime television series, drama television series, Nordic noir",Finland,Finnish,7.0,tt6616260
585,People Just Do Nothing,2014,18+,61/100,1,0,0,0,1,"sitcom, mockumentary",United Kingdom,English,9.0,tt3762198
586,B: The Beginning,2018,18+,61/100,1,0,0,0,1,,,,7.2/10,
587,Somebody Feed Phil,2018,16+,61/100,1,0,0,0,1,travel documentary,United States,English,10.0,tt7752034
588,Girl from Nowhere,2018,18+,61/100,1,0,0,0,1,"fantasy television series, thriller television series, teen drama television, paranormal television program",Thailand,"Thai, English",10.0,tt8824648
589,Cocaine Coast,2018,18+,61/100,1,0,0,0,1,,,,7.9/10,
590,The Liberator,2020,7+,61/100,1,0,0,0,1,,,,7.6/10,
591,The Irregular at Magic High School,2014,16+,61/100,1,0,0,0,1,,,,7.2/10,
592,Norm Macdonald Has a Show,2018,,61/100,1,0,0,0,1,,United States,English,10.0,tt8139862
593,Hap and Leonard,2016,18+,61/100,1,0,0,0,1,"drama television series, LGBT-related television series",United States,English,9.0,tt3729898
594,Dark Desire,2020,18+,61/100,1,0,0,0,1,"thriller, drama film, erotic thriller",Mexico,Spanish,7.0,tt12540080
595,Seis Manos,2019,18+,61/100,1,0,0,0,1,"martial arts film, adult animation",United States,,7.0,tt10106108
596,Control Z,2020,18+,61/100,1,0,0,0,1,fiction television program,Mexico,Spanish,7.0,tt11937662
597,Kengan Ashura,2019,,61/100,1,0,0,0,1,,,,8.0/10,
598,Black Money Love,2014,,61/100,1,0,0,0,1,"drama television series, crime television series, action television series",Turkey,Turkish,7.6,tt3565486
599,Dave Chappelle,2017,,61/100,1,0,0,0,1,,,,8.7/10,
600,The House of Flowers,2018,18+,61/100,1,0,0,0,1,"thriller, black comedy, comedy drama, telenovela",Mexico,Spanish,8.0,tt8387348
601,Fatma,2021,,61/100,1,0,0,0,1,psychological drama film,Turkey,Turkish,9.0,tt11961378
602,America's Next Top Model,2003,7+,61/100,1,1,1,0,1,talent show,United States,English,8.0,tt0363307
603,Tribes of Europa,2021,18+,61/100,1,0,0,0,1,"science fiction television program, dystopian television series, post-apocalyptic television series",Germany,"German, English",8.0,tt9184982
604,Grand Army,2020,,61/100,1,0,0,0,1,drama film,United States,English,9.0,tt10473150
605,Somos.,2021,18+,61/100,1,0,0,0,1,,Mexico,Spanish,10.0,tt14719590
606,The Great Heist,2020,18+,61/100,1,0,0,0,1,,,,7.3/10,
607,The One,2021,18+,61/100,1,0,0,0,1,,,,6.6/10,
608,Carmen Sandiego,2019,7+,61/100,1,0,0,0,1,,,,7.9/10,
609,The Chef Show,2019,18+,61/100,1,0,0,0,1,,United States,,9.0,tt10359446
610,Traitors,2019,18+,61/100,1,0,0,0,1,"drama television series, thriller television series",United Kingdom,English,6.6,tt7371896
611,Wet Hot American Summer: Ten Years Later,2017,16+,61/100,1,0,0,0,1,comedy,United States,,10.0,tt5669272
612,The Neighbor,2019,18+,60/100,1,0,0,0,1,,,,6.6/10,
613,Salt Fat Acid Heat,2018,,60/100,1,0,0,0,1,"film based on book, cooking show",United States,English,7.7,tt8772088
614,Billy on the Street,2011,16+,60/100,1,1,0,0,1,"reality television series, game show, comedy television series",United States,English,10.0,tt2191991
615,October Faction,2020,18+,60/100,1,0,0,0,1,"science fiction television program, fantasy television series",United States,,5.0,tt8826128
616,Start-Up,2020,16+,60/100,1,0,0,0,1,"romantic comedy, comedy television series, drama television series, romance television series",South Korea,Korean,6.0,tt12867810
617,Night on Earth,2020,7+,60/100,1,0,0,0,1,documentary film,United Kingdom,English,10.0,tt11497922
618,DOTA: Dragon's Blood,2021,18+,60/100,1,0,0,0,1,,,,8.0/10,
619,The Break,2016,18+,60/100,1,0,0,0,1,police procedural,Belgium,French,8.0,tt4792480
620,The Letter for the King,2020,7+,60/100,1,0,0,0,1,"fantasy television series, drama television series, adventure television series, family television series",United Kingdom,English,6.0,tt8741648
621,Osmosis,2019,16+,60/100,1,0,0,0,1,"science fiction television program, LGBT-related television series",France,French,2.0,tt7043380
622,Another Life,2019,18+,60/100,1,0,0,0,1,"science fiction television program, drama television series, adventure television series",United States,English,7.0,tt8369840
623,Ju-On: Origins,2020,18+,60/100,1,0,0,0,1,horror television series,Japan,Japanese,7.0,tt12313914
624,Diagnosis,2019,18+,60/100,1,0,0,0,1,,,,7.7/10,
625,Zone Blanche,2017,,60/100,1,0,0,0,1,thriller television series,France,,7.0,tt6519410
626,The Eddy,2020,18+,60/100,1,0,0,0,1,musical film,"United States, United Kingdom, Germany",,8.0,tt7322210
627,Magi,2012,16+,60/100,1,1,0,0,1,,,,7.8/10,
628,Elite Short Stories: Guzmán Caye Rebe,2021,18+,60/100,1,0,0,0,1,,,,7.5/10,
629,Memories of the Alhambra,2018,16+,60/100,1,0,0,0,1,"drama, romantic drama, science fiction film",South Korea,Korean,8.0,tt8236556
630,Pacific Rim: The Black,2021,16+,60/100,1,0,0,0,1,,,,7.1/10,
631,V Wars,2019,18+,60/100,1,0,0,0,1,"science fiction television program, horror television series, fantasy television series, vampire television program",Canada,English,8.0,tt7403736
632,The Windsors,2016,18+,60/100,1,0,0,0,1,sitcom,United Kingdom,English,7.0,tt5692740
633,The Sons of Sam: A Descent Into Darkness,2021,18+,60/100,1,0,0,0,1,"television documentary, crime television series",United States,English,8.0,tt13156316
634,Sunderland 'Til I Die,2018,18+,60/100,1,0,0,0,1,television documentary,United Kingdom,English,10.0,tt8914684
635,Rebellion,2016,16+,60/100,1,0,0,0,1,,,,7.2/10,
636,The Pharmacist,2020,,60/100,1,0,0,0,1,true crime,United States,English,9.0,tt11600174
637,The A List,2018,7+,60/100,1,0,0,0,1,thriller television series,United Kingdom,English,6.0,tt9185110
638,Tales of the City,2019,16+,60/100,1,0,0,0,1,,,,7.4/10,
639,Disjointed,2017,18+,60/100,1,0,0,0,1,sitcom,United States,English,8.0,tt5884792
640,Medical Police,2020,,60/100,1,0,0,0,1,thriller television series,United States,English,7.0,tt9850952
641,Gentefied,2020,16+,60/100,1,0,0,0,1,,United States,English,9.0,tt10037034
642,Wanderlust,2018,16+,60/100,1,0,0,0,1,,,,7.1/10,
643,Murder Among the Mormons,2021,16+,60/100,1,0,0,0,1,documentary film,United States,English,6.0,tt13987620
644,Home for Christmas,2019,18+,60/100,1,0,0,0,1,,,,7.7/10,
645,Paradise PD,2018,18+,60/100,1,0,0,0,1,,,,6.9/10,
646,The Bachelorette,2003,16+,60/100,1,1,0,0,1,"dating game show, reality television",United States,English,1.0,tt0348894
647,Cold Case Files,1999,18+,60/100,1,1,1,0,1,television documentary,United States,,10.0,tt0426666
648,Little Witch Academia,2017,7+,60/100,1,0,0,0,1,,,,7.9/10,
649,El marginal,2016,18+,60/100,1,0,0,0,1,,Argentina,,7.0,tt5820976
650,Teasing Master Takagi-san,2018,7+,60/100,1,0,0,0,1,,Japan,Japanese,9.0,tt29307607
651,Kakegurui,2017,16+,60/100,1,0,0,0,1,,Japan,Japanese,6.0,tt7691766
652,Attenborough's Life in Colour,2021,7+,60/100,1,0,0,0,1,,,,8.3/10,
653,Mortel,2019,18+,60/100,1,0,0,0,1,"science fiction television program, fantasy television series",France,French,9.0,tt8403570
654,Kath & Kim,2002,7+,60/100,1,0,0,0,1,sitcom,Australia,English,9.0,tt0272397
655,Charité,2017,7+,59/100,1,0,0,0,1,"drama television series, medical drama",Germany,German,10.0,tt5337806
656,Hoarders,2009,7+,59/100,1,1,0,0,1,"reality television, television documentary",United States,English,10.0,tt1497563
657,Unsolved: The Murders of Tupac and The Notorious B.I.G.,2018,18+,59/100,1,0,0,0,1,,,,7.9/10,
658,My Next Guest Needs No Introduction With David Letterman,2018,18+,59/100,1,0,0,0,1,talk show,United States,English,7.8,tt7829834
659,The Repair Shop,2017,,59/100,1,0,0,0,1,"television documentary, reality television",United Kingdom,,9.0,tt6685272
660,Record of Ragnarok,2021,18+,59/100,1,0,0,0,1,,,,6.2/10,
661,White Lines,2020,18+,59/100,1,0,0,0,1,thriller television series,Spain,Spanish,7.0,tt9073958
662,A Korean Odyssey,2017,,59/100,1,0,0,0,1,"drama television series, television series based on a novel",South Korea,Korean,9.0,tt7099334
663,Snabba Cash,2021,,59/100,1,0,0,0,1,"drama television series, action television series, crime television series",Sweden,Swedish,8.0,tt10540276
664,Luis Miguel: The Series,2018,16+,59/100,1,0,0,0,1,"biography, drama television series, music television",United States,Spanish,8.0,tt8045690
665,Black Space,2020,,59/100,1,0,0,0,1,"crime television series, drama television series, fiction",Israel,Hebrew,6.7,tt13660638
666,"Love, Chunibyo & Other Delusions",2012,16+,59/100,1,0,0,0,1,,,,7.4/10,
667,Kabaneri of the Iron Fortress,2016,18+,59/100,1,0,0,0,1,,,,7.2/10,
668,"Sister, Sister",1994,7+,59/100,1,1,0,0,1,teen sitcom,United States,English,6.3,tt0108927
669,Greenhouse Academy,2017,7+,59/100,1,0,0,0,1,science fiction television program,"United States, Israel",English,7.0,tt6076336
670,Mr. Iglesias,2019,16+,59/100,1,0,0,0,1,sitcom,United States,English,6.0,tt8403536
671,Paranoid,2016,,59/100,1,0,0,0,1,,,,6.7/10,
672,Hip Hop Evolution,2016,16+,59/100,1,0,0,0,1,television documentary,Canada,English,10.0,tt4130418
673,The Game,2006,16+,59/100,1,1,1,0,1,comedy drama,United States,English,7.0,tt0772137
674,Love on the Spectrum,2019,all,59/100,1,0,0,0,1,reality television,Australia,English,9.0,tt11904786
675,Greenleaf,2016,18+,59/100,1,0,0,0,1,,,,7.4/10,
676,Naomi Osaka,2021,,59/100,1,0,0,0,1,television documentary,United States,English,10.0,tt11898920
677,Oh My Ghost,2015,,59/100,1,0,0,0,1,"comedy television series, drama television series",Thailand,Thai,1.0,tt9048794
678,The Final Table,2018,all,59/100,1,0,0,0,1,cooking show,United States,English,7.0,tt7619858
679,Life Sentence,2018,16+,59/100,1,0,0,0,1,comedy drama,United States,English,6.0,tt6088922
680,Penguin Town,2021,,59/100,1,0,0,0,1,"documentary film, reality television",South Africa,English,9.0,tt14677850
681,Dogs of Berlin,2018,16+,59/100,1,0,0,0,1,"drama television series, crime television series",Germany,German,9.0,tt6839788
682,Yasuke,2021,18+,59/100,1,0,0,0,1,,,,6.2/10,
683,Alma Matters: Inside the IIT Dream,2021,,59/100,1,0,0,0,1,television documentary,India,Hindi,8.0,tt14512938
684,Playing with Fire,2019,18+,59/100,1,1,0,0,1,,,,5.9/10,
685,"Hello, My Twenties!",2016,16+,59/100,1,0,0,0,1,drama,South Korea,,10.0,tt5858892
686,Sam & Cat,2013,7+,59/100,1,0,0,0,1,teen sitcom,United States,English,5.7,tt2487090
687,Girls from Ipanema,2019,16+,59/100,1,0,0,0,1,"romance television series, LGBT-related television series",Brazil,Brazilian Portuguese,9.0,tt8001788
688,Elite Short Stories: Omar Ander Alexis,2021,18+,59/100,1,0,0,0,1,,,,7.4/10,
689,MEGALOBOX,2018,16+,59/100,1,1,0,0,1,,,,7.8/10,
690,High on the Hog: How African American Cuisine Transformed America,2021,,59/100,1,0,0,0,1,documentary film,United States,,10.0,tt14540468
691,So Not Worth It,2021,,59/100,1,0,0,0,1,sitcom,South Korea,Korean,10.0,tt13186480
692,K-ON!,2009,16+,59/100,1,1,0,0,1,,,,7.7/10,
693,The Family,2019,16+,59/100,1,0,0,0,1,,,,6.4/10,
694,Challenger: The Final Flight,2020,,59/100,1,0,0,0,1,television documentary,United States,English,9.0,tt12930534
695,Sexify,2021,,58/100,1,0,0,0,1,,Poland,Polish,8.0,tt14315542
696,The Good Cop,2018,16+,58/100,1,0,0,0,1,"police procedural, comedy television series",United States,English,7.0,tt7183074
697,The Uncanny Counter,2020,,58/100,1,0,0,0,1,"fantasy television series, thriller television series, action television series",South Korea,Korean,9.0,tt13273826
698,Law School,2021,,58/100,1,0,0,0,1,,South Korea,,8.0,tt13885336
699,This is a Robbery: The World's Biggest Art Heist,2021,18+,58/100,1,0,0,0,1,,,,6.4/10,
700,The English Game,2020,,58/100,1,0,0,0,1,"historical television series, sport film, drama television series",United Kingdom,English,10.0,tt8403664
701,Chambers,2019,16+,58/100,1,0,0,0,1,,,,6.5/10,
702,Selena: The Series,2020,7+,58/100,1,0,0,0,1,biographical film,United States,,5.0,tt9421868
703,BAKI,2018,18+,58/100,1,0,0,0,1,,,,6.7/10,
704,Cells at Work!,2018,16+,58/100,1,0,0,0,1,,,,7.6/10,
705,Reckoning,2019,18+,58/100,1,0,0,0,1,,,,6.6/10,
706,The Mole,2001,,58/100,1,0,0,0,1,"reality television, game show",Belgium,,10.0,tt0236911
707,The Ripper,2020,,58/100,1,0,0,0,1,true crime,United Kingdom,English,8.0,tt13492374
708,Queen Sono,2020,18+,58/100,1,0,0,0,1,,,,5.9/10,
709,WWII in HD,2009,18+,58/100,1,0,0,0,1,documentary film,United States,English,9.0,tt1489097
710,The Parisian Agency: Exclusive Properties,2021,,58/100,1,0,0,0,1,reality television,France,French,9.0,tt14746934
711,La cocinera de Castamar,2021,,58/100,1,0,0,0,1,,Spain,Spanish,6.0,tt12626014
712,I Am a Killer,2018,18+,58/100,1,0,0,0,1,television documentary,United Kingdom,English,10.0,tt8300324
713,W1A,2014,,58/100,1,0,0,0,1,comedy television series,United Kingdom,English,6.0,tt3610926
714,One of Us,2016,18+,58/100,1,0,0,0,1,,,,7.0/10,
715,Cuckoo,2012,16+,58/100,1,0,0,0,1,,,,7.2/10,
716,March Comes in Like a Lion,2016,7+,58/100,1,0,0,0,1,,,,8.4/10,
717,Börü,2018,18+,58/100,1,0,0,0,1,,Turkey,Turkish,8.0,tt7146600
718,The Mess You Leave Behind,2020,,58/100,1,0,0,0,1,"thriller television series, television series based on a novel",Spain,Spanish,7.0,tt9731242
719,Elize Matsunaga: Once Upon a Crime,2021,18+,58/100,1,0,0,0,1,,,,5.8/10,
720,Invisible City,2021,all,58/100,1,0,0,0,1,fantasy television series,Brazil,Portuguese,8.0,tt8878862
721,High Seas,2019,16+,58/100,1,0,0,0,1,detective fiction,Spain,Spanish,9.0,tt8961508
722,Man Down,2013,18+,58/100,1,0,0,0,1,,,,7.6/10,
723,Hitler's Circle of Evil,2017,,58/100,1,0,0,0,1,television documentary,Germany,,9.0,tt6600720
724,Degrassi: Next Class,2016,7+,58/100,1,0,0,0,1,LGBT-related television series,Canada,English,9.0,tt5320160
725,The Forest,2017,,58/100,1,0,0,0,1,,,,7.2/10,
726,The Woods,2020,18+,58/100,1,0,0,0,1,,,,6.5/10,
727,This Is Pop,2021,,58/100,1,0,0,0,1,,,,8.0,tt14155414
728,Godzilla Singular Point,2021,16+,58/100,1,0,0,0,1,,,,6.6/10,
729,My Babysitter's a Vampire,2011,7+,58/100,1,0,0,0,1,"youth series, vampire television program, comedy horror television program",Canada,English,8.0,tt1727434
730,Mad for Each Other,2021,,58/100,1,0,0,0,1,"comedy film, drama film, romance film",South Korea,,9.0,tt14596414
731,Typewriter,2019,18+,57/100,1,0,0,0,1,,India,Hindi,6.0,tt9310372
732,Sonic X,2003,16+,57/100,1,1,1,0,1,,,,6.2/10,
733,Monthly Girls' Nozaki-kun,2014,7+,57/100,1,0,0,0,1,,,,7.6/10,
734,History of Swear Words,2021,18+,57/100,1,0,0,0,1,television documentary,United States,English,4.0,tt13617060
735,Dolly Parton's Heartstrings,2019,16+,57/100,1,0,0,0,1,"anthology series, drama television series",United States,,7.6,tt8509922
736,Arthdal Chronicles,2019,,57/100,1,0,0,0,1,"sageuk, fantasy television series, alternate history television series, action television series",South Korea,Korean,10.0,tt8750956
737,Last Chance U: Basketball,2021,18+,57/100,1,0,0,0,1,,,,8.0,tt13087512
738,The Next Step,2013,all,57/100,1,0,0,0,1,comedy drama,Canada,English,6.0,tt2374744
739,The Bride of the Water God,2017,,57/100,1,0,0,0,1,,,,6.9/10,
740,Midnight Diner: Tokyo Stories,2016,16+,57/100,1,0,0,0,1,drama television series,Japan,Japanese,8.0,tt1882928
741,Immigration Nation,2020,16+,57/100,1,0,0,0,1,television documentary,United States,English,10.0,tt12754910
742,My Unorthodox Life,2021,,57/100,1,0,0,0,1,reality television,United States,English,4.0,tt14398500
743,The Barrier,2020,16+,57/100,1,0,0,0,1,"science fiction television program, drama television series",Spain,Spanish,6.0,tt9460858
744,Cannon Busters,2019,18+,57/100,1,0,0,0,1,,,,6.8/10,
745,Something in the Rain,2018,7+,57/100,1,0,0,0,1,romance television series,South Korea,Korean,7.0,tt8078816
746,Haters Back Off,2016,7+,57/100,1,0,0,0,1,comedy television series,United States,English,7.0,tt5467814
747,Young Wallander,2020,18+,57/100,1,0,0,0,1,drama,"Sweden, United Kingdom",,8.0,tt9359220
748,Toy Boy,2019,18+,57/100,1,0,0,0,1,,Spain,Spanish,5.0,tt8693266
749,Aunty Donna's Big Ol' House of Fun,2020,,57/100,1,0,0,0,1,comedy television program,Australia,English,10.0,tt13316746
750,Jack Whitehall: Travels with My Father,2017,18+,57/100,1,0,0,0,1,"travel documentary, comedy television series",United Kingdom,English,8.0,tt7453996
751,Sofia the First,2013,all,57/100,1,0,0,0,1,,,,6.9/10,
752,"Money, Explained",2021,,57/100,1,0,0,0,1,"television documentary, popular science film",United States,English,2.0,tt14492910
753,The Joel McHale Show with Joel McHale,2018,18+,57/100,1,0,0,0,1,talk show,United States,,6.0,tt7895706
754,America's Book of Secrets,2012,7+,57/100,1,1,0,0,1,,United States,,6.8/10,
755,The World's Most Amazing Vacation Rentals,2021,,57/100,1,0,0,0,1,reality television,United States,English,5.0,tt14691382
756,Kiss Me First,2018,18+,57/100,1,0,0,0,1,"drama television series, LGBT-related television series",United Kingdom,English,5.0,tt5730690
757,A Very Secret Service,2015,18+,57/100,1,0,0,0,1,comedy television series,France,French,7.7,tt4367560
758,Sexy Beasts,2021,,57/100,1,0,0,0,1,dating game show,United Kingdom,English,4.7/10,
759,Scissor Seven,2018,7+,57/100,1,0,0,0,1,,,,8.3/10,
760,Summertime,2020,18+,57/100,1,1,0,0,1,,,,5.5/10,
761,Turn Up Charlie,2019,,57/100,1,0,0,0,1,comedy,United States,English,9.0,tt8304498
762,The K2,2016,16+,57/100,1,0,0,0,1,action television series,South Korea,Korean,9.0,tt5966882
763,The King's Avatar,2017,7+,57/100,1,0,0,0,1,"Chinese television drama, drama television series, adaptation",People's Republic of China,,6.0,tt10732794
764,Prison Playbook,2017,,57/100,1,0,0,0,1,"black comedy, comedy television series, drama television series",South Korea,Korean,9.0,tt7622902
765,The Twelve,2019,16+,57/100,1,0,0,0,1,drama,Belgium,Dutch,7.0,tt7605396
766,Vanished 46,2016,16+,57/100,1,0,0,0,1,,,,8.4/10,
767,Valor,2017,16+,57/100,1,0,0,0,1,,,,6.0/10,
768,Northern Rescue,2019,16+,57/100,1,0,0,0,1,"drama television series, family television series",Canada,English,6.0,tt8462412
769,Equinox,2020,18+,57/100,1,0,0,0,1,,,,6.1/10,
770,Oggy and the Cockroaches,1999,all,57/100,1,0,0,0,1,,,,7.3/10,
771,Code Lyoko,2003,7+,57/100,1,0,0,0,1,"comedy television series, superhero television program, science fiction television program, adventure television series",France,French,1.0,tt2393384
772,Champions,2018,16+,57/100,1,1,0,0,1,,,,6.1/10,
773,Winx Club,2004,all,57/100,1,0,0,0,1,,,,6.2/10,
774,Dragons: Race to the Edge,2015,7+,57/100,1,0,0,0,1,,,,8.3/10,
775,Age of Samurai: Battle for Japan,2021,,56/100,1,0,0,0,1,television documentary,Canada,English,8.0,tt10551256
776,Vexed,2010,7+,56/100,1,0,0,0,1,comedy drama,United Kingdom,English,7.2,tt1497609
777,Family Business,2019,16+,56/100,1,0,0,0,1,comedy television series,France,French,10.0,tt10423460
778,Strangers From Hell,2019,,56/100,1,0,0,0,1,"thriller television series, crime film, horror film, mystery film",South Korea,Korean,8.0,tt10613844
779,BUNK'D,2015,all,56/100,1,0,0,0,1,"sitcom, children's television series",United States,English,5.0,tt4591680
780,Cathedral of the Sea,2018,16+,56/100,1,0,0,0,1,television series based on a novel,Spain,Spanish,9.0,tt4944694
781,Iris,2009,,56/100,1,0,0,0,1,,,,7.9/10,
782,Man to Man,2017,,56/100,1,0,0,0,1,"melodrama, action television series, drama television series, thriller television series",South Korea,Korean,7.3,tt6032762
783,History 101,2020,7+,56/100,1,0,0,0,1,documentary,United Kingdom,,6.0,tt11958648
784,Cat People,2021,,56/100,1,0,0,0,1,,United States,,6.6,tt14818454
785,Cinderella and Four Knights,2016,,56/100,1,0,0,0,1,"romance television series, television series based on a novel, comedy film, romance film",South Korea,Korean,10.0,tt5764414
786,The Big Flower Fight,2020,,56/100,1,0,0,0,1,reality television,United Kingdom,English,7.0,tt12200714
787,Cooked,2016,7+,56/100,1,0,0,0,1,television documentary,United States,English,5.0,tt5347906
788,Monarca,2019,18+,56/100,1,0,0,0,1,,Mexico,Spanish,9.0,tt8655736
789,Indian Matchmaking,2020,16+,56/100,1,0,0,0,1,documentary,"India, United Kingdom, United States",,7.0,tt12580168
790,Perfume,2018,18+,56/100,1,0,0,0,1,"comedy film, romance film",South Korea,Korean,8.0,tt10307796
791,Avlu,2018,18+,56/100,1,0,0,0,1,drama film,Turkey,Turkish,8.0,tt7923832
792,Wild District,2018,18+,56/100,1,0,0,0,1,,,,8.3/10,
793,Magic for Humans,2018,16+,56/100,1,0,0,0,1,,United States,English,10.0,tt8425308
794,50M2,2021,18+,56/100,1,0,0,0,1,drama film,Turkey,Turkish,8.0,tt11617848
795,Mako Mermaids: An H2O Adventure,2013,all,56/100,1,0,0,0,1,"comedy television series, romance television series, fantasy television series, adventure television series",Australia,English,7.0,tt2548214
796,Extracurricular,2020,18+,56/100,1,0,0,0,1,"crime television series, youth series, drama television series",South Korea,Korean,9.0,tt10262630
797,Tunnel,2017,16+,56/100,1,0,0,0,1,,,,8.3/10,
798,Marseille,2016,18+,56/100,1,0,0,0,1,,,,6.9/10,
799,Elite Short Stories: Nadia Guzmán,2021,18+,56/100,1,0,0,0,1,,,,6.4/10,
800,The World's Most Extraordinary Homes,2017,,56/100,1,0,0,0,1,,,,7.6/10,
801,The Rise of Phoenixes,2018,7+,56/100,1,0,0,0,1,drama television series,People's Republic of China,,10.0,tt7052634
802,Wakfu,2008,7+,56/100,1,0,0,0,1,,,,8.2/10,
803,H,1998,,56/100,1,0,0,0,1,,,,7.4/10,
804,The War Next-door,2021,,56/100,1,0,0,0,1,,Mexico,,1.0,tt14821886
805,How to Fix a Drug Scandal,2020,18+,56/100,1,0,0,0,1,,,,7.0/10,
806,Betaal,2020,18+,56/100,1,0,0,0,1,,India,,7.0,tt10651790
807,Sin Senos Sí Hay Paraíso,2016,16+,56/100,1,0,0,0,1,"telenovela, police television drama",United States,Spanish,3.0,tt5676412
808,Japan Sinks: 2020,2020,18+,56/100,1,0,0,0,1,,,,6.4/10,
809,Run On,2020,,56/100,1,0,0,0,1,romance film,South Korea,Korean,9.0,tt13271834
810,Girlfriends,2000,7+,56/100,1,0,0,0,1,comedy television series,United States,English,7.4,tt0247102
811,Mobile Suit Gundam: Iron-Blooded Orphans,2015,18+,56/100,1,0,0,0,1,,,,7.9/10,
812,Curon,2020,18+,56/100,1,0,0,0,1,"speculative fiction, fantasy television series",Italy,Italian,7.0,tt10101518
813,The Method,2015,18+,56/100,1,0,0,0,1,"detective television series, thriller television series, drama television series",Russia,Russian,9.0,tt5135336
814,Amend: The Fight for America,2021,18+,56/100,1,0,0,0,1,television documentary,United States,English,10.0,tt13973320
815,Reply 1997,2012,,56/100,1,0,0,0,1,"romance film, comedy film, drama film",South Korea,Korean,9.0,tt2782216
816,The Crew,2021,16+,56/100,1,0,0,0,1,comedy television program,United States,English,6.0,tt10971022
817,Sex Explained,2020,18+,56/100,1,0,0,0,1,,,,6.9/10,
818,Unauthorized Living,2018,18+,56/100,1,0,0,0,1,"drama television series, thriller television series, telenarconovela",Spain,Spanish,7.0,tt6970700
819,James Acaster: Repertoire,2018,18+,56/100,1,0,0,0,1,,,,8.5/10,
820,Blood & Water,2020,18+,56/100,1,0,0,0,1,fiction television program,South Africa,English,7.0,tt9839146
821,Adventures of Sonic the Hedgehog,1993,7+,55/100,1,0,0,0,1,,,,6.2/10,
822,Tales by Light,2015,,55/100,1,0,0,0,1,,Australia,,10.0,tt5350276
823,Tiny Pretty Things,2020,,55/100,1,0,0,0,1,"television series based on a novel, drama film",United States,American English,7.0,tt10767748
824,Rust Valley Restorers,2018,16+,55/100,1,0,0,0,1,"television documentary, reality television",Canada,English,5.0,tt9498102
825,Immortals,2018,7+,55/100,1,0,0,0,1,,,,5.3/10,
826,Cheese in the Trap,2016,16+,55/100,1,0,0,0,1,"romance film, LGBT-related television series, college life television program",South Korea,Korean,10.0,tt4741110
827,Terrace House: Boys & Girls in the City,2015,7+,55/100,1,0,0,0,1,reality television,Japan,Japanese,9.0,tt4790546
828,When the Camellia Blooms,2019,,55/100,1,0,0,0,1,romantic comedy,South Korea,Korean,7.0,tt10826064
829,My Secret Romance,2017,16+,55/100,1,0,0,0,1,"romance film, comedy film, drama television series",South Korea,,7.0,tt6300100
830,Marlon,2017,7+,55/100,1,1,0,0,1,comedy television series,United States,English,9.0,tt5720168
831,The Bonfire of Destiny,2019,16+,55/100,1,0,0,0,1,,,,7.7/10,
832,100 Days My Prince,2018,16+,55/100,1,0,0,0,1,"drama television series, action television series, comedy television series, cultural history",South Korea,Korean,7.0,tt8199972
833,Let's Eat,2013,16+,55/100,1,0,0,0,1,"romance television series, comedy television series",South Korea,Korean,7.0,tt3385484
834,Kung Fu Panda: Legends of Awesomeness,2011,7+,55/100,1,0,0,0,1,,,,6.8/10,
835,Crime Scene: The Vanishing at the Cecil Hotel,2021,,55/100,1,0,0,0,1,,,,5.9/10,
836,PJ Masks,2015,all,55/100,1,0,0,1,1,,,,5.5/10,
837,Incomplete Life,2014,16+,55/100,1,0,0,0,1,drama television series,South Korea,Korean,10.0,tt4240730
838,Fabulous Lives of Bollywood Wives,2020,,55/100,1,0,0,0,1,reality television,India,,1.0,tt13452100
839,When Heroes Fly,2018,7+,55/100,1,0,0,0,1,"drama television series, television series based on a novel",Israel,"Hebrew, Spanish",7.0,tt8220344
840,The Last O.G.,2018,7+,55/100,1,0,0,0,1,sitcom,United States,English,10.0,tt5363912
841,Romance is a Bonus Book,2019,,55/100,1,0,0,0,1,"romantic comedy, romance film",South Korea,Korean,10.0,tt9130542
842,DC Super Hero Girls,2019,7+,55/100,1,0,0,0,1,,,,7.1/10,
843,Wheel of Fortune,1983,all,55/100,1,0,0,0,1,game show,United States,English,6.7,tt0072584
844,Chelsea Does,2016,18+,55/100,1,0,0,0,1,television documentary,United States,English,1.0,tt5275894
845,Girlfriends' Guide to Divorce,2014,16+,55/100,1,0,0,0,1,comedy drama,United States,English,8.0,tt2817246
846,Daniel Sloss: Live Shows,2018,18+,55/100,1,0,0,0,1,,,,8.6/10,
847,Case,2015,16+,55/100,1,0,0,0,1,,,,7.1/10,
848,Always a Witch,2019,16+,55/100,1,0,0,0,1,"fantasy television series, romantic comedy, speculative fiction, comedy television series",Colombia,Spanish,7.0,tt8001250
849,You vs. Wild,2019,,55/100,1,0,0,0,1,"full motion video, reality television",United States,English,8.0,tt10044952
850,The Boulet Brothers' Dragula,2016,18+,55/100,1,0,0,0,1,"LGBT-related television series, reality television series",United States,,8.0,tt6289132
851,Lovestruck in the City,2020,16+,55/100,1,0,0,0,1,"drama film, romance film",South Korea,Korean,10.0,tt13394544
852,Navillera,2021,,55/100,1,0,0,0,1,drama film,South Korea,Korean,10.0,tt13885302
853,Bitter Daisies,2018,18+,55/100,1,0,0,0,1,thriller,Spain,Galician,8.0,tt9412454
854,Selection Day,2018,16+,55/100,1,0,0,0,1,television series based on a novel,India,,9.0,tt8004628
855,"Bring It On, Ghost",2016,16+,55/100,1,0,0,0,1,"horror television series, romantic comedy",South Korea,Korean,10.0,tt5768840
856,The Standups,2017,,55/100,1,0,0,0,1,comedy television series,United States,English,10.0,tt7107518
857,(The Hook Up Plan),2018,16+,55/100,1,0,0,0,1,,,,7.2/10,
858,Because This Is My First Life,2017,16+,55/100,1,0,0,0,1,romantic comedy,South Korea,Korean,10.0,tt7278588
859,The Indian Detective,2017,,55/100,1,0,0,0,1,comedy drama,Canada,,7.0,tt5797220
860,Medal of Honor,2018,16+,55/100,1,0,1,0,1,,,,8.4/10,
861,Heaven Official's Blessing,2020,,55/100,1,0,0,0,1,,,,8.4/10,
862,Who Killed Little Gregory?,2019,,55/100,1,0,0,0,1,,,,7.4/10,
863,"Coronavirus, Explained",2020,7+,55/100,1,0,0,0,1,television documentary,United States,English,7.0,tt12189310
864,Teen Mom 2,2011,7+,55/100,1,0,1,0,1,reality television,United States,English,7.0,tt1821220
865,Vientos de agua,2006,,55/100,1,0,0,0,1,drama television series,"Argentina, Spain",Spanish,10.0,tt0459724
866,Kantaro: The Sweet Tooth Salaryman,2017,7+,55/100,1,0,0,0,1,,Japan,Japanese,10.0,tt6983520
867,Al Hayba,2017,7+,55/100,1,0,0,0,1,,"Lebanon, Syria",,10.0,tt7035576
868,Somewhere Between,2017,16+,55/100,1,0,0,0,1,thriller television series,United States,English,5.0,tt6467294
869,Selling Sunset,2019,18+,55/100,1,0,0,0,1,reality television series,United States,English,5.0,tt9817298
870,Trailer Park Boys: The Animated Series,2019,18+,55/100,1,0,0,0,1,,,,7.5/10,
871,Ultraviolet,2017,18+,55/100,1,1,0,0,1,crime television series,Poland,Polish,9.0,tt7514746
872,Ultraman,2019,16+,54/100,1,0,0,0,1,"tokusatsu, Japanese television drama",Japan,Japanese,10.0,tt0060038
873,No Good Nick,2019,7+,54/100,1,0,0,0,1,comedy television series,United States,English,9.0,tt9039142
874,Intersection,2016,,54/100,1,0,1,0,1,"drama television series, thriller television series, psychological thriller, romance television series","United Arab Emirates, United States","Arabic, English, Spanish",10.0,tt11703922
875,Daughter From Another Mother,2021,18+,54/100,1,0,0,0,1,"drama film, comedy",Mexico,Mexican Spanish,10.0,tt11937732
876,Tiny House Nation,2014,7+,54/100,1,0,0,0,1,reality television,United States,,10.0,tt3869500
877,High-Rise Invasion,2021,18+,54/100,1,0,0,0,1,,,,6.7/10,
878,Mystic Pop-up Bar,2020,16+,54/100,1,0,0,0,1,fantasy television series,South Korea,Korean,7.0,tt12246190
879,The Inmate,2018,,54/100,1,0,0,0,1,,,,7.0/10,
880,Glow Up: Britain's Next Make-Up Star,2019,16+,54/100,1,0,0,0,1,reality television,United Kingdom,English,6.0,tt9680524
881,Falsa Identidad,2018,16+,54/100,1,0,0,0,1,telenovela,United States,Spanish,10.0,tt8598690
882,A Perfect Crime,2020,,54/100,1,0,0,0,1,,,,7.3/10,
883,Alien Worlds,2020,7+,54/100,1,0,0,0,1,"nature documentary, science fiction television program, television documentary, docufiction",United Kingdom,English,6.0,tt13464340
884,Barbie: Life in the Dreamhouse,2012,all,54/100,1,0,0,0,1,,,,7.4/10,
885,Freud,2020,18+,54/100,1,0,0,0,1,,,,6.5/10,
886,Carmel: Who Killed Maria Marta?,2020,,54/100,1,0,0,0,1,,,,7.1/10,
887,Get Even,2020,,54/100,1,0,0,0,1,"thriller television series, teen drama television, television series based on a novel",United Kingdom,English,8.0,tt9724628
888,God Eater,2015,16+,54/100,1,0,0,0,1,,,,7.0/10,
889,El Dragón: Return of a Warrior,2019,18+,54/100,1,0,0,0,1,"telenovela, police television drama",Mexico,Spanish,10.0,tt9281190
890,Netflix Presents: The Characters,2016,18+,54/100,1,0,0,0,1,,United States,English,4.0,tt5228026
891,Jamtara - Sabka Number Ayega,2020,,54/100,1,0,0,0,1,,,,7.3/10,
892,Vampires,2020,18+,54/100,1,0,0,0,1,"fantasy television series, vampire television program",France,French,10.0,tt11829316
893,Zindagi inShort,2021,,54/100,1,0,0,0,1,,,,7.2/10,
894,#blackAF,2020,18+,54/100,1,0,0,0,1,sitcom,United States,,5.0,tt10311562
895,Ever After High,2013,all,54/100,1,0,0,0,1,,,,8.0/10,
896,Sirius the Jaeger,2018,16+,54/100,1,0,0,0,1,,,,6.8/10,
897,Eternal Love,2017,7+,54/100,1,0,0,0,1,,People's Republic of China,Putonghua,10.0,tt6772360
898,Murder Mountain,2018,16+,54/100,1,0,0,0,1,television documentary,United States,English,8.0,tt9078908
899,EastSiders,2012,,54/100,1,0,0,0,1,LGBT-related television series,United States,English,4.0,tt2558816
900,Dope,2017,16+,54/100,1,0,0,0,1,,,,7.3/10,
901,Troy: Fall of a City,2018,18+,54/100,1,0,0,0,1,historical television series,United Kingdom,English,2.0,tt5103758
902,Surviving Escobar - Alias JJ,2017,18+,54/100,1,0,0,0,1,,,,7.9/10,
903,Transfers,2017,,54/100,1,0,0,0,1,,France,,7.0,tt6531888
904,Unnatural Selection,2019,,54/100,1,0,0,0,1,,,,8.0/10,
905,Skylines,2019,16+,54/100,1,0,0,0,1,drama film,Germany,German,8.0,tt9184970
906,The Last Czars,2019,,54/100,1,0,0,0,1,docudrama,United States,English,7.3,tt7949606
907,High Score Girl,2018,7+,54/100,1,0,0,0,1,,,,8.0/10,
908,Human: The World Within,2021,,54/100,1,0,0,0,1,television documentary,,,10.0,tt14574154
909,Unit 42,2017,7+,54/100,1,0,0,0,1,police procedural,Belgium,French,10.0,tt6136644
910,The Velvet Collection,2017,16+,54/100,1,0,0,0,1,romance film,Spain,Spanish,7.0,tt6762348
911,One on One,2001,16+,54/100,1,0,1,0,1,teen sitcom,United States,English,7.2,tt0284770
912,Monty Python: Almost the Truth (The Lawyer's Cut),2009,7+,54/100,1,0,0,0,1,,,,8.1/10,
913,Nicky Jam: El Ganador,2018,,54/100,1,0,0,0,1,,United States,Spanish,9.0,tt7949200
914,Someone Has to Die,2020,,54/100,1,0,0,0,1,,Spain,Spanish,5.0,tt10311932
915,Voice,2017,16+,54/100,1,0,0,0,1,,,,7.7/10,
916,La Révolution,2020,16+,54/100,1,0,0,0,1,"alternate history television series, political drama, horror television series, adventure television series",France,French,6.0,tt13044528
917,Queer Eye: We're in Japan!,2019,16+,54/100,1,0,0,0,1,reality television series,United States,"English, Japanese",10.0,tt10971532
918,Danger Mouse,1981,7+,54/100,1,0,0,0,1,,,,7.4/10,
919,Paava Kadhaigal,2020,,54/100,1,0,0,0,1,,,,8.1/10,
920,Man Like Mobeen,2017,18+,53/100,1,0,0,0,1,sitcom,United Kingdom,,10.0,tt7639280
921,Sisyphus,2021,,53/100,1,0,0,0,1,,,,7.1/10,
922,MINE,2021,,53/100,1,0,0,0,1,,,,7.8/10,
923,X-Men,2011,16+,53/100,1,0,0,1,1,,,,6.9/10,
924,The Minions of Midas,2020,,53/100,1,0,0,0,1,,,,6.6/10,
925,7SEEDS,2019,18+,53/100,1,0,0,0,1,,,,6.4/10,
926,Ultimate Beastmaster,2017,all,53/100,1,0,0,0,1,reality television,United States,English,7.0,tt5607970
927,Trigger Warning with Killer Mike,2019,16+,53/100,1,0,0,0,1,"comedy television program, television documentary",United States,,9.0,tt9426194
928,The Queen of Flow,2018,18+,53/100,1,0,0,0,1,telenovela,Colombia,Spanish,8.0,tt8560918
929,The Upshaws,2021,16+,53/100,1,0,0,0,1,sitcom,United States,English,7.0,tt10945036
930,Huge in France,2019,16+,53/100,1,0,0,0,1,sitcom,United States,,7.0,tt8009602
931,Good Morning Call,2016,all,53/100,1,0,0,0,1,"comedy television program, romance television series",Japan,Japanese,10.0,tt5520732
932,Reality Z,2020,18+,53/100,1,0,0,0,1,comedy horror,Brazil,,7.0,tt10241238
933,Bella and the Bulldogs,2015,all,53/100,1,0,0,0,1,American television sitcom,United States,English,6.0,tt3596178
934,Johnny Test,2005,all,53/100,1,0,0,0,1,,Canada,,6.0,tt15061770
935,The Lost Pirate Kingdom,2021,18+,53/100,1,0,0,0,1,television documentary,United States,English,8.0,tt14057360
936,The I-Land,2019,18+,53/100,1,0,0,0,1,"science fiction television program, drama television series, adventure television series, action television series",United States,English,3.0,tt9067020
937,Find Yourself,2020,,53/100,1,0,0,0,1,romantic comedy,People's Republic of China,,8.0,tt11569628
938,A Love So Beautiful,2017,,53/100,1,0,0,0,1,"romantic comedy, coming-of-age fiction",People's Republic of China,Mandarin,8.0,tt8434720
939,Free Rein,2017,all,53/100,1,0,0,0,1,drama,United Kingdom,English,7.0,tt6928052
940,Ashes of Love,2018,7+,53/100,1,0,0,0,1,romance television series,People's Republic of China,,10.0,tt8976346
941,Masha and the Bear,2009,all,53/100,1,0,0,0,1,,,,7.5/10,
942,Million Pound Menu,2018,,53/100,1,0,0,0,1,reality show,United Kingdom,English,9.0,tt8488494
943,All Hail King Julien,2014,7+,53/100,1,0,0,0,1,,,,7.1/10,
944,The Day I Met El Chapo: The Kate del Castillo Story,2017,18+,53/100,1,0,0,0,1,"biographical work, television documentary",United States,,7.0,tt7334894
945,Argos Comunicación,2017,18+,53/100,1,0,0,0,1,,,,7.2/10,
946,The Rational Life,2021,,53/100,1,0,0,0,1,"drama film, romance film",People's Republic of China,,8.0,tt14376958
947,Busted!,2018,16+,53/100,1,0,0,0,1,"reality television, variety show",South Korea,Korean,10.0,tt8328460
948,Street Food,2019,all,53/100,1,0,0,0,1,television documentary,United States,,9.0,tt10050778
949,A Little Thing Called First Love,2019,all,53/100,1,0,1,0,1,romance film,People's Republic of China,Standard Chinese,6.0,tt11152058
950,The Surgeon's Cut,2020,,53/100,1,0,0,0,1,television documentary,United States,English,10.0,tt13487106
951,Song Exploder,2020,18+,53/100,1,0,0,0,1,television documentary,United States,English,10.0,tt13110256
952,Unabomber: In His Own Words,2020,,53/100,1,0,0,0,1,television documentary,United States,English,8.0,tt11833494
953,Spycraft,2021,18+,53/100,1,0,0,0,1,,United States,,9.0,tt13789092
954,Thieves of the Wood,2020,18+,53/100,1,0,0,0,1,television series based on a novel,Belgium,Dutch,10.0,tt5766086
955,Headspace Guide to Meditation,2021,7+,53/100,1,0,0,0,1,,,English,10.0,tt13617024
956,Record of Grancrest War,2018,18+,53/100,1,0,0,0,1,,,,7.2/10,
957,Abyss,2019,16+,53/100,1,0,0,0,1,,,,7.1/10,
958,Silver Spoon,2014,16+,53/100,1,0,0,0,1,"detective television series, thriller television series, drama television series",Russia,Russian,8.0,tt4426042
959,Omniscient,2020,18+,53/100,1,0,0,0,1,"science fiction television program, drama television series",Brazil,Brazilian Portuguese,8.0,tt11542920
960,Creeped Out,2017,7+,53/100,1,0,0,0,1,"children's television series, horror television series","Canada, United Kingdom",English,8.0,tt7573024
961,The Worst Witch,2017,7+,53/100,1,0,0,0,1,"children's television series, fantasy television series","United Kingdom, Canada",English,7.2,tt0179061
962,Diablero,2018,16+,53/100,1,0,0,0,1,"horror television series, film based on book, fantasy television series",Mexico,,8.0,tt7414954
963,Samurai Gourmet,2017,,53/100,1,0,0,0,1,comedy,Japan,Japanese,7.0,tt6304676
964,The Daily Life of the Immortal King,2020,16+,53/100,1,0,0,0,1,,,,7.4/10,
965,The Guest,2018,,53/100,1,0,0,0,1,,,,8.2/10,
966,You Are My Spring,2021,,53/100,1,0,0,0,1,,South Korea,Korean,5.0,tt14169816
967,My First First Love,2019,7+,53/100,1,0,0,0,1,"chivalric romance, drama film",South Korea,Korean,8.0,tt8995604
968,The Mr. Peabody & Sherman Show,2015,7+,53/100,1,0,0,0,1,comedy television series,United States,English,2.0,tt5021206
969,My Shy Boss,2017,,53/100,1,0,0,0,1,"romance film, comedy television series, comedy film, drama film",South Korea,Korean,6.0,tt6257622
970,Trial 4,2020,,53/100,1,0,0,0,1,true crime,United States,English,9.0,tt13363298
971,The Business of Drugs,2020,18+,53/100,1,0,0,0,1,,United States,English,8.0,tt12588416
972,"Fresh, Fried & Crispy",2021,7+,53/100,1,0,0,0,1,,United States,,3.0,tt14644428
973,The Legend of Bruce Lee,2008,,53/100,1,0,1,0,1,"biographical film, martial arts film",People's Republic of China,"Mandarin, English",6.8,tt1059455
974,Jiva!,2021,18+,53/100,1,0,0,0,1,drama film,South Africa,,9.0,tt12564616
975,Killer Ratings,2019,18+,53/100,1,0,0,0,1,true crime,United Kingdom,,8.0,tt10243692
976,Switched,2018,16+,53/100,1,0,0,0,1,drama fiction,Japan,Japanese,8.0,tt8747882
977,Go! Live Your Way,2019,,52/100,1,0,0,0,1,romance film,Argentina,Spanish,10.0,tt9654086
978,Criminal: France,2019,7+,52/100,1,0,0,0,1,"anthology series, police procedural",France,French,5.0,tt10986052
979,Bloodride,2020,18+,52/100,1,0,0,0,1,horror television series,Norway,,8.0,tt9815502
980,Glitch Techs,2020,all,52/100,1,0,0,0,1,,,,7.9/10,
981,Country Comfort,2021,7+,52/100,1,0,0,0,1,comedy television program,United States,,9.0,tt11717394
982,The Disappearance of Madeleine McCann,2019,16+,52/100,1,0,0,0,1,television documentary,United States,English,8.0,tt9879074
983,Nobody's Looking,2019,18+,52/100,1,0,0,0,1,"fantasy television series, comedy television series",Brazil,Portuguese,10.0,tt11131980
984,Inside the World's Toughest Prisons,2016,18+,52/100,1,0,0,0,1,television documentary,United Kingdom,English,9.0,tt6322264
985,Love & Anarchy,2020,,52/100,1,0,0,0,1,comedy drama,Sweden,Swedish,9.0,tt10888876
986,Family Reunion,2019,7+,52/100,1,0,0,0,1,comedy,United States,,7.0,tt9153270
987,Borderliner,2017,18+,52/100,1,0,0,0,1,,,,6.8/10,
988,Sisters,2017,,52/100,1,0,0,0,1,soap opera,United States,English,7.5,tt0101199
989,Kissing Game,2020,18+,52/100,1,0,0,0,1,,Brazil,Brazilian Portuguese,9.0,tt11131962
990,Who Killed Malcolm X?,2019,,52/100,1,0,0,0,1,,,,7.6/10,
991,"Good Morning, Verônica",2020,,52/100,1,0,0,0,1,"drama television series, television series based on a novel",Brazil,,8.0,tt12987918
992,Bad Boy Billionaires: India,2020,,52/100,1,0,0,0,1,television documentary,India,English,8.0,tt12923630
993,Neo Yokio,2017,18+,52/100,1,0,0,0,1,,,,5.9/10,
994,Grand Hotel,2016,,52/100,1,0,0,0,1,,,,8.2/10,
995,Crazy Delicious,2020,7+,52/100,1,0,0,0,1,,United Kingdom,English,5.0,tt11301834
996,The Frozen Dead,2017,,52/100,1,0,0,0,1,,France,French,5.0,tt5736758
997,Zumbo's Just Desserts,2016,7+,52/100,1,0,0,0,1,reality television,Australia,,6.0,tt7239256
998,Another Miss Oh,2016,,52/100,1,0,0,0,1,"romantic comedy, comedy television series, fantasy television series, romance television series",South Korea,,6.0,tt5679572
999,Soundtrack,2019,,52/100,1,0,0,0,1,,,,6.8/10,
1000,Bad Guys,2014,18+,52/100,1,0,0,0,1,police procedural,South Korea,Korean,8.0,tt3914520
1001,Fireman Sam,1989,all,52/100,1,0,1,0,1,,,,6.2/10,
1002,We Are the Wave,2019,18+,52/100,1,0,0,0,1,,,,6.1/10,
1003,Morocco: Love in Times of War,2017,,52/100,1,0,0,0,1,romance film,Spain,,10.0,tt6740146
1004,Okupas,2000,18+,52/100,1,0,0,0,1,drama television series,Argentina,Spanish,9.0,tt0289649
1005,Sword Art Online Alternative: Gun Gale Online,2018,16+,52/100,1,1,0,0,1,,,,6.9/10,
1006,The Haunted Hathaways,2013,all,52/100,1,0,0,0,1,"comedy television series, fantasy television program, youth series",United States,English,4.0,tt2535732
1007,TIGER & BUNNY,2011,16+,52/100,1,1,0,0,1,,,,7.4/10,
1008,The Queen and the Conqueror,2020,16+,52/100,1,0,0,0,1,historical drama,Colombia,,8.0,tt10348700
1009,Mossad 101,2015,,52/100,1,0,0,0,1,thriller television series,Israel,,7.0,tt4354042
1010,Hoops,2020,18+,52/100,1,0,0,0,1,,,,6.0/10,
1011,Crime Diaries: The Candidate,2019,18+,52/100,1,0,0,0,1,,,,7.6/10,
1012,Zac & Mia,2017,16+,52/100,1,1,0,0,1,,United States,English,10.0,tt7487358
1013,Men on a Mission,2015,16+,52/100,1,0,0,0,1,"reality television, variety show",South Korea,,7.0,tt5247622
1014,Girls Hostel,2018,7+,52/100,1,0,0,0,1,,,,10.0,tt9401936
1015,Power Rangers Dino Fury,2021,7+,52/100,1,0,0,0,1,,United States,English,10.0,tt12360292
1016,Broken,2019,16+,52/100,1,0,0,0,1,,,,6.9/10,
1017,Barney & Friends,1992,all,52/100,1,0,1,0,1,"children's television series, music program, children's music, educational television",United States,English,4.1,tt0144701
1018,Yunus Emre: Aşkın Yolculuğu,2015,,52/100,1,0,0,0,1,,Turkey,,8.0/10,
1019,We the People,2021,7+,52/100,1,0,0,0,1,,,,4.5/10,
1020,SanPa: Sins of the Savior,2020,,52/100,1,0,0,0,1,,,,7.8/10,
1021,The Big Show Show,2020,all,52/100,1,0,0,0,1,sitcom,United States,English,6.0,tt10726356
1022,Ares,2020,18+,52/100,1,0,0,0,1,,,,5.6/10,
1023,The Duchess,2020,18+,52/100,1,0,1,0,1,"comedy television program, drama film",United Kingdom,English,5.0,tt9310390
1024,Green Frontier,2019,18+,52/100,1,0,0,0,1,,,,7.3/10,
1025,Love Alarm,2019,,52/100,1,0,0,0,1,"romantic comedy, comedy film, drama film, romance film",South Korea,Korean,6.5,tt9145880
1026,Loaded,2017,,52/100,1,0,0,0,1,,,,6.6/10,
1027,Nagi no Asukara,2013,7+,52/100,1,0,0,0,1,,,,7.4/10,
1028,Luna Nera,2020,18+,52/100,1,0,0,0,1,"drama television series, fantasy television series",Italy,Italian,7.0,tt8403622
1029,Secrets of Great British Castles,2015,7+,52/100,1,0,0,0,1,,United Kingdom,,5.0,tt5181284
1030,Ridley Jones,2021,all,52/100,1,0,0,0,1,,,,5.6/10,
1031,Next in Fashion,2020,16+,52/100,1,0,0,0,1,reality television series,United States,English,6.0,tt10394770
1032,Children of the Whales,2017,16+,52/100,1,0,0,0,1,,,,7.1/10,
1033,Live,2018,16+,52/100,1,0,0,0,1,,,,8.4/10,
1034,Hangar 1: The UFO Files,2015,7+,52/100,1,0,1,0,1,television documentary,United States,English,2.0,tt3552688
1035,The Paper,2016,,52/100,1,0,0,0,1,"comedy television series, mockumentary",United States,English,7.0,tt32159809
1036,Valeria,2020,18+,52/100,1,0,0,0,1,,,,6.2/10,
1037,Girls und Panzer,2012,16+,52/100,1,1,0,0,1,,,,7.4/10,
1038,World's Most Wanted,2020,16+,52/100,1,0,0,0,1,documentary film,France,,8.0,tt12753698
1039,The Adventures of Puss in Boots,2015,7+,51/100,1,0,0,0,1,,,,6.7/10,
1040,Merry Happy Whatever,2019,,51/100,1,0,0,0,1,sitcom,United States,,8.0,tt9770286
1041,The Holiday Movies That Made Us,2020,,51/100,1,0,0,0,1,television documentary,United States,English,5.0,tt10681222
1042,MeatEater,2012,16+,51/100,1,0,0,0,1,reality television,United States,English,10.0,tt2169245
1043,Old Money,2015,7+,51/100,1,0,0,0,1,,,,7.6/10,
1044,Trump: An American Dream,2017,,51/100,1,0,0,0,1,"miniseries, television documentary",United Kingdom,English,6.0,tt7596008
1045,Paquita Salas,2016,,51/100,1,0,0,0,1,"comedy television series, pseudo-documentary",Spain,Spanish,10.0,tt5866074
1046,The Disastrous Life of Saiki K.: Reawakened,2019,,51/100,1,0,0,0,1,,,,7.9/10,
1047,Heartbreak High,1994,7+,51/100,1,0,0,0,1,"drama television series, youth series",Australia,English,7.8,tt0108800
1048,Reply 1994,2013,,51/100,1,0,0,0,1,"romance film, comedy film, drama film",South Korea,Korean,10.0,tt3357586
1049,El Final del Paraíso,2019,,51/100,1,0,0,0,1,telenovela,United States,,1.0,tt10367818
1050,"Breakfast, Lunch & Dinner",2019,18+,51/100,1,0,0,0,1,,United States,,3.0,tt10681670
1051,Trailer Park Boys: Out of the Park: Europe,2016,18+,51/100,1,0,0,0,1,comedy television series,Canada,English,8.0,tt5937754
1052,If I Hadn't Met You,2018,,51/100,1,0,0,0,1,"romantic drama, science fiction television program",Spain,Catalan,10.0,tt8517780
1053,Einsatzgruppen: The Nazi Death Squads,2009,,51/100,1,0,0,0,1,television documentary,France,"French, German, English",7.0,tt6953928
1054,Rookie Historian Goo Hae-Ryung,2019,,51/100,1,0,0,0,1,"comedy television series, drama television series",South Korea,Korean,9.0,tt10406128
1055,Put Your Head on My Shoulder,2019,7+,51/100,1,0,0,0,1,romantic comedy,People's Republic of China,,9.0,tt10265158
1056,Monzón: A Knockout Blow,2019,18+,51/100,1,0,0,0,1,biographical film,Argentina,Spanish,7.0,tt9852660
1057,The Expanding Universe of Ashley Garcia,2020,all,51/100,1,0,0,0,1,,United States,English,4.0,tt10380934
1058,The Snitch Cartel: Origins,2021,,51/100,1,0,0,0,1,telenovela,Colombia,,5.0,tt14417802
1059,Two Sentence Horror Stories,2019,16+,51/100,1,0,0,0,1,"horror television series, anthology series",United States,English,4.0,tt6873926
1060,Shot in the Dark,2017,18+,51/100,1,0,0,0,1,,,,8.3/10,
1061,Too Hot to Handle: Brazil,2021,,51/100,1,0,0,0,1,,,,5.5/10,
1062,Criminal: Spain,2019,7+,51/100,1,0,0,0,1,detective fiction,Spain,Spanish,8.0,tt10986050
1063,Half & Half,2002,7+,51/100,1,0,0,0,1,American television sitcom,United States,,7.2,tt0320024
1064,One Spring Night,2019,,51/100,1,0,0,0,1,romance television series,South Korea,Korean,9.0,tt10192576
1065,Chicago Typewriter,2017,,51/100,1,0,0,0,1,"fantasy film, drama television series, fantasy television series, romance television series",South Korea,Korean,10.0,tt6516076
1066,The Least Expected Day: Inside the Movistar Team 2019,2020,7+,51/100,1,0,0,0,1,television documentary,Spain,Spanish,4.0,tt12048124
1067,Suits,2018,,51/100,1,0,1,0,1,"legal drama, comedy drama",United States,English,8.0,tt1632701
1068,"Nicky, Ricky, Dicky & Dawn",2014,all,51/100,1,0,0,0,1,"sitcom, teen sitcom",United States,English,8.0,tt3596176
1069,Room 2806: The Accusation,2020,,51/100,1,0,0,0,1,documentary film,France,French,8.0,tt13540900
1070,20 Minutes,2013,,51/100,1,0,0,0,1,LGBT-related television series,Turkey,Turkish,9.0,tt2544148
1071,The Honeymoon Stand Up Special,2018,16+,51/100,1,0,0,0,1,,,,6.9/10,
1072,Secret Agent Selection: WW2,2018,,51/100,1,0,0,0,1,,,,7.7/10,
1073,BREAK IT ALL: The History of Rock in Latin America,2020,18+,51/100,1,0,0,0,1,documentary,United States,"Spanish, English",3.0,tt13570366
1074,Rapture,2018,18+,51/100,1,0,0,0,1,,,,7.2/10,
1075,My Country: The New Age,2019,,51/100,1,0,0,0,1,"romance television series, action television series, drama television series, cultural history",South Korea,Korean,10.0,tt10850888
1076,100 Humans. Life's Questions. Answered.,2020,,51/100,1,0,0,0,1,,,,5.7/10,
1077,Chef's Table: France,2016,16+,51/100,1,0,0,0,1,television documentary,United States,,8.2,tt6088326
1078,Connected,2020,,51/100,1,0,0,0,1,,,,7.5/10,
1079,Wolverine,2011,16+,51/100,1,0,0,0,1,,,,6.3/10,
1080,La Doña,2016,16+,51/100,1,0,0,0,1,telenovela,Mexico,Spanish,9.0,tt5663590
1081,Accidentally In Love,2018,7+,51/100,1,0,0,0,1,,People's Republic of China,,10.0,tt9077184
1082,Capitani,2019,,51/100,1,0,0,0,1,,Luxembourg,Luxembourgish,7.0,tt10483610
1083,Final Fantasy XIV: Dad of Light,2017,7+,51/100,1,0,0,0,1,,,,7.0/10,
1084,Shadow,2019,7+,51/100,1,0,0,0,1,"fantasy television series, LGBT-related television series, adventure television series, horror television series",United States,English,5.0,tt4145054
1085,Sugar Rush,2018,7+,51/100,1,0,0,0,1,"comedy drama, LGBT-related television series",United Kingdom,English,7.7,tt0452568
1086,Trash Truck,2020,all,51/100,1,0,0,0,1,,,,8.4/10,
1087,The Victims' Game,2020,18+,51/100,1,0,0,0,1,,Taiwan,Standard Taiwanese Mandarin,8.0,tt12079212
1088,Floor is Lava,2020,all,51/100,1,0,0,0,1,,United States,English,8.0,tt12370124
1089,Leila,2019,16+,51/100,1,0,0,0,1,,,,4.8/10,
1090,Designated Survivor: 60 Days,2019,,51/100,1,0,0,0,1,"political drama, political thriller, crime television series",South Korea,Korean,10.0,tt10405394
1091,Subat,2012,,51/100,1,0,0,0,1,,,,8.1/10,
1092,The Last Kids on Earth,2019,7+,51/100,1,0,0,0,1,,,,7.4/10,
1093,Behind Enemy Lines,2001,13+,50/100,1,0,0,0,1,,,,6.4/10,
1094,Dating Around,2019,16+,50/100,1,0,0,0,1,"reality television, LGBT-related television series, dating game show",United States,English,6.0,tt9654080
1095,Haunted,2018,18+,50/100,1,0,0,0,1,,,,4.6/10,
1096,Drug Lords,2018,18+,50/100,1,0,0,0,1,television documentary,United Kingdom,English,1.0,tt7935522
1097,Jinn,2019,16+,50/100,1,0,0,0,1,,,,3.5/10,
1098,The Wiggles,1998,all,50/100,1,0,0,0,1,,,,5.9/10,
1099,Bling Empire,2021,18+,50/100,1,0,0,0,1,reality television,United States,English,3.0,tt13660962
1100,The InBESTigators,2019,all,50/100,1,0,0,0,1,comedy,Australia,English,9.0,tt9332962
1101,Ad Vitam,2018,7+,50/100,1,0,0,0,1,,France,French,5.0,tt8548830
1102,Girls Incarcerated,2018,18+,50/100,1,0,0,0,1,television documentary,United States,English,9.0,tt8092942
1103,Inhuman Resources,2020,,50/100,1,0,0,0,1,,,,7.2/10,
1104,Bonus Family,2017,7+,50/100,1,0,0,0,1,comedy drama,Sweden,Swedish,8.0,tt5372890
1105,The Club,2019,18+,50/100,1,0,0,0,1,,,,6.3/10,
1106,Rabbids Invasion,2013,7+,50/100,1,1,0,0,1,,,,5.0/10,
1107,Why Are You Like This?,2021,18+,50/100,1,0,0,0,1,,Australia,English,6.4,tt8540808
1108,Moesha,1996,7+,50/100,1,1,0,0,1,"sitcom, youth series",United States,English,6.0,tt0115275
1109,Ben and Holly's Little Kingdom,2009,all,50/100,1,0,0,0,1,,,,7.4/10,
1110,La Niña,2016,,50/100,1,0,0,0,1,drama,Colombia,Spanish,10.0,tt5677942
1111,The Alcàsser Murders,2019,18+,50/100,1,0,0,0,1,true crime,Spain,Spanish,7.0,tt8033244
1112,Scare Tactics,2003,16+,50/100,1,0,0,0,1,reality television,United States,English,8.0,tt0339968
1113,Levius,2019,,50/100,1,0,0,0,1,,,,7.0/10,
1114,(Un)Well,2020,18+,50/100,1,0,0,0,1,television documentary,United States,English,6.4,tt12759384
1115,The Houseboat,2021,18+,50/100,1,0,0,0,1,reality television,Germany,German,10.0,tt14019016
1116,"That Winter, the Wind Blows",2013,,50/100,1,0,0,0,1,romance film,South Korea,Korean,10.0,tt2806646
1117,We Are the Champions,2020,,50/100,1,0,0,0,1,"television documentary, reality television",United States,English,7.1,tt12409154
1118,Oktoberfest: Beer & Blood,2020,,50/100,1,0,0,0,1,"historical film, drama film","Germany, Czech Republic",German,7.0,tt10244612
1119,The Stranded,2019,18+,50/100,1,0,0,0,1,"drama television series, thriller television series",Thailand,Thai,5.0,tt9310400
1120,Chelsea,2016,18+,50/100,1,0,0,0,1,talk show,United States,English,10.0,tt5672036
1121,Transformers: Rescue Bots,2012,7+,50/100,1,0,1,0,1,"comedy television series, comedy",United States,"English, American English",10.0,tt2139371
1122,Taj Mahal 1989,2020,,50/100,1,0,0,0,1,,India,English,9.0,tt11725706
1123,Gameboys,2020,,50/100,1,0,0,0,1,,,,,
1124,Stay Here,2018,7+,50/100,1,0,0,0,1,reality television series,United States,English,7.5,tt8773338
1125,Murder Maps,2015,16+,50/100,1,0,0,0,1,docudrama,United Kingdom,English,2.0,tt5075360
1126,Filinta: An Ottoman Policeman,2014,16+,50/100,1,0,0,0,1,,,,6.8/10,
1127,White Rabbit Project,2016,7+,50/100,1,0,0,0,1,,United States,English,5.0,tt6048644
1128,Mystery Lab,2020,7+,50/100,1,0,0,0,1,,Brazil,Brazilian Portuguese,7.0,tt12723962
1129,Ghost in the Shell: SAC_2045,2020,,50/100,1,0,0,0,1,,,,6.3/10,
1130,Tomorrow with You,2017,,50/100,1,0,0,0,1,"soundtrack, drama television series, fantasy television series, romance television series",South Korea,,8.0,tt5994346
1131,Rosario Tijeras,2017,,50/100,1,0,0,0,1,,Mexico,Spanish,9.0,tt6340304
1132,Supermarket Sweep,1990,all,50/100,1,1,1,0,1,game show,United States,,10.0,tt0180384
1133,Pandemic: How to Prevent an Outbreak,2020,16+,50/100,1,0,0,0,1,television documentary,United States,English,6.0,tt11497904
1134,Autumn's Concerto,2009,16+,50/100,1,0,0,0,1,drama television series,Taiwan,"Standard Chinese, Standard Taiwanese Mandarin",10.0,tt3530668
1135,Captive,2016,,50/100,1,0,0,0,1,,,,6.9/10,
1136,Mobile Suit Gundam Unicorn,2010,16+,50/100,1,0,0,0,1,,,,7.8/10,
1137,College Behind Bars,2019,,50/100,1,0,0,0,1,documentary film,United States,English,9.0,tt9780458
1138,Big Timber,2020,,50/100,1,0,0,0,1,,Canada,,7.0,tt13322572
1139,The Trial,2019,,50/100,1,0,0,0,1,,,,7.0/10,
1140,The Circle France,2020,,50/100,1,0,0,0,1,,France,,10.0,tt9581778
1141,Moving Art,2007,7+,50/100,1,0,0,0,1,,,,8.7/10,
1142,Bumping Mics with Jeff Ross & Dave Attell,2018,18+,50/100,1,0,0,0,1,"stand-up comedy, reality television",United States,English,10.0,tt9203078
1143,The Chase,2013,all,50/100,1,1,0,0,1,game show,United Kingdom,English,10.0,tt1502749
1144,Hardy Bucks,2010,7+,50/100,1,0,0,0,1,,Ireland,,8.0,tt1719837
1145,Hymn of Death,2018,18+,50/100,1,0,0,0,1,"drama, drama film, cultural history",South Korea,Korean,10.0,tt8160064
1146,Zero,2021,,50/100,1,0,0,0,1,,,,5.7/10,
1147,Nevenka: Breaking the Silence,2021,,49/100,1,0,0,0,1,"documentary, miniseries, television documentary",Spain,Spanish,10.0,tt14091172
1148,Dragon’s Dogma,2020,,49/100,1,0,0,0,1,,,,6.3/10,
1149,The Playbook,2020,,49/100,1,0,0,0,1,,United States,,10.0,tt12930602
1150,Ellen DeGeneres: Relatable,2018,16+,49/100,1,0,0,0,1,,,,6.5/10,
1151,Brews Brothers,2020,18+,49/100,1,0,0,0,1,,United States,,7.0,tt10930958
1152,Spirit: Riding Free,2017,7+,49/100,1,0,0,0,1,,,,6.6/10,
1153,Mismatched,2020,18+,49/100,1,0,0,0,1,romantic drama,India,Hindi,5.0,tt12719250
1154,The Cabin with Bert Kreischer,2020,18+,49/100,1,0,0,0,1,"reality television, comedy television program",United States,English,7.0,tt11666848
1155,The Sound of Your Heart,2016,,49/100,1,0,0,0,1,drama television series,South Korea,Korean,4.0,tt7885558
1156,Booba,2014,all,49/100,1,0,1,0,1,,,,7.0/10,
1157,Instant Hotel,2018,7+,49/100,1,0,0,0,1,reality television,Australia,,8.0,tt9316032
1158,Dancing Queen,2018,7+,49/100,1,0,0,0,1,,,,7.0/10,
1159,Zero Chill,2021,,49/100,1,0,0,0,1,teen drama television,United Kingdom,English,6.0,tt12083014
1160,Nailed It! Holiday!,2018,,49/100,1,0,0,0,1,reality television,United States,English,1.0,tt8760264
1161,Chocolate,2019,,49/100,1,0,0,0,1,,,,7.7/10,
1162,Terrace House: Aloha State,2016,,49/100,1,0,0,0,1,,Japan,Japanese,10.0,tt6588218
1163,QB1: Beyond the Lights,2017,16+,49/100,1,0,0,0,1,television documentary,United States,English,9.0,tt5771332
1164,Rugal,2020,,49/100,1,0,0,0,1,Korean drama,South Korea,Korean,5.0,tt11769798
1165,Moving On,2009,7+,49/100,1,0,0,0,1,drama television series,United Kingdom,,6.0,tt1340758
1166,Hache,2019,18+,49/100,1,0,0,0,1,,,,6.5/10,
1167,Interior Design Masters,2019,,49/100,1,0,0,0,1,reality television,United Kingdom,English,3.0,tt8367694
1168,Fallet,2017,,49/100,1,0,0,0,1,comedy,Sweden,Swedish,8.0,tt6433844
1169,Jailbirds,2019,18+,49/100,1,0,0,0,1,reality television,United States,,5.0,tt10243628
1170,Killer Women with Piers Morgan,2016,,49/100,1,1,0,0,1,,United Kingdom,English,5.0,tt6172806
1171,FIGHTWORLD,2018,18+,49/100,1,0,0,0,1,television documentary,United States,,7.0,tt9047526
1172,The Hockey Girls,2019,16+,49/100,1,0,0,0,1,"teen drama television, sport art, LGBT-related television series",Spain,Catalan,9.0,tt9486226
1173,SWORD GAI: The Animation,2018,18+,49/100,1,0,0,0,1,,,,5.9/10,
1174,Ask the Storybots,2016,all,49/100,1,0,0,0,1,,United States,,10.0,tt5846856
1175,Black Ink Crew New York,2013,16+,49/100,1,1,0,0,1,reality television,United States,English,6.0,tt2738096
1176,Lunatics,2019,18+,49/100,1,0,0,0,1,"comedy television series, LGBT-related television series",Australia,English,7.0,tt8164794
1177,Angry Birds Toons,2013,all,49/100,1,0,0,0,1,,,,6.3/10,
1178,Puffin Rock,2015,all,49/100,1,0,0,0,1,,,,8.7/10,
1179,Kid Cosmic,2021,7+,49/100,1,0,0,0,1,,,,8.0/10,
1180,Chef's Table: BBQ,2020,,49/100,1,0,0,0,1,television documentary,United States,English,9.0,tt12917170
1181,City of Ghosts,2021,7+,49/100,1,0,1,0,1,,,,8.0/10,
1182,Unstoppable,2020,18+,49/100,1,1,0,0,1,,,,7.3/10,
1183,Wild Catch / Chasing Monsters,2016,7+,49/100,1,0,0,0,1,,,,7.4/10,
1184,Well-Intended Love,2019,,49/100,1,0,0,0,1,romance film,People's Republic of China,Mandarin,8.0,tt9886950
1185,Thus Spoke Kishibe Rohan,2021,,49/100,1,0,0,0,1,drama television series,Japan,Japanese,10.0,tt13280486
1186,Terrace House: Opening New Doors,2017,,49/100,1,0,0,0,1,reality television series,Japan,Japanese,6.0,tt7776244
1187,Handsome Siblings,2020,,49/100,1,0,0,0,1,television series based on a novel,People's Republic of China,Putonghua,10.0,tt11541444
1188,This Evening,2017,,49/100,1,0,0,0,1,,Japan,Japanese,8.2/10,
1189,Molang,2015,all,49/100,1,1,1,0,1,,,,8.6/10,
1190,Beyblade Burst,2016,7+,49/100,1,0,0,0,1,,,,6.7/10,
1191,Live Up To Your Name,2017,,48/100,1,0,0,0,1,,South Korea,,8.0,tt7094874
1192,Stolen Away,2020,,48/100,1,0,0,0,1,,,,7.1/10,
1193,Bombay Begums,2021,,48/100,1,0,0,0,1,drama film,India,Hindi,4.0,tt10238792
1194,Signs,2018,18+,48/100,1,0,1,0,1,,,,6.2/10,
1195,The American Barbecue Showdown,2020,,48/100,1,0,0,0,1,reality television,United States,English,6.0,tt12938472
1196,The Deep,2016,7+,48/100,1,0,0,0,1,,United Kingdom,English,2.0,tt1525182
1197,Hot Date,2017,16+,48/100,1,0,1,0,1,comedy,United States,English,8.0,tt7603386
1198,Sparta,2018,18+,48/100,1,0,0,0,1,,,,6.6/10,
1199,Trolls: The Beat Goes On!,2018,all,48/100,1,0,0,0,1,,,,5.9/10,
1200,Atelier,2015,16+,48/100,1,0,0,0,1,,,,7.2/10,
1201,The Healing Powers of Dude,2020,all,48/100,1,0,0,0,1,,United States,English,8.0,tt10540562
1202,Under Suspicion: Uncovering the Wesphael Case,2021,,48/100,1,0,0,0,1,,,,6.3/10,
1203,Pocoyo,2005,all,48/100,1,1,1,0,1,,,,7.4/10,
1204,Familiar Wife,2018,,48/100,1,0,0,0,1,"romance television series, fantasy television series, comedy drama, drama television series",South Korea,Korean,9.0,tt8487786
1205,Fastest Car,2018,,48/100,1,0,0,0,1,reality television,United States,English,7.1,tt8295694
1206,The Cuba Libre Story,2016,16+,48/100,1,0,0,0,1,television documentary,Germany,,6.0,tt5319838
1207,El Chema,2016,16+,48/100,1,0,0,0,1,telenovela,Mexico,,1.0,tt5730624
1208,My Little Pony: Equestria Girls,2017,all,48/100,1,0,0,0,1,,,,7.7,tt8422806
1209,Love (ft. Marriage and Divorce),2021,7+,48/100,1,0,0,0,1,melodrama,South Korea,Korean,3.0,tt13814840
1210,The Royal House of Windsor,2017,16+,48/100,1,0,0,0,1,historical television series,United Kingdom,English,3.0,tt6596634
1211,Dealer,2021,18+,48/100,1,0,0,0,1,,,,6.2/10,
1212,"Whose Vote Counts, Explained",2020,,48/100,1,0,0,0,1,popular science film,United States,English,9.0,tt13005714
1213,Can You Hear Me?,2019,16+,48/100,1,0,0,0,1,,Canada,French,9.0,tt9747016
1214,Do Do Sol Sol La La Sol,2020,,48/100,1,0,0,0,1,,South Korea,Korean,5.0,tt12850262
1215,1994,2019,18+,48/100,1,0,0,0,1,,,,7.6/10,
1216,Pac-Man and the Ghostly Adventures,2013,7+,48/100,1,0,1,0,1,,,,4.9/10,
1217,The Parkers,1999,7+,48/100,1,0,0,0,1,"sitcom, college life television program",United States,English,6.9,tt0200353
1218,First Team: Juventus,2018,,48/100,1,0,0,0,1,,"United States, Italy",Italian,5.0,tt7924812
1219,Warrior,2018,,48/100,1,0,0,0,1,,,,6.7/10,
1220,Shine On with Reese,2018,,48/100,1,0,0,0,1,,United States,,9.0,tt8689470
1221,Cooked With Cannabis,2020,18+,48/100,1,0,0,0,1,cooking show,United States,English,7.0,tt12176398
1222,Gigantosaurus,2019,all,48/100,1,0,0,1,1,,,,7.2/10,
1223,Re:Mind,2017,18+,48/100,1,0,0,0,1,drama television series,Japan,Japanese,7.0,tt7332652
1224,The Magic School Bus Rides Again,2017,all,48/100,1,0,0,0,1,,,,6.2/10,
1225,My Holo Love,2020,,48/100,1,0,0,0,1,romance film,South Korea,Korean,7.0,tt11058644
1226,Monty Python's Fliegender Zirkus,1972,,48/100,1,0,0,0,1,German television comedy,West Germany,"German, English",10.0,tt0202477
1227,The Kirlian Frequency,2019,7+,48/100,1,0,0,0,1,,,,7.6/10,
1228,Outback Truckers,2012,,48/100,1,0,0,0,1,reality television,Australia,,8.0,tt4345548
1229,Dreamworks How to Train Your Dragon Legends,2010,,48/100,1,0,0,0,1,,,,7.5/10,
1230,My Love,2021,,48/100,1,0,0,0,1,,Philippines,Filipino,10.0,tt6932632
1231,Regiment Diaries,2018,,48/100,1,0,0,0,1,,,,8.8/10,
1232,Granblue Fantasy: The Animation,2017,16+,48/100,1,0,0,0,1,,,,6.4/10,
1233,Fated to Love You,2008,7+,48/100,1,1,0,0,1,"romantic comedy, comedy film, romance film",South Korea,Korean,10.0,tt3865722
1234,Nightmare Teacher,2016,,48/100,1,0,0,0,1,"paranormal television program, drama film, horror film, mystery film",South Korea,Korean,4.0,tt6209442
1235,Women of the Night,2019,18+,48/100,1,0,0,0,1,,Kingdom of the Netherlands,,5.0,tt7785420
1236,"Hi Bye, Mama!",2020,,48/100,1,0,0,0,1,"comedy, drama",South Korea,Korean,7.9,tt11804034
1237,Magical Andes,2019,,48/100,1,0,0,0,1,documentary film,Uruguay,Spanish,9.0,tt11229002
1238,Dad Stop Embarrassing Me!,2021,7+,48/100,1,0,0,0,1,sitcom,United States,English,4.0,tt13018090
1239,Kuromukuro,2016,16+,48/100,1,0,0,0,1,,,,7.2/10,
1240,Real Rob,2015,18+,48/100,1,0,0,0,1,sitcom,United States,,1.0,tt3741346
1241,The Lies Within,2019,,48/100,1,0,0,0,1,thriller television series,South Korea,Korean,9.0,tt10919902
1242,Prank Encounters,2019,16+,48/100,1,0,0,0,1,horror fiction,United States,,5.0,tt10487072
1243,The Mafia Dolls,2009,18+,48/100,1,0,0,0,1,telenovela,Colombia,Spanish,8.0,tt1585368
1244,Twogether,2020,,48/100,1,0,0,0,1,travel documentary,South Korea,,10.0,tt12486430
1245,Sintonia,2019,18+,47/100,1,0,0,0,1,,Brazil,,10.0,tt8165086
1246,Examination of Conscience,2019,18+,47/100,1,0,0,0,1,television documentary,Spain,Spanish,10.0,tt9584024
1247,Twenty Again,2015,,47/100,1,0,0,0,1,,People's Republic of China,Putonghua,7.7/10,tt12758820
1248,Tokyo Trial,2016,,47/100,1,0,0,0,1,,,,7.4/10,
1249,Nadiya's Time to Eat,2019,,47/100,1,0,0,0,1,cooking show,United Kingdom,English,9.0,tt9846284
1250,The Cat in the Hat Knows a Lot About That!,2010,all,47/100,1,0,1,0,1,,,,6.5/10,
1251,Baewatch: Parental Guidance,2019,,47/100,1,1,0,0,1,,,,,
1252,The Unsettling,2019,,47/100,1,0,0,0,1,,,,5.3/10,
1253,AMO,2018,18+,47/100,1,0,0,0,1,,,,6.5/10,
1254,Super Drags,2018,18+,47/100,1,0,0,0,1,,,,5.6/10,
1255,Terrace House: Tokyo 2019-2020,2019,,47/100,1,0,0,0,1,reality television,Japan,Japanese,8.0,tt10686814
1256,Pop Team Epic,2018,18+,47/100,1,0,1,0,1,,,,6.9/10,
1257,Headspace Guide to Sleep,2021,,47/100,1,0,0,0,1,documentary film,United States,English,10.0,tt14318406
1258,Feels Like Ishq,2021,,47/100,1,0,0,0,1,,India,,7.0,tt14163838
1259,Haunted: Latin America,2021,16+,47/100,1,0,0,0,1,"reality television, paranormal television program",Mexico,,5.0,tt14164238
1260,Sea of Plastic,2015,,47/100,1,0,0,0,1,,,,7.2/10,
1261,Brainchild,2018,7+,47/100,1,0,0,0,1,educational television,United States,English,10.0,tt9203042
1262,Flavorful Origins,2019,all,47/100,1,0,0,0,1,television documentary,People's Republic of China,,10.0,tt9708598
1263,Record of Youth,2020,16+,47/100,1,0,0,0,1,"drama film, romance film",South Korea,Korean,8.0,tt12850322
1264,StarBeam,2020,all,47/100,1,0,0,0,1,,,,6.9/10,
1265,Quarantine Tales,2020,,47/100,1,0,0,0,1,,,,,
1266,Fate/Apocrypha,2017,18+,47/100,1,0,0,0,1,,,,6.6/10,
1267,The Investigator: A British Crime Story,2016,,47/100,1,0,0,0,1,,United Kingdom,English,1.0,tt5900164
1268,Pui Pui Molcar,2021,,47/100,1,0,0,0,1,,,,8.1/10,
1269,The Prince of Tennis,2019,,47/100,1,0,0,0,1,,,,7.6/10,
1270,Yankee,2019,18+,47/100,1,0,0,0,1,,,,6.0/10,
1271,Dream Home Makeover,2020,all,47/100,1,0,0,0,1,reality television,United States,English,4.0,tt13161310
1272,Project Mc²,2015,all,47/100,1,0,0,0,1,comedy,United States,English,9.0,tt4861760
1273,Rainbow High,2020,,47/100,1,0,0,0,1,,,,6.0/10,
1274,Her Private Life,2019,,47/100,1,0,0,0,1,"romantic comedy, comedy television series, romance television series",South Korea,,8.0,tt9899340
1275,Waffles + Mochi,2021,,47/100,1,0,0,0,1,"cooking show, children's television series",United States,English,5.0,tt14035218
1276,Canine Intervention,2021,16+,47/100,1,0,0,0,1,reality television,United States,English,9.0,tt13932598
1277,"Nisman: El fiscal, la presidenta y el espía",2020,,47/100,1,0,0,0,1,,,,7.7/10,
1278,Sneakerheads,2020,,47/100,1,0,0,0,1,comedy television program,United States,English,10.0,tt10151772
1279,TVF Inmates,2017,,47/100,1,0,0,0,1,,,,6.6/10,
1280,My Dead Ex,2018,,47/100,1,0,0,0,1,,United States,,10.0,tt7428106
1281,Ending So Gently,2017,,47/100,1,0,0,0,1,,,,6.6/10,
1282,Victim Number 8,2018,,47/100,1,0,0,0,1,thriller television series,Spain,Spanish,8.0,tt8500086
1283,The Unlisted,2019,,47/100,1,0,0,0,1,"science fiction television program, drama television series",Australia,English,7.0,tt9184592
1284,Cagaster of an Insect Cage,2020,18+,47/100,1,0,0,0,1,,,,6.2/10,
1285,All For Love,2020,7+,47/100,1,0,0,0,1,,,,7.0/10,
1286,Bill Nye Saves the World,2017,7+,47/100,1,0,0,0,1,talk show,United States,English,1.0,tt6021260
1287,A.I.C.O. -Incarnation-,2018,18+,47/100,1,0,0,0,1,,,,6.4/10,
1288,72 Dangerous Animals: Latin America,2017,16+,47/100,1,0,0,0,1,documentary,Australia,,1.0,tt7909708
1289,Restaurants on the Edge,2020,16+,47/100,1,0,0,0,1,reality television,Canada,English,8.0,tt8784324
1290,Persona,2019,,47/100,1,0,0,0,1,,,,6.6/10,
1291,No te puedes esconder,2019,,47/100,1,0,0,0,1,,United States,Spanish,5.0,tt10367990
1292,El Reemplazante,2012,16+,47/100,1,0,0,0,1,drama television series,Chile,Spanish,10.0,tt2488050
1293,Bolívar: Una lucha admirable,2019,18+,47/100,1,0,0,0,1,,Colombia,Spanish,10.0,tt9327242
1294,Bel Ami,2013,,47/100,1,0,0,0,1,romance television series,South Korea,Korean,8.0,tt3350766
1295,The Epic Tales of Captain Underpants,2018,7+,47/100,1,0,0,0,1,,,,6.7/10,
1296,Win the Wilderness: Alaska,2020,,47/100,1,0,0,0,1,reality television,United Kingdom,English,6.9,tt11718294
1297,The Chosen One,2019,18+,47/100,1,0,0,0,1,,Brazil,Portuguese,7.0,tt9048368
1298,Hyena,2020,,47/100,1,0,0,0,1,,South Korea,Korean,10.0,tt11534164
1299,The Piano Forest,2018,7+,47/100,1,0,0,0,1,,,,7.1/10,
1300,Detention,2020,,46/100,1,0,1,0,1,,,,6.3/10,
1301,Pitta Kathalu,2021,,46/100,1,0,0,0,1,,,,5.0/10,
1302,SAINT SEIYA: Knights of the Zodiac,2019,16+,46/100,1,0,0,0,1,,,,4.5/10,
1303,Timmy Time,2009,all,46/100,1,0,0,0,1,,,,6.9/10,
1304,Her Mother's Killer,2020,16+,46/100,1,0,0,0,1,drama,Colombia,Spanish,10.0,tt10348078
1305,100% Hotter,2016,,46/100,1,0,0,0,1,reality television,United Kingdom,English,1.0,tt5819414
1306,Life,2018,,46/100,1,0,0,0,1,,,,7.6/10,
1307,Surviving Death,2021,18+,46/100,1,0,0,0,1,documentary,United States,,7.0,tt13649692
1308,Masaba Masaba,2020,,46/100,1,0,0,0,1,,,,6.7/10,
1309,The House Arrest of Us,2020,7+,46/100,1,0,0,0,1,,Philippines,Filipino,2.0,tt13280838
1310,Mythomanic,2019,,46/100,1,0,0,0,1,,,,6.8/10,
1311,Shaun the Sheep: Adventures from Mossy Bottom,2020,,46/100,1,0,0,0,1,,,,8.1/10,
1312,Love and Fortune,2018,,46/100,1,0,0,0,1,,,,7.0/10,
1313,"Hello, Me!",2021,,46/100,1,0,0,0,1,"romantic comedy, drama television series, fantasy television series, comedy television series",South Korea,Korean,10.0,tt13670090
1314,Witch Hunt: A Century of Murder,2015,18+,46/100,1,0,0,0,1,documentary film,,,5.0,tt5113032
1315,Meet the Drug Lords: Inside the Real Narcos,2018,7+,46/100,1,0,0,0,1,television documentary,United Kingdom,English,9.0,tt9437310
1316,Gabby's Dollhouse,2021,all,46/100,1,0,0,0,1,"live action/animated television series, computer-animated television series",United States,English,10.0,tt9165438
1317,Toon,2016,,46/100,1,0,0,0,1,,,,7.7/10,
1318,What If?,2011,,46/100,1,0,0,0,1,,,,7.5/10,
1319,Monty Python's Personal Best,2006,16+,46/100,1,0,0,0,1,,,,7.9/10,
1320,Los Briceño,2019,,46/100,1,0,0,0,1,,Colombia,,1.0,tt10348478
1321,World of Winx,2016,7+,46/100,1,0,0,0,1,,,,6.8/10,
1322,The Big Day,2021,18+,46/100,1,0,0,0,1,,,,4.6/10,
1323,Afflicted,2018,18+,46/100,1,0,1,0,1,,,,5.0/10,
1324,Glitter Force,2012,,46/100,1,0,0,0,1,,,,6.6/10,
1325,Beni Böyle Sev,2013,,46/100,1,0,0,0,1,,Turkey,Turkish,8.0,tt2735500
1326,Malibu Rescue: The Series,2019,,46/100,1,0,0,0,1,comedy television program,United States,English,4.0,tt9098432
1327,Home Game,2020,,46/100,1,0,0,0,1,television documentary,United States,English,8.0,tt12429046
1328,Lost & Found Music Studios,2015,all,46/100,1,0,0,0,1,sitcom,Canada,English,9.0,tt5023972
1329,Minecraft: Story Mode,2018,7+,46/100,1,0,0,0,1,adventure television series,,,3.0,tt10498322
1331,The Break with Michelle Wolf,2018,18+,46/100,1,0,0,0,1,,United States,English,6.0,tt8010342
1332,Beat Bugs,2016,all,46/100,1,0,0,0,1,children's television series,Australia,,8.0,tt4716268
1333,Private Lives,2020,,46/100,1,0,0,0,1,,South Korea,Korean,6.0,tt12560270
1334,Transformers: Cyberverse,2018,7+,46/100,1,0,0,0,1,,,,6.8/10,
1335,"Can't Cope, Won't Cope",2016,,46/100,1,0,0,0,1,comedy television series,Ireland,,8.0,tt5674872
1336,Grizzy & the Lemmings,2016,all,46/100,1,0,0,0,1,,,,7.0/10,
1337,Back to 1989,2016,,46/100,1,0,0,0,1,mandopop,Taiwan,"Standard Chinese, Standard Taiwanese Mandarin",9.0,tt6273088
1338,The Garfield Show,2009,all,46/100,1,0,0,0,1,,,,5.4/10,
1339,Abby Hatcher,2018,all,46/100,1,0,0,0,1,,,,6.2/10,
1340,Peasants Rebellion,2018,,46/100,1,0,0,0,1,,,,8.5/10,
1341,Babies,2020,,46/100,1,0,0,0,1,television documentary,United States,English,5.0,tt11744632
1342,"Schulz Saves America: Pandemics, Predators, Protests & Presidents",2020,18+,46/100,1,0,0,0,1,,,,7.5/10,
1343,Was It Love,2020,,46/100,1,0,0,0,1,,South Korea,Korean,6.0,tt12525622
1344,My Husband Won't Fit,2019,,46/100,1,0,0,0,1,television series based on a novel,Japan,Japanese,6.0,tt10027946
1345,Dawn of the Croods,2015,7+,46/100,1,0,0,0,1,,,,6.0/10,
1346,A Touch of Green,2015,,46/100,1,0,0,0,1,,Taiwan,"Chinese, Standard Taiwanese Mandarin",10.0,tt5231950
1347,Worn Stories,2021,,45/100,1,0,0,0,1,,United States,American English,10.0,tt14177168
1348,Power Rangers Beast Morphers,2019,7+,45/100,1,0,0,0,1,"science fiction television program, action television series, adventure television series, fantasy television series",United States,English,8.0,tt8022978
1349,Kings of Jo'Burg,2020,,45/100,1,0,0,0,1,"crime television series, thriller",South Africa,"English, Xhosa",2.0,tt13453828
1350,Use for My Talent,2021,,45/100,1,0,0,0,1,drama television series,People's Republic of China,Putonghua,10.0,tt14747972
1351,The Big Family Cooking Showdown,2017,7+,45/100,1,0,0,0,1,,United Kingdom,English,5.0,tt7518558
1352,Just You,2013,,45/100,1,0,0,0,1,mandopop,Taiwan,,8.0,tt3076512
1353,Awake: The Million Dollar Game,2019,7+,45/100,1,0,0,0,1,game show,United States,English,7.0,tt10370956
1354,Cheer Squad,2016,7+,45/100,1,0,0,0,1,,Canada,,7.2,tt5993744
1355,The Circle Brazil,2020,,45/100,1,0,0,0,1,reality television,Brazil,,2.0,tt9581782
1356,In Family We Trust,2018,,45/100,1,0,0,0,1,drama fiction,Thailand,Thai,10.0,tt8929906
1357,The Way of the Househusband,2021,16+,45/100,1,0,0,0,1,,,,8.6/10,
1358,Jenni Rivera: Mariposa de Barrio,2017,,45/100,1,0,0,0,1,"telenovela, biography, music television",United States,Spanish,7.0,tt6834120
1359,Pokémon Journeys: The Series,2019,,45/100,1,0,0,0,1,,,,6.4/10,
1360,Skylanders Academy,2016,7+,45/100,1,0,0,0,1,,,,6.6/10,
1361,The Good Detective,2020,,45/100,1,0,0,0,1,"crime fiction, detective",South Korea,Korean,8.0,tt12504214
1362,The Fix,2018,18+,45/100,1,0,0,0,1,,United States,English,7.0,tt7942774
1363,One More Time,2016,,45/100,1,0,0,0,1,,,,6.9/10,
1364,Astronomy Club: The Sketch Show,2019,18+,45/100,1,0,0,0,1,,United States,,8.0,tt10675488
1365,Prince of Peoria,2018,all,45/100,1,0,0,0,1,sitcom,United States,English,10.0,tt8001718
1366,Miss in Kiss,2016,,45/100,1,0,0,0,1,drama television series,Taiwan,Standard Taiwanese Mandarin,2.0,tt6954524
1367,Numberblocks,2017,all,45/100,1,0,0,0,1,,,,8.1/10,
1368,Polly Pocket,2018,7+,45/100,1,0,0,0,1,adventure television series,United States,English,4.0,tt8673042
1369,All About the Washingtons,2018,all,45/100,1,0,0,0,1,comedy television series,United States,English,2.0,tt7661368
1370,Goedam,2020,,45/100,1,0,0,0,1,"horror television series, mystery television series, anthology series",South Korea,Korean,8.0,tt12929796
1371,Archibald's Next Big Thing,2019,7+,45/100,1,0,0,0,1,,,,7.8/10,
1372,The Platform,2020,,45/100,1,0,0,0,1,,United Arab Emirates,,9.0,tt13057984
1373,All Hail King Julien: Exiled,2017,7+,45/100,1,0,0,0,1,,,,10.0,tt6865906
1374,Dragons: Rescue Riders,2019,7+,45/100,1,0,0,0,1,,,,6.1/10,
1375,21 Thunder,2017,18+,45/100,1,0,0,0,1,,Canada,English,8.0,tt6145878
1376,Say I Do,2020,,45/100,1,0,0,0,1,reality television series,United States,English,10.0,tt12540060
1377,Smoking,2018,18+,45/100,1,0,0,0,1,,,,7.5/10,
1378,My Only Love Song,2017,18+,45/100,1,0,0,0,1,"sageuk, comedy television series, fantasy television series, romance television series",South Korea,,10.0,tt6125832
1379,45 RPM,2019,16+,45/100,1,0,0,0,1,historical drama,Spain,Spanish,9.0,tt8987918
1380,Bromance,2015,,45/100,1,0,0,0,1,reality television,United States,,2.4,tt1244881
1381,Amazing Interiors,2018,all,45/100,1,0,0,0,1,,United States,English,3.0,tt8747342
1382,72 Dangerous Animals: Asia,2018,16+,45/100,1,0,0,0,1,television documentary,Australia,English,1.0,tt8728268
1383,Mia and Me,2012,all,45/100,1,0,0,0,1,"fantasy television series, children's television series, live action/animated television series, adventure television series","Germany, Italy, Canada",English,6.0,tt2203143
1384,Tong: Memories,2016,7+,45/100,1,0,0,0,1,,,,8.1/10,
1385,The Unknown Hitman: The Story of El Cholo Adrián,2017,,45/100,1,0,0,0,1,,Mexico,,10.0,tt6524440
1386,Transformers: Robots In Disguise,2015,all,45/100,1,0,1,0,1,,,,5.9/10,
1387,Deaf U,2020,18+,45/100,1,0,0,0,1,reality television,United States,"American Sign Language, English",3.0,tt13070478
1388,Brotherhood,2019,16+,45/100,1,0,1,0,1,drama television series,United States,,10.0,tt0457229
1390,Lost Song,2018,16+,45/100,1,0,0,0,1,,,,7.2/10,
1391,Fearless,2016,,45/100,1,0,1,0,1,,,,7.2/10,
1392,Izzy's Koala World,2020,all,45/100,1,0,0,0,1,television documentary,Australia,English,10.0,tt10687266
1393,True and the Rainbow Kingdom,2017,all,45/100,1,0,0,0,1,,,,7.1/10,
1394,Power Rangers Ninja Steel,2017,7+,45/100,1,0,0,0,1,tokusatsu,United States,,7.0,tt5335606
1395,LEGO Jurassic World: Legend of Isla Nublar,2019,all,45/100,1,0,0,0,1,,"United States, Canada",English,10.0,tt10872880
1396,Silvana Sin Lana,2016,16+,45/100,1,0,0,0,1,telenovela,United States,Spanish,10.0,tt5663544
1397,Castle and Castle,2018,,45/100,1,0,0,0,1,"drama television series, court show",Nigeria,English,10.0,tt9898916
1398,Sugar Rush Christmas,2019,,45/100,1,0,0,0,1,,United States,English,7.0,tt11168116
1399,Buddy Thunderstruck,2017,7+,45/100,1,0,0,0,1,,,,7.8/10,
1400,Inside the Criminal Mind,2018,18+,45/100,1,1,0,0,1,"television documentary, documentary film, crime film","Czech Republic, United States",,1.0,tt6775794
1401,Drifting Dragons,2020,,45/100,1,0,0,0,1,,,,6.0/10,
1402,Late Night Restaurant,2015,16+,45/100,1,0,0,0,1,"slice of life, drama fiction, drama television series",South Korea,Korean,7.9/10,
1403,Holiday Secrets,2019,16+,44/100,1,0,0,0,1,,,,6.5/10,
1404,Historical Roasts,2019,18+,44/100,1,0,0,0,1,"roast, alternate history, historical drama",United States,American English,8.0,tt9169602
1405,Twelve Forever,2019,7+,44/100,1,0,0,0,1,,,,6.7/10,
1406,The School Nurse Files,2020,,44/100,1,0,0,0,1,"television series based on a novel, fantasy television series",South Korea,Korean,6.0,tt12879522
1407,Hibana: Spark,2016,,44/100,1,0,0,0,1,drama television series,Japan,Japanese,9.0,tt5301958
1408,Touch Your Heart,2019,,44/100,1,0,0,0,1,"romantic comedy, comedy film, romance film",South Korea,Korean,10.0,tt9466990
1409,Cricket Fever: Mumbai Indians,2019,,44/100,1,0,0,0,1,television documentary,India,,9.0,tt8531592
1410,Age of Tanks,2019,18+,44/100,1,0,0,0,1,,,,7.3/10,
1411,Best Leftovers Ever!,2020,all,44/100,1,0,0,0,1,reality television,United States,English,5.7,tt13563634
1412,Rhyme Time Town,2020,all,44/100,1,0,0,0,1,,,,7.5/10,
1413,Go Dog Go,2021,all,44/100,1,0,0,0,1,,,,7.4/10,
1414,Samantha!,2018,7+,44/100,1,0,0,0,1,comedy television program,Brazil,Portuguese,1.0,tt6626676
1415,Bread Barbershop,2020,,44/100,1,0,0,0,1,,,,8.8/10,
1416,Mighty Little Bheem,2019,all,44/100,1,0,0,0,1,"children's television series, comedy television series",India,,10.0,tt10050752
1418,Fall In Love With Me,2014,,44/100,1,0,0,0,1,romantic comedy,Taiwan,Standard Chinese,8.0,tt6139710
1419,Horrid Henry,2006,7+,44/100,1,0,1,0,1,,,,6.4/10,
1420,The Ollie & Moon Show,2017,all,44/100,1,0,0,0,1,,,,8.3/10,
1421,Dinotrux,2015,7+,44/100,1,0,0,0,1,comedy television series,"United States, Turkey",English,10.0,tt1396212
1422,Close Your Eyes Before It's Dark,2016,,44/100,1,0,0,0,1,drama television series,Taiwan,Standard Taiwanese Mandarin,5.0,tt6506806
1423,Some Assembly Required,2014,all,44/100,1,0,1,0,1,sitcom,Canada,English,3.0,tt3441810
1424,Beyblade Burst Rise,2020,7+,44/100,1,0,0,0,1,,,,6.5/10,
1425,Keeping Up with the Joneses,2010,7+,44/100,1,0,0,0,1,reality television,Australia,,8.8/10,
1426,Rainbow Rangers,2018,all,44/100,1,0,0,0,1,,United States,,10.0,tt7967882
1427,Fartsa,2015,,44/100,1,0,0,0,1,drama fiction,Russia,Russian,9.0,tt4567218
1428,Dollar,2019,18+,44/100,1,0,0,0,1,,,,6.7/10,
1429,First and Last,2018,18+,44/100,1,0,0,0,1,television documentary,United States,English,9.0,tt8893502
1430,Over Christmas,2020,,44/100,1,0,0,0,1,,Germany,German,9.0,tt11951234
1431,The Last Word,2020,,44/100,1,0,0,0,1,comedy drama,Germany,German,9.0,tt10506510
1432,A Love So Beautiful (KR),2020,,44/100,1,0,0,0,1,,,,7.4/10,
1433,Hjørdis,2015,all,44/100,1,0,0,0,1,family television series,Denmark,Danish,9.0,tt4057466
1434,The Search,2020,,44/100,1,0,0,0,1,,,,5.5/10,
1435,Buried by the Bernards,2021,16+,44/100,1,0,0,0,1,reality television,United States,English,10.0,tt13848380
1436,Strongest Deliveryman,2017,,44/100,1,0,0,0,1,"drama film, romance film",South Korea,Korean,10.0,tt7022748
1437,Kevin Hart: Don't F**k This Up,2019,18+,44/100,1,0,0,0,1,,United States,,4.0,tt11313054
1438,Crime Diaries: Night Out,2019,,44/100,1,0,0,0,1,,Colombia,Spanish,9.0,tt10242266
1439,LEGO City Adventures,2019,7+,44/100,1,0,1,0,1,,,,7.0/10,
1440,The Hollywood Masters,2017,,44/100,1,0,0,0,1,,,,7.3/10,
1441,Nature's Weirdest Events,2012,all,44/100,1,0,0,0,1,,United Kingdom,,7.0,tt2195251
1442,Dragon Pilot: Hisone and Masotan,2018,16+,44/100,1,0,0,0,1,,,,6.9/10,
1443,Talking Tom and Friends,2014,7+,44/100,1,0,0,0,1,,,,6.3/10,
1444,Twice Upon a Time,2019,,44/100,1,0,0,0,1,,,,6.2/10,
1445,The Liar and His Lover,2017,,44/100,1,0,0,0,1,"romantic comedy, romance film",South Korea,Korean,10.0,tt6422226
1446,Coach Snoop,2016,all,44/100,1,0,0,0,1,television documentary,United States,,10.0,tt5697642
1447,Hero Mask,2018,16+,44/100,1,0,0,0,1,,,,6.2/10,
1448,Emily's Wonder Lab,2020,all,44/100,1,0,0,0,1,,United States,English,8.0,tt10687464
1449,The Ghost Bride,2020,18+,44/100,1,0,0,0,1,"television series based on a novel, fantasy television series","Taiwan, Malaysia","Standard Chinese, Malay, Yue Chinese",7.0,tt9690302
1450,West Coast Customs,2011,,44/100,1,0,1,0,1,,United States,,4.0,tt1885855
1451,Chief of Staff,2019,16+,44/100,1,0,0,0,1,Korean drama,South Korea,Korean,8.0,tt10220476
1452,Pup Academy,2019,,44/100,1,0,0,0,1,,Canada,,10.0,tt10302548
1453,Three Days of Christmas,2019,18+,44/100,1,0,0,0,1,,,,6.8/10,
1454,Homemade,2020,16+,44/100,1,0,0,0,1,,,,6.0/10,
1455,Ingress: The Animation,2018,all,44/100,1,0,0,0,1,,,,6.6/10,
1456,Exhibit A,2019,18+,44/100,1,0,1,0,1,true crime,United States,English,8.0,tt10376904
1457,Apache: La vida de Carlos Tevez,2019,18+,44/100,1,0,0,0,1,,,,7.9/10,
1458,Home: Adventures with Tip & Oh,2016,7+,43/100,1,0,0,0,1,"science fiction television program, comedy television series",United States,English,10.0,tt5759196
1459,Hotel Transylvania,2017,7+,43/100,1,0,0,0,1,,,,5.5/10,
1460,A Little Help with Carol Burnett,2018,,43/100,1,0,0,0,1,,United States,,1.0,tt7204366
1461,The Garden of Heaven,2011,16+,43/100,1,0,0,0,1,,,,8.7/10,
1462,Julie's Greenroom,2017,,43/100,1,0,0,0,1,"children's television series, educational television",United States,English,10.0,tt5779222
1463,Barbie Dreamhouse Adventures,2018,all,43/100,1,0,0,0,1,comedy,United States,,10.0,tt7661472
1464,Hidden Worlds,2018,all,43/100,1,0,0,0,1,,,,7.2/10,
1465,A Boy Named Flora A,2017,18+,43/100,1,0,0,0,1,drama television series,Taiwan,"Standard Taiwanese Mandarin, Taiwanese Hokkien, Vietnamese",7.9,tt6284014
1466,My Sassy Girl,2017,,43/100,1,0,0,0,1,"romantic comedy, alternate history television series",South Korea,Korean,10.0,tt6175760
1467,The Idhun Chronicles,2020,16+,43/100,1,0,0,0,1,,,,5.4/10,
1468,Larva Island,2018,,43/100,1,0,0,0,1,children's television series,South Korea,,9.0,tt9077194
1469,44 Cats,2018,7+,43/100,1,0,0,0,1,,,,6.1/10,
1470,Refresh Man,2016,,43/100,1,0,0,0,1,romantic comedy,Taiwan,Standard Chinese,8.0,tt5842808
1471,Battlefish,2018,,43/100,1,0,0,0,1,reality television,United States,English,6.0,tt8893566
1472,Maradona in Mexico,2019,,43/100,1,0,0,0,1,,,,7.2/10,
1473,72 Dangerous Places to Live,2016,18+,43/100,1,0,0,0,1,documentary,Australia,,6.0,tt5674272
1474,Drug Squad: Costa del Sol,2019,,43/100,1,0,0,0,1,drama television series,Spain,Spanish,10.0,tt8476166
1475,Turbo FAST,2013,7+,43/100,1,0,0,0,1,,,,6.5/10,
1476,The Forest of Love: Deep Cut,2020,,43/100,1,0,0,0,1,,,,6.8/10,
1477,Abla Fahita: Drama Queen,2021,,43/100,1,0,0,0,1,,,,6.6/10,
1478,Legend Quest,2017,7+,43/100,1,0,0,0,1,,United States,,1.0,tt1874006
1479,Korean Pork Belly Rhapsody,2020,,43/100,1,0,0,0,1,television documentary,South Korea,Korean,,
1480,"Nuevo rico, nuevo pobre",2007,,43/100,1,0,0,0,1,,Colombia,Spanish,7.8,tt32375039
1481,Tattoo Redo,2021,,43/100,1,0,0,0,1,reality television,United States,English,4.0,tt14956090
1482,Dinosaur King,2007,7+,43/100,1,0,0,0,1,,,,5.7/10,
1483,Once Upon a Time in Lingjian Mountain,2019,all,43/100,1,0,0,0,1,,People's Republic of China,Standard Chinese,6.0,tt11261994
1484,On Children,2018,,43/100,1,0,0,0,1,"science fiction television program, anthology series, satire",Taiwan,Standard Taiwanese Mandarin,10.0,tt8507402
1485,The Prince Who Turns into a Frog,2005,,43/100,1,0,0,0,1,mandopop,Taiwan,"Standard Chinese, Standard Taiwanese Mandarin",7.0,tt1454440
1486,Take My Brother Away,2018,all,43/100,1,0,0,0,1,,People's Republic of China,Standard Chinese,10.0,tt8894324
1487,Juman,2019,,43/100,1,0,0,0,1,,,,5.4/10,
1488,The Rap Game,2016,7+,43/100,1,0,0,0,1,,United States,,10.0,tt5637842
1489,Basketball or Nothing,2019,7+,43/100,1,0,0,0,1,television documentary,United States,English,8.0,tt10698408
1490,Go! Go! Cory Carson,2020,all,43/100,1,0,0,0,1,,,,8.1/10,
1491,Mother Goose Club,2010,,43/100,1,0,0,0,1,,United States,,7.4/10,
1492,Tiffany Haddish Presents: They Ready,2019,,43/100,1,0,0,0,1,stand-up comedy,United States,English,8.0,tt10085386
1493,Possessed,2019,,43/100,1,0,1,0,1,"film score, fantasy television series, drama television series",South Korea,Korean,6.0,tt9537306
1494,Someone Like You,2015,,43/100,1,0,0,0,1,,,,8.0/10,
1495,Little Singham,2018,,43/100,1,0,0,0,1,,India,,1.0,tt11151836
1496,Off Camera with Sam Jones,2014,,43/100,1,0,0,0,1,,,,8.4/10,
1497,Super Monsters,2017,all,43/100,1,0,0,0,1,,,,6.5/10,
1498,How to Ruin Christmas: The Wedding,2020,18+,43/100,1,0,0,0,1,,South Africa,,10.0,tt13492362
1499,ReBoot: The Guardian Code,2018,7+,43/100,1,0,0,0,1,"action television series, comedy television series, science fiction television program, adventure television series",Canada,,3.0,tt6849940
1500,Engineering Girls,2019,,43/100,1,0,0,0,1,,,,7.0/10,
1501,Hoff the Record,2015,16+,43/100,1,0,1,0,1,German television comedy,United Kingdom,,10.0,tt4095622
1502,Larry Charles' Dangerous World of Comedy,2019,18+,43/100,1,0,0,0,1,"comedy television program, television documentary",United States,,7.0,tt9654082
1503,Triad Princess,2019,18+,43/100,1,0,0,0,1,romance film,Taiwan,,8.0,tt9314996
1504,Get Organized with The Home Edit,2020,,43/100,1,0,0,0,1,reality television,United States,English,1.0,tt10834478
1505,Apaches,2015,18+,43/100,1,0,0,0,1,drama television series,Spain,Spanish,9.0,tt4418844
1506,Social Distance,2020,,42/100,1,0,0,0,1,anthology series,United States,English,8.0,tt12313074
1507,Followers,2020,18+,42/100,1,0,0,0,1,drama,Japan,Japanese,5.0,tt10049610
1508,13 Reasons Why: Beyond the Reasons,2017,18+,42/100,1,0,0,0,1,aftershow,United States,English,10.0,tt8615966
1509,One on One with Kirk Cameron,2019,,42/100,1,0,0,0,1,,,,4.2/10,
1510,Marriage or Mortgage,2021,,42/100,1,0,0,0,1,reality television,United States,English,3.0,tt14037542
1511,Cupcake & Dino - General Services,2018,7+,42/100,1,0,0,0,1,,,,7.8/10,
1512,Ice Fantasy,2016,16+,42/100,1,0,0,0,1,fantasy television series,People's Republic of China,Standard Chinese,8.0,tt5022298
1513,Revolutionary Love,2017,7+,42/100,1,0,0,0,1,"romantic comedy, comedy film, romance film",South Korea,Korean,9.0,tt7340800
1514,"Rica, Famosa, Latina",2014,,42/100,1,1,0,0,1,,United States,,3.0,tt4591212
1515,Sunny Bunnies,2015,all,42/100,1,0,0,0,1,,,,6.8/10,
1516,Stretch Armstrong & the Flex Fighters,2017,7+,42/100,1,0,0,0,1,,,,6.5/10,
1517,The Who Was? Show,2018,,42/100,1,0,0,0,1,,United States,,10.0,tt7488702
1518,The Wedding Coach,2021,,42/100,1,0,0,0,1,"reality television, comedy",United States,English,10.0,tt14210424
1519,Oscar's Oasis,2010,,42/100,1,0,0,0,1,,,,7.5/10,
1520,Simon,2016,all,42/100,1,0,0,0,1,,,,7.3/10,
1521,72 Cutest Animals,2016,,42/100,1,0,0,0,1,television documentary,Australia,,5.0,tt5815824
1522,Zig and Sharko,2010,all,42/100,1,0,0,0,1,,,,6.9/10,
1523,Criminal: Germany,2019,,42/100,1,0,0,0,1,detective fiction,Germany,German,10.0,tt10986056
1524,Glitter Force Doki Doki,2017,7+,42/100,1,0,0,0,1,,,,,
1525,The Octonauts,2010,all,42/100,1,0,0,0,1,,,,6.4/10,
1526,Westside,2018,16+,42/100,1,0,1,0,1,reality television series,United States,English,10.0,tt8693758
1527,Alien TV,2020,7+,42/100,1,0,0,0,1,"children's television series, live action/animated television series",Australia,English,10.0,tt12765530
1528,My Perfect Landing,2020,,42/100,1,0,0,0,1,"sport film, teen drama television",Canada,English,7.0,tt10268080
1529,Love Daily,2018,,42/100,1,0,0,0,1,,,,6.1/10,
1530,VeggieTales in the City,2017,all,42/100,1,0,0,0,1,,,,6.0/10,
1531,Love O2O,2016,16+,42/100,1,0,0,0,1,,,,8.0/10,
1532,Anitta: Made in Honório,2020,,42/100,1,0,0,0,1,television documentary,Brazil,Brazilian Portuguese,10.0,tt13486136
1533,Upin & Ipin,2007,all,42/100,1,0,0,0,1,,,,5.8/10,
1534,Follow This,2018,18+,42/100,1,0,0,0,1,television documentary,United States,English,2.0,tt8560884
1535,Agent,2019,,42/100,1,0,0,0,1,,,,7.2/10,
1536,Garth Brooks: The Road I'm On,2019,,42/100,1,0,0,0,1,,,,7.4/10,
1537,Living Undocumented,2019,18+,42/100,1,0,0,0,1,documentary film,United States,,10.0,tt10977486
1538,Fate/Extra Last Encore,2018,18+,42/100,1,0,0,0,1,,,,5.4/10,
1539,Alphablocks,2010,all,42/100,1,0,0,0,1,,,,7.8/10,
1540,Puerta 7,2020,18+,42/100,1,0,0,0,1,drama,Argentina,Spanish,3.0,tt9170386
1541,The Witcher: A Look Inside the Episodes,2020,,42/100,1,0,0,0,1,,,,7.1/10,
1542,We Speak Dance,2018,7+,42/100,1,0,0,0,1,television documentary,United States,English,7.3,tt7737500
1543,Racket Boys,2021,16+,42/100,1,0,0,0,1,Korean drama,South Korea,Korean,8.0,tt14482414
1544,Voices of Fire,2020,,42/100,1,0,0,0,1,reality television,United States,English,10.0,tt13329282
1545,Heidi,2015,all,42/100,1,0,1,0,1,,,,7.2/10,
1546,The Many Faces of Ito,2017,,42/100,1,0,0,0,1,romantic comedy,Japan,Japanese,10.0,tt7134506
1547,Centaurworld,2021,7+,42/100,1,0,0,0,1,,,,7.1/10,
1548,Magmel of the Sea Blue,2019,7+,41/100,1,0,0,0,1,,,,6.2/10,
1549,Serial Killer with Piers Morgan,2017,,41/100,1,0,0,0,1,television documentary,United Kingdom,English,3.9,tt7667038
1550,The Legend of White Snake,2019,all,41/100,1,0,0,0,1,"period drama film, fantasy television series",People's Republic of China,Standard Chinese,10.0,tt10628250
1551,Pet Stars,2021,,41/100,1,0,0,0,1,reality television,United States,English,10.0,tt14318392
1552,Last Hope,2018,16+,41/100,1,0,0,0,1,"drama television series, medical drama",Japan,Japanese,5.8/10,
1553,Msameer,2011,,41/100,1,0,0,0,1,,,,8.5/10,
1554,Nadiya Bakes,2020,,41/100,1,0,0,0,1,cooking show,United Kingdom,English,8.0,tt11714872
1555,Conspiracy,2015,,41/100,1,0,0,0,1,,,,6.2/10,
1556,Death by Magic,2018,7+,41/100,1,0,0,0,1,reality television,United States,English,9.0,tt8887956
1557,Welcome to the Family,2018,16+,41/100,1,0,0,0,1,comedy television series,Spain,Catalan,8.0,tt7490342
1558,Narcoworld: Dope Stories,2019,,41/100,1,0,0,0,1,television documentary,United States,English,10.0,tt11215112
1559,Motown Magic,2018,all,41/100,1,0,0,0,1,,,,7.7/10,
1560,Blazing Transfer Students,2017,,41/100,1,0,0,0,1,,Japan,,7.0,tt7931520
1561,Almost Happy,2020,,41/100,1,0,0,0,1,comedy television series,Argentina,Spanish,10.0,tt12146940
1562,Gormiti,2018,7+,41/100,1,0,0,0,1,,Italy,,1.0,tt2644204
1563,We Are: The Brooklyn Saints,2021,,41/100,1,0,0,0,1,television documentary,United States,English,8.0,tt13656220
1564,That's What Happened,2019,,41/100,1,0,0,0,1,,,,8.1/10,
1565,Takki,2012,all,41/100,1,0,0,0,1,,,,7.1/10,
1566,Lava Ka Dhaava,2021,,41/100,1,0,0,0,1,,,,6.1/10,
1567,Angelina Ballerina: The Next Steps,2009,all,41/100,1,0,0,0,1,,,,4.9/10,
1568,Z4,2018,all,41/100,1,0,0,0,1,"telenovela, comedy, music television",Brazil,,6.6,tt8618456
1569,The Casketeers,2018,16+,41/100,1,0,0,0,1,reality television,New Zealand,New Zealand English,9.0,tt8365054
1570,Age of Rebellion,2018,,41/100,1,0,0,0,1,"idol dorama, gakuen drama, coming-of-age fiction",Taiwan,Standard Taiwanese Mandarin,10.0,tt8931836
1571,Spectros,2020,18+,41/100,1,0,0,0,1,fantasy television series,Brazil,,4.0,tt10145110
1572,Dear My Friends,2016,,41/100,1,0,0,0,1,drama fiction,South Korea,,10.0,tt5689030
1573,Panda and Hedgehog,2012,,41/100,1,0,0,0,1,"romance film, comedy film",South Korea,Korean,4.0,tt3647374
1574,Black Hollywood: 'They've Gotta Have Us',2018,,41/100,1,0,0,0,1,,,,7.6/10,
1575,A Year In Space,2016,,41/100,1,0,1,0,1,,,,7.4/10,
1576,My Runway,2016,7+,41/100,1,0,0,0,1,drama television series,South Korea,Korean,7.0,tt6968336
1577,LEGO Marvel Avengers: Climate Conundrum,2020,7+,41/100,1,0,0,0,1,,,,7.0/10,
1578,Cyborg 009: Call of Justice,2017,,41/100,1,0,0,0,1,,,,5.8/10,
1579,Dave Chappelle: Equanimity & The Bird Revelation,2017,,41/100,1,0,0,0,1,,,,,
1580,Check The Store Next Door: The Next Chapter,2018,,41/100,1,0,0,0,1,,,,7.9/10,
1581,Somewhere Only We Know,2019,,41/100,1,0,0,0,1,,People's Republic of China,Standard Chinese,5.0,tt10472296
1582,The Haunted House,2016,7+,40/100,1,0,0,0,1,,,,8.4/10,
1583,Oddbods (Shorts),2015,7+,40/100,1,0,0,0,1,,,,6.4/10,
1584,Tayo the Little Bus,2010,,40/100,1,1,1,0,1,,,,5.6/10,
1585,Cleo & Cuquin,2018,7+,40/100,1,0,0,0,1,children's television series,Spain,,10.0,tt7956374
1586,Inspector Gadget,2015,all,40/100,1,0,0,1,1,,,,4.6/10,
1587,Let's Fight Ghost,2021,,40/100,1,0,0,0,1,romantic comedy,Thailand,Thai,9.0,tt14168868
1588,Magic for Humans Spain,2021,18+,40/100,1,0,0,0,1,"reality television, comedy television program",Spain,Spanish,5.9,tt14136320
1589,The Defected,2019,,40/100,1,0,0,0,1,,Hong Kong,,6.0,tt10141612
1590,The Qin Empire,2009,7+,40/100,1,0,0,0,1,historical drama,People's Republic of China,,8.0,tt5293462
1591,Creator's File: GOLD,2021,,40/100,1,0,0,0,1,,,,6.5/10,
1592,Fary: Hexagone,2020,,40/100,1,0,0,0,1,,,,6.5/10,
1593,The Comedy Lineup,2018,18+,40/100,1,0,0,0,1,stand-up comedy,United States,English,1.0,tt8687584
1594,Back with the Ex,2019,,40/100,1,0,0,0,1,reality television,Australia,,8.0,tt9316002
1595,Charlie's Colorforms City,2019,all,40/100,1,0,0,0,1,,,,7.1/10,
1596,Cloudy with a Chance of Meatballs,2017,all,40/100,1,0,0,0,1,,,,3.3/10,
1597,Team Kaylie,2019,,40/100,1,0,0,0,1,comedy television series,United States,English,1.0,tt9717424
1598,Absurd Planet,2020,7+,40/100,1,0,0,0,1,"television documentary, nature documentary",United States,English,1.0,tt12027008
1599,"Love, Now",2007,,40/100,1,0,0,0,1,drama television series,Taiwan,"Standard Chinese, Standard Taiwanese Mandarin",8.0,tt6273116
1600,Mighty Express,2020,all,40/100,1,0,0,0,1,children's television series,"United States, Canada",English,10.0,tt11860336
1601,Children of Adam,2020,18+,40/100,1,0,0,0,1,,,,7.9/10,
1602,Nowhere Man,2019,18+,40/100,1,0,0,0,1,,,,5.6/10,
1603,Office Girls,2011,,40/100,1,0,0,0,1,romantic comedy,Taiwan,,7.0,tt4381290
1604,Club de Cuervos Presents: The Ballad of Hugo Sánchez,2018,18+,40/100,1,0,0,0,1,,Mexico,Spanish,1.0,tt8498114
1605,Mob Psycho 100,2018,all,40/100,1,0,0,0,1,,,,5.2/10,
1606,White Nights,2016,,40/100,1,1,0,0,1,,,,7.0/10,
1607,Lego Bionicle: The Journey to One,2016,7+,40/100,1,0,0,0,1,,,,5.5/10,
1608,Back Street Girls: Goku Dolls,2018,18+,40/100,1,0,0,0,1,,,,6.7/10,
1609,The Iliza Shlesinger Sketch Show,2020,18+,40/100,1,0,0,0,1,,United States,English,3.0,tt11092086
1610,Becoming Champions,2018,all,40/100,1,0,0,0,1,television documentary,Mexico,Spanish,5.0,tt8796068
1611,Bakugan: Battle Planet,2018,all,40/100,1,0,0,0,1,,,,4.9/10,
1612,Terrorism Close Calls,2018,,40/100,1,0,0,0,1,"television documentary, documentary film","United States, Czech Republic",,5.0,tt6775816
1613,The Writer,2019,7+,40/100,1,0,0,0,1,"mockumentary, drama",Israel,"Hebrew, Arabic",10.0,tt6483304
1614,Robot Trains,2017,all,40/100,1,0,1,0,1,,,,6.2/10,
1615,Pororo the Little Penguin,2003,all,40/100,1,1,1,0,1,,,,6.0/10,
1616,Unrequited Love,2019,,40/100,1,0,0,0,1,television series based on a novel,People's Republic of China,Putonghua,7.3,tt13847742
1617,H2O - Abenteuer Meerjungfrau,2015,7+,40/100,1,0,0,0,1,,,,5.6/10,
1618,Rea(l)ove,2018,,40/100,1,0,0,0,1,,,,6.7/10,
1619,Scams,2019,,40/100,1,0,0,0,1,"drama television series, television series based on a novel",Japan,,10.0,tt10448486
1620,The Fierce Wife,2010,16+,40/100,1,0,0,0,1,,Taiwan,,8.0,tt4304720
1621,Eugenie Nights - ليالي أوجيني,2018,16+,40/100,1,0,0,0,1,,,,7.4/10,
1622,Tiny Creatures,2020,7+,40/100,1,0,0,0,1,pseudo-documentary,United States,English,3.0,tt12759334
1623,A Taiwanese Tale of Two Cities,2018,,40/100,1,0,0,0,1,drama television series,Taiwan,"Standard Taiwanese Mandarin, Taiwanese Hokkien, English",10.0,tt8893498
1624,Tango,2018,,40/100,1,0,0,0,1,,,,7.2/10,
1625,Standup and Away! with Brian Regan,2018,16+,40/100,1,0,0,0,1,comedy television series,United States,English,4.0,tt9384194
1626,Black Crows,2018,18+,40/100,1,0,0,0,1,"action television series, war television series",Saudi Arabia,,9.0,tt7356518
1627,Ainori Love Wagon: Asian Journey,2017,,40/100,1,0,0,0,1,reality television series,Japan,Japanese,4.0,tt7510930
1628,Yummy Mummies,2017,7+,40/100,1,0,0,0,1,reality television,Australia,,6.0,tt7172230
1629,revisions,2019,18+,40/100,1,0,0,0,1,,,,6.0/10,
1630,Green Door,2019,18+,40/100,1,0,0,0,1,psychological thriller,Taiwan,"Standard Taiwanese Mandarin, Taiwanese Hokkien, English",8.0,tt9817290
1631,Valentino,2020,,40/100,1,0,0,0,1,,,,5.5/10,
1632,Move,2020,,40/100,1,0,0,0,1,,,,,
1633,Million Dollar Beach House,2020,18+,40/100,1,0,0,0,1,reality television,United States,English,2.0,tt12882136
1634,I Hear You,2019,all,40/100,1,0,0,0,1,,People's Republic of China,,7.0,tt10327440
1635,Booba Aventuras na Cozinha,2020,,39/100,1,0,0,0,1,,,,8.7/10,
1636,Littlest Pet Shop: A World of Our Own,2018,all,39/100,1,0,0,0,1,,,,6.8/10,
1637,Spy Kids: Mission Critical,2018,all,39/100,1,0,0,0,1,"action television series, comedy television series","United States, Canada",English,10.0,tt6714408
1638,La Línea: Shadow of Narco,2020,,39/100,1,0,0,0,1,"crime television series, television documentary",Spain,Spanish,5.0,tt12875794
1639,Dino Girl Gauko,2019,7+,39/100,1,0,0,0,1,,,,6.7/10,
1640,Hasmukh,2020,18+,39/100,1,0,0,0,1,,India,Hindi,6.0,tt9359294
1641,Here to Heart,2018,7+,39/100,1,0,0,0,1,,People's Republic of China,,10.0,tt8791742
1642,Chosen,2018,,39/100,1,0,1,0,1,thriller television series,United States,English,4.0,tt2390334
1643,COMEDIANS of the world,2019,,39/100,1,0,0,0,1,stand-up comedy,United States,,8.0,tt8685446
1644,The Good Bandit,2019,18+,39/100,1,0,0,0,1,,,,7.8/10,
1645,"Wait, My Youth",2019,all,39/100,1,0,0,0,1,,People's Republic of China,,8.0,tt12071466
1646,Ask the Doctor,2017,,39/100,1,0,0,0,1,,Australia,,10.0,tt7188736
1647,Locombianos,2021,18+,39/100,1,0,0,0,1,,,,3.6/10,
1648,Robocar Poli,2011,,39/100,1,0,0,0,1,,,,6.7/10,
1649,Rainbow Ruby,2016,all,39/100,1,0,0,0,1,,,,6.6/10,
1650,Justin Time,2011,all,39/100,1,0,0,0,1,,,,6.7/10,
1651,Fugitiva,2018,18+,39/100,1,0,0,0,1,"thriller television series, drama television series",Spain,Spanish,1.0,tt7158972
1652,Sing On!,2020,,39/100,1,0,0,0,1,game show,Spain,Spanish,8.0,tt11698668
1653,Flinch,2019,7+,39/100,1,0,0,0,1,game show,United Kingdom,English,7.0,tt9196244
1654,Larva,2011,all,39/100,1,0,0,0,1,,,,7.2/10,
1655,Baby Ballroom,2017,,39/100,1,0,0,0,1,,United Kingdom,English,10.0,tt8159960
1656,Akbar Birbal,2014,,39/100,1,0,1,0,1,,India,,7.0,tt4570984
1657,StoryBots Super Songs,2016,all,39/100,1,0,0,0,1,,United States,,10.0,tt6163070
1658,Space Jungle,2014,all,39/100,1,0,0,0,1,,,,,
1659,VeggieTales In The House,2014,all,39/100,1,0,0,0,1,,,,4.4/10,
1660,LEGO Jurassic World: The Secret Exhibit,2018,7+,39/100,1,0,0,0,1,,,,6.3/10,
1661,Strong,2016,7+,39/100,1,0,0,0,1,,,,7.5/10,
1662,Legend Quest: Masters of Myth,2019,,39/100,1,0,0,0,1,,,,7.7/10,
1663,Mighty Little Bheem: Kite Festival,2021,,39/100,1,0,0,0,1,,,,8.5/10,
1664,The American Bible Challenge,2012,all,39/100,1,0,0,0,1,game show,United States,,6.8,tt2246424
1665,Breakout,2010,,39/100,1,0,0,0,1,,,,7.9/10,
1666,GAME ON: A Comedy Crossover Event,2020,all,39/100,1,0,0,0,1,"comedy television program, family television series",United States,English,5.0,tt12800428
1667,ID-0,2017,16+,39/100,1,0,0,0,1,,,,6.1/10,
1668,Tijuana,2019,16+,39/100,1,0,0,0,1,crime television series,Mexico,,5.0,tt8027624
1669,Dinotrux: Supercharged,2017,7+,39/100,1,0,0,0,1,,,,7.2/10,
1670,The Jungle Book,2010,all,39/100,1,0,0,1,1,,,,4.2/10,
1671,My Dear Boy,2017,,39/100,1,0,0,0,1,,Taiwan,Mandarin,10.0,tt7804134
1672,Skin Decision: Before and After,2020,,39/100,1,0,0,0,1,,United States,English,4.0,tt12588326
1673,Rhyme Time Town Singalongs,2020,all,39/100,1,0,0,0,1,,,,8.3/10,
1674,Transformers: Rescue Bots Academy,2019,all,39/100,1,0,0,0,1,,United States,,8.0,tt9557874
1675,"Noddy, Toyland Detective",2016,all,39/100,1,0,0,0,1,,,,6.2/10,
1676,Ricky Zoom,2019,all,39/100,1,0,0,0,1,,,,6.5/10,
1677,Popples,1986,all,39/100,1,0,0,0,1,,United States,,6.5,tt4210022
1678,Edgar Rice Burroughs' Tarzan and Jane,2017,7+,39/100,1,0,0,0,1,,,,4.8/10,
1679,Chico Bon Bon: Monkey with a Tool Belt,2020,all,39/100,1,0,0,0,1,,,,6.3/10,
1680,Inborn Pair,2011,,38/100,1,0,0,0,1,,Taiwan,"Standard Chinese, Standard Taiwanese Mandarin",9.0,tt6357282
1681,The Underclass,2020,,38/100,1,0,0,0,1,drama television series,Thailand,Thai,9.0,tt12665438
1682,Boca Juniors Confidential,2018,all,38/100,1,0,0,0,1,,Argentina,,6.3,tt8893546
1683,ZOIDS WILD,2018,7+,38/100,1,0,0,0,1,,,,5.8/10,
1684,Holiday Home Makeover with Mr. Christmas,2020,all,38/100,1,0,0,0,1,reality television,United States,English,5.9,tt13255112
1685,Nailed It! Mexico,2019,all,38/100,1,0,0,0,1,reality television,"United States, Mexico",,10.0,tt9708588
1686,Cabins in the Wild with Dick Strawbridge,2017,7+,38/100,1,0,0,0,1,reality television,United Kingdom,English,5.0,tt8422396
1687,Best.Worst.Weekend.Ever.,2018,7+,38/100,1,0,0,0,1,,United States,,10.0,tt7768010
1688,Fangbone!,2016,7+,38/100,1,0,0,0,1,,,,5.7/10,
1689,Wrong Kind of Black,2018,,38/100,1,0,0,0,1,,,,7.6/10,
1690,Disappearance,2018,,38/100,1,0,0,0,1,,,,7.2/10,
1691,I'm with the Band: Nasty Cherry,2019,,38/100,1,0,0,0,1,reality television,United States,English,2.0,tt6233916
1692,Pinky Malinky,2019,7+,38/100,1,0,0,0,1,,,,5.7/10,
1693,The Crime,2015,,38/100,1,0,0,0,1,,,,6.2/10,
1694,Tayee,2018,,38/100,1,0,0,0,1,,,,8.0/10,
1695,Yanxi Palace: Princess Adventures,2019,,38/100,1,0,0,0,1,drama television series,People's Republic of China,,9.0,tt11399844
1696,Extreme Engagement,2019,18+,38/100,1,0,0,0,1,reality television series,Australia,English,3.0,tt10521644
1697,Single Ladies Senior,2018,,38/100,1,0,0,0,1,,,,,
1698,Deja Vu,2013,,38/100,1,0,0,0,1,,,,,
1699,Care Bears and Cousins,2015,all,38/100,1,0,0,0,1,,,,6.8/10,
1700,Graceful Friends,2020,,38/100,1,0,0,0,1,,South Korea,Korean,8.0,tt12531492
1701,Spark,2016,,38/100,1,0,0,0,1,,,,7.0/10,
1702,The Miracle,2016,,38/100,1,0,0,0,1,,,,6.5/10,
1703,The In-Laws,2003,13+,38/100,1,0,0,0,1,,Singapore,Chinese,5.7/10,
1704,Hong Kong West Side Stories,2019,18+,38/100,1,0,0,0,1,,Hong Kong,,7.0,tt10282734
1705,Life Plan A and B,2017,7+,38/100,1,0,0,0,1,,Taiwan,"Mandarin, Standard Taiwanese Mandarin",7.0,tt7034962
1706,Empire Games,2018,7+,38/100,1,0,0,0,1,"documentary film, historical film","Czech Republic, United States",,1.0,tt8171234
1707,Shrek's Swamp Stories,2008,,38/100,1,0,0,0,1,,,,6.6/10,
1708,J-Style Trip,2020,16+,37/100,1,0,0,0,1,,"Taiwan, People's Republic of China",,4.0,tt11942052
1709,Camarón Revolution,2018,,37/100,1,0,0,0,1,,,,,
1710,Block B - Under Arrest,2015,,37/100,1,0,0,0,1,,,,6.9/10,
1711,Kong: King of the Apes,2016,7+,37/100,1,0,0,0,1,,,,5.8/10,
1712,Fire Chasers,2017,,37/100,1,0,0,0,1,,,,6.6/10,
1713,Word Party,2016,all,37/100,1,0,0,0,1,,United States,,3.0,tt5235950
1714,Power Players,2019,7+,37/100,1,0,0,0,1,science fiction television program,"France, United States",,8.0,tt10895604
1715,Legend of Chu and Han,2012,,37/100,1,0,0,0,1,historical drama,People's Republic of China,,10.0,tt9586376
1716,The Devil Punisher,2020,,37/100,1,0,0,0,1,,Taiwan,Standard Taiwanese Mandarin,6.0,tt13317376
1717,The Outsiders,2004,16+,37/100,1,0,0,0,1,,,,7.4/10,
1718,LEGO Elves,2017,,37/100,1,0,0,0,1,,,,6.0,tt5586974
1719,Memory Love,2017,,37/100,1,0,0,0,1,,Taiwan,Mandarin,10.0,tt9015516
1720,The Perfect Match,2017,,37/100,1,0,0,0,1,drama television series,Taiwan,"Standard Chinese, Standard Taiwanese Mandarin",9.0,tt9882870
1721,Nailed It! France,2019,16+,37/100,1,0,0,0,1,,France,French,10.0,tt10990804
1722,Love Family,2013,,37/100,1,0,0,0,1,,Taiwan,Standard Chinese,8.4,tt6671178
1723,Southern Survival,2020,,37/100,1,0,0,0,1,,United States,English,3.0,tt12588286
1724,When I See You Again,2015,,37/100,1,0,0,0,1,,Taiwan,Standard Chinese,10.0,tt6289504
1726,"Three Wives, One Husband",2018,,37/100,1,0,0,0,1,,,,5.0,tt6681426
1727,The Charming Stepmom,2019,,37/100,1,0,0,0,1,,Thailand,,,
1728,Journey of an African Colony,2020,,37/100,1,0,0,0,1,,Nigeria,English,8.0,tt14452572
1729,The Little Nyonya,2008,,37/100,1,0,0,0,1,,Singapore,,8.0,tt10544836
1730,Richie Rich,2015,all,37/100,1,0,0,0,1,,,,3.3/10,
1731,Justice,2019,7+,37/100,1,0,0,0,1,,,,5.2/10,
1732,Bookmarks: Celebrating Black Voices,2020,all,37/100,1,0,0,0,1,,United States,,8.0,tt12923664
1734,Fifty,2017,,37/100,1,0,0,0,1,comedy drama,Israel,Hebrew,7.4,tt11187516
1735,Masha's Tales,2016,all,37/100,1,0,0,0,1,,,,,
1736,Hook,2020,,37/100,1,0,0,0,1,,,,6.7/10,
1737,Pacto de Sangue,2018,,37/100,1,0,0,0,1,telenovela,Brazil,Brazilian Portuguese,3.0,tt6742610
1738,Pablo,2017,,37/100,1,0,0,0,1,,,,7.6/10,
1739,Cairo Class,2019,,37/100,1,0,0,0,1,,,,,
1740,What She Put on the Table,2017,,37/100,1,0,0,0,1,,,,,
1741,The Land of Hypocrisy,2018,,37/100,1,0,0,0,1,,,,6.5/10,
1742,Meet the Adebanjos,2012,7+,37/100,1,0,0,0,1,,United Kingdom,,7.6/10,
1743,Inside the Freemasons,2017,,36/100,1,0,0,0,1,television documentary,United Kingdom,English,4.0,tt6743832
1744,All About Love,2010,,36/100,1,0,0,0,1,,,,6.3/10,
1745,Hyper Hardboiled Gourmet Report,2019,,36/100,1,0,0,0,1,,Japan,Japanese,,
1746,Rimba Racer,2015,,36/100,1,0,0,0,1,,,,8.2/10,
1747,Murphy's Law of Love,2015,,36/100,1,0,0,0,1,,Taiwan,Standard Chinese,7.4/10,
1748,Miss Culinary,2019,,36/100,1,0,0,0,1,,,,,
1749,LEGO Friends: The Power of Friendship,2016,7+,36/100,1,0,0,0,1,,,,6.0,tt7598452
1750,A Thousand Goodnights,2019,,36/100,1,0,0,0,1,,Taiwan,"Standard Taiwanese Mandarin, Taiwanese Hokkien, English",9.0,tt10370952
1751,Secreto bien guardado,2019,,36/100,1,0,0,0,1,"romance film, drama film",Argentina,Spanish,8.0,tt10702412
1752,The Unremarkable Juanquini,2020,,36/100,1,0,0,0,1,,Colombia,Spanish,4.3,tt12189308
1753,Felipe Esparza: Bad Decisions,2020,,36/100,1,0,0,0,1,,,,5.0/10,
1754,True Tunes,2019,all,36/100,1,0,0,0,1,,,,8.0/10,
1755,The Judgement,2018,,36/100,1,0,0,0,1,"drama television series, thriller television series",Thailand,Thai,5.0,tt8866904
1756,Dreamworks Spooky Stories,2012,7+,36/100,1,0,0,0,1,,,,6.7/10,
1757,I Have a Script,2019,7+,36/100,1,0,0,0,1,,,,,
1758,Little Baby Bum: Nursery Rhyme Friends,2016,all,36/100,1,0,0,0,1,,,,6.7/10,
1759,28 Faces of the Moon,2016,7+,36/100,1,0,0,0,1,,,,4.0,tt10145322
1760,Harvey Street Kids,2018,7+,36/100,1,0,0,0,1,,United States,,1.0,tt7758552
1761,Buddi,2020,all,36/100,1,0,0,0,1,,,,6.9/10,
1762,Edha,2018,18+,36/100,1,0,0,0,1,,Argentina,,2.0,tt7956274
1763,Eagle of Upper Egypt,2018,all,36/100,1,0,0,0,1,,,,,
1764,Daughters of Destiny,2017,,36/100,1,0,0,0,1,,,,,
1765,The Degenerates,2018,18+,36/100,1,0,0,0,1,stand-up comedy,United States,English,10.0,tt9077196
1766,"Heidi, bienvenida a casa",2017,,36/100,1,0,0,0,1,telenovela,Argentina,Spanish,7.3,tt7183310
1767,Chasing Cameron,2016,7+,36/100,1,0,0,0,1,,United States,,1.0,tt6370626
1768,Country Ever After,2020,,36/100,1,0,0,0,1,reality television,United States,English,10.0,tt12987872
1769,Chip and Potato,2018,all,36/100,1,0,0,0,1,,,,6.2/10,
1770,Lion Pride,2017,,35/100,1,0,0,0,1,,Taiwan,,5.0,tt9165974
1771,YG Future Strategy Office,2018,18+,35/100,1,0,0,0,1,mockumentary,South Korea,Korean,8.0,tt8129694
1772,Love At Seventeen,2016,,35/100,1,0,0,0,1,,,,6.2/10,
1773,The Could’ve-Gone-All-the-Way Committee,2018,,35/100,1,0,0,0,1,,,,6.8/10,
1774,Diamond Lover,2015,,35/100,1,0,0,0,1,,People's Republic of China,Putonghua,7.0,tt6058496
1775,Kid-E-Cats,2017,all,35/100,1,0,0,0,1,,,,7.4/10,
1776,Bo on the Go!,2007,all,35/100,1,0,0,0,1,computer animation,Canada,English,10.0,tt1516172
1777,Easy Fortune Happy Life,2009,,35/100,1,0,0,0,1,,Taiwan,,8.0,tt3756460
1778,How to Live Mortgage Free with Sarah Beeny,2017,,35/100,1,0,0,0,1,reality television,United Kingdom,English,,
1779,Bangkok Love Stories 2: Plead,2019,,35/100,1,0,0,0,1,,,,7.1/10,
1780,21 Again,2019,,35/100,1,0,0,0,1,,,,4.8/10,
1781,Monkey Twins,2018,,35/100,1,0,0,0,1,,Thailand,Thai,10.0,tt8507498
1782,Cocaine,2005,,35/100,1,0,0,0,1,,,,7.1/10,
1783,Love Around,2013,,35/100,1,0,0,0,1,drama television series,Taiwan,Standard Chinese,8.0,tt3715634
1784,Тобот,2010,7+,35/100,1,0,1,0,1,,,,6.6/10,
1785,Sing On! Spain,2020,,35/100,1,0,0,0,1,game show,Spain,Spanish,8.0,tt11698668
1786,In The Bosom of a Thorn,2019,16+,35/100,1,0,0,0,1,,Kuwait,Arabic,10.0,tt10397430
1787,Sammy & Co,2014,,35/100,1,0,0,0,1,,,,5.3/10,
1788,Love and Hong Kong,2017,,35/100,1,0,0,0,1,,,,,
1789,Nailed It! Germany,2020,,35/100,1,0,0,0,1,,Germany,German,2.0,tt11460744
1790,YooHoo to the Rescue,2019,all,35/100,1,0,0,0,1,children's television series,United States,,6.7,tt9817288
1791,Singles Villa,2015,,35/100,1,0,0,0,1,,,,7.6/10,
1792,Ladies Up,2020,,35/100,1,0,0,0,1,stand-up comedy,India,,1.0,tt11942100
1793,Vai Anitta,2018,,35/100,1,0,0,0,1,television documentary,Brazil,,10.0,tt8961530
1794,Styling Hollywood,2019,16+,35/100,1,0,0,0,1,reality television,United States,English,8.0,tt10715202
1795,Trotro,2006,all,35/100,1,0,0,0,1,,,,6.0/10,
1796,Masha's Spooky Stories,2014,all,35/100,1,0,0,0,1,,,,5.0/10,
1797,The Goop Lab,2020,18+,35/100,1,0,0,0,1,,United States,English,1.0,tt11561206
1798,Kulipari: An Army of Frogs,2016,7+,35/100,1,0,0,0,1,,United States,,8.0,tt6035850
1799,Angel 'N' Devil,2014,,34/100,1,0,0,0,1,"action film, fantasy film",Taiwan,Chinese,5.9,tt6273196
1800,Happy Jail,2019,18+,34/100,1,0,0,0,1,,,,8.0/10,
1801,President,2010,,34/100,1,0,0,0,1,,,,7.2/10,
1802,Luo Bao Bei,2018,all,34/100,1,0,0,0,1,,,,7.6/10,
1803,Entangled,2014,,34/100,1,0,0,0,1,,,,6.9/10,
1804,Lavender,2001,16+,34/100,1,0,0,0,1,,,,6.6/10,
1805,Ojo's in d' House,2020,,34/100,1,0,0,0,1,,,,6.1/10,
1806,Frank Elstner: Just One Last Question,2019,,34/100,1,0,0,0,1,talk show,Germany,German,7.4,tt12416844
1807,Unriddle,2012,,34/100,1,0,0,0,1,police procedural,Singapore,,7.8/10,
1808,KO One,2005,7+,34/100,1,0,0,0,1,"comedy television series, Taiwanese television drama",Taiwan,Standard Chinese,5.6,tt1841171
1809,Kulipari: Dream Walker,2018,all,34/100,1,0,0,0,1,,,,7.6/10,
1810,La Ley secreta,2018,,34/100,1,0,0,0,1,,Colombia,Spanish,9.0,tt8888710
1811,Miniforce X,2019,,34/100,1,0,1,0,1,,,,4.3/10,
1812,Candy Online,2019,,34/100,1,0,0,0,1,gakuen drama,Taiwan,Standard Taiwanese Mandarin,9.0,tt11330500
1813,Oh Yuck!,2017,,34/100,1,0,0,0,1,,,,7.4/10,
1814,K.O.3an Guo,2009,16+,34/100,1,0,0,0,1,comedy,Taiwan,Standard Chinese,10.0,tt1848134
1815,Best Lover,2016,,34/100,1,0,0,0,1,,,,6.5/10,
1816,Nasce Uma Rainha,2020,,34/100,1,0,0,0,1,reality television series,Brazil,Brazilian Portuguese,10.0,tt12571792
1817,Project S The Series,2017,,34/100,1,0,0,0,1,sport film,Thailand,Thai,8.3,tt8059904
1818,DeMarcus Family Rules,2020,,34/100,1,0,0,0,1,reality television,United States,English,2.0,tt12759420
1819,Bhaag Beanie Bhaag,2020,,34/100,1,0,0,0,1,,India,,3.5,tt12775836
1820,The Single Wives,2018,,34/100,1,0,0,0,1,reality television,Australia,,9.0,tt8694342
1821,Morphle,2019,all,34/100,1,1,0,0,1,,Netherlands,,6.0,tt10087694
1822,Hello Ninja,2019,all,34/100,1,0,0,0,1,,,,6.6/10,
1823,Tian Bao Fuyao Lu,2020,,34/100,1,0,0,0,1,,,,7.0/10,
1824,Sakho & Mangane,2019,,34/100,1,0,0,0,1,,Senegal,French,4.0,tt9391692
1825,Zona Rosa,2019,,34/100,1,0,0,0,1,telenovela,Colombia,,6.5,tt1050232
1826,Love Is In The Air,2010,,33/100,1,0,0,0,1,"romantic comedy, drama television series",Turkey,Turkish,9.0,tt12439466
1827,"Crazy, Lovely, Cool",2018,,33/100,1,0,0,0,1,drama television series,Nigeria,"English, Nigerian Pidgin",9.0,tt8528314
1828,See You in Time,2017,,33/100,1,0,0,0,1,,Taiwan,,10.0,tt9015686
1829,The Ultimatum,2009,,33/100,1,0,0,0,1,reality television,United States,English,10.0,tt18396952
1830,Llama Llama,2018,all,33/100,1,0,0,0,1,,United States,,8.0,tt4781350
1831,Part-Time Idol,2017,7+,33/100,1,0,0,0,1,,,,7.0/10,
1832,Color of Woman,2011,,33/100,1,0,0,0,1,"romantic fiction, comedy, drama television series",South Korea,Korean,3.0,tt6273112
1833,Love Cheque Charge,2014,,33/100,1,0,0,0,1,"fantasy television series, comedy television series",Taiwan,,3.0,tt6357262
1834,My Dear Warrior,2019,,33/100,1,0,0,0,1,,Thailand,,4.0,tt11281912
1835,The Sound of Your Heart: Reboot,2018,7+,33/100,1,0,0,0,1,drama television series,South Korea,Korean,4.0,tt7885558
1836,Ponysitters Club,2018,all,33/100,1,0,0,0,1,children's television series,Canada,English,1.0,tt7692572
1837,Bangkok รัก Stories 2 ตอน ไม่เดียงสา,2018,,33/100,1,0,0,0,1,"drama film, romance film",Thailand,"Thai, English",9.0,tt9905660
1838,The Truth Seekers,2016,,33/100,1,0,0,0,1,science fiction television program,Singapore,,7.0,tt7131694
1839,Love for Ten: Generation of Youth,2013,,33/100,1,0,0,0,1,,,,6.5/10,
1840,Made in Mexico,2018,,32/100,1,0,0,0,1,reality television,United States,,1.0,tt8871764
1841,Kongsuni and Friends,2017,,32/100,1,0,0,0,1,,,,4.4/10,
1842,Love Storm,2016,,32/100,1,0,0,0,1,,,,3.3/10,
1843,Sleepless Society NYCTOPHOBIA,2019,,32/100,1,0,0,0,1,,,,5.6/10,
1844,Before 30,2015,,32/100,1,0,0,0,1,,Nigeria,,10.0,tt8320472
1845,ARASHI's Diary -Voyage-,2019,,32/100,1,0,0,0,1,,Japan,Japanese,8.0,tt11434874
1846,Afronta! Facing It!,2017,,32/100,1,0,0,0,1,,,,7.4/10,
1847,Bottersnikes & Gumbles,2016,7+,32/100,1,0,0,0,1,,United States,,5.3,tt6015820
1848,Mighty Little Bheem: Diwali,2019,,32/100,1,0,0,0,1,,India,,7.0,tt10987498
1849,On the Real,2016,,32/100,1,0,1,0,1,,,,8.3/10,
1850,The 10 Sins,2019,,32/100,1,0,0,0,1,,,,6.9/10,
1851,True: Terrific Tales,2020,,32/100,1,0,0,0,1,,,,5.5/10,
1852,My MVP Valentine,2002,,32/100,1,0,0,0,1,romantic comedy,Taiwan,Standard Taiwanese Mandarin,7.2,tt6286390
1853,Shopkins,2014,all,32/100,1,0,0,0,1,,,,3.8/10,
1854,Sing On! Germany,2020,,32/100,1,0,0,0,1,game show,Germany,German,8.0,tt12748264
1855,Especial Futbol De Primera 20 Años,2020,,31/100,1,0,0,0,1,,,,7.0/10,
1856,Dennis & Gnasher Unleashed!,2017,all,31/100,1,0,0,0,1,,,,7.4/10,
1857,Luna Petunia Return to Amazia,2018,all,31/100,1,0,0,0,1,,,,4.8/10,
1858,Luna Petunia,2016,all,31/100,1,0,0,0,1,,"United States, Canada",,6.9,tt4588068
1859,Iron Ladies,2018,,31/100,1,0,0,0,1,,Taiwan,,6.9,tt8088196
1860,Edge of the Universe,2002,,31/100,1,0,0,0,1,,,,,
1861,The Dream Job,2016,,31/100,1,0,0,0,1,,Singapore,,3.0,tt7131688
1862,Happy And,2011,16+,31/100,1,0,0,0,1,,United Kingdom,,,tt0423665
1863,High Risk,2011,,31/100,1,0,1,0,1,,,,,
1864,Treehouse Detectives,2018,,31/100,1,0,0,0,1,children's television series,"South Korea, United States",,7.8,tt8591984
1865,Jojo's World,2017,,31/100,1,0,0,0,1,,Taiwan,Mandarin,10.0,tt7770110
1866,Stay Tuned!,2019,,31/100,1,0,0,0,1,,,,8.0/10,
1867,Borges Importadora,2018,,31/100,1,0,0,0,1,,Brazil,,6.2,tt7895652
1868,Jimmy: The True Story of a True Idiot,2018,all,31/100,1,0,0,0,1,comedy television series,Japan,Japanese,9.0,tt6866914
1869,Magic Cellphone,2016,,31/100,1,0,0,0,1,romantic comedy,Korea,,3.9/10,
1870,Against the Tide,2014,,31/100,1,0,0,0,1,science fiction television program,Singapore,Chinese,7.9,tt7131682
1871,Singapore Social,2019,,31/100,1,0,0,0,1,reality television,"Singapore, United States",,1.0,tt11194508
1872,Jusqu'à l'Aube,2020,18+,31/100,1,0,0,0,1,,France,French,1.0,tt11434862
1873,At Dolphin Bay,2003,,31/100,1,0,0,0,1,,Taiwan,"Mandarin, Standard Taiwanese Mandarin",7.2,tt8612066
1874,行医,2011,,31/100,1,0,0,0,1,medical drama,Singapore,Chinese,7.0,tt7131686
1875,Way Back into Love,2011,,31/100,1,0,0,0,1,,,,6.6/10,
1876,Immortal Classic,2012,16+,31/100,1,0,0,0,1,drama television series,South Korea,,,
1877,Droppin' Cash: Los Angeles,2018,16+,30/100,1,0,0,0,1,,,,3.5/10,
1878,Robozuna,2018,7+,30/100,1,0,0,0,1,,,,6.3/10,
1879,Yours Fatefully,2012,,30/100,1,0,0,0,1,,Singapore,Chinese,6.6/10,
1880,Lucky Days,2010,7+,30/100,1,0,0,0,1,,Taiwan,Standard Taiwanese Mandarin,6.6,tt6954548
1881,Be with You,2015,,30/100,1,0,0,0,1,,,,7.1/10,
1882,Stunt Science,2018,18+,30/100,1,0,0,0,1,,,,5.0/10,
1883,Word Party Songs,2020,,30/100,1,0,0,0,1,"children's television series, music television",United States,English,5.0,tt12748268
1884,Goodbye Dear Wife,2012,,30/100,1,0,0,0,1,,South Korea,Korean,6.3/10,
1885,天国的嫁衣,2004,,30/100,1,0,0,0,1,drama television series,Taiwan,Standard Taiwanese Mandarin,8.0,tt6357220
1886,La Grande Chaumière Violette,2016,,30/100,1,0,0,0,1,drama television series,Taiwan,"Taiwanese Hokkien, Standard Taiwanese Mandarin",9.0,tt6158540
1887,No Time for Shame,2019,,29/100,1,0,0,0,1,,Argentina,,2.0,tt11215130
1888,Bangkok Buddies,2019,all,29/100,1,0,0,0,1,,Thailand,,6.5,tt11513508
1889,Nailed It! Spain,2019,,29/100,1,0,0,0,1,"game show, reality television",Spain,Spanish,5.7,tt10981666
1890,阳关道,2018,,29/100,1,0,0,0,1,,,,3.2/10,
1891,Cocomong,2008,,29/100,1,0,0,0,1,,,,4.3/10,
1892,Love Me Or Leave Me,2012,,29/100,1,0,0,0,1,,,,6.5/10,
1893,The Year of Happiness and Love,2009,7+,29/100,1,0,0,0,1,romance film,Taiwan,Standard Chinese,5.6,tt4620672
1894,Tjovitjo,2017,,29/100,1,0,0,0,1,,South Africa,,6.3/10,
1895,Jumping Girl,2015,,28/100,1,0,0,0,1,,,,5.1/10,
1896,Kibaoh Klashers,2017,7+,27/100,1,0,0,0,1,"children's television series, adventure television series",United States,English,7.4,tt7492122
1897,Chhota Bheem,2008,,27/100,1,0,0,0,1,,,,4.3/10,
1898,Lugar de Mulher,2019,,26/100,1,0,0,0,1,stand-up comedy,Brazil,Brazilian Portuguese,4.7,tt11215186
1899,CoComelon,2020,,25/100,1,1,0,0,1,,,,1.0,tt15040002
1900,Game Winning Hit,2009,,24/100,1,0,0,0,1,,Taiwan,,8.0,tt6026194
1901,La Esclava Blanca,2016,,24/100,1,0,0,0,1,"drama television series, romance television series",Colombia,Spanish,10.0,tt5458128
1902,El Señor de los Cielos 5,2017,,24/100,1,0,0,0,1,,,,,
1903,Manhunt: Deadly Games,2020,,23/100,1,0,0,0,1,"crime television series, drama television series",United States,English,9.0,tt5618256
1904,The Great British Baking Show: Holidays,2016,16+,23/100,1,0,0,0,1,,,,,
1905,Trailer Park Boys: Out of the Park: USA,2017,,22/100,1,0,0,0,1,comedy television series,Canada,English,,
1906,Futmalls.com,2020,16+,22/100,1,0,0,0,1,"idol dorama, science fiction",Taiwan,Standard Taiwanese Mandarin,7.0,tt13652552
1907,A House of Blocks,2017,18+,22/100,1,0,0,0,1,,Taiwan,,5.2,tt7053684
1908,Paprika,2018,all,21/100,1,0,0,0,1,,,,,
1909,Fukrey Boyzzz,2019,all,21/100,1,0,0,0,1,,,,,
1910,Click for Murder,2017,,21/100,1,0,0,0,1,,,,,
1911,Sexy Central,2019,,21/100,1,0,0,0,1,,Hong Kong,,5.0,tt10619724
1912,A Perfect Day for Arsenide,2021,,21/100,1,0,0,0,1,,Hong Kong,,5.3,tt14592684
1913,Diamond City,2018,,20/100,1,0,0,0,1,,,,,
1914,Beyond Stranger Things,2017,,20/100,1,0,0,0,1,aftershow,United States,English,8.0,tt7570990
1915,Unlucky Ploy,2020,,20/100,1,0,0,0,1,,,,,
1917,Heart & Soul,2020,,20/100,1,0,0,0,1,,,,,
1918,Hati Perempuan,2015,,19/100,1,0,0,0,1,,Malaysia,Malay,,
1919,Caught on Camera,2014,,19/100,1,0,0,0,1,,United States,,3.9,tt4295320
1920,Don't Be the First One,2020,,18/100,1,0,0,0,1,,South Korea,,,
1921,True: Wonderful Wishes,2018,,18/100,1,0,0,0,1,,,,,
1922,Two Fathers,2013,,18/100,1,0,0,0,1,romance television series,Taiwan,"Standard Chinese, Standard Taiwanese Mandarin",7.0,tt6707142
1923,Monkart,2017,,18/100,1,0,0,0,1,,,,,
1924,Westside Story,2003,,18/100,1,0,0,0,1,drama television series,Taiwan,Standard Taiwanese Mandarin,,
1926,Laws of Attraction,2012,,17/100,1,0,0,0,1,LGBT-related film,Thailand,Thai,7.0,tt28291170
1927,World At Your Feet,2014,,17/100,1,0,0,0,1,,Singapore,Chinese,,
1928,Miniforce,2016,,17/100,1,0,1,0,1,,,,,
1929,The Truth,2008,,17/100,1,0,0,0,1,,,,,
1930,Love Naggers,2018,,16/100,1,0,0,0,1,,,,,
1931,Show Me the Money,2004,,16/100,1,0,0,0,1,,"United States, Italy",Italian,1.0,tt0876217
1932,Sudden,2013,,16/100,1,0,0,0,1,,,,,
1933,Hatchimals: Adventures in Hatchtopia,2018,,16/100,1,0,0,0,1,,,,,
1934,Loo Loo Kids: Johny & Friends Musical Adventure,2016,all,16/100,1,0,0,0,1,,,,,
1935,Under the Black Moonlight,2016,,16/100,1,0,0,0,1,,,,,
1936,Running Man (Animated),2017,7+,16/100,1,0,0,0,1,,,,,
1937,Sleepless Society: Bedtime Wishes,2019,,16/100,1,0,0,0,1,,,,,
1938,The Governor,2016,,14/100,1,0,0,0,1,,,,,
1939,Dance & Sing with True,2018,,14/100,1,0,0,0,1,,,,5.6,tt9315892
1940,Sin Ellas No Hay Paraíso,2013,,14/100,1,0,0,0,1,,,,,
1941,True: Magical Friends,2018,,14/100,1,0,0,0,1,,,,,
1942,The Princess Weiyoung - 锦绣未央,2016,,14/100,1,0,0,0,1,,,,,
1943,DreamWorks Spooky Stories Volume 2,2011,,14/100,1,0,0,0,1,,,,,
1944,The Family Court,2010,,14/100,1,0,0,0,1,legal drama,Singapore,Chinese,,tt9184102
1945,Million Yen Women,2017,,14/100,1,0,0,0,1,romance film,Japan,Japanese,7.5,tt6686450
1946,Argon,2017,,14/100,1,0,0,0,1,,,,,
1947,The Golden Path,2012,,13/100,1,0,0,0,1,,Singapore,Chinese,,
1948,Road to Victory,2001,,13/100,1,0,0,0,1,,,,,
1949,My Little Baby,2016,,13/100,1,0,0,0,1,comedy television series,South Korea,Korean,,
1950,Ordinary Heroes,2013,,13/100,1,0,0,0,1,,,,,
1951,Bal Ganesh,2012,,13/100,1,0,0,0,1,,,,,
1952,Cinta Si Wedding Planner,2015,,13/100,1,0,0,0,1,,,,,
1953,Together,2009,,13/100,1,0,0,0,1,,,,,
1954,Sons of the Caliphate,2016,,13/100,1,0,0,0,1,drama television series,Nigeria,"English, Nigerian Pidgin",7.0,tt10202268
1955,Paul Hollywood's Big Continental Road Trip,2017,,13/100,1,0,0,0,1,travel documentary,United Kingdom,English,6.0,tt7936386
1956,The Confrontation,2018,,10/100,1,0,0,0,1,,,,,
1957,Dhia Sofea,2014,,10/100,1,0,0,0,1,,,,,
1958,K-Pop Extreme Survival,2012,,10/100,1,0,0,0,1,,,,,
1959,Be with Me,2015,,10/100,1,0,0,0,1,,Taiwan,,7.5,tt6283636
1960,Rick and Morty,2013,18+,100/100,0,1,0,0,1,,,,9.2/10,
1962,Seinfeld,1989,16+,93/100,0,1,0,0,1,"American television sitcom, comedy television program",United States,English,8.9,tt0098904
1963,Vikings,2013,18+,92/100,0,1,1,0,1,"historical drama, war television series, action television series","Canada, Ireland","English, Old Norse, Old English",7.0,tt2306299
1964,Fargo,2014,18+,92/100,0,1,0,0,1,"psychological thriller, comedy drama, crime television series",United States,English,9.0,tt2802850
1965,Brooklyn Nine-Nine,2013,16+,92/100,0,1,0,0,1,"sitcom, police procedural",United States,English,10.0,tt2467372
1966,Lost,2004,16+,91/100,0,1,0,0,1,"science fiction television program, drama television series, adventure television series, thriller television series",United States,English,8.3,tt0411008
1967,Parks and Recreation,2009,16+,91/100,0,1,0,0,1,"sitcom, mockumentary",United States,English,8.0,tt1266020
1968,The Simpsons,1989,7+,91/100,0,1,0,1,1,,,,8.6/10,
1970,It's Always Sunny in Philadelphia,2005,18+,90/100,0,1,0,0,1,"sitcom, LGBT-related television series",United States,English,10.0,tt0472954
1971,Firefly,2002,16+,90/100,0,1,0,0,1,"space Western, science fiction television program, drama television series, space opera",United States,English,8.9,tt0303461
1972,My Hero Academia,2016,16+,90/100,0,1,0,0,1,,,,8.4/10,
1973,How I Met Your Mother,2005,16+,90/100,0,1,1,0,1,"comedy drama, sitcom, romantic comedy television program",United States,English,8.0,tt0460649
1974,Modern Family,2009,7+,90/100,0,1,0,0,1,"sitcom, mockumentary, LGBT-related television series",United States,English,9.0,tt1442437
1975,The Handmaid's Tale,2017,18+,90/100,0,1,0,0,1,"drama television series, dystopian fiction, LGBT-related television series, post-apocalyptic television program",United States,English,9.0,tt5834204
1976,Twin Peaks,1990,18+,89/100,0,1,0,0,1,"drama television series, thriller television series, horror television series, crime television series",United States,English,10.0,tt0098936
1977,Homeland,2011,18+,89/100,0,1,0,0,1,"drama television series, thriller television series, espionage television series",United States,English,10.0,tt1796960
1978,Gravity Falls,2012,7+,88/100,0,1,0,1,1,,,,10.0,tt3189976
1979,Futurama,1999,16+,88/100,0,1,0,0,1,,,,8.4/10,
1981,Sons of Anarchy,2008,18+,88/100,0,1,0,0,1,"drama television series, crime television series, action television series, thriller television series",United States,English,10.0,tt1124373
1983,The X-Files,1993,18+,87/100,0,1,0,0,1,"science fiction television program, thriller television series, horror television series, supernatural fiction",United States,English,10.0,tt0106179
1984,Line of Duty,2012,18+,87/100,0,1,1,0,1,"drama television series, police procedural",United Kingdom,English,8.0,tt2303687
1985,Justified,2010,18+,87/100,0,1,0,0,1,"drama television series, crime television series, action film, contemporary Western film",United States,Appalachian English,10.0,tt1489428
1986,This Is Us,2016,16+,87/100,0,1,1,0,1,comedy drama,United States,English,8.0,tt5555260
1987,Freaks and Geeks,1999,16+,87/100,0,1,0,0,1,"teen drama television, comedy television series, drama television series, coming-of-age television program",United States,English,8.8,tt0193676
1988,Prison Break,2005,16+,87/100,0,1,1,0,1,"drama television series, action television series, crime television series, thriller television series",United States,"English, Spanish, Arabic",8.3,tt0455275
1990,Scrubs,2001,16+,87/100,0,1,1,0,1,"medical drama, sitcom",United States,English,9.0,tt0285403
1991,What We Do in the Shadows,2019,18+,87/100,0,1,0,0,1,"sitcom, comedy horror, horror fiction, mockumentary",United States,English,9.0,tt7908628
1993,Archer,2009,18+,86/100,0,1,0,0,1,,,,8.6/10,
1996,Killing Eve,2018,16+,86/100,0,1,0,0,1,"thriller television series, LGBT-related television series, television series based on a novel, drama film","United States, United Kingdom",English,8.0,tt7016936
1997,Adventure Time,2010,7+,86/100,0,1,0,0,1,,,,8.6/10,
1998,24,2001,16+,86/100,0,1,0,0,1,"crime television series, action television series, drama television series, espionage television series",United States,English,9.0,tt0285331
1999,The Twilight Zone,1959,7+,86/100,0,1,0,0,1,"fantasy television series, science fiction television program, anthology series, horror television series",United States,English,10.0,tt0052520
2000,Buffy the Vampire Slayer,1997,16+,86/100,0,1,1,0,1,"fantasy television series, horror television series, drama television series, LGBT-related television series",United States,English,9.0,tt0118276
2001,White Collar,2009,7+,85/100,0,1,0,0,1,"police procedural, crime television series",United States,English,9.0,tt1358522
2002,Teen Wolf,2011,16+,85/100,0,1,1,0,1,"fantasy television series, horror television series, adventure television series, youth series",United States,English,8.0,tt1567432
2004,The Shield,2002,18+,85/100,0,1,0,0,1,"police procedural, drama television series",United States,English,10.0,tt0286486
2005,Bob's Burgers,2011,16+,85/100,0,1,0,0,1,,,,8.1/10,
2006,30 Rock,2006,16+,84/100,0,1,1,0,1,"sitcom, satirical film or television program",United States,English,9.0,tt0496424
2007,Legion,2017,18+,84/100,0,1,0,0,1,,,,8.2/10,
2008,Atlanta,2016,18+,84/100,0,1,0,0,1,comedy drama,United States,English,9.0,tt4288182
2010,The Office,2001,16+,84/100,0,1,1,0,1,"sitcom, mockumentary",United Kingdom,English,8.5,tt0290978
2012,Frasier,1993,7+,83/100,0,1,0,0,1,American television sitcom,United States,English,8.2,tt0106004
2013,Pretty Little Liars,2010,16+,83/100,0,1,0,0,1,"thriller television series, drama television series, LGBT-related television series, youth series",United States,English,8.0,tt1578873
2014,Mr Inbetween,2018,18+,83/100,0,1,0,0,1,,Australia,English,9.0,tt7472896
2015,Friday Night Lights,2006,7+,83/100,0,1,1,0,1,drama television series,United States,English,10.0,tt0758745
2017,Taboo,2017,18+,83/100,0,1,0,0,1,"drama television series, period drama film, thriller",United Kingdom,English,8.0,tt3647998
2019,Pride and Prejudice,1995,all,83/100,0,1,0,0,1,"drama television series, romance television series",United Kingdom,English,10.0,tt0112130
2020,Normal People,2020,16+,83/100,0,1,0,0,1,"drama television series, television series based on a novel, romance film, college life television program",Ireland,English,9.0,tt9059760
2021,Black Sails,2014,18+,83/100,0,1,0,0,1,"drama television series, adventure television series, LGBT-related television series, pirate film",United States,English,9.0,tt2375692
2022,Elementary,2012,16+,83/100,0,1,0,0,1,"crime television series, drama television series, detective television series",United States,English,10.0,tt2191671
2023,Veronica Mars,2004,16+,83/100,0,1,0,0,1,"youth series, neo-noir, drama television series, crime television series",United States,English,10.0,tt0412253
2024,11.22.63,2016,18+,83/100,0,1,0,0,1,"science fiction television program, thriller television series, drama television series, alternate history television series",United States,English,9.0,tt2879552
2025,Nathan For You,2013,16+,82/100,0,1,0,0,1,comedy television series,United States,English,10.0,tt2297757
2026,Mr. Bean,1990,all,82/100,0,1,1,0,1,"sitcom, physical comedy, family film, comedy film",United Kingdom,"English, no linguistic content",10.0,tt0096657
2027,Bones,2005,16+,82/100,0,1,1,0,1,,,,7.8/10,
2028,The Killing,2011,18+,82/100,0,1,0,0,1,"drama television series, neo-noir, mystery television series, thriller television series","United States, Canada",English,8.0,tt1637727
2030,Naruto Shippūden,2007,7+,82/100,0,1,0,0,1,,,,8.6/10,
2032,Burn Notice,2007,7+,82/100,0,1,1,0,1,drama television series,United States,English,10.0,tt0810788
2033,Steins;Gate,2011,16+,82/100,0,1,0,0,1,,,,8.8/10,
2034,Cosmos,2014,all,82/100,0,1,1,1,1,,,,9.3/10,
2035,Family Guy,1999,16+,82/100,0,1,0,0,1,,,,8.1/10,
2036,Cheers,1982,7+,82/100,0,1,1,0,1,comedy television series,United States,English,10.0,tt0083399
2037,DAVE,2020,18+,82/100,0,1,0,0,1,,,,8.3/10,
2039,Misfits,2009,18+,81/100,0,1,0,0,1,"science fiction television program, drama television series, comedy drama, coming-of-age television program",United Kingdom,English,9.0,tt1548850
2040,Peep Show,2003,18+,81/100,0,1,1,0,1,sitcom,United Kingdom,English,10.0,tt0387764
2042,Criminal Minds,2005,16+,81/100,0,1,0,0,1,"police procedural, drama television series, thriller television series",United States,English,8.1,tt0452046
2043,Superstore,2015,16+,81/100,0,1,0,0,1,"sitcom, LGBT-related television series",United States,English,8.0,tt4477976
2044,Lie to Me,2009,16+,81/100,0,1,0,0,1,"police procedural, drama television series",United States,English,8.0,tt1235099
2047,The Orville,2017,16+,80/100,0,1,0,0,1,"science fiction television program, adventure television series, comedy drama",United States,English,8.0,tt5691552
2049,Preacher,2016,18+,80/100,0,1,1,0,1,"black comedy, horror television series, drama television series, paranormal television program",United States,English,8.0,tt5016504
2050,12 Monkeys,2015,16+,80/100,0,1,0,0,1,"science fiction television program, post-apocalyptic television series, drama television series",United States,English,10.0,tt3148266
2051,Dirk Gently's Holistic Detective Agency,2016,16+,80/100,0,1,0,0,1,"time-travel television program, detective television series, comedy television series, television series based on a novel","United States, United Kingdom",English,9.0,tt4047038
2052,Smallville,2001,7+,80/100,0,1,0,0,1,"superhero television program, drama television series, adventure television series, fantasy television series",United States,English,7.5,tt0279600
2054,RuPaul's Drag Race,2009,16+,80/100,0,1,0,0,1,"reality television, talent show, LGBT-related television series",United States,English,8.0,tt1353056
2055,Fear the Walking Dead,2015,18+,80/100,0,1,0,0,1,"drama television series, horror television series, post-apocalyptic television series, zombie apocalyptic television program",United States,English,7.0,tt3743822
2056,"Love, Victor",2020,16+,80/100,0,1,0,0,1,romantic comedy,United States,English,7.0,tt10166602
2057,Cowboy Bebop,1998,16+,80/100,0,1,0,0,1,"action television series, adventure television series, science fiction television program, space Western",United States,English,8.0,tt1267295
2058,Blue Bloods,2010,16+,80/100,0,1,0,0,1,police procedural,United States,English,7.7,tt1595859
2059,Inside No. 9,2014,18+,80/100,0,1,0,0,1,"comedy drama, anthology series, comedy television series",United Kingdom,English,10.0,tt2674806
2060,Parenthood,2010,7+,79/100,0,1,0,0,1,"comedy drama, drama television series, LGBT-related television series",United States,English,9.0,tt1416765
2061,Desperate Housewives,2004,7+,79/100,0,1,0,0,1,"comedy drama, soap opera",United States,English,10.0,tt0410975
2062,Broad City,2014,18+,79/100,0,1,0,0,1,"American television sitcom, LGBT-related television series",United States,English,10.0,tt2578560
2064,Boston Legal,2004,16+,79/100,0,1,0,0,1,"comedy drama, legal drama, satire, black comedy",United States,English,10.0,tt0402711
2065,Revenge,2011,18+,79/100,0,1,0,0,1,"soap opera, LGBT-related television series",United States,English,9.0,tt1837642
2066,Samurai Champloo,2004,18+,79/100,0,1,0,0,1,,,,8.5/10,
2067,Workaholics,2011,16+,79/100,0,1,1,0,1,American television sitcom,United States,English,9.0,tt1610527
2068,The Act,2019,18+,79/100,0,1,0,0,1,"true crime, drama film, anthology series",United States,English,10.0,tt8682948
2069,The Fosters,2013,16+,79/100,0,1,1,0,1,"drama television series, LGBT-related television series",United States,English,8.0,tt2262532
2070,Younger,2015,16+,79/100,0,1,0,0,1,"American television sitcom, LGBT-related television series",United States,English,7.7,tt3288518
2071,The Good Doctor,2017,16+,79/100,0,1,0,0,1,medical drama,United States,English,7.0,tt6470478
2072,Terminator: The Sarah Connor Chronicles,2008,7+,79/100,0,1,0,0,1,"science fiction television program, action television series, drama television series",United States,English,8.0,tt0851851
2073,Angel,1999,7+,79/100,0,1,1,0,1,,,,7.9/10,
2074,09-01-2001,2018,16+,79/100,0,1,0,0,1,,,,7.8/10,
2075,Snowfall,2017,18+,78/100,0,1,0,0,1,drama television series,United States,English,8.0,tt6439752
2076,The Venture Bros.,2004,18+,78/100,0,1,0,0,1,,,,8.5/10,
2077,The Strain,2014,18+,78/100,0,1,0,0,1,"horror television series, television series based on a novel, vampire television program",United States,English,7.3,tt2654620
2078,The Terror,2018,18+,78/100,0,1,1,0,1,"drama television series, horror television series, thriller television series, anthology series",United States,English,6.0,tt2708480
2079,Zoey's Extraordinary Playlist,2020,16+,78/100,0,1,0,0,1,comedy drama,United States,English,9.0,tt10314462
2080,The League,2009,18+,78/100,0,1,0,0,1,sitcom,United States,English,8.0,tt1480684
2082,Key & Peele,2012,18+,78/100,0,1,0,0,1,,United States,English,10.0,tt1981558
2083,Malcolm in the Middle,2000,7+,78/100,0,1,0,0,1,"sitcom, black comedy",United States,English,8.2,tt0212671
2084,Dollhouse,2009,16+,78/100,0,1,0,0,1,"science fiction television program, thriller television series, drama television series, cyberpunk",United States,English,10.0,tt1135300
2085,This Way Up,2019,,78/100,0,1,0,0,1,,United Kingdom,,8.0,tt8430356
2086,The Great,2020,18+,78/100,0,1,0,0,1,,,,8.1/10,
2087,My Name Is Earl,2005,16+,78/100,0,1,0,0,1,sitcom,United States,English,7.8,tt0460091
2088,Scandal,2012,16+,78/100,0,1,0,0,1,"drama television series, thriller television series, LGBT-related television series",United States,English,7.7,tt1837576
2089,Motherland: Fort Salem,2020,16+,78/100,0,1,0,0,1,"drama television series, LGBT-related television series, alternate history television series",United States,English,9.0,tt9900092
2090,Awkward.,2011,16+,78/100,0,1,0,0,1,"comedy drama, youth series",United States,English,7.0,tt1663676
2091,Raising Hope,2010,16+,78/100,0,1,0,0,1,"American television sitcom, sitcom",United States,English,10.0,tt1615919
2092,Law & Order: Special Victims Unit,1999,16+,78/100,0,1,0,0,1,"police procedural, legal drama, crime television series, thriller television series",United States,English,8.1,tt0203259
2093,Castle Rock,2018,18+,77/100,0,1,0,0,1,"horror television series, supernatural horror film, thriller television series",United States,English,7.0,tt6548228
2094,The Last Ship,2014,16+,77/100,0,1,0,0,1,"post-apocalyptic television series, drama television series, action television series",United States,English,7.4,tt2402207
2095,Cruel Summer,2021,16+,77/100,0,1,1,0,1,"drama television series, thriller television series, anthology series",United States,English,8.0,tt11083696
2096,Chicago Fire,2012,16+,77/100,0,1,0,0,1,drama television series,United States,English,8.0,tt2261391
2097,Better Off Ted,2009,7+,77/100,0,1,0,0,1,"satirical film or television program, American television sitcom, black comedy",United States,English,10.0,tt1235547
2098,Prodigal Son,2019,16+,77/100,0,1,0,0,1,"drama television series, police television drama",United States,English,7.0,tt10327354
2099,Timeless,2016,7+,77/100,0,1,0,0,1,"action television series, drama television series, science fiction television program",United States,English,9.0,tt5511582
2100,Devs,2020,18+,77/100,0,1,0,0,1,,,,7.7/10,
2103,You're the Worst,2014,18+,77/100,0,1,0,0,1,"comedy drama, romantic comedy, raunchy comedy television program",United States,English,8.0,tt3228420
2104,Elfen Lied,2004,18+,77/100,0,1,1,0,1,,,,8.0/10,
2105,Please Like Me,2013,18+,77/100,0,1,0,0,1,"comedy television series, LGBT-related television series",Australia,English,9.0,tt2155025
2106,Lethal Weapon,2016,16+,77/100,0,1,0,0,1,"action television series, police procedural, comedy drama",United States,English,10.0,tt5164196
2107,The Last Man on Earth,2015,16+,77/100,0,1,0,0,1,"science fiction television program, American television sitcom, post-apocalyptic television series, comedy television series",United States,English,9.0,tt3230454
2108,TRIGUN,1998,16+,77/100,0,1,0,0,1,,,,8.3/10,
2109,My So-Called Life,1994,16+,76/100,0,1,0,0,1,"teen drama television, drama television series",United States,English,8.4,tt0108872
2110,Little Fires Everywhere,2020,18+,76/100,0,1,0,0,1,,,,7.7/10,
2111,The Librarians,2014,16+,76/100,0,1,0,0,1,"science fiction television program, adventure television series, fantasy television series",United States,English,8.0,tt3663490
2112,In the Flesh,2013,18+,76/100,0,1,0,0,1,"drama television series, fantasy television series, LGBT-related television series",United Kingdom,British English,10.0,tt2480514
2113,The Exorcist,2016,16+,76/100,0,1,0,0,1,"horror television series, drama television series, LGBT-related television series, television series based on a novel",United States,English,8.0,tt5368542
2114,American Dad!,2005,16+,76/100,0,1,0,0,1,,,,7.3/10,
2115,Ramy,2019,18+,76/100,0,1,0,0,1,comedy drama,United States,"English, Arabic",10.0,tt7649694
2116,Chicago P.D.,2014,16+,76/100,0,1,0,0,1,"police procedural, drama television series, crime television series, action film",United States,English,8.0,tt2805096
2117,Stargate Atlantis,2004,7+,76/100,0,1,1,0,1,"science fiction television program, adventure television series","United States, Canada",English,8.1,tt0374455
2118,Marvel's Runaways,2017,16+,76/100,0,1,0,1,1,"action television series, fantasy television series, LGBT-related television series, science fiction television program",United States,English,9.0,tt1236246
2119,Rescue Me,2004,18+,76/100,0,1,0,0,1,comedy drama,United States,English,8.3,tt0381798
2120,Shadowhunters,2016,16+,76/100,0,1,0,0,1,"fantasy television series, LGBT-related television series, adventure television series, horror television series",United States,English,5.0,tt4145054
2122,Everybody Hates Chris,2005,7+,76/100,0,1,0,0,1,"teen sitcom, American television sitcom",United States,English,7.6,tt0460637
2123,Stargate Universe,2009,16+,76/100,0,1,0,0,1,"science fiction television program, drama television series, adventure television series","United States, Canada",English,8.0,tt1286039
2124,PEN15,2019,18+,76/100,0,1,0,0,1,comedy television series,United States,English,9.0,tt8324422
2125,My Mad Fat Diary,2013,16+,76/100,0,1,0,0,1,comedy drama,United Kingdom,English,10.0,tt2407574
2126,RuPaul's Drag Race All Stars,2012,16+,76/100,0,1,0,0,1,"reality television, game show, LGBT-related television series",United States,English,10.0,tt2301351
2127,The Gifted,2017,16+,75/100,0,1,0,0,1,"fantasy television series, science fiction television program, adventure television series, action television series",United States,English,7.0,tt4396630
2128,Future Man,2017,18+,75/100,0,1,0,0,1,"science fiction television program, time-travel television program",United States,English,8.0,tt4975856
2129,Prime Suspect,1991,18+,75/100,0,1,0,0,1,"drama television series, police procedural",United Kingdom,English,9.0,tt0098898
2131,Better Things,2016,18+,75/100,0,1,0,0,1,comedy television series,United States,English,10.0,tt4370596
2132,Sleepy Hollow,2013,16+,75/100,0,1,0,0,1,"fantasy television series, drama television series, film based on literature",United States,English,6.0,tt2647544
2133,Regular Show,2010,7+,75/100,0,1,0,0,1,,,,8.4/10,
2134,M*A*S*H,1972,7+,75/100,0,1,0,0,1,"medical drama, comedy television program, war film, black comedy",United States,English,8.5,tt0068098
2135,Top of the Lake,2013,18+,75/100,0,1,0,0,1,"drama fiction, crime film","New Zealand, United Kingdom, Australia",English,8.0,tt2103085
2136,Switched at Birth,2011,16+,75/100,0,1,0,0,1,drama television series,United States,"English, American Sign Language",9.0,tt1758772
2137,Wayward Pines,2015,16+,75/100,0,1,0,0,1,science fiction television program,United States,English,8.0,tt2618986
2138,Saturday Night Live,1975,16+,75/100,0,1,0,0,1,"sketch show, stand-up comedy, humor, political satire",United States,English,8.0,tt0072562
2139,Staged,2020,,75/100,0,1,0,0,1,comedy,United Kingdom,English,10.0,tt12369754
2140,Dragon Ball Super,2015,7+,75/100,0,1,0,0,1,,,,8.4/10,
2141,Fresh Off the Boat,2015,7+,75/100,0,1,0,0,1,"comedy television series, American television sitcom",United States,"English, Chinese",7.7,tt3551096
2142,The Mighty Boosh,2004,16+,75/100,0,1,0,0,1,comedy television series,United Kingdom,English,8.4,tt0416394
2143,Cardinal,2017,18+,74/100,0,1,0,0,1,,,,7.7/10,
2144,Absolutely Fabulous,1992,16+,74/100,0,1,0,0,1,sitcom,United Kingdom,English,8.2,tt0105929
2145,Letterkenny,2016,18+,74/100,0,1,0,0,1,,Canada,,9.0,tt4647692
2146,Scream Queens,2015,16+,74/100,0,1,0,0,1,"horror television series, comedy television series, LGBT-related television series, college life television program",United States,English,7.0,tt4145384
2147,Wilfred,2011,18+,74/100,0,1,0,0,1,sitcom,United States,English,10.0,tt1703925
2148,Deutschland,2015,18+,74/100,0,1,0,0,1,,,,8.1/10,
2149,Empire,2015,16+,74/100,0,1,0,0,1,,,,7.4/10,
2150,Brockmire,2017,18+,74/100,0,1,0,0,1,comedy television series,United States,English,10.0,tt5722190
2151,The Unit,2006,16+,74/100,0,1,0,0,1,"action television series, film based on book",United States,English,10.0,tt0460690
2152,Genius,2017,16+,74/100,1,1,1,1,1,television documentary,United States,English,8.2,tt5673782
2153,Mayans M.C.,2018,18+,74/100,0,1,0,0,1,"drama television series, crime television series",United States,English,6.0,tt5715524
2154,black-ish,2014,16+,74/100,0,1,0,0,1,sitcom,United States,English,10.0,tt3487356
2155,CSI: Crime Scene Investigation,2000,16+,74/100,0,1,0,0,1,"police procedural, drama television series, thriller television series",United States,English,7.7,tt0247082
2157,Tokyo Ghoul,2014,16+,74/100,0,1,0,0,1,,,,7.8/10,
2158,MythBusters,2003,7+,74/100,0,1,0,0,1,factual television program,"United States, Australia",English,8.3,tt0383126
2159,Don't Trust the B---- in Apartment 23,2012,16+,74/100,0,1,0,0,1,American television sitcom,United States,English,8.0,tt1819509
2160,Sailor Moon,1992,16+,74/100,0,1,0,0,1,,,,7.8/10,
2161,One Tree Hill,2003,16+,74/100,0,1,0,0,1,"soap opera, youth series",United States,English,8.0,tt0368530
2162,Nip/Tuck,2003,18+,74/100,0,1,0,0,1,"medical drama, LGBT-related television series",United States,English,7.7,tt0361217
2163,Looking for Alaska,2019,18+,74/100,0,1,0,0,1,,,,8.1/10,
2164,New Amsterdam,2018,16+,74/100,0,1,0,0,1,"medical drama, drama film",United States,English,7.0,tt7817340
2165,The Golden Girls,1985,7+,74/100,0,1,0,0,1,sitcom,United States,English,10.0,tt0088526
2167,Cougar Town,2009,7+,73/100,0,1,1,0,1,sitcom,United States,English,7.0,tt1441109
2168,The Purge,2018,18+,73/100,0,1,0,0,1,horror television series,United States,English,10.0,tt6110648
2169,Catch-22,2019,18+,73/100,0,1,1,0,1,"war television series, television series based on a novel",United States,,6.0,tt7642246
2170,The Rookie,2018,16+,73/100,0,1,0,1,1,"drama television series, police procedural, action television series",United States,English,9.0,tt7587890
2171,Married... with Children,1987,7+,73/100,0,1,0,0,1,sitcom,United States,English,8.1,tt0092400
2173,The Looming Tower,2018,18+,73/100,0,1,0,0,1,,,,8.0/10,
2174,Blindspot,2015,16+,73/100,0,1,0,0,1,"police procedural, drama television series, thriller television series",United States,English,6.0,tt4474344
2175,Steven Universe,2013,7+,73/100,0,1,0,0,1,,,,8.2/10,
2176,Nashville,2012,7+,73/100,0,1,0,0,1,"comedy drama, LGBT-related television series",United States,English,7.0,tt2281375
2177,Salem,2014,18+,73/100,0,1,0,0,1,"paranormal television program, period drama film, horror television series",United States,English,8.0,tt2963254
2179,The Mindy Project,2012,7+,73/100,0,1,0,0,1,"American television sitcom, LGBT-related television series",United States,English,7.0,tt2211129
2180,Mrs. America,2020,18+,73/100,0,1,0,0,1,drama film,United States,,9.0,tt9244556
2181,The Middle,2009,7+,73/100,0,1,0,0,1,"comedy television series, sitcom",United States,English,9.0,tt1442464
2182,Roseanne,1988,7+,73/100,0,1,1,0,1,American television sitcom,United States,English,7.1,tt0094540
2183,Black Clover,2017,16+,73/100,0,1,0,0,1,,,,8.3/10,
2184,Witches of East End,2013,16+,73/100,0,1,0,0,1,"comedy drama, television series based on a novel, fantasy television series",United States,English,10.0,tt2288064
2185,Whitechapel,2009,7+,73/100,0,1,0,0,1,"police procedural, drama television series, detective fiction",United Kingdom,English,8.0,tt1186356
2186,Stumptown,2019,16+,73/100,0,1,0,0,1,,United States,English,9.0,tt10313066
2187,I Love Lucy,1951,all,72/100,0,1,0,0,1,"American television sitcom, comedy television series, sitcom",United States,English,8.5,tt0043208
2188,Harlots,2017,18+,72/100,0,1,0,0,1,drama film,United Kingdom,English,10.0,tt5761478
2189,UnREAL,2015,16+,72/100,0,1,0,0,1,"comedy drama, black comedy, LGBT-related television series",United States,English,8.0,tt3314218
2192,The Wonder Years,1988,7+,72/100,0,1,0,0,1,"comedy drama, comedy television series, youth series",United States,English,8.3,tt0094582
2193,Graceland,2013,16+,72/100,0,1,0,0,1,drama television series,United States,English,8.0,tt2393813
2194,Anthony Bourdain: No Reservations,2005,7+,72/100,0,1,0,0,1,travel television show,United States,English,10.0,tt0475900
2195,Ugly Betty,2006,7+,72/100,0,1,0,0,1,"comedy drama, LGBT-related television series",United States,English,10.0,tt0805669
2196,Marvel's Cloak & Dagger,2018,16+,72/100,0,1,0,0,1,"action television series, adventure television series, romance television series, science fiction television program",United States,English,7.0,tt5614844
2197,The Bold Type,2017,16+,72/100,0,1,0,0,1,"comedy drama, LGBT-related television series",United States,English,7.0,tt6116060
2198,The Resident,2018,16+,72/100,0,1,1,0,1,medical drama,United States,English,9.0,tt6483832
2199,Dragon Ball,1996,16+,72/100,0,1,0,0,1,,,,8.5/10,
2200,The Goldbergs,2013,7+,72/100,0,1,0,0,1,American television sitcom,United States,English,10.0,tt2712740
2201,Terriers,2010,18+,72/100,0,1,0,0,1,comedy drama,United States,English,10.0,tt1493239
2202,American Horror Stories,2021,18+,72/100,0,1,0,0,1,"horror television series, thriller film",United States,,5.0,tt12306692
2203,ER,1994,16+,72/100,0,1,0,0,1,,,,7.7/10,
2204,Fairy Tail,2009,16+,72/100,0,1,0,0,1,,,,8.0/10,
2206,Bunheads,2012,16+,72/100,0,1,0,0,1,comedy drama,United States,English,10.0,tt2006848
2207,High Fidelity,2020,18+,72/100,0,1,0,0,1,"romantic comedy, television series based on a novel",United States,,10.0,tt8577458
2209,Horace and Pete,2016,18+,72/100,0,1,0,0,1,,,,8.5/10,
2210,The Amazing World of Gumball,2011,7+,71/100,0,1,0,0,1,,,,8.2/10,
2211,Blackadder,1983,7+,71/100,0,1,1,0,1,"comedy television series, alternate history television series, historical television series",United Kingdom,English,8.0,tt0084988
2212,Hell's Kitchen,2005,16+,71/100,0,1,1,0,1,"reality television, cooking show",United States,English,8.0,tt0437005
2213,Robot Chicken,2005,18+,71/100,0,1,0,0,1,,,,7.7/10,
2214,People of Earth,2016,18+,71/100,0,1,0,0,1,"science fiction television program, comedy television series",United States,English,7.7,tt4695530
2215,Boruto: Naruto Next Generations,2017,16+,71/100,0,1,0,0,1,,,,7.0/10,
2216,The Musketeers,2014,16+,71/100,0,1,0,0,1,"drama television series, swashbuckler film, television series based on a novel",United Kingdom,English,8.0,tt2733252
2218,Sesame Street,1969,all,71/100,0,1,1,0,1,"sketch comedy, children's television series, educational television, puppet show",United States,English,8.1,tt0063951
2219,Shrill,2019,18+,71/100,0,1,0,0,1,LGBT-related television series,United States,,6.0,tt8962130
2220,LEGO Masters,2020,7+,71/100,0,1,0,0,1,reality television,United Kingdom,English,5.0,tt7332868
2221,Good Behavior,2016,18+,71/100,0,1,0,0,1,"drama television series, television series based on a novel",United States,English,9.0,tt4855114
2222,Murdoch Mysteries,2008,7+,71/100,0,1,0,0,1,"police procedural, historical fiction",Canada,English,10.0,tt1091909
2223,Full House,1987,all,71/100,0,1,0,0,1,"American television sitcom, sitcom, drama film, family film",United States,English,6.8,tt0092359
2224,Mom,2013,16+,71/100,1,1,0,0,1,sitcom,United States,English,10.0,tt2660806
2227,Will & Grace,1998,16+,71/100,0,1,0,0,1,"sitcom, LGBT-related television series",United States,English,7.4,tt0157246
2228,King of the Hill,1997,7+,71/100,0,1,0,0,1,,,,7.3/10,
2229,Doc Martin,2004,7+,71/100,0,1,0,0,1,"medical drama, drama television series, romantic television drama",United Kingdom,English,8.4,tt0408381
2230,Impractical Jokers,2011,16+,71/100,0,1,0,0,1,"reality television, comedy television series",United States,English,8.0,tt2100976
2231,Debris,2021,16+,71/100,0,1,0,0,1,science fiction television program,United States,English,7.0,tt11640020
2233,Solar Opposites,2020,18+,70/100,0,1,0,0,1,,,,8.0/10,
2234,Trust,2018,18+,70/100,0,1,0,0,1,,,,7.6/10,
2235,SIX,2017,18+,70/100,0,1,0,0,1,,,,7.3/10,
2236,Last Man Standing,2011,7+,70/100,0,1,0,0,1,American television sitcom,United States,English,7.0,tt1828327
2237,Body of Proof,2011,16+,70/100,0,1,0,0,1,"comedy drama, police procedural, medical drama",United States,English,8.0,tt1587669
2238,The Hitchhiker's Guide to the Galaxy,1981,7+,70/100,0,1,1,0,1,,,,8.0/10,
2239,Afro Samurai,2007,18+,70/100,0,1,0,0,1,,,,7.7/10,
2240,S.W.A.T.,2017,16+,70/100,0,1,0,0,1,"thriller television series, action film",United States,English,6.0,tt6111130
2241,A Million Little Things,2018,16+,70/100,0,1,0,0,1,"family drama, comedy drama",United States,English,7.0,tt7608248
2242,For Life,2020,16+,70/100,0,1,0,0,1,"police television drama, legal drama, thriller television series",United States,English,6.0,tt10327830
2243,Battlestar Galactica,1978,7+,70/100,0,1,0,0,1,science fiction television program,United States,English,7.2,tt0076984
2244,Alfred Hitchcock Presents,1955,16+,70/100,0,1,0,0,1,"anthology series, thriller television series, horror television series",United States,English,8.5,tt0047708
2246,Flashpoint,2008,16+,70/100,0,1,1,0,1,"police television drama, adventure television series","Canada, United States","English, Canadian English",10.0,tt1059475
2247,The Detour,2016,18+,70/100,0,1,0,0,1,sitcom,United States,English,8.0,tt4903242
2248,Greek,2007,16+,70/100,0,1,0,0,1,,,,7.5/10,
2249,Casual,2015,18+,70/100,0,1,0,0,1,"comedy drama, LGBT-related television series",United States,English,6.0,tt4577466
2250,Mary Kills People,2017,18+,70/100,0,1,0,0,1,drama,Canada,English,9.0,tt6236572
2251,Mushi-Shi,2005,16+,70/100,0,1,1,0,1,,,,8.5/10,
2252,Baskets,2016,18+,70/100,0,1,0,0,1,"comedy television series, LGBT-related television series",United States,English,9.0,tt3468798
2253,Touch,2012,16+,70/100,0,1,1,0,1,,,,7.3/10,
2254,Rurouni Kenshin,1996,16+,70/100,0,1,1,0,1,,,,8.5/10,
2255,Big Sky,2020,16+,70/100,0,1,1,0,1,television series based on a novel,United States,English,6.0,tt11794642
2256,The Wrong Mans,2013,18+,70/100,0,1,0,0,1,comedy drama,United Kingdom,English,7.7,tt2603596
2257,Chance,2016,18+,69/100,0,1,0,0,1,,,,7.7/10,
2258,The Split,2018,18+,69/100,0,1,0,0,1,"drama television series, legal drama",United Kingdom,English,10.0,tt7631146
2259,Make It or Break It,2009,16+,69/100,0,1,0,0,1,"drama television series, youth series",United States,English,9.0,tt1332030
2261,Das Boot,2018,18+,69/100,0,1,0,0,1,,Germany,German,9.0,tt5830254
2262,Legit,2013,18+,69/100,0,1,0,0,1,comedy television series,United States,English,9.0,tt2400391
2263,Breeders,2020,18+,69/100,0,1,0,0,1,comedy television program,United Kingdom,,8.0,tt8129450
2264,Queen Sugar,2016,16+,69/100,0,1,0,0,1,LGBT-related television series,United States,English,7.0,tt4419214
2265,Drake & Josh,2004,all,69/100,0,1,0,0,1,teen sitcom,United States,English,7.7,tt0363328
2266,MasterChef,2010,16+,69/100,0,1,0,0,1,"reality television, cooking show",United States,English,2.0,tt1694423
2267,Young Rock,2021,16+,69/100,0,1,0,0,1,,United States,English,5.0,tt11639952
2268,The Eric Andre Show,2012,18+,69/100,0,1,0,0,1,comedy,United States,English,10.0,tt2244495
2269,Animaniacs,1993,all,69/100,0,1,0,0,1,,,,7.9/10,
2270,Man Seeking Woman,2015,18+,69/100,0,1,0,0,1,sitcom,United States,English,8.0,tt4189492
2272,Pretty Little Liars: The Perfectionists,2019,16+,69/100,0,1,0,0,1,"teen drama television, thriller television series, mystery television series, LGBT-related television series",United States,English,7.0,tt7413448
2273,Yu Yu Hakusho,1992,16+,69/100,0,1,0,0,1,,,,8.4/10,
2274,Brassic,2019,,69/100,0,1,0,0,1,,,,8.3/10,
2275,Lodge 49,2018,16+,69/100,0,1,0,0,1,comedy drama,United States,English,7.0,tt6128254
2276,I Am the Night,2019,18+,69/100,0,1,0,0,1,"drama television series, film based on book",United States,English,6.0,tt7186588
2277,Hey Arnold!,1996,all,69/100,0,1,0,0,1,,,,7.6/10,
2278,NOS4A2,2019,16+,69/100,0,1,0,0,1,"horror television series, television series based on a novel",United States,English,7.0,tt5194792
2279,The Glades,2010,16+,69/100,0,1,0,0,1,police procedural,United States,English,8.0,tt1552112
2280,The Bridge,2013,18+,69/100,1,1,0,0,1,,,,7.6/10,
2282,Underground,2016,18+,69/100,0,1,1,0,1,drama film,United States,English,8.0,tt4522400
2284,A Teacher,2020,18+,69/100,0,1,0,0,1,drama television series,United States,English,8.0,tt10680614
2285,Danny Phantom,2004,7+,69/100,0,1,0,0,1,,,,7.1/10,
2286,Sliders,1995,7+,69/100,0,1,0,0,1,"science fiction television program, fantasy television series",United States,English,7.4,tt0112167
2287,30 for 30,2009,7+,69/100,0,1,0,0,1,,,,8.8/10,
2288,Life in Pieces,2015,16+,69/100,0,1,1,0,1,American television sitcom,United States,English,9.0,tt4384086
2289,The Amazing Race,2001,7+,68/100,0,1,1,0,1,"game show, reality competition",United States,English,9.0,tt0285335
2290,Pitch,2016,16+,68/100,0,1,0,0,1,,,,7.4/10,
2291,Numb3rs,2005,7+,68/100,0,1,0,0,1,"police procedural, procedural television drama, drama television series",United States,English,7.0,tt0433309
2292,Roswell,1999,16+,68/100,0,1,0,0,1,"science fiction television program, drama television series, youth series",United States,English,10.0,tt0201391
2293,Tyrant,2014,18+,68/100,0,1,0,0,1,"drama television series, LGBT-related television series",United States,English,7.0,tt2568204
2294,Legends,2014,16+,68/100,0,1,0,0,1,"drama television series, television series based on a novel",United States,English,7.0,tt2402137
2295,Angie Tribeca,2016,16+,68/100,0,1,0,0,1,"parody, crime television series, mystery television series, comedy television series",United States,English,7.0,tt3597790
2296,FLCL,2000,18+,68/100,0,1,0,0,1,,,,8.2/10,
2297,Rugrats,1991,all,68/100,0,1,0,0,1,,,,7.4/10,
2298,Fosse/Verdon,2019,18+,68/100,0,1,0,0,1,"drama television series, film based on book",United States,English,7.9,tt8746478
2299,Assassination Classroom,2015,16+,68/100,0,1,0,0,1,,,,8.0/10,
2300,Top Chef,2006,16+,68/100,0,1,0,0,1,"reality competition, cooking show",United States,English,7.0,tt0765425
2301,Ghost Whisperer,2005,7+,68/100,0,1,1,0,1,"fantasy television series, drama television series",United States,English,8.0,tt0460644
2302,Darker than Black,2007,16+,68/100,0,1,1,0,1,,,,7.7/10,
2303,Kaguya-sama: Love is War,2019,16+,68/100,0,1,0,0,1,,,,8.4/10,
2305,Ally McBeal,1997,16+,68/100,0,1,0,0,1,"comedy drama, legal drama",United States,English,6.0,tt0118254
2307,Everything's Gonna Be Okay,2020,16+,68/100,0,1,0,0,1,comedy film,United States,English,10.0,tt8680006
2308,Psycho-Pass,2012,18+,68/100,0,1,1,0,1,,,,8.2/10,
2309,The Powerpuff Girls,1998,7+,68/100,0,1,0,0,1,,,,7.3/10,
2310,"Beverly Hills, 90210",1990,16+,68/100,0,1,0,0,1,"soap opera, teen drama television",United States,English,6.6,tt0098749
2311,"McCartney 3,2,1",2021,,68/100,0,1,0,0,1,documentary,United States,,9.0,tt13679628
2312,Friday Night Dinner,2011,18+,68/100,0,1,0,0,1,sitcom,United Kingdom,,9.0,tt1844923
2313,Wu-Tang: An American Saga,2019,18+,68/100,0,1,0,0,1,,,,8.2/10,
2315,Hellsing Ultimate,2006,18+,68/100,0,1,0,0,1,,,,8.3/10,
2316,Claws,2017,18+,68/100,0,1,0,0,1,"comedy drama, LGBT-related television series",United States,English,7.5,tt5640558
2317,Marvel's M.O.D.O.K.,2021,18+,68/100,0,1,0,0,1,,,,6.3/10,
2318,Shark Tank,2009,7+,68/100,0,1,0,0,1,reality television,United States,English,7.6,tt1442550
2319,Ghost Adventures,2008,13+,67/100,0,1,0,0,1,"reality television, television documentary",United States,English,6.0,tt1319900
2320,Miranda,2009,7+,67/100,0,1,0,0,1,,,,8.2/10,
2321,Making It,2018,7+,67/100,0,1,0,0,1,reality television,United States,English,8.0,tt6874206
2322,The Son,2017,16+,67/100,1,1,0,0,1,"Westerns on television, drama television series, television series based on a novel",United States,English,8.0,tt3839822
2323,10 Things I Hate About You,2009,16+,67/100,0,1,0,1,1,"sitcom, teen sitcom",United States,English,7.0,tt1321805
2325,Good Trouble,2019,16+,67/100,0,1,0,0,1,"drama television series, LGBT-related television series",United States,English,7.0,tt7820906
2326,Ben 10,2005,7+,67/100,0,1,0,0,1,,,,7.3/10,
2327,The Mick,2017,16+,67/100,0,1,0,0,1,sitcom,United States,English,9.0,tt5638056
2328,WWE Raw,1993,7+,67/100,0,1,0,0,1,"professional wrestling, sports entertainment",United States,"English, French, Spanish",5.0,tt0185103
2329,Party of Five,1994,7+,67/100,0,1,0,0,1,"drama television series, youth series",United States,English,6.8,tt0108894
2330,Overlord,2015,18+,67/100,0,1,0,0,1,,,,7.8/10,
2331,The Path,2016,18+,67/100,0,1,0,0,1,drama television series,United States,English,6.0,tt4789576
2332,Descendants of the Sun,2016,16+,67/100,0,1,1,0,1,"romance television series, action television series, comedy television series, drama television series",South Korea,Korean,9.0,tt4925000
2333,Single Parents,2018,7+,67/100,0,1,0,0,1,comedy television series,United States,English,8.0,tt7845644
2335,Deadliest Catch,2005,16+,67/100,0,1,0,0,1,documentary film,United States,English,8.0,tt0446809
2336,Gangland Undercover,2015,16+,67/100,0,1,0,0,1,,"Canada, United States",English,9.0,tt4341996
2337,ThunderCats,1985,7+,67/100,0,1,0,0,1,,,,7.9/10,
2338,Shiki,2010,18+,67/100,0,1,0,0,1,,,,7.7/10,
2339,Rascal Does Not Dream of Bunny Girl Senpai,2018,16+,67/100,0,1,0,0,1,,,,8.2/10,
2340,Jane Eyre,2006,7+,67/100,0,1,1,0,1,,,,8.3/10,
2341,Kitchen Nightmares,2007,16+,67/100,0,1,0,0,1,"reality television, cooking show",United States,English,8.0,tt0983514
2342,Devious Maids,2013,7+,67/100,0,1,0,0,1,"soap opera, comedy drama, LGBT-related television series",United States,English,8.0,tt2226342
2343,My Wife and Kids,2001,7+,67/100,0,1,0,0,1,sitcom,United States,English,7.0,tt0273855
2344,Star vs. the Forces of Evil,2015,7+,67/100,0,1,0,1,1,,,,8.0/10,
2345,Dark Side of the Ring,2019,16+,67/100,0,1,0,0,1,documentary film,United States,,10.0,tt9159144
2346,High School DxD,2012,18+,67/100,0,1,0,0,1,,,,7.6/10,
2347,Transplant,2020,16+,67/100,0,1,0,0,1,,,,7.9/10,
2348,Apple Tree Yard,2017,16+,67/100,0,1,0,0,1,drama,United Kingdom,English,8.0,tt5336698
2349,9-1-1: Lone Star,2020,16+,67/100,0,1,0,0,1,"police television drama, action television series, drama television series, LGBT-related television series",United States,English,7.0,tt10323338
2352,Fruits Basket,2019,7+,66/100,0,1,0,0,1,,,,8.6/10,
2353,Siren,2018,7+,66/100,0,1,0,0,1,,,,7.0/10,
2354,Holey Moley,2019,7+,66/100,0,1,0,0,1,,United States,English,8.0,tt10133226
2355,Diabolik Lovers,2013,16+,66/100,0,1,0,0,1,,,,5.2/10,
2356,Dates,2013,,66/100,0,1,0,0,1,"drama television series, LGBT-related television series",United Kingdom,English,9.0,tt2964118
2357,Baby Daddy,2012,16+,66/100,0,1,0,0,1,American television sitcom,United States,English,7.0,tt2177489
2358,Digimon Adventure,1999,7+,66/100,0,1,0,0,1,,,,7.3/10,
2360,The Long Road Home,2017,18+,66/100,0,1,0,0,1,,,,7.5/10,
2361,Black Lagoon,2006,18+,66/100,0,1,0,0,1,,,,8.0/10,
2362,Taken,2017,18+,66/100,0,1,0,0,1,"drama television series, thriller television series",United States,English,9.0,tt5134476
2363,Harrow,2018,,66/100,0,1,0,0,1,,,,7.6/10,
2364,Walker,2021,16+,66/100,0,1,0,0,1,,,,5.9/10,
2365,Catfish: The TV Show,2012,16+,66/100,0,1,0,0,1,"docudrama, LGBT-related television series",United States,English,5.0,tt2498968
2366,Treadstone,2019,18+,66/100,0,1,0,0,1,"action television series, thriller television series, drama television series",United States,"English, Russian, Korean",8.0,tt8289480
2367,The Incredible Hulk,1977,7+,66/100,0,1,0,1,1,"science fiction television program, adventure television series, fantasy television series, drama television series",United States,English,7.0,tt0077031
2368,"Sabrina, the Teenage Witch",1996,all,66/100,0,1,0,0,1,,,,6.7/10,
2369,X-Men: Evolution,2000,7+,66/100,0,1,0,1,1,,,,7.8/10,
2370,Death Parade,2015,18+,66/100,0,1,0,0,1,,,,7.9/10,
2371,NEXT,2020,16+,66/100,0,1,1,0,1,,,,6.7/10,
2372,The Pink Panther,1964,all,66/100,0,1,1,0,1,,,,7.6/10,
2373,Golden Time,2013,16+,66/100,0,1,0,0,1,,South Korea,Korean,7.5,tt2474948
2374,Dollface,2019,18+,66/100,0,1,0,0,1,comedy television series,United States,English,10.0,tt7661046
2375,Taxi,1978,7+,66/100,0,1,0,0,1,"entertainment television program, game show",Greece,Greek,5.8,tt13125512
2376,Being Mary Jane,2014,16+,66/100,0,1,0,0,1,drama television series,United States,English,4.0,tt2345481
2377,Drunk History,2013,16+,65/100,0,1,0,0,1,comedy television series,United States,English,9.0,tt2712612
2378,Twisted,2013,16+,65/100,0,1,0,0,1,,,,7.3/10,
2379,Brothers and Sisters,2006,16+,65/100,0,1,0,0,1,,,,7.3/10,
2380,Breakout Kings,2011,16+,65/100,0,1,0,0,1,drama television series,United States,English,9.0,tt1590961
2382,Scott & Bailey,2011,7+,65/100,0,1,0,0,1,"police procedural, detective fiction, crime drama film",United Kingdom,English,9.0,tt1843678
2383,Little Britain,2003,18+,65/100,0,1,0,0,1,"satire, comedy television series",United Kingdom,English,8.0,tt0358856
2384,Law & Order: Organized Crime,2021,16+,65/100,0,1,0,0,1,"police procedural, thriller television series, drama television series",United States,English,7.7,tt12677870
2385,Pinky and the Brain,1995,7+,65/100,0,1,0,0,1,,,,7.8/10,
2387,Ergo Proxy,2006,18+,65/100,0,1,0,0,1,,,,8.0/10,
2388,Noragami,2014,16+,65/100,0,1,0,0,1,,,,7.9/10,
2390,Primeval,2007,16+,65/100,0,1,0,0,1,"science fiction television program, fantasy television series",United Kingdom,English,7.0,tt0808096
2391,Face Off,2011,7+,65/100,0,1,0,0,1,"reality television, game show, talent show",United States,English,10.0,tt1663641
2392,Love Island,2015,18+,65/100,0,1,0,0,1,reality television series,England,English,1.0,tt4770018
2393,Highlander: The Series,1992,16+,65/100,0,1,0,0,1,"paranormal television program, science fiction television program, fantasy television series, action television series","United States, Canada, France",English,7.2,tt0103442
2395,Prison School,2015,18+,65/100,0,1,0,0,1,,,,7.6/10,
2396,Good Luck Charlie,2010,all,65/100,0,1,0,1,1,"sitcom, youth series",United States,English,8.0,tt1415889
2397,Medium,2005,16+,65/100,0,1,0,0,1,"paranormal television program, drama television series, thriller television series, legal drama",United States,English,7.2,tt0412175
2398,Fire Force,2019,16+,65/100,0,1,0,0,1,,,,7.7/10,
2399,Second Chance,2016,16+,65/100,0,1,0,0,1,science fiction television program,United States,English,10.0,tt4378456
2400,American Housewife,2016,7+,65/100,0,1,0,0,1,"LGBT-related television series, comedy television program",United States,English,8.0,tt5396394
2401,The First,2018,18+,65/100,0,1,0,0,1,,,,6.7/10,
2403,Reprisal,2019,18+,65/100,0,1,0,0,1,,,,7.5/10,
2404,Mushoku Tensei: Jobless Reincarnation,2021,16+,64/100,0,1,0,0,1,,,,8.3/10,
2405,The Kids Are Alright,2018,7+,64/100,0,1,0,0,1,,,,7.9/10,
2406,Remington Steele,1982,7+,64/100,0,1,0,0,1,"crime television series, comedy television series",United States,English,7.3,tt0083470
2407,Saved by the Bell,1989,all,64/100,0,1,0,0,1,"teen sitcom, comedy film, American television sitcom",United States,English,7.0,tt0096694
2408,The Fades,2011,18+,64/100,0,1,0,0,1,"paranormal television program, drama television series",United Kingdom,English,8.0,tt1772379
2409,My Teen Romantic Comedy SNAFU,2013,16+,64/100,0,1,0,0,1,,,,7.9/10,
2410,Station 19,2018,16+,64/100,0,1,0,0,1,"action television series, drama television series",United States,English,10.0,tt7053188
2412,New Tricks,2003,7+,64/100,0,1,0,0,1,"police procedural, drama television series",United Kingdom,English,9.0,tt0362357
2414,The Mary Tyler Moore Show,1970,7+,64/100,0,1,0,0,1,American television sitcom,United States,English,8.3,tt0065314
2415,Hill Street Blues,1981,16+,64/100,0,1,0,0,1,"police procedural, drama television series",United States,English,8.2,tt0081873
2416,Monster Musume: Everyday Life with Monster Girls,2015,18+,64/100,0,1,0,0,1,,,,6.7/10,
2417,The Conners,2018,7+,64/100,0,1,0,0,1,sitcom,United States,English,4.0,tt8595140
2418,NYPD Blue,1993,16+,64/100,0,1,1,0,1,"police procedural, drama television series",United States,English,9.0,tt0106079
2419,CSI: Miami,2002,16+,64/100,0,1,0,0,1,"police procedural, drama television series",United States,English,6.5,tt0313043
2420,Metalocalypse,2006,18+,64/100,0,1,0,0,1,,United States,,10.0,tt3298820
2421,America's Got Talent,2006,7+,64/100,0,1,0,0,1,"talent show, music program",United States,English,5.8,tt0759364
2422,Fixer Upper,2013,all,64/100,0,1,0,0,1,reality television,United States,,6.0,tt4591390
2424,DCI Banks,2011,16+,64/100,0,1,0,0,1,"drama television series, crime television series",United Kingdom,English,9.0,tt1652216
2425,The Future Diary,2011,18+,64/100,0,1,0,0,1,,,,7.6/10,
2426,Childrens Hospital,2008,18+,64/100,0,1,0,0,1,"satire, sitcom, parody, comedy television series",United States,English,10.0,tt1325113
2427,The First 48,2004,18+,64/100,0,1,0,0,1,reality television,United States,English,10.0,tt0423652
2428,Chopped,2009,all,64/100,0,1,0,0,1,"cooking show, game show",United States,English,6.0,tt1353281
2429,Sense and Sensibility,2008,16+,64/100,0,1,1,0,1,television series based on a novel,United Kingdom,,10.0,tt0254768
2430,House Hunters,1999,all,64/100,0,1,0,0,1,reality television,United States,English,7.0,tt0369117
2431,Teenage Mutant Ninja Turtles,2012,7+,64/100,0,1,0,0,1,,,,7.8/10,
2432,Flower of Evil,2020,,64/100,0,1,0,0,1,"melodrama, thriller television series, romance television series, crime television series",South Korea,Korean,10.0,tt11691684
2434,Monogatari,2009,16+,64/100,0,1,0,0,1,,,,8.0/10,
2435,Prisoners of War,2010,,63/100,0,1,0,0,1,drama television series,Israel,Hebrew,8.0,tt1676462
2436,Clique,2017,18+,63/100,0,1,0,0,1,,,,7.0/10,
2437,Atlantis,2013,7+,63/100,0,1,0,0,1,,,,6.6/10,
2438,Travel Man: 48 Hours in...,2015,7+,63/100,0,1,0,0,1,travel documentary,United Kingdom,English,10.0,tt4719744
2439,Chowder,2007,7+,63/100,0,1,0,0,1,,,,7.3/10,
2440,The Hardy Boys,2020,7+,63/100,0,1,0,0,1,"action television series, family television series, teen drama television, adventure television series",Canada,English,8.0,tt11252090
2442,Shots Fired,2017,16+,63/100,0,1,0,0,1,drama television series,United States,English,7.0,tt5519456
2443,National Treasure,2016,,63/100,0,1,0,1,1,,,,7.4/10,
2444,The Familiar of Zero,2006,16+,63/100,0,1,0,0,1,,,,7.0/10,
2445,The Brady Bunch,1969,all,63/100,0,1,0,0,1,comedy television series,United States,English,6.8,tt0063878
2446,Four Weddings and a Funeral,2019,18+,63/100,0,1,0,0,1,,,,7.2/10,
2448,Hamilton's Pharmacopeia,2016,18+,63/100,0,1,0,0,1,television documentary,United States,English,10.0,tt6090814
2449,The New York Times Presents,2020,18+,63/100,0,1,0,0,1,television documentary,United States,English,8.0,tt8629150
2450,What's Wrong with Secretary Kim,2018,all,63/100,0,1,0,0,1,"drama television series, television series based on a novel",South Korea,Korean,7.0,tt8242904
2452,The Great North,2021,16+,63/100,0,1,0,0,1,,,,6.5/10,
2453,The Ultimate Fighter,2005,16+,63/100,0,1,0,0,1,"reality television, sports television program",United States,,7.8,tt0445912
2455,Tiny Toon Adventures,1990,all,63/100,0,1,0,0,1,,,,7.5/10,
2456,Foster's Home for Imaginary Friends,2004,7+,63/100,0,1,0,0,1,,,,7.6/10,
2457,The Tonight Show Starring Jimmy Fallon,2014,16+,63/100,0,1,0,0,1,"late-night talk show, variety show",United States,English,7.0,tt3444938
2458,Barkskins,2020,18+,63/100,0,1,0,0,1,television series based on a novel,United States,English,9.0,tt9426272
2459,River Monsters,2009,7+,63/100,0,1,1,0,1,documentary,"United States, United Kingdom",,8.0,tt1476750
2460,The Dick Van Dyke Show,1961,all,63/100,0,1,0,0,1,sitcom,United States,English,9.0,tt0054533
2461,Yu-Gi-Oh! GX,2004,all,63/100,0,1,0,0,1,,,,6.8/10,
2462,Highschool of the Dead,2010,18+,63/100,0,1,0,0,1,,,,7.2/10,
2464,While You Were Sleeping,2017,,63/100,0,1,0,1,1,"romance television series, fantasy television series",South Korea,Korean,10.0,tt6256484
2465,The Marvelous Misadventures of Flapjack,2008,7+,63/100,0,1,0,0,1,,,,7.8/10,
2466,Difficult People,2015,18+,63/100,0,1,0,0,1,"comedy television series, LGBT-related television series",United States,English,5.0,tt4676574
2467,Reba,2001,7+,63/100,0,1,0,0,1,sitcom,United States,English,6.8,tt0284722
2468,The Event,2010,16+,62/100,0,1,0,0,1,science fiction television program,United States,English,9.0,tt1582459
2469,American Gothic,1995,7+,62/100,0,1,0,0,1,drama television series,United States,English,8.1,tt0111880
2470,Garfield and Friends,1988,7+,62/100,0,1,0,0,1,,,,7.3/10,
2471,Home Economics,2021,7+,62/100,0,1,0,0,1,"comedy television program, American television sitcom",United States,English,7.0,tt9214684
2472,Clannad After Story,2009,7+,62/100,0,1,0,0,1,,,,8.6/10,
2473,The Choe Show,2021,,62/100,0,1,0,0,1,"talk show, variety show",United States,American English,8.0,tt14535092
2474,Bless This Mess,2019,7+,62/100,0,1,0,0,1,sitcom,United States,English,7.0,tt9418572
2475,Horrible Histories,2009,7+,62/100,0,1,1,0,1,comedy television series,United Kingdom,,9.0,tt1400819
2476,grown-ish,2018,16+,62/100,0,1,0,0,1,"sitcom, LGBT-related television series, college life television program, comedy drama",United States,English,7.0,tt7018644
2478,Duncanville,2020,16+,62/100,0,1,0,0,1,,,,6.0/10,
2479,The Guest Book,2017,18+,62/100,0,1,0,0,1,"comedy television program, anthology series",United States,English,8.0,tt5990096
2480,Speechless,2016,7+,62/100,0,1,0,0,1,sitcom,United States,English,10.0,tt5592146
2481,Intervention,2005,16+,62/100,0,1,0,0,1,reality television,United States,,7.9,tt0450920
2482,K.C. Undercover,2015,all,62/100,0,1,0,1,1,"teen sitcom, American television sitcom",United States,English,10.0,tt3598030
2483,The Three Stooges,1934,all,62/100,0,1,0,0,1,,,,8.6/10,
2485,Dragon Ball GT,1996,7+,62/100,0,1,0,0,1,,,,6.8/10,
2486,Melissa & Joey,2010,16+,62/100,0,1,0,0,1,"comedy television series, American television sitcom",United States,English,6.0,tt1597420
2487,The Bob Newhart Show,1972,all,62/100,0,1,0,0,1,American television sitcom,United States,English,8.1,tt0068049
2488,General Hospital,1963,16+,62/100,0,1,0,0,1,"soap opera, medical drama, LGBT-related television series",United States,English,6.6,tt0056758
2489,Lupin the Third,1971,16+,62/100,0,1,0,0,1,,,,7.9/10,
2490,Charlotte,2015,16+,62/100,0,1,0,0,1,,,,7.6/10,
2491,Mr. Mayor,2021,16+,62/100,0,1,0,0,1,sitcom,United States,,8.0,tt10662034
2492,Murder in the First,2014,18+,62/100,0,1,0,0,1,crime film,United States,English,7.0,tt2402227
2493,Jersey Shore: Family Vacation,2018,16+,62/100,0,1,0,0,1,reality television,United States,English,7.0,tt7686456
2494,Family Matters,1989,all,62/100,0,1,0,0,1,"American television sitcom, family television series",United States,English,6.6,tt0096579
2497,24: Legacy,2017,16+,62/100,0,1,0,0,1,"thriller television series, espionage television series, action television series",United States,English,6.3,tt5345490
2499,American Ninja Warrior,2009,7+,62/100,0,1,0,0,1,"reality television, game show",United States,English,5.0,tt1587934
2500,Seraph of the End,2015,13+,62/100,0,1,0,0,1,,,,7.5/10,
2501,Deutschland 86,2018,,62/100,0,1,0,0,1,"drama television series, espionage television series",Germany,German,7.0,tt6148324
2502,Brickleberry,2012,18+,62/100,0,1,0,0,1,,,,7.3/10,
2503,Ghosted,2017,7+,62/100,0,1,0,0,1,science fiction television program,United States,English,7.0,tt6053538
2504,Saving Hope,2012,16+,62/100,0,1,0,0,1,"medical drama, LGBT-related television series",Canada,English,9.0,tt1954804
2506,Married at First Sight,2014,7+,61/100,0,1,1,0,1,reality television,Australia,,3.0,tt4771108
2508,The Voice,2011,7+,61/100,0,1,0,0,1,singing talent show,United States,English,8.0,tt1839337
2509,Wings,1990,7+,61/100,0,1,0,0,1,American television sitcom,United States,English,7.3,tt0098948
2510,American Pickers,2010,7+,61/100,0,1,0,0,1,reality television,United States,English,7.0,tt1596786
2511,Nightwatch,2015,16+,61/100,0,1,1,0,1,,,,8.8/10,
2512,Gold Rush,2010,7+,61/100,0,1,0,0,1,reality television,United States,English,8.0,tt1800864
2513,The Riches,2007,18+,61/100,0,1,0,0,1,"comedy drama, LGBT-related television series, crime television series",United States,English,10.0,tt0496343
2514,Lark Rise to Candleford,2008,7+,61/100,0,1,0,0,1,"drama television series, television series based on a novel",United Kingdom,English,10.0,tt1077744
2515,Stan Against Evil,2016,16+,61/100,0,1,0,0,1,"comedy television program, horror television series",United States,English,7.0,tt5722214
2516,Homicide Hunter: Lt Joe Kenda,2011,16+,61/100,0,1,0,0,1,,,,8.8/10,
2517,RuPaul's Drag Race: Untucked,2010,16+,61/100,0,1,0,0,1,,United States,English,8.0,tt1588754
2518,The Carmichael Show,2015,7+,61/100,0,1,0,0,1,American television sitcom,United States,,9.0,tt4307902
2519,Moone Boy,2012,16+,61/100,0,1,0,0,1,sitcom,,,9.0,tt2319283
2520,Tyler Perry's The Haves and the Have Nots,2013,16+,61/100,0,1,0,0,1,,,,6.0/10,
2522,Perfect Strangers,1986,7+,61/100,0,1,1,0,1,comedy television series,United States,English,7.2,tt0090501
2523,The Practice,1997,16+,61/100,0,1,0,0,1,legal drama,United States,English,7.7,tt0118437
2525,Light as a Feather,2018,16+,61/100,0,1,0,0,1,thriller television series,United States,,4.0,tt8619822
2526,Burden of Truth,2018,16+,61/100,0,1,0,0,1,drama,Canada,English,9.0,tt6987476
2527,Mister Ed,1961,all,61/100,0,1,0,0,1,sitcom,United States,English,6.9,tt0054557
2528,Kamisama Kiss,2012,7+,61/100,0,1,0,0,1,,,,8.1/10,
2530,Mike Tyson Mysteries,2014,16+,61/100,0,1,0,0,1,,,,8.1/10,
2531,American Gladiators,1988,7+,61/100,0,1,0,0,1,game show,United States,English,9.0,tt1092447
2532,My Life as a Teenage Robot,2003,all,60/100,0,1,0,0,1,,,,6.9/10,
2533,Felicity,1998,16+,60/100,0,1,0,0,1,"drama television series, coming-of-age television program, college life television program",United States,English,6.9,tt0134247
2535,Expedition Unknown,2015,7+,60/100,0,1,0,0,1,"documentary film, reality television",United States,,10.0,tt4305162
2536,Rosewood,2015,16+,60/100,0,1,0,0,1,LGBT-related television series,United States,English,10.0,tt4465472
2537,The Guardian,2001,7+,60/100,0,1,1,0,1,drama television series,United States,English,7.0,tt0285370
2538,Jeremiah,2002,18+,60/100,0,1,1,0,1,,,,7.0/10,
2539,The Secret of Skinwalker Ranch,2020,7+,60/100,0,1,0,0,1,,United States,,6.0,tt10589968
2540,Dharma & Greg,1997,16+,60/100,0,1,0,0,1,"American television sitcom, comedy television series, romantic comedy",United States,English,6.4,tt0118303
2541,The Real Housewives of Beverly Hills,2010,16+,60/100,0,1,0,0,1,reality television,United States,English,7.0,tt1720601
2542,The Fall Guy,1981,16+,60/100,0,1,0,0,1,"action television series, adventure television series, comedy television series",United States,English,7.1,tt0081859
2543,Sealab 2021,2000,16+,60/100,0,1,1,0,1,,,,7.9/10,
2544,The Incredible Dr. Pol,2011,7+,60/100,0,1,0,1,1,"reality television, docu-soap",United States,English,8.0,tt2136396
2545,Whose Line Is It Anyway? (UK),1988,7+,60/100,0,1,0,0,1,,,,8.2/10,
2546,The Fruit of Grisaia,2014,18+,60/100,0,1,0,0,1,,,,7.1/10,
2547,St. Elsewhere,1982,7+,60/100,0,1,0,0,1,"comedy drama, medical drama",United States,English,8.0,tt0083483
2548,Ben 10: Omniverse,2012,7+,60/100,0,1,0,0,1,,,,6.0/10,
2550,Naked and Afraid,2013,16+,60/100,0,1,0,0,1,reality television,United States,English,7.0,tt3007640
2551,Woke,2020,18+,60/100,0,1,0,0,1,LGBT-related television series,France,French,9.0,tt6472922
2553,Mr. Pickles,2014,18+,60/100,0,1,0,0,1,,,,7.4/10,
2554,The Moodys,2019,16+,60/100,0,1,0,0,1,comedy,Australia,,9.0,tt3184748
2555,Being Erica,2009,16+,60/100,0,1,1,0,1,"comedy drama, LGBT-related television series",Canada,English,10.0,tt1149608
2556,Dual Survival,2010,16+,60/100,0,1,0,0,1,documentary film,United States,English,10.0,tt1673441
2557,Dimension 404,2017,16+,60/100,0,1,0,0,1,science fiction television program,United States,English,7.0,tt5798078
2558,Diff'rent Strokes,1978,all,60/100,0,1,0,0,1,sitcom,United States,English,9.0,tt0077003
2559,Bad Banks,2018,7+,60/100,0,1,0,0,1,,,,7.9/10,
2560,Kojak,1973,16+,60/100,0,1,0,0,1,"crime television series, drama television series, police television drama",United States,English,7.1,tt0069599
2561,Robin of Sherwood,1984,7+,60/100,0,1,1,0,1,"fantasy television series, historical drama, action television series, drama film",United Kingdom,English,8.4,tt0086791
2562,Ranma ½,1989,16+,60/100,0,1,0,0,1,,,,7.9/10,
2563,McLeod's Daughters,2001,16+,60/100,0,1,0,0,1,drama television series,Australia,English,7.0,tt0292414
2564,Life Below Zero,2013,7+,60/100,0,1,0,1,1,television documentary,United States,English,8.0,tt2964642
2566,mixed-ish,2019,7+,60/100,0,1,0,0,1,sitcom,United States,English,7.0,tt10276062
2567,Mountain Men,2012,7+,60/100,0,1,0,0,1,reality television,United States,,9.0,tt2202488
2569,Baywatch,1989,7+,60/100,0,1,1,0,1,drama television series,United States,English,5.5,tt0096542
2570,Shut Eye,2016,18+,59/100,0,1,0,0,1,"drama television series, LGBT-related television series",United States,English,9.0,tt5520392
2571,Dietland,2018,18+,59/100,0,1,0,0,1,"black comedy, television series based on a novel",United States,English,6.0,tt5869202
2572,Yona of the Dawn,2014,16+,59/100,0,1,0,0,1,,,,8.1/10,
2573,The Hustler,2021,7+,59/100,0,1,0,0,1,,,,7.7/10,
2574,Man v. Food,2008,all,59/100,0,1,0,0,1,"documentary film, cooking show, reality show",United States,English,7.3,tt1342711
2576,Teen Titans Go!,2013,7+,59/100,0,1,0,0,1,,,,5.4/10,
2577,Designing Women,1986,7+,59/100,0,1,0,0,1,American television sitcom,United States,English,7.3,tt0090418
2578,Into the Dark,2018,18+,59/100,0,1,0,0,1,horror fiction,United States,English,6.0,tt8427140
2579,Mobile Suit Gundam Wing,2000,13+,59/100,0,1,0,0,1,,,,8.1/10,
2580,Damien,2016,16+,59/100,0,1,0,0,1,,,,6.9/10,
2581,Mistresses,2013,16+,59/100,0,1,0,0,1,"drama television series, soap opera, LGBT-related television series",United States,English,10.0,tt2295809
2582,The Lord of the Skies,2013,16+,59/100,0,1,0,0,1,,,,6.8/10,
2583,Snow White with the Red Hair,2015,16+,59/100,0,1,0,0,1,,,,7.8/10,
2584,The Masked Singer,2019,7+,59/100,0,1,0,0,1,"singing talent show, reality television, reality show, game show",United States,English,5.0,tt7670568
2585,Danganronpa: The Animation,2013,18+,59/100,0,1,0,0,1,,,,6.9/10,
2586,Hellsing,2001,18+,59/100,0,1,0,0,1,,,,7.9/10,
2587,Fate/stay night,2006,18+,59/100,0,1,0,0,1,,,,7.3/10,
2588,Uncle,2014,16+,59/100,0,1,0,0,1,,,,7.9/10,
2589,Deadly Women,2005,16+,59/100,0,1,1,0,1,,"Australia, United States",English,10.0,tt1319260
2590,Ironside,1967,7+,59/100,0,1,0,0,1,crime television series,United States,English,10.0,tt0061266
2592,D.Gray-man,2006,16+,59/100,0,1,0,0,1,,,,7.7/10,
2593,Space Dandy,2014,16+,59/100,0,1,0,0,1,,,,8.1/10,
2594,Songland,2019,7+,59/100,0,1,0,0,1,"reality show, talent show",United States,English,8.0,tt9165752
2595,Running Wild with Bear Grylls,2014,7+,59/100,0,1,0,1,1,docu-soap,United States,English,3.0,tt3816666
2596,Living Single,1993,7+,59/100,0,1,0,0,1,sitcom,United States,English,7.7,tt0106056
2597,My 600-lb Life,2012,16+,59/100,0,1,0,0,1,reality television,United States,English,10.0,tt2152112
2598,Naked and Afraid XL,2015,16+,59/100,0,1,0,0,1,,United States,,9.0,tt4791250
2600,Popeye the Sailor,1960,all,59/100,0,1,0,0,1,,,,7.1/10,
2601,20/20,1978,,59/100,0,1,0,0,1,news program,United States,English,6.0,tt0124932
2602,The Thundermans,2013,all,59/100,0,1,0,0,1,"teen sitcom, American television sitcom",United States,English,7.0,tt2712516
2603,90 Day Fiancé,2014,16+,59/100,0,1,0,0,1,reality television,United States,English,7.0,tt3469050
2604,Duck Dynasty,2012,7+,59/100,0,1,0,0,1,reality television,United States,English,6.0,tt2229907
2605,Pasión prohibida,2013,,59/100,0,1,0,0,1,"drama television series, romance television series",United States,"Spanish, English",10.0,tt2636446
2606,No Man's Land,2020,16+,59/100,0,1,0,0,1,,,,7.7/10,
2607,Upstairs Downstairs,2010,7+,59/100,0,1,0,0,1,"drama television series, period drama film",United Kingdom,English,8.0,tt1782352
2608,The Bastard Executioner,2015,18+,59/100,0,1,0,0,1,"historical television series, drama television series",United States,English,9.0,tt4218618
2610,The Food That Built America,2019,7+,59/100,0,1,0,0,1,,United States,,10.0,tt10098248
2611,Hang Ups,2018,,59/100,0,1,0,0,1,teen sitcom,United Kingdom,,8.0,tt7411444
2612,Star,2016,16+,59/100,0,1,0,0,1,,,,6.7/10,
2614,Saving Grace,2007,18+,59/100,0,1,0,0,1,"fantasy television series, crime television series, drama television series",United States,English,7.6,tt0830900
2615,Full Metal Panic!,2002,16+,58/100,0,1,0,0,1,,,,7.7/10,
2616,America's Funniest Home Videos,1989,7+,58/100,0,1,0,1,1,comedy television program,United States,,3.0,tt0098740
2617,BuzzFeed Unsolved - True Crime,2016,,58/100,0,1,1,0,1,,,,8.9/10,
2618,Log Horizon,2013,16+,58/100,0,1,0,0,1,,,,7.7/10,
2619,Son of Zorn,2016,16+,58/100,0,1,0,0,1,sitcom,United States,English,9.0,tt4798814
2620,Him & Her,2010,16+,58/100,0,1,0,0,1,"sitcom, LGBT-related television series",United Kingdom,English,9.0,tt1493923
2621,World Trigger,2014,16+,58/100,0,1,0,0,1,,,,7.5/10,
2622,Clarence,2014,7+,58/100,0,1,0,0,1,,,,6.6/10,
2623,Kenan,2021,7+,58/100,0,1,0,0,1,,,,5.6/10,
2624,Mayo Chiki!,2011,18+,58/100,0,1,0,0,1,,,,7.0/10,
2625,Haven't You Heard? I'm Sakamoto,2016,16+,58/100,0,1,0,0,1,,,,7.2/10,
2626,Hard Sun,2018,18+,58/100,0,1,0,0,1,science fiction television program,United Kingdom,English,9.0,tt6402362
2627,Crime Scene Kitchen,2021,,58/100,0,1,0,0,1,cooking show,United States,,10.0,tt14409846
2628,Dance Moms,2011,7+,58/100,0,1,0,0,1,"reality television, talent show",United States,English,1.0,tt1991410
2629,Gordon Ramsay's 24 Hours to Hell and Back,2018,16+,58/100,0,1,0,0,1,reality television,United States,English,7.0,tt7768166
2630,The White Shadow,1978,,58/100,0,1,0,0,1,,United States,,8.0,tt0077101
2631,X Company,2015,16+,58/100,0,1,0,0,1,thriller television series,Canada,,9.0,tt4338336
2632,Step by Step,1991,all,58/100,0,1,0,0,1,comedy television series,United States,English,6.6,tt0101205
2633,False Flag,2015,,58/100,0,1,0,0,1,"drama television series, thriller television series",Israel,Hebrew,9.0,tt5091684
2634,Housebroken,2021,16+,58/100,0,1,0,0,1,,,,5.9/10,
2635,Jimmy Kimmel Live!,2003,16+,58/100,0,1,0,0,1,late-night talk show,United States,English,6.4,tt0320037
2636,The Cleveland Show,2009,16+,58/100,0,1,0,0,1,,,,5.5/10,
2637,Midnight Sun,2016,,58/100,1,1,0,0,1,,,,7.5/10,
2638,Dice,2016,18+,58/100,0,1,0,0,1,,,,7.5/10,
2639,Primeval: New World,2012,16+,58/100,0,1,0,0,1,science fiction television program,Canada,English,8.0,tt2295953
2640,7th Heaven,1996,7+,58/100,0,1,1,0,1,drama television series,United States,English,5.3,tt0115083
2641,Cutthroat Kitchen,2013,all,58/100,0,1,0,0,1,"game show, cooking show",United States,English,9.0,tt2930446
2642,Married,2014,18+,58/100,0,1,0,0,1,sitcom,United States,English,8.1,tt0092400
2643,Land of Honor,2014,16+,58/100,0,1,0,0,1,drama television series,United States,"Spanish, English",10.0,tt4017986
2644,The UnXplained,2019,16+,58/100,0,1,0,0,1,,United States,,6.0,tt10098498
2645,Deadbeat,2014,16+,58/100,0,1,0,0,1,"paranormal television program, comedy television series",United States,English,8.0,tt3147316
2646,Alone Together,2018,16+,58/100,0,1,0,0,1,,United States,English,9.0,tt5615840
2648,Chivalry of a Failed Knight,2015,18+,58/100,0,1,0,0,1,,,,7.4/10,
2649,Intruders,2014,18+,58/100,0,1,1,0,1,,,,6.7/10,
2650,Kimi ni Todoke: From Me to You,2009,all,58/100,0,1,0,0,1,,,,7.8/10,
2651,WWE Friday Night SmackDown,1999,7+,58/100,0,1,0,0,1,"sports entertainment, professional wrestling",United States,"American English, Spanish, French",7.3,tt0227972
2652,Coronation Street,1960,7+,58/100,0,1,0,0,1,soap opera,United Kingdom,English,5.6,tt0053494
2653,Dirty Sexy Money,2007,7+,58/100,0,1,0,0,1,"drama television series, LGBT-related television series",United States,English,9.0,tt0960136
2654,The Accident,2019,,58/100,0,1,0,0,1,drama television series,United Kingdom,"English, British Sign Language, Welsh",6.0,tt9145372
2655,Kenichi: The Mightiest Disciple,2006,16+,58/100,0,1,1,0,1,,,,8.2/10,
2656,Archangel,2005,18+,58/100,0,1,0,0,1,,,,6.5/10,
2657,Persona 4 The Animation,2011,7+,58/100,0,1,0,0,1,,,,7.6/10,
2658,Melrose Place,1992,16+,57/100,0,1,1,0,1,"soap opera, youth series",United States,English,6.0,tt0103491
2660,SHIMONETA: A Boring World Where the Concept of Dirty Jokes Doesn't Exist,2015,18+,57/100,0,1,0,0,1,,,,7.0/10,
2661,Restaurant: Impossible,2011,all,57/100,0,1,0,0,1,,United States,English,7.0,tt1771742
2662,The Legend of the Blue Sea,2016,,57/100,0,1,0,0,1,"fantasy television series, romance television series, comedy television series, drama television series",South Korea,Korean,9.0,tt5766194
2663,Alias Smith and Jones,1971,7+,57/100,0,1,0,0,1,Westerns on television,United States,English,7.6,tt0066625
2664,Justice League Action,2016,7+,57/100,0,1,0,0,1,,,,7.6/10,
2665,Helstrom,2020,,57/100,0,1,0,0,1,"drama television series, fantasy television series, horror television series, superhero television program",United States,English,8.0,tt10266874
2666,Packed to the Rafters,2008,18+,57/100,0,1,0,0,1,drama television series,Australia,English,5.0,tt1132600
2667,Oh My Venus,2015,16+,57/100,0,1,0,0,1,"romance film, comedy film, drama film",South Korea,Korean,9.0,tt5189944
2668,Banished,2015,18+,57/100,0,1,1,0,1,drama,United Kingdom,English,8.0,tt3508050
2669,Bizarre Foods with Andrew Zimmern,2006,7+,57/100,0,1,0,0,1,,United States,,9.0,tt1138645
2670,Blood Blockade Battlefront,2015,18+,57/100,0,1,0,0,1,,,,7.3/10,
2671,Curious George,2006,all,57/100,0,1,0,0,1,,,,7.2/10,
2672,Guilty Crown,2011,16+,57/100,0,1,0,0,1,,,,7.1/10,
2673,Outlaw Star,1998,16+,57/100,0,1,0,0,1,,,,7.9/10,
2674,The Real Housewives of New York City,2008,16+,57/100,0,1,0,0,1,reality television,United States,English,8.0,tt1191056
2675,Storage Wars,2010,7+,57/100,0,1,1,0,1,reality television,United States,English,6.3,tt1785123
2676,Bluff City Law,2019,16+,57/100,0,1,0,0,1,"legal drama, LGBT-related television series",United States,English,10.0,tt10312776
2677,Bad Girls Club,2006,16+,57/100,0,1,0,0,1,,,,4.7/10,
2678,The Bisexual,2018,,57/100,0,1,0,0,1,"drama television series, comedy television series, LGBT-related television series","United Kingdom, United States",English,5.0,tt8050586
2679,McHale's Navy,1962,all,57/100,0,1,0,0,1,American television sitcom,United States,English,7.4,tt0055689
2681,The Four: Battle for Stardom,2018,,57/100,0,1,0,0,1,singing talent show,United States,English,1.0,tt7235406
2682,"Doogie Howser, M.D.",1989,7+,57/100,0,1,0,0,1,"medical drama, teen sitcom, comedy drama",United States,English,7.0,tt0096569
2683,House Hunters International,2006,all,57/100,0,1,0,0,1,,,,8.0,tt0795129
2684,Shark,2006,16+,57/100,0,1,0,0,1,legal drama,United States,English,10.0,tt0805666
2685,Sasquatch,2021,18+,57/100,0,1,0,0,1,,,,6.2/10,
2686,The Electric Company,1971,all,57/100,0,1,1,0,1,,United States,,8.2,tt0066651
2687,Akudama Drive,2020,18+,57/100,0,1,0,0,1,,,,7.5/10,
2688,Love & Hip Hop Atlanta,2012,16+,57/100,0,1,0,0,1,,United States,,5.5/10,
2689,Good Doctor,2013,,57/100,0,1,0,0,1,"medical drama, drama film, romance film",South Korea,Korean,6.0,tt3184708
2690,Alaska: The Last Frontier,2011,16+,57/100,0,1,0,0,1,documentary film,United States,English,6.0,tt1877010
2692,Sonic Boom,2014,7+,57/100,0,1,0,0,1,,,,6.9/10,
2694,Graves,2016,18+,57/100,0,1,0,0,1,,,,6.6/10,
2695,The Secret of Crickley Hall,2012,,56/100,0,1,0,0,1,"drama television series, television series based on a novel",United Kingdom,,9.0,tt2294227
2696,Locked Up Abroad,2008,16+,56/100,0,1,0,0,1,,United Kingdom,,8.4,tt0765433
2697,School Rumble,2004,7+,56/100,0,1,0,0,1,,,,7.8/10,
2698,Princess Tutu,2002,16+,56/100,0,1,1,0,1,,,,8.1/10,
2699,Date a Live,2013,16+,56/100,0,1,0,0,1,,,,7.0/10,
2700,Devil May Cry,2007,16+,56/100,0,1,0,0,1,,,,7.1/10,
2701,MasterChef Junior,2013,all,56/100,0,1,0,0,1,reality television,United States,English,6.0,tt3038248
2702,Utopia Falls,2020,7+,56/100,0,1,0,0,1,"science fiction, drama, music","Canada, United States",English,8.0,tt10193046
2703,Fear Factor,2001,7+,56/100,0,1,0,0,1,game show,United States,English,7.0,tt0278191
2704,Hellevator,2015,18+,56/100,0,1,0,0,1,,United States,,5.0,tt4787000
2705,Aesthetica of a Rogue Hero,2012,18+,56/100,0,1,0,0,1,,,,7.1/10,
2706,"Drugs, Inc.",2010,16+,56/100,0,1,0,0,1,television documentary,United States,English,8.0,tt1688779
2707,Pure,2017,18+,56/100,0,1,0,0,1,,,,7.0/10,
2708,Dr. Pimple Popper,2018,16+,56/100,0,1,0,0,1,reality television,United States,English,7.0,tt8564914
2709,The Biggest Loser,2004,7+,56/100,0,1,0,0,1,reality television,United States,English,9.0,tt0429318
2710,Filthy Rich,2020,16+,56/100,0,1,0,0,1,comedy drama,United States,,7.0,tt10327526
2711,Grimgar of Fantasy and Ash,2016,16+,56/100,0,1,0,0,1,,,,7.4/10,
2712,Bless the Harts,2019,16+,56/100,0,1,0,0,1,,,,5.4/10,
2713,Celebrity Family Feud,2008,7+,56/100,0,1,0,0,1,game show,United States,English,1.0,tt1249208
2714,xxxHOLiC,2006,16+,56/100,0,1,0,0,1,thriller,Japan,Japanese,7.0,tt2651338
2715,Bloom,2019,,56/100,0,1,0,0,1,,,,6.7/10,
2716,Paradox,2009,16+,56/100,1,1,1,0,1,,,,7.0/10,
2717,Worst Cooks in America,2010,all,56/100,0,1,0,0,1,,United States,,8.0,tt1570957
2718,Keeping Up with the Kardashians,2007,16+,56/100,0,1,0,0,1,"docu-soap, reality show",United States,English,2.9,tt1086761
2719,Blossom,1990,all,56/100,0,1,0,0,1,"American television sitcom, teen sitcom",United States,English,6.1,tt0101050
2720,Taste the Nation with Padma Lakshmi,2020,16+,56/100,0,1,0,0,1,television documentary,,,10.0,tt12244950
2721,Digimon Tamers,2001,7+,56/100,0,1,0,0,1,,,,7.7/10,
2722,"BOFURI: I Don’t Want to Get Hurt, so I’ll Max Out My Defense.",2020,16+,56/100,0,1,0,0,1,,,,7.5/10,
2723,Cake Boss,2009,7+,56/100,0,1,0,0,1,"docu-reality, culinary art",United States,English,6.6,tt1444382
2724,Tyler Perry's If Loving You Is Wrong,2014,16+,56/100,0,1,0,0,1,,,,5.8/10,
2725,Plastic Memories,2015,16+,56/100,0,1,0,0,1,,,,7.4/10,
2726,Love It or List It,2008,all,56/100,0,1,0,0,1,"reality television, home renovation show","Canada, United States",English,3.0,tt1773182
2727,Dragnet,1967,7+,56/100,0,1,0,0,1,police procedural,United States,English,7.5,tt0043194
2728,"Say ""I Love You.""",2012,16+,56/100,0,1,0,0,1,,,,7.4/10,
2729,Rev.,2010,16+,56/100,0,1,0,0,1,,,,7.9/10,
2730,Axe Cop,2013,18+,56/100,0,1,0,0,1,,,,7.4/10,
2731,The Secret Life of the American Teenager,2008,16+,55/100,0,1,0,0,1,"drama television series, LGBT-related television series, youth series",United States,English,5.0,tt1179817
2732,Extreme Ghostbusters,1997,7+,55/100,0,1,0,0,1,,,,6.9/10,
2733,OK K.O.! Let's Be Heroes,2017,7+,55/100,0,1,0,0,1,,,,7.0/10,
2734,頭文字D First Stage,1998,7+,55/100,0,1,0,0,1,,,,8.4/10,
2735,The Firm,2012,16+,55/100,0,1,1,0,1,,,,7.1/10,
2736,The Titan Games,2019,all,55/100,0,1,0,0,1,sports television program,United States,,6.0,tt7967262
2737,Attack on Titan: Junior High,2015,16+,55/100,0,1,0,0,1,,,,7.1/10,
2738,To Love-Ru,2008,18+,55/100,0,1,0,0,1,,,,6.9/10,
2739,Rosario + Vampire,2008,18+,55/100,0,1,0,0,1,,,,7.0/10,
2740,All Saints,1998,16+,55/100,0,1,0,0,1,"drama television series, LGBT-related television series, medical drama",Australia,English,10.0,tt0163924
2741,Fast N' Loud,2012,16+,55/100,0,1,0,0,1,reality television,United States,English,7.0,tt2346169
2742,Upper Middle Bogan,2013,16+,55/100,0,1,0,0,1,comedy television series,Australia,English,9.0,tt2401525
2743,Toilet-Bound Hanako-kun,2020,16+,55/100,0,1,0,0,1,,,,7.6/10,
2744,Barbarians Rising,2016,18+,55/100,0,1,0,0,1,,United States,,8.0,tt5807292
2745,Prey,2014,,55/100,0,1,0,0,1,,,,7.2/10,
2747,Silk Stalkings,1991,16+,55/100,0,1,0,0,1,"crime television series, drama television series",United States,English,8.0,tt0101198
2748,Match Game,1973,7+,55/100,0,1,1,0,1,panel game,United States,English,7.5,tt0055688
2749,The Most Dangerous Animal of All,2020,16+,55/100,0,1,0,0,1,,,,6.3/10,
2750,Arifureta: From Commonplace to World's Strongest,2019,16+,55/100,0,1,0,0,1,,,,7.0/10,
2751,Renegade,1992,16+,55/100,0,1,0,0,1,action television series,United States,English,6.0,tt0103524
2752,Disappeared,2009,7+,55/100,0,1,0,0,1,"true crime, television documentary",United States,,9.0,tt1563280
2753,My Favorite Martian,1963,all,55/100,0,1,0,1,1,"fantasy television series, science fiction television program, American television sitcom",United States,English,7.2,tt0056775
2754,Wise Man’s Grandchild,2019,16+,55/100,0,1,0,0,1,,,,6.8/10,
2755,The Slap,2015,16+,55/100,0,1,1,0,1,drama television series,Australia,English,8.0,tt1823011
2756,Daniel Deronda,2002,,55/100,0,1,0,0,1,,,,7.2/10,
2757,90 Day Fiancé: Before the 90 Days,2017,16+,55/100,0,1,0,0,1,,,,6.8/10,
2758,Love Thy Neighbor,2013,7+,55/100,0,1,0,0,1,comedy television series,United States,English,1.0,tt2834032
2759,Infinite Stratos,2011,18+,55/100,0,1,0,0,1,,,,6.7/10,
2760,A Certain Scientific Railgun,2009,16+,55/100,0,1,0,0,1,,,,7.6/10,
2761,Taggart,1983,18+,55/100,0,1,0,0,1,"crime television series, police television drama, drama television series",United Kingdom,,7.4,tt0088621
2762,Call Me Kat,2021,7+,55/100,0,1,0,0,1,American television sitcom,United States,English,8.0,tt10985096
2763,My Love Story!!,2015,16+,55/100,0,1,0,0,1,,,,7.8/10,
2764,Digimon Adventure:,2020,all,55/100,0,1,0,0,1,,,,7.4/10,
2766,City Homicide,2007,16+,55/100,0,1,0,0,1,"drama television series, police procedural",Australia,English,8.0,tt1024932
2767,The Lucy Show,1962,7+,55/100,0,1,0,0,1,American television sitcom,United States,English,6.0,tt0055686
2768,Bering Sea Gold,2012,all,55/100,0,1,0,0,1,reality television,United States,,9.0,tt2182427
2769,Dog with a Blog,2012,all,55/100,0,1,0,1,1,"sitcom, children's television series",United States,English,7.0,tt2222135
2770,Beyond Scared Straight,2011,18+,55/100,0,1,0,0,1,television documentary,United States,English,1.0,tt1707374
2771,Deutschland 89,2020,,55/100,0,1,0,0,1,"drama television series, espionage television series",Germany,German,9.0,tt8760304
2772,The Smile Has Left Your Eyes,2018,all,55/100,0,1,0,0,1,"thriller television series, drama television series, mystery television series, romance television series",South Korea,Korean,9.0,tt8696768
2773,Bakuman。,2010,16+,55/100,0,1,0,0,1,,,,8.0/10,
2774,Castaways,2018,7+,55/100,0,1,0,0,1,reality show,United States,English,10.0,tt8589128
2776,Iron Chef America,2005,all,54/100,0,1,0,0,1,,United States,English,7.1,tt0441718
2777,Your Pretty Face Is Going to Hell,2013,18+,54/100,0,1,0,0,1,"comedy television series, slapstick, black comedy",United States,English,10.0,tt2362694
2778,Jersey Shore,2009,16+,54/100,0,1,0,0,1,"reality television, docu-soap",United States,English,1.0,tt1563069
2779,Tim and Eric's Bedtime Stories,2014,18+,54/100,0,1,0,0,1,anthology series,United States,,10.0,tt3292726
2780,ID: INVADED,2020,18+,54/100,0,1,0,0,1,,,,7.7/10,
2781,Undercover Boss,2010,7+,54/100,0,1,0,0,1,reality television,United States,English,8.0,tt1442553
2782,Sex&Drugs&Rock&Roll,2015,16+,54/100,0,1,0,0,1,comedy,United States,English,10.0,tt3594982
2783,Vanished,2006,18+,54/100,0,1,0,0,1,,,,7.0/10,
2784,Skin Wars,2014,16+,54/100,0,1,0,0,1,reality television,United States,,3.0,tt3231286
2785,Hollywood Game Night,2013,7+,54/100,0,1,0,0,1,game show,United States,English,1.0,tt3037520
2786,A Christmas Carol,2019,18+,54/100,0,1,0,1,1,,,,7.2/10,
2787,Black Narcissus,2020,18+,54/100,0,1,0,0,1,television series based on a novel,United Kingdom,English,8.0,tt8001136
2789,Pramface,2012,16+,54/100,0,1,0,0,1,sitcom,United Kingdom,English,9.0,tt2239949
2790,Buzzfeed Unsolved - Supernatural,2016,,54/100,0,1,1,0,1,,,,8.7/10,
2791,The Lowe Files,2017,7+,54/100,0,1,1,0,1,,United States,,10.0,tt7214622
2792,When the Weather is Fine,2020,,54/100,0,1,0,0,1,"drama film, romance film",South Korea,Korean,9.0,tt11535086
2793,Kämpfer,2009,18+,54/100,0,1,0,0,1,,,,6.2/10,
2794,City So Real,2020,16+,54/100,0,1,0,0,1,television documentary,United States,English,4.0,tt11469904
2795,American Idol,2002,7+,54/100,0,1,0,0,1,singing talent show,United States,English,4.3,tt0319931
2796,Lincoln Heights,2007,7+,54/100,0,1,0,0,1,drama television series,United States,,10.0,tt0775374
2797,Some Girls,2012,16+,54/100,0,1,0,0,1,,,,7.7/10,
2798,The Asterisk War,2015,16+,54/100,0,1,0,0,1,,,,6.9/10,
2799,The Housewife and the Hustler,2021,,54/100,0,1,0,0,1,,,,6.4/10,
2800,Nura: Rise of the Yokai Clan,2010,16+,54/100,0,1,0,0,1,,,,7.6/10,
2801,Find Me in Paris,2018,all,54/100,0,1,0,0,1,"romance film, LGBT-related television series","France, Germany",English,7.0,tt7150060
2802,Devils' Line,2018,18+,54/100,0,1,0,0,1,,,,6.9/10,
2803,Wander Over Yonder,2013,7+,54/100,0,1,0,1,1,,,,7.2/10,
2804,The Qwaser of Stigmata,2010,18+,54/100,0,1,0,0,1,,,,5.6/10,
2805,Trust Me,2017,,54/100,0,1,0,0,1,,,,7.0/10,
2806,Dream Corp LLC,2016,16+,54/100,0,1,0,0,1,comedy,United States,English,10.0,tt5475704
2807,Top Gear,2010,7+,54/100,0,1,1,0,1,"automotive television show, entertainment television program, factual television program",United Kingdom,English,8.7,tt1628033
2808,Swamp People,2010,7+,54/100,0,1,1,0,1,"documentary film, reality television",United States,English,6.2,tt1747551
2809,Still 17,2018,,54/100,0,1,0,0,1,"comedy film, romance film, drama television series",South Korea,Korean,7.0,tt8648696
2810,Kiri,2018,,54/100,0,1,0,0,1,,,,6.7/10,
2811,Baghdad Central,2020,,54/100,0,1,0,0,1,"crime thriller film, neo-noir",United Kingdom,"English, Arabic",8.0,tt7411098
2812,Haganai: I Don't Have Many Friends,2011,18+,54/100,0,1,0,0,1,,,,7.1/10,
2813,Coupling,2000,7+,53/100,0,1,0,0,1,sitcom,United Kingdom,English,8.5,tt0237123
2814,Witchblade,2006,18+,53/100,0,1,0,0,1,,United States,English,6.5,tt0274298
2815,The Bachelor,2002,16+,53/100,0,1,0,0,1,reality television,United States,English,3.0,tt0313038
2816,Just Between Lovers,2017,,53/100,0,1,0,0,1,"Korean drama, drama film, romance film",South Korea,,8.0,tt7521898
2817,Doc McStuffins,2012,all,53/100,0,1,0,1,1,,,,6.6/10,
2818,The Sister,2020,,53/100,0,1,0,0,1,,,,5.7/10,
2819,To Tell the Truth,2016,7+,53/100,0,1,0,0,1,panel game,United States,English,7.7,tt0048907
2820,Bachelor in Paradise,2014,16+,53/100,0,1,0,0,1,reality television,United States,English,1.0,tt3780132
2821,Hikaru no Go,2001,all,53/100,0,1,0,0,1,"Chinese television drama, fantasy television series",People's Republic of China,Chinese,10.0,tt13364846
2822,Everyone Is Doing Great,2021,,53/100,0,1,0,0,1,,,,8.0,tt7082442
2823,Bring It!,2014,7+,53/100,0,1,1,0,1,reality television,United States,,6.7/10,
2824,Criminal Justice,2008,,53/100,0,1,0,0,1,drama television series,United Kingdom,,10.0,tt1188927
2825,Street Outlaws,2013,7+,53/100,0,1,0,0,1,,United States,English,2.0,tt3027156
2826,Zomboat!,2019,,53/100,0,1,0,0,1,,,,7.0/10,
2827,Accel World,2012,16+,53/100,0,1,0,0,1,,,,7.1/10,
2828,Beat Shazam,2017,16+,53/100,0,1,0,0,1,game show,United States,English,5.0,tt6917254
2829,Eden of the East,2009,18+,53/100,0,1,0,0,1,,,,7.6/10,
2830,Saints & Sinners,2016,16+,53/100,0,1,0,0,1,"LGBT-related television series, soap opera",United States,English,10.0,tt5336934
2831,America's Most Wanted,1988,7+,53/100,0,1,0,0,1,reality television,United States,English,7.2,tt0094415
2832,Seed,2013,18+,53/100,0,1,0,0,1,,,,5.6/10,
2833,"I Love You, America",2017,18+,53/100,0,1,0,0,1,talk show,United States,English,10.0,tt7509270
2834,Young Hercules,1998,7+,53/100,0,1,0,0,1,"action television series, children's television series, fantasy television series",United States,English,6.0,tt0169516
2835,The Commish,1991,16+,53/100,0,1,0,0,1,"comedy drama, crime television series",United States,English,7.1,tt0101069
2836,Vanderpump Rules,2013,16+,53/100,0,1,0,0,1,reality television,United States,English,1.0,tt2343157
2837,Zeke and Luther,2009,7+,53/100,0,1,0,0,1,teen sitcom,United States,English,6.4,tt1189346
2838,Oreimo,2010,16+,53/100,0,1,0,0,1,,,,6.4/10,
2839,Treehouse Masters,2013,7+,53/100,0,1,0,0,1,reality television,United States,,7.2,tt2838492
2840,The Real Housewives of Atlanta,2008,16+,53/100,0,1,0,0,1,reality television,United States,English,1.0,tt1252370
2841,Bedlam,2011,16+,53/100,0,1,0,0,1,horror fiction,United Kingdom,English,8.0,tt1822448
2842,Slayers,1995,7+,53/100,0,1,0,0,1,,,,7.5/10,
2843,The Gong Show,1976,7+,53/100,0,1,0,0,1,,United States,,7.0,tt0133303
2844,James May's Man Lab,2010,,53/100,0,1,1,0,1,documentary film,United Kingdom,,7.8,tt1750269
2845,Mr. D,2012,,53/100,0,1,0,0,1,,,,6.6/10,
2846,Kick Buttowski: Suburban Daredevil,2010,7+,53/100,0,1,0,1,1,,,,6.6/10,
2847,The Real Housewives of Potomac,2016,16+,53/100,0,1,0,0,1,reality television,United States,English,10.0,tt5327970
2848,"Good Morning, Miss Bliss",1988,all,53/100,0,1,0,0,1,"teen sitcom, American television sitcom",United States,English,6.7,tt0092363
2849,Astra Lost in Space,2019,16+,53/100,0,1,0,0,1,,,,8.1/10,
2850,Nurses,2020,7+,52/100,0,1,0,0,1,American television sitcom,United States,English,9.0,tt0101158
2851,Dragon Quest: The Adventure of Dai,2020,,52/100,0,1,0,0,1,,,,8.2/10,
2852,Feed the Beast,2016,16+,52/100,0,1,0,0,1,drama television series,United States,English,8.0,tt5363766
2853,A Wilderness of Error,2020,18+,52/100,0,1,0,0,1,,United States,,3.0,tt4504936
2855,Devil May Care,2021,18+,52/100,0,1,0,0,1,,,,6.0/10,
2856,Handy Manny,2006,all,52/100,0,1,0,1,1,,,,5.6/10,
2857,Deca-Dence,2020,16+,52/100,0,1,0,0,1,,,,7.0/10,
2859,Love Island Australia,2018,18+,52/100,0,1,0,0,1,reality television,Australia,English,7.0,tt8467296
2860,The Circus,2016,16+,52/100,0,1,0,0,1,,,,7.0/10,
2861,WWE NXT,2010,7+,52/100,0,1,0,0,1,"professional wrestling, reality television",United States,English,8.0,tt1601141
2865,Ruyi's Royal Love in the Palace,2018,,52/100,0,1,1,0,1,Jidaigeki,People's Republic of China,Putonghua,10.0,tt7817930
2866,Trafficked with Mariana van Zeller,2020,16+,52/100,0,1,0,0,1,,,,8.0,tt10370750
2867,Hillary,2020,7+,52/100,0,1,0,0,1,,,,6.5/10,
2868,La Patrona,2013,16+,52/100,0,1,0,0,1,telenovela,Mexico,Spanish,9.0,tt2585808
2869,Maison close,2010,18+,52/100,0,1,0,0,1,LGBT-related television series,France,French,7.0,tt1521186
2870,Shahs of Sunset,2012,16+,52/100,0,1,0,0,1,reality television,United States,English,8.0,tt1997999
2872,Tanked,2011,7+,52/100,0,1,0,0,1,reality television,United States,English,5.0,tt1849622
2873,Little Women: LA,2014,16+,52/100,0,1,1,0,1,reality television,United States,,5.0,tt3761278
2874,Quick Draw,2013,16+,52/100,0,1,0,0,1,comedy television series,United States,,9.0,tt2883562
2875,Food Network Star,2005,7+,52/100,0,1,0,0,1,reality television,United States,English,6.4,tt0461727
2876,Three Sheets,2006,18+,52/100,0,1,0,0,1,reality television,United States,,10.0,tt0818464
2877,F*ck That's Delicious,2016,18+,52/100,0,1,0,0,1,,,,8.0/10,
2878,Blood-C,2011,18+,52/100,0,1,0,0,1,,,,6.3/10,
2879,Unusual Suspects,2010,16+,52/100,0,1,0,0,1,television documentary,United States,English,8.0,tt1546360
2881,Food Paradise,2007,all,51/100,0,1,0,0,1,,United States,English,10.0,tt1200227
2882,Black Jesus,2014,18+,51/100,0,1,0,0,1,American television sitcom,United States,English,10.0,tt3589872
2883,The Dick Cavett Show,1968,,51/100,0,1,0,0,1,talk show,United States,,8.3,tt0063894
2884,ItaKiss,2008,16+,51/100,0,1,0,0,1,,,,7.4/10,
2885,Monsterland,2020,,51/100,0,1,0,0,1,,United States,American English,6.0,tt10404698
2886,The Aliens,2016,7+,51/100,0,1,0,0,1,science fiction television program,United Kingdom,English,8.0,tt5458832
2887,Webster,1983,all,51/100,0,1,0,0,1,American television sitcom,United States,English,9.0,tt0085109
2888,Getting On,2009,16+,51/100,0,1,0,0,1,sitcom,United Kingdom,,3.0,tt1468773
2889,Kono Oto Tomare!: Sounds of Life,2019,7+,51/100,0,1,0,0,1,,,,8.0/10,
2890,Dante's Cove,2005,18+,51/100,0,1,0,0,1,"soap opera, LGBT-related television series, drama television series",United States,English,8.0,tt0414731
2891,Freakish,2016,16+,51/100,0,1,0,0,1,horror fiction,United States,,6.2,tt5875646
2892,Chuggington,2008,all,51/100,0,1,0,0,1,,,,5.9/10,
2893,The Hills,2006,7+,51/100,0,1,1,0,1,reality television,United States,English,1.0,tt0489598
2894,The Awesomes,2013,16+,51/100,0,1,0,0,1,,,,7.3/10,
2895,Plunderer,2020,16+,51/100,0,1,0,0,1,,,,6.4/10,
2896,Yu-Gi-Oh! 5D's,2008,13+,51/100,0,1,1,0,1,,,,6.8/10,
2897,Too Cute,2011,7+,51/100,0,1,0,0,1,documentary film,United States,,10.0,tt2197519
2898,Hollyoaks,1995,16+,51/100,0,1,0,0,1,"soap opera, drama television series, youth series",United Kingdom,English,4.6,tt0112004
2899,Absolute Duo,2015,18+,51/100,0,1,0,0,1,,,,6.4/10,
2900,Total Divas,2013,16+,51/100,0,1,0,0,1,reality television,United States,English,10.0,tt3056472
2901,What Would You Do?,2008,7+,51/100,0,1,0,0,1,"television news magazine, hidden camera show",United States,English,10.0,tt1361787
2902,Born This Way,2015,7+,51/100,0,1,0,0,1,,,,8.5/10,
2903,The Menendez Murders: Erik Tells All,2017,,51/100,0,1,0,0,1,,,,7.5/10,
2904,Late Night with Seth Meyers,2014,16+,51/100,0,1,0,0,1,late-night talk show,United States,American English,8.0,tt3513388
2905,Is This a Zombie?,2011,18+,51/100,0,1,0,0,1,,,,7.1/10,
2906,Flavor of Love,2006,16+,51/100,0,1,0,0,1,reality television,United States,,4.8,tt0488262
2907,Momma Named Me Sheriff,2019,18+,51/100,0,1,0,0,1,,United States,,8.0,tt11305746
2908,Hunderby,2012,16+,51/100,0,1,0,0,1,,United Kingdom,,10.0,tt2375858
2909,World of Dance,2017,7+,51/100,0,1,0,0,1,talent show,United States,English,7.3,tt5895884
2910,Gap Year,2017,,51/100,0,1,0,0,1,comedy,United Kingdom,English,8.0,tt5793948
2911,The Driver,2014,16+,51/100,0,1,0,0,1,drama television series,United Kingdom,,6.9,tt3956604
2912,In My Skin,2020,16+,51/100,0,1,0,0,1,"comedy, black comedy film, drama fiction",United Kingdom,,9.0,tt8594528
2913,Rin-ne,2015,16+,51/100,0,1,0,0,1,,,,6.6/10,
2914,Cults and Extreme Belief,2018,16+,51/100,0,1,0,0,1,,United States,,7.4,tt8457940
2915,Napoleon Dynamite,2012,7+,51/100,0,1,0,0,1,,,,6.4/10,
2916,Man Up!,2011,7+,51/100,0,1,0,0,1,American television sitcom,United States,English,10.0,tt1828238
2917,Butterfly,2018,,51/100,0,1,0,0,1,,,,6.4/10,
2918,Worth It,2016,,51/100,0,1,1,0,1,,,,8.6/10,
2919,Blood Lad,2013,16+,51/100,0,1,0,0,1,,,,7.1/10,
2920,The F Word,2005,18+,50/100,0,1,0,0,1,cooking show,United Kingdom,English,10.0,tt0490035
2921,Siblings,2014,,50/100,0,1,0,0,1,,United Kingdom,,7.0,tt3449528
2922,Law & Order True Crime,2017,16+,50/100,0,1,0,0,1,"anthology series, true crime, drama television series",United States,English,9.0,tt6110318
2923,"The $100,000 Pyramid",2016,16+,50/100,0,1,0,0,1,,United States,,7.0,tt11718300
2924,Stars Align,2019,16+,50/100,0,1,0,0,1,,,,7.2/10,
2925,Blast of Tempest,2012,16+,50/100,0,1,0,0,1,,,,7.6/10,
2926,Ask This Old House,2002,all,50/100,0,1,0,0,1,,United States,English,10.0,tt0369081
2927,East Los High,2013,16+,50/100,0,1,0,0,1,"teen drama television, LGBT-related television series",United States,"English, Spanish",9.0,tt2312036
2928,Sister Wives,2010,16+,50/100,0,1,0,0,1,reality television,United States,English,5.0,tt1721666
2929,Place to Place,2012,7+,50/100,0,1,0,0,1,,,,6.7/10,
2932,The New Detectives,1996,7+,50/100,0,1,0,0,1,television documentary,United States,English,4.0,tt0279573
2933,Who The (Bleep) Did I Marry?,2010,7+,50/100,0,1,0,0,1,television documentary,United States,English,6.8,tt1705096
2934,Crossing Swords,2020,18+,50/100,0,1,0,0,1,,,,6.6/10,
2935,Baka and Test: Summon the Beasts,2010,7+,50/100,0,1,0,0,1,,,,7.3/10,
2936,Marido en Alquiler,2013,,50/100,0,1,0,0,1,telenovela,United States,Spanish,8.0,tt2877678
2937,Boy Band,2017,,50/100,0,1,0,0,1,reality television,United States,,1.0,tt6977146
2938,Threesome,2011,18+,50/100,0,1,0,0,1,comedy television series,United Kingdom,English,3.0,tt2071322
2939,Maken-Ki! Battling Venus,2011,18+,50/100,0,1,0,0,1,,,,6.1/10,
2940,Sherman's Showcase,2019,18+,50/100,0,1,0,0,1,,United States,English,10.0,tt7422812
2941,Yashahime: Princess Half-Demon,2020,16+,50/100,0,1,0,0,1,,,,7.2/10,
2942,Outbreak Company,2013,16+,50/100,0,1,0,0,1,,,,6.8/10,
2943,Marriage Boot Camp: Reality Stars,2014,16+,50/100,0,1,0,0,1,reality television,United States,English,1.0,tt2932120
2944,Dagashi Kashi,2016,16+,50/100,0,1,0,0,1,,,,6.2/10,
2945,Fashion House,2006,18+,50/100,0,1,0,0,1,soap opera,United States,English,2.0,tt0787407
2946,Southern Gothic,2020,,50/100,0,1,0,0,1,,,,7.0/10,
2947,I Am Frankie,2017,all,50/100,0,1,0,0,1,"science fiction television program, drama television series",United States,English,8.0,tt5620962
2949,Our Cartoon President,2018,16+,50/100,0,1,0,0,1,,,,5.1/10,
2950,Marrying Millions,2019,,49/100,0,1,0,0,1,,United States,,5.0/10,
2951,Our Last Crusade or the Rise of a New World,2020,16+,49/100,0,1,0,0,1,,,,6.4/10,
2952,The Furchester Hotel,2014,all,49/100,0,1,0,0,1,children's television series,United Kingdom,English,7.4,tt3562366
2953,Little Mosque on the Prairie,2007,7+,49/100,0,1,0,0,1,comedy television series,Canada,English,7.0,tt0923293
2954,The Wallflower,2006,16+,49/100,0,1,0,0,1,,,,7.4/10,
2955,The Real Housewives of Orange County,2006,16+,49/100,0,1,0,0,1,reality television,United States,English,5.0,tt0497079
2956,Married to Medicine,2013,16+,49/100,0,1,0,0,1,reality television,United States,English,10.0,tt2543378
2958,The Real Housewives of New Jersey,2009,16+,49/100,0,1,0,0,1,reality television,United States,English,3.0,tt1411598
2959,Cold Squad,1998,16+,49/100,0,1,0,0,1,police procedural,Canada,English,6.9,tt0138959
2960,The Murder of Laci Peterson,2017,16+,49/100,0,1,1,0,1,,United States,,6.0,tt7293016
2961,Uta no Prince-sama,2011,16+,49/100,0,1,0,0,1,,,,6.7/10,
2962,Alone: The Beast,2020,7+,49/100,0,1,0,0,1,,,,5.8/10,
2964,Stacked,2005,7+,49/100,0,1,0,0,1,American television sitcom,United States,English,7.0,tt0448303
2965,Caillou,1998,all,49/100,0,1,1,0,1,,,,4.0/10,
2966,Snake City,2014,16+,49/100,0,1,0,0,1,,South Africa,,8.0,tt7349460
2968,StarTalk with Neil deGrasse Tyson,2015,all,49/100,0,1,1,0,1,,,,7.8/10,
2969,Wasted,2016,18+,49/100,0,1,0,0,1,,,,7.4/10,
2970,Astro Boy,1980,all,49/100,0,1,1,0,1,,,,7.3/10,
2971,Total Wipeout,2009,,49/100,0,1,1,0,1,game show,United Kingdom,,1.0,tt1294955
2972,Hetalia,2009,18+,49/100,0,1,0,0,1,,,,7.4/10,
2973,Air Gear,2006,18+,49/100,0,1,0,0,1,,,,7.2/10,
2974,Press Your Luck,2019,7+,49/100,0,1,0,0,1,game show,United States,English,7.5,tt0136655
2975,BLUE DRAGON,2007,,49/100,0,1,0,0,1,,,,6.4/10,
2976,恋と選挙とチョコレート,2012,18+,49/100,0,1,0,0,1,,,,6.6/10,
2977,Black Blood Brothers,2006,16+,49/100,0,1,0,0,1,,,,7.1/10,
2978,Below the Surface,2017,,49/100,0,1,0,0,1,"drama television series, crime thriller film, thriller film",Denmark,"Danish, English",5.0,tt5180734
2980,Arliss,1996,,49/100,0,1,0,0,1,sitcom,United States,English,7.1,tt0115101
2981,The Gumby Show,1955,all,48/100,0,1,1,0,1,,,,7.0/10,
2982,Are You Smarter Than a 5th Grader?,2007,7+,48/100,0,1,0,0,1,,Australia,English,6.0,tt1175617
2983,Maxxx,2020,,48/100,0,1,0,0,1,,,,6.4/10,
2984,Jeopardy! The Greatest of All Time,2020,7+,48/100,0,1,0,0,1,,,,8.7/10,
2985,The Strange Calls,2012,18+,48/100,0,1,0,0,1,comedy television series,Australia,,8.0,tt2268019
2986,Victoria's Secret Fashion Show,1999,18+,48/100,0,1,0,0,1,,,,8.1/10,
2987,Flavor of Love Girls: Charm School,2007,,48/100,0,1,0,0,1,reality television,United States,English,8.0,tt0896084
2988,Card Sharks,2019,7+,48/100,0,1,0,0,1,quiz show,United States,English,10.0,tt0127991
2989,America: Our Defining Hours,2020,,48/100,0,1,0,0,1,,,,,
2990,The Killer Speaks,2013,16+,48/100,0,1,0,0,1,documentary film,United States,,3.0,tt2860762
2992,Nutri Ventures – The Quest for the 7 Kingdoms,2013,all,48/100,0,1,0,0,1,,,,7.8/10,
2993,Call Your Mother,2021,7+,48/100,0,1,0,0,1,sitcom,United States,English,4.0,tt11058114
2994,Lincoln: Divided We Stand,2021,,48/100,0,1,0,0,1,,,,7.6/10,
2995,Toopy and Binoo,2005,all,48/100,0,1,0,0,1,"comedy television series, children's television series","Canada, United States",,8.0,tt0459161
2996,Miz & Mrs,2018,16+,48/100,0,1,0,0,1,reality show,United States,English,10.0,tt8050736
2997,The Loop,2006,16+,48/100,0,1,0,0,1,sitcom,United States,English,7.3,tt0460655
2998,Weakest Link,2001,7+,48/100,0,1,0,0,1,,Hong Kong,Cantonese,5.5,tt0281521
2999,Property Brothers: Buying and Selling,2012,all,48/100,0,1,0,0,1,,Canada,English,8.0,tt2272112
3000,Breaking Amish,2012,16+,48/100,0,1,0,0,1,reality television,United States,English,5.1,tt2386354
3002,Cleopatra in Space,2020,all,48/100,0,1,0,0,1,,United States,,10.0,tt11343400
3003,Mental Samurai,2019,7+,48/100,0,1,0,0,1,game show,United States,English,10.0,tt8888210
3004,The Adventures of Paddington Bear,1997,all,48/100,0,1,0,0,1,,,,7.1/10,
3005,A Very Brady Renovation,2019,,48/100,0,1,0,0,1,reality television series,United States,English,6.0,tt9278110
3006,Saved by the Bell: The College Years,1993,7+,48/100,0,1,0,0,1,"teen sitcom, American television sitcom",United States,,9.0,tt0106122
3007,"Demon Lord, Retry!",2019,16+,48/100,0,1,0,0,1,,,,6.8/10,
3008,Don't,2020,16+,48/100,0,1,0,0,1,comedy television series,Greece,Greek,3.0,tt3264772
3009,Uncle Grandpa,2013,7+,48/100,0,1,0,0,1,,,,4.3/10,
3010,Behind Bars: Rookie Year,2015,16+,48/100,0,1,0,0,1,,,,7.8/10,
3011,Black Cat,2005,7+,48/100,0,1,0,0,1,,,,7.1/10,
3012,Metástasis,2014,16+,48/100,0,1,0,0,1,police film,"United States, Colombia",Spanish,1.0,tt3190448
3014,Lucas Bros Moving Co,2013,18+,48/100,0,1,0,0,1,,,,7.0/10,
3015,Total Bellas,2016,16+,48/100,0,1,0,0,1,reality television,United States,English,10.0,tt5646172
3016,Aria the Scarlet Ammo,2011,16+,48/100,0,1,0,0,1,,,,6.7/10,
3017,Chopped Junior,2015,,48/100,0,1,0,0,1,,United States,,6.3,tt5226884
3018,Heartstrings,2011,16+,47/100,0,1,0,0,1,drama television series,South Korea,Korean,10.0,tt2623064
3019,Dancing with the Stars,2005,7+,47/100,0,1,0,0,1,"talent show, dance competition",United States,American English,2.0,tt0463398
3020,The Other Guy,2017,18+,47/100,0,1,0,0,1,,Australia,,10.0,tt6934964
3022,The Kennedys,2015,7+,47/100,0,1,0,0,1,"drama television series, historical television series","United States, Canada",American English,7.0,tt1567215
3023,Holiday Baking Championship,2014,all,47/100,0,1,0,0,1,,United States,English,9.0,tt4226226
3024,Capital One College Bowl,2021,,47/100,0,1,0,0,1,,,,5.4/10,
3025,Love & Hip Hop Hollywood,2014,16+,47/100,0,1,0,0,1,,,,5.1/10,
3026,Corpse Princess,2008,7+,47/100,0,1,0,0,1,,,,6.9/10,
3027,The Wall,2016,7+,47/100,0,1,1,0,1,game show,United States,English,2.0,tt6304194
3028,Divorce Court,1999,16+,47/100,0,1,0,0,1,,Australia,,4.2/10,
3029,Unikitty!,2017,7+,47/100,0,1,0,0,1,,,,5.6/10,
3030,Sheriff Callie's Wild West,2013,all,47/100,0,1,0,1,1,,,,6.5/10,
3031,Miles from Tomorrowland,2015,all,47/100,0,1,0,1,1,,,,6.6/10,
3032,Caribbean Life,2014,all,47/100,0,1,0,0,1,,,,8.0,tt3667052
3033,Psychic Detective Yakumo,2010,16+,47/100,0,1,0,0,1,"mystery fiction, drama television series",Japan,Japanese,9.0,tt1715081
3034,Monster Rancher,1999,7+,47/100,0,1,1,0,1,,,,7.1/10,
3035,Big Windup!,2007,7+,47/100,0,1,0,0,1,,,,7.7/10,
3036,Duenos Del Paraiso,2015,16+,47/100,0,1,0,0,1,"action television series, drama television series, crime television series","United States, Chile","Spanish, English",3.0,tt3975034
3037,To Catch a Smuggler,2012,7+,47/100,0,1,0,0,1,,,,10.0,tt12597878
3038,Fugget About It,2012,18+,47/100,0,1,0,0,1,,,,6.0/10,
3039,Yu-Gi-Oh! Arc-V,2014,7+,47/100,0,1,1,0,1,,,,6.3/10,
3040,Bong Appétit,2016,16+,47/100,0,1,0,0,1,,,,10.0,tt6834076
3041,Nosotros los Guapos,2016,13+,47/100,0,1,0,0,1,"comedy, satire",Mexico,Spanish,10.0,tt7112114
3042,Max Steel,2000,7+,47/100,0,1,0,0,1,,,,6.3/10,
3043,"Golan, The Insatiable",2013,16+,47/100,0,1,0,0,1,,,,6.9/10,
3044,Dead Boss,2012,,46/100,0,1,0,0,1,sitcom,United Kingdom,,8.0,tt2201416
3045,Pinky Dinky Doo,2006,all,46/100,0,1,0,0,1,,,,6.4/10,
3046,No Guns Life,2019,16+,46/100,0,1,0,0,1,,,,6.8/10,
3047,The Munsters Today,1988,,46/100,0,1,0,0,1,American television sitcom,United States,,10.0,tt0094518
3048,The First 48 Presents: Homicide Squad Atlanta,2019,16+,46/100,0,1,1,0,1,,,,8.3/10,
3049,Hello Kitty's Furry Tale Theater,1987,all,46/100,0,1,0,0,1,,,,6.4/10,
3050,Ladhood,2019,,46/100,0,1,0,0,1,,United Kingdom,,9.0,tt11333564
3051,Space Brothers,2012,16+,46/100,0,1,0,0,1,,,,8.1/10,
3052,Little Women: Atlanta,2016,16+,46/100,0,1,1,0,1,,United States,,10.0,tt5690880
3053,Arte,2020,16+,46/100,0,1,0,0,1,,,,7.0/10,
3054,"Ready, Steady, Wiggle!",2013,all,46/100,0,1,0,0,1,,,,7.8/10,
3055,The Hotwives of Orlando,2014,16+,46/100,0,1,0,0,1,sitcom,United States,,10.0,tt3453512
3056,"Ruff-Ruff, Tweet and Dave",2015,all,46/100,0,1,0,0,1,,United States,,7.8,tt4457140
3057,Yu-Gi-Oh! Zexal,2011,7+,46/100,0,1,1,0,1,,,,5.0/10,
3058,Breadwinners,2005,7+,46/100,0,1,0,0,1,,,,2.5/10,
3059,Soul Eater Not!,2014,16+,46/100,0,1,0,0,1,,,,5.7/10,
3060,The Only Way Is Essex,2010,16+,46/100,0,1,0,0,1,reality television,United Kingdom,English,1.0,tt1737565
3061,Living With Fran,2005,,46/100,0,1,0,0,1,American television sitcom,United States,English,5.8,tt0402471
3062,Mythbusters Jr.,2019,7+,46/100,0,1,0,0,1,,United States,,9.0,tt8265286
3063,Cake,2019,18+,46/100,0,1,0,0,1,,,,6.2/10,
3064,Major Lazer,2015,18+,46/100,0,1,0,0,1,cartoon,United States,,10.0,tt4612950
3065,NASA's Unexplained Files,2012,all,46/100,0,1,0,0,1,documentary film,United States,English,3.0,tt3952194
3068,Brothers Conflict,2013,16+,46/100,0,1,0,0,1,,,,6.1/10,
3069,Astroblast!,2014,all,46/100,0,1,0,0,1,,,,6.6/10,
3070,Rosa Diamante,2012,,46/100,0,1,0,0,1,telenovela,Mexico,Spanish,10.0,tt2270670
3071,Urara Meirocho,2017,16+,46/100,0,1,0,0,1,,,,7.4/10,
3072,Hakumei and Mikochi,2018,16+,46/100,0,1,0,0,1,,,,7.4/10,
3073,Crimes of the Century,2013,,46/100,0,1,0,0,1,,,,7.1/10,
3074,Undefeated Bahamut Chronicle,2016,,45/100,0,1,0,0,1,,,,6.5/10,
3075,The New Adventures of Figaro Pho,2015,all,45/100,0,1,0,0,1,fantasy television series,Australia,,8.2,tt5016516
3076,When Nature Calls with Helen Mirren,2021,7+,45/100,0,1,0,0,1,,United States,,3.0,tt14494422
3077,Kono Yuusha ga Ore Tueee Kuse ni Shinchou Sugiru,2019,16+,45/100,0,1,0,0,1,,,,7.4/10,
3078,Tiny House Hunters,2014,all,45/100,0,1,0,0,1,,,,6.2/10,
3079,Bleak House,1985,,45/100,0,1,0,0,1,"drama television series, television series based on a novel",United Kingdom,English,8.3,tt0442632
3080,Hip Hop Uncovered,2021,,45/100,0,1,0,0,1,television documentary,United States,,10.0,tt10773770
3081,More Than Friends,2020,,45/100,0,1,0,0,1,romantic comedy,South Korea,,8.0,tt12879170
3082,Street Outlaws: Memphis,2018,16+,45/100,0,1,0,0,1,,,,6.6/10,
3083,Part of Me,2014,16+,45/100,0,1,0,0,1,,,,8.4/10,
3084,LEGO Friends,2012,all,45/100,0,1,1,0,1,,,,5.3,tt4049416
3085,Flea Market Flip,2012,all,45/100,0,1,0,0,1,reality television,United States,,6.0,tt2432822
3086,Rock the Block,2019,all,45/100,0,1,0,0,1,,,,6.7/10,
3087,Appare-Ranman!,2020,16+,45/100,0,1,0,0,1,,,,6.9/10,
3088,Kids Behind Bars: Life or Parole,2019,,45/100,0,1,1,0,1,,,,7.2/10,
3089,The Case That Haunts Me,2018,16+,45/100,0,1,0,0,1,,,,7.7/10,
3090,Senryu Girl,2019,7+,45/100,0,1,0,0,1,,,,7.0/10,
3091,Alguien Te Mira,2010,7+,45/100,0,1,0,0,1,telenovela,United States,Spanish,6.0,tt1748418
3092,All Night,2018,16+,45/100,0,1,0,0,1,,United States,,7.0,tt7292950
3093,El Clon,2000,,45/100,0,1,0,0,1,telenovela,"United States, Colombia, Brazil",Spanish,5.0,tt1596029
3094,1969,2019,,45/100,0,1,0,0,1,,,,7.0/10,
3095,Long Island Medium,2011,7+,45/100,0,1,0,0,1,reality television,United States,,1.0,tt2010806
3096,Buddy Complex,2013,,45/100,0,1,0,0,1,,,,7.3/10,
3097,Kaleido Star,2003,16+,45/100,0,1,0,0,1,,,,7.8/10,
3098,.hack,2002,7+,45/100,0,1,0,0,1,,,,6.9/10,
3099,The Tower of Druaga: The Aegis of Uruk,2008,7+,45/100,0,1,0,0,1,,,,6.7/10,
3100,Indebted,2020,,45/100,0,1,0,0,1,sitcom,United States,,3.0,tt9686380
3101,Psychic Kids,2008,16+,45/100,0,1,0,0,1,,United States,,1.0,tt1169839
3102,Stone Quackers,2014,18+,45/100,0,1,0,0,1,,,,6.8/10,
3103,Wicked Tuna: Outer Banks,2014,16+,45/100,0,1,0,1,1,reality television,United States,,6.0,tt4248510
3104,Genius Junior,2018,all,45/100,0,1,0,0,1,game show,United States,English,7.7,tt7439546
3105,I Love Jenni,2011,7+,45/100,0,1,0,0,1,reality television,United States,,6.6,tt1816839
3106,Bloque de Búsqueda,2016,,45/100,0,1,0,0,1,telenovela,Colombia,Spanish,10.0,tt5354818
3107,VanDread,2000,16+,45/100,0,1,0,0,1,,,,7.1/10,
3109,Broken Angel,2013,16+,45/100,0,1,0,0,1,"drama television series, crime television series, mystery television series, romantic thriller",United States,"Spanish, English",3.0,tt3072546
3110,Trolls: TrollsTopia,2020,7+,45/100,0,1,0,0,1,,,,7.1/10,
3111,Blippi,2014,all,45/100,0,1,1,0,1,,United States,,5.0,tt6594882
3113,Jann,2019,,44/100,0,1,0,0,1,,,,7.1/10,
3114,The Boonies,2016,,44/100,0,1,0,0,1,,,,7.3/10,
3115,Britain's Best Home Cook,2018,,44/100,0,1,0,0,1,,United Kingdom,,10.0,tt8364940
3116,Cardfight!! Vanguard,2011,16+,44/100,0,1,0,0,1,,,,7.2/10,
3117,Mrs. Piggle-Wiggle,1994,all,44/100,0,1,0,0,1,,,,1.0,tt0108868
3118,Spoilers,2012,,44/100,0,1,0,0,1,,United States,,5.0,tt2404125
3119,S·A特优生,2008,16+,44/100,0,1,0,0,1,,,,7.3/10,
3120,"Pinky, Elmyra & the Brain",1998,,44/100,0,1,0,0,1,,,,5.8/10,
3121,The Millionaire Matchmaker,2008,7+,44/100,0,1,0,0,1,reality television,United States,,1.0,tt1024167
3122,Azur Lane,2019,16+,44/100,0,1,0,0,1,,,,6.0/10,
3123,WWE Main Event,2012,7+,44/100,0,1,0,0,1,,United States,English,10.0,tt2659152
3124,House Hunters Renovation,2012,all,44/100,0,1,0,0,1,,,,5.0,tt3519870
3125,The Dude Perfect Show,2016,7+,44/100,0,1,0,0,1,,United States,,6.8,tt5512420
3126,Endlings,2020,7+,44/100,0,1,0,0,1,science fiction television program,Canada,,5.6,tt10267798
3127,Celebrity Wheel of Fortune,2021,7+,44/100,0,1,0,0,1,,United States,,10.0,tt13438882
3128,The Chew,2011,7+,44/100,0,1,0,0,1,talk show,United States,English,8.0,tt2071236
3129,The Show Must Go On: The Queen + Adam Lambert Story,2019,,44/100,1,1,0,0,1,,,,7.8/10,
3130,Return to Downton Abbey: A Grand Event,2019,,44/100,0,1,0,0,1,,,,6.5/10,
3131,D.Gray-man Hallow,2016,16+,44/100,0,1,0,0,1,,,,7.6/10,
3132,Ellen's Game of Games,2017,7+,44/100,0,1,0,0,1,"game show, reality television, comedy television series",United States,English,1.0,tt7369770
3133,Nina's World,2015,all,44/100,0,1,0,0,1,,"United States, Canada",,10.0,tt5899102
3134,Charlie Rose,1991,all,44/100,0,1,0,0,1,talk show,United States,English,7.5,tt0270116
3135,Love in the Time of Corona,2020,16+,44/100,0,1,0,0,1,romantic comedy,United States,,1.0,tt12624862
3136,El Fantasma de Elena,2010,16+,43/100,0,1,0,0,1,telenovela,United States,Spanish,6.9,tt1730842
3137,Holly Hobbie,2018,7+,43/100,0,1,0,0,1,musical film,"Canada, United States",English,10.0,tt8602408
3138,Eater's Guide to the World,2020,,43/100,0,1,0,0,1,,,,6.7,tt10276462
3139,Samurai Harem,2009,18+,43/100,0,1,0,0,1,,,,6.0/10,
3140,Negima!,2005,7+,43/100,0,1,0,0,1,,,,6.2/10,
3141,Australia's Next Top Model,2005,,43/100,0,1,0,0,1,reality television,Australia,English,9.0,tt0835977
3142,Love Connection,2017,16+,43/100,0,1,0,0,1,,United States,,8.0,tt0170968
3143,Forged in Fire: Beat the Judges,2020,7+,43/100,0,1,0,0,1,,,,8.6/10,
3144,Spring Baking Championship,2015,all,43/100,0,1,0,0,1,food reality television,United States,English,2.0,tt4658614
3145,Big Block SingSong,2012,all,43/100,0,1,0,0,1,,,,,
3146,Nabari no Ou,2008,16+,43/100,0,1,0,0,1,,,,6.5/10,
3147,Name That Tune,2021,7+,43/100,0,1,0,0,1,,,,4.9/10,
3148,Littlekenny,2019,,43/100,0,1,0,0,1,,,,6.9/10,
3149,My Super Sweet 16,2005,7+,43/100,0,1,0,0,1,reality television,United States,English,1.0,tt0445890
3150,Deadly Wives,2013,,43/100,0,1,0,0,1,,,,8.4/10,
3151,Kendra on Top,2012,7+,43/100,0,1,0,0,1,reality television,United States,,1.0,tt2328067
3152,I Can See Your Voice,2020,7+,43/100,0,1,0,0,1,game show,United States,,6.0,tt11710130
3153,The Con,2020,,43/100,0,1,0,0,1,,,,7.3/10,
3154,Battleground,2012,,43/100,0,1,0,0,1,,,,7.8/10,
3155,Hitler's Last Stand,2018,16+,43/100,0,1,0,0,1,,,,6.3,tt8675140
3156,Nightline,1980,7+,43/100,0,1,0,0,1,,New Zealand,,5.7/10,
3157,Special Forces,2012,,43/100,0,1,1,0,1,,,,9.0/10,
3158,Juana la virgen,2002,,42/100,0,1,0,0,1,"telenovela, romance film",Venezuela,Spanish,5.8,tt0312151
3159,Lost Gold of World War II,2019,7+,42/100,0,1,0,0,1,,,,6.5/10,
3160,Hayate the Combat Butler,2007,,42/100,0,1,0,0,1,,Taiwan,,6.6,tt6420718
3162,"Underworld, Inc.",2015,16+,42/100,0,1,0,0,1,,United States,,7.1/10,
3163,When Sharks Attack,2013,16+,42/100,0,1,0,1,1,,,,6.6/10,
3164,High School USA!,2013,18+,42/100,0,1,0,0,1,,,,6.4/10,
3165,Pooch Perfect,2021,7+,42/100,0,1,0,0,1,"reality television, game show",United Kingdom,,1.0,tt10919454
3166,El Mariachi,2014,,42/100,0,1,0,0,1,thriller,United States,Spanish,7.7,tt3135476
3167,The Mighty Ones,2020,7+,42/100,0,1,0,0,1,"comedy television series, fantasy television series",United States,,10.0,tt11714946
3168,Garo: The Animation,2014,all,42/100,0,1,0,0,1,,,,6.7/10,
3169,Arms Alchemy,2006,18+,42/100,0,1,0,0,1,,,,6.9/10,
3170,Who Killed Jeffrey Epstein?,2020,,42/100,0,1,0,0,1,,,,6.3/10,
3171,Where's Waldo?,2020,all,42/100,0,1,0,0,1,,,,7.5/10,
3172,Mad Mad House,2004,,42/100,0,1,0,0,1,reality television,United States,,6.6,tt0380926
3173,Abandoned,2012,,42/100,0,1,1,0,1,,,,,
3174,Blade Dance of Elementalers,2014,16+,42/100,0,1,0,0,1,,,,6.7/10,
3175,Zou,2012,,42/100,0,1,0,0,1,,,,6.9/10,
3176,Toddlers & Tiaras,2009,7+,42/100,0,1,0,0,1,reality television,United States,English,2.0,tt1364951
3177,Dead By Dawn,2019,,42/100,0,1,0,0,1,,,,7.2/10,
3178,Girls Beyond the Wasteland,2016,,42/100,0,1,0,0,1,,,,5.5/10,
3179,Gordon Ramsay's Home Cooking,2013,,42/100,0,1,0,0,1,,United Kingdom,,8.4,tt3949700
3180,60 Days In: Narcoland,2019,16+,42/100,0,1,0,0,1,,,,5.9/10,
3181,Basilisk,2005,18+,42/100,0,1,0,0,1,,,,4.8/10,
3182,Tree Fu Tom,2012,all,42/100,0,1,0,0,1,"comedy television series, live action/animated television series",United Kingdom,English,4.0,tt2299207
3183,Runaways,2012,16+,42/100,0,1,0,0,1,"action television series, fantasy television series, LGBT-related television series, science fiction television program",United States,English,9.0,tt1236246
3184,The Impostor,2014,,42/100,0,1,0,0,1,,,,7.6/10,
3185,Madagascar: A Little Wild,2020,all,42/100,0,1,0,0,1,,,,5.7/10,
3186,NY-LON,2004,18+,42/100,0,1,0,0,1,drama television series,United Kingdom,English,7.0,tt0421417
3187,WTF Baron Davis,2019,18+,42/100,0,1,0,0,1,,,,8.1/10,
3188,Ancient Top 10,2016,16+,42/100,0,1,0,0,1,,,,7.8/10,
3189,I Am Cait,2015,16+,42/100,0,1,0,0,1,"reality television series, LGBT-related television series",United States,English,3.6,tt4733278
3190,Pickle & Peanut,2015,7+,41/100,0,1,0,1,1,,,,4.3/10,
3191,Infinite Dendrogram,2020,16+,41/100,0,1,0,0,1,,,,5.8/10,
3192,Jamie's Quick & Easy Food,2017,all,41/100,0,1,0,0,1,,United Kingdom,,8.4/10,
3193,Aquarion,2005,18+,41/100,0,1,0,0,1,,,,6.5/10,
3194,Inside the NFL,1977,7+,41/100,0,1,0,0,1,American football film,United States,,1.0,tt0331136
3195,Gensomaden Saiyuki,2000,16+,41/100,0,1,0,0,1,,,,7.4/10,
3196,Swiss Family Robinson,1974,7+,41/100,0,1,0,1,1,television series based on a novel,Canada,,10.0,tt0068137
3197,The Toe Bro,2019,16+,41/100,0,1,0,0,1,,,,7.9/10,
3198,Anyone But Me,2009,16+,41/100,0,1,0,0,1,,,,7.2/10,
3199,The Dating Guy,2009,18+,41/100,0,1,0,0,1,,Canada,,4.0,tt1344959
3200,Celebs Go Dating,2016,18+,41/100,0,1,0,0,1,,United Kingdom,,1.0,tt5993484
3201,Planet Sheen,2010,7+,41/100,0,1,0,0,1,,,,3.0/10,
3202,College Hill,2004,,41/100,0,1,0,0,1,,,,5.5/10,
3203,To LOVEる -とらぶる- ダークネス2nd,2012,16+,41/100,0,1,0,0,1,,,,7.2/10,
3204,Good Morning America,1975,all,41/100,0,1,0,0,1,"news program, talk show",United States,English,2.0,tt0072506
3205,Who Wants to Be a Millionaire,2020,16+,41/100,0,1,0,0,1,game show,United States,American English,7.0,tt0211178
3206,Joe and Jack,2012,all,41/100,0,1,0,0,1,,Ireland,,9.0,tt2734194
3207,Kidô senshi Gandamu: The Origin I - Aoi hitomi no kyasubaru,2015,,40/100,0,1,0,0,1,,,,7.6/10,
3209,The Young Turks,2005,16+,40/100,0,1,1,0,1,talk show,United States,English,1.0,tt1714810
3210,Home Free,2015,all,40/100,0,1,0,0,1,American television sitcom,United States,English,7.6,tt0106027
3211,Paradise Run,2016,all,40/100,0,1,0,0,1,,United States,English,8.0,tt5361346
3212,Murder on the Internet,2017,,40/100,0,1,1,0,1,,,,6.7/10,
3213,A3!,2020,16+,40/100,0,1,0,0,1,,,,6.5/10,
3214,Game of Talents,2021,,40/100,0,1,0,0,1,game show,United States,English,6.0,tt13629660
3215,Jack Hanna's Into the Wild,2007,,40/100,0,1,0,0,1,,United States,,8.0,tt1224033
3216,How It Works,2007,all,40/100,0,1,0,0,1,,,,8.3/10,
3217,ClassicaLoid,2016,16+,40/100,0,1,0,0,1,,,,6.4/10,
3218,Kings of Pain,2019,16+,40/100,0,1,0,0,1,,United States,,10.0,tt11091524
3219,The View,1997,16+,40/100,0,1,0,0,1,talk show,United States,English,2.4,tt0123366
3220,The Celebrity Dating Game,2021,,40/100,0,1,0,0,1,,United States,English,10.0,tt0058795
3221,Rurangi,2020,,40/100,0,1,0,0,1,,New Zealand,,4.0,tt11177950
3223,American Greed: The Fugitives,2012,,40/100,0,1,0,0,1,,,,8.3/10,
3224,Mighty Magiswords,2015,7+,40/100,0,1,0,0,1,,,,4.9/10,
3225,The Paynes,2018,,40/100,0,1,0,0,1,sitcom,United States,English,4.0,tt6482686
3226,Basketball Wives LA,2011,7+,40/100,0,1,0,0,1,reality television,United States,English,4.1,tt2057544
3227,Forensic Factor,2003,18+,40/100,0,1,1,0,1,television documentary,Canada,,6.8,tt0420403
3229,The Weekly,2019,18+,40/100,0,1,0,0,1,television documentary,United States,English,8.0,tt8629150
3230,Connecting...,2020,7+,40/100,0,1,0,0,1,,,,5.1/10,
3231,Atlas Of Cursed Places,2020,,40/100,0,1,0,0,1,,,,5.2/10,
3232,The School That Tried to End Racism,2020,,40/100,0,1,0,0,1,,,,,
3233,Jim Henson Presents Mother Goose Stories,1990,all,40/100,0,1,0,0,1,,,,8.3/10,
3234,Side Effects,2013,,39/100,0,1,0,0,1,,,,7.4/10,
3235,Rock of Love with Bret Michaels,2007,18+,39/100,0,1,0,0,1,reality television,United States,English,10.0,tt0965393
3236,Bajo el Mismo Cielo,2015,16+,39/100,0,1,0,0,1,telenovela,United States,Spanish,7.2,tt4433296
3237,American Scandals,2015,,39/100,0,1,0,0,1,,,,8.3/10,
3238,Eva La Trailera,2017,16+,39/100,0,1,0,0,1,telenovela,United States,,7.0,tt5191206
3239,Born Behind Bars,2017,16+,39/100,0,1,0,0,1,,,,8.1/10,
3240,Torn from the Headlines: The New York Post Reports,2020,,39/100,0,1,0,0,1,,,,7.1/10,
3241,Seven Year Switch,2015,16+,39/100,0,1,0,0,1,reality television,Australia,,4.4,tt6696750
3242,Dog love,2010,7+,39/100,0,1,0,0,1,,,,6.6/10,
3243,The Hotwives of Las Vegas,2015,,39/100,0,1,0,0,1,,,,6.6/10,
3244,The Happy Days of Garry Marshall,2020,,39/100,0,1,0,0,1,,,,8.3/10,
3245,Driven,2020,16+,39/100,0,1,0,0,1,,,,7.4/10,
3246,Hungry Henry,2014,,39/100,0,1,0,0,1,"animation, children's television series",Israel,Hebrew,8.2,tt6964618
3247,Mother Up!,2013,16+,39/100,0,1,0,0,1,,United States,,5.0,tt3107224
3248,Smile Down the Runway,2020,,39/100,0,1,0,0,1,,,,6.8/10,
3249,A Day in the Life,2011,,39/100,0,1,0,0,1,,,,5.9/10,
3250,Close Up with The Hollywood Reporter,2015,16+,39/100,0,1,0,0,1,,United States,,7.2,tt4931888
3251,Special 7: Special Crime Investigation Unit,2019,,39/100,0,1,0,0,1,,,,6.4/10,
3252,205 Live,2016,7+,39/100,0,1,0,0,1,,United States,American English,6.2,tt6286394
3253,Greta Thunberg: A Year to Change the World,2021,,39/100,0,1,0,0,1,,,,4.6/10,
3254,Many Sides of Jane,2019,16+,39/100,0,1,0,0,1,,,,6.1/10,
3255,The Riveras,2016,7+,39/100,0,1,0,0,1,reality television,United States,,10.0,tt6222252
3256,Steve Harvey's Funderdome,2017,7+,39/100,0,1,0,0,1,reality television,United States,,9.0,tt7005048
3257,Cherries Wild,2021,,39/100,0,1,0,0,1,game show,United States,,1.0,tt13683120
3258,"Oh Jerome, No",2019,,39/100,0,1,0,0,1,,,,8.0/10,
3259,The Last Days of Phil Hartman,2019,,39/100,0,1,0,0,1,,,,7.8/10,
3260,Afterlost,2019,,39/100,0,1,0,0,1,,,,5.2/10,
3261,VICE Investigates,2019,18+,39/100,0,1,0,0,1,,,,6.8/10,
3262,Struggle Meals,2017,,38/100,0,1,0,0,1,,,,,
3263,Zorro the Chronicles,2015,all,38/100,0,1,0,0,1,,,,7.3/10,
3264,Truth & Iliza,2017,7+,38/100,0,1,0,0,1,"late-night talk show, news satire",United States,,5.5/10,
3265,Life of Kylie,2017,16+,38/100,0,1,0,0,1,reality television,United States,English,2.0,tt6772826
3266,WWE Superstars,2009,7+,38/100,0,1,0,0,1,"sports entertainment, professional wrestling",United States,American English,3.0,tt1401882
3267,Worst Bakers in America,2016,,38/100,0,1,0,0,1,,United States,English,1.0,tt6117020
3268,Showtime at the Apollo,1987,all,38/100,0,1,0,0,1,,United States,,6.7,tt0240272
3269,Nightcap,2016,7+,38/100,0,1,0,0,1,,,,5.0/10,
3270,After School Dice Club,2019,16+,38/100,0,1,0,0,1,,,,6.6/10,
3271,Up to Speed,2012,16+,38/100,0,1,0,0,1,,United States,,2.0,tt2188577
3272,Spartan: Ultimate Team Challenge,2016,7+,38/100,0,1,0,0,1,,United States,English,5.9,tt5809140
3273,The Wildlife Docs,2013,all,38/100,0,1,0,0,1,,United States,,8.1,tt3468670
3274,Behind Closed Doors,2011,16+,38/100,0,1,1,0,1,,,,7.2/10,
3275,Open Door,2019,,38/100,0,1,0,0,1,,,,6.5/10,
3276,Dot.,2016,all,38/100,0,1,0,0,1,,,,7.1/10,
3277,Dead Again,2014,,38/100,0,1,0,0,1,,,,7.4/10,
3278,Supernoobs,2015,7+,38/100,0,1,0,0,1,,,,3.6/10,
3279,Phenoms,2018,7+,38/100,0,1,0,0,1,,,,7.4/10,
3280,The Burger Show,2018,,38/100,0,1,0,0,1,,,,7.7/10,
3281,Anderson Cooper 360°,2003,,38/100,0,1,0,0,1,,,,4.9/10,
3282,The Proposal,2018,,38/100,0,1,0,0,1,,,,1.9/10,
3283,Behind the Mask,2013,,38/100,0,1,0,0,1,,,,7.4/10,
3284,Bloomberg Game Changers,2010,,38/100,0,1,0,0,1,,,,7.8/10,
3285,Glam Masters,2018,,38/100,0,1,0,0,1,,,,4.5/10,
3286,Sorcerous Stabber Orphen,2020,16+,37/100,0,1,0,0,1,,,,5.7/10,
3287,Future-Worm!,2016,7+,37/100,0,1,0,1,1,,,,5.2/10,
3288,Get Ace,2014,all,37/100,0,1,0,0,1,,,,7.5/10,
3289,The Masked Dancer,2020,7+,37/100,0,1,0,0,1,reality television,United States,English,1.0,tt11646232
3290,This Week,1981,7+,37/100,0,1,0,0,1,,United Kingdom,,1.0,tt0294205
3291,BEM,2019,16+,37/100,0,1,0,0,1,,,,6.0/10,
3292,Mix: Meisei Story,2019,7+,37/100,0,1,0,0,1,,,,7.5/10,
3293,Dreamland,2014,,37/100,0,1,0,0,1,,,,5.1/10,
3294,Monster Fish,2009,,37/100,0,1,0,0,1,,,,6.7/10,
3295,ABC World News,1953,,36/100,0,1,0,0,1,news broadcasting,United States,English,5.1,tt0450205
3296,Dies Irae,2017,18+,36/100,0,1,0,0,1,,,,4.7/10,
3297,O.J. Simpson: The Lost Confession?,2018,,36/100,0,1,0,0,1,,,,6.7/10,
3298,Daisy of Love,2009,16+,36/100,0,1,0,0,1,reality television,United States,English,4.6,tt1429439
3299,Sydney Sailboat,2015,,36/100,0,1,0,0,1,,,,8.0/10,
3300,Zero Punctuation,2014,,36/100,0,1,0,0,1,,Australia,,9.0,tt2793136
3301,LA Story,2014,16+,36/100,0,1,0,0,1,,,,7.2/10,
3302,"Bad Habits, Holy Orders",2017,,36/100,0,1,0,0,1,,United Kingdom,,8.0,tt7494116
3303,Woman,2016,18+,36/100,0,1,0,0,1,,,,7.3/10,
3304,Dinner with Dad,2017,,36/100,0,1,0,0,1,,,,,
3305,A Little Late with Lilly Singh,2019,16+,36/100,0,1,0,0,1,,United States,English,1.0,tt10023178
3306,The Posh Frock Shop,2018,,36/100,0,1,0,0,1,,,,8.4/10,
3307,WWE En Español,2012,7+,36/100,0,1,0,0,1,,,,8.1/10,
3308,CNBC Originals,2003,16+,36/100,0,1,0,0,1,,,,,
3309,Hot Package,2013,18+,36/100,0,1,0,0,1,,United States,,7.0,tt1781834
3310,The Untold Story,2019,16+,36/100,0,1,0,0,1,,,,7.2/10,
3311,With All Due Respect,2014,,36/100,0,1,0,0,1,,United States,,8.2,tt5530626
3312,Tulli,2011,,36/100,0,1,0,0,1,,,,5.9/10,
3313,Dama y Obrero,2013,16+,36/100,0,1,0,0,1,telenovela,United States,Spanish,7.5,tt2968124
3314,Mickey's 90th Spectacular,2018,7+,36/100,0,1,0,0,1,,,,7.1/10,
3315,Ellen's Greatest Night of Giveaways,2019,7+,35/100,0,1,0,0,1,,,,4.5/10,
3316,The Grill Dads,2017,7+,35/100,0,1,0,0,1,,,,7.6/10,
3317,Package Deal,2013,,35/100,0,1,0,0,1,,Canada,English,3.0,tt2559390
3318,New York Goes to Work,2009,,35/100,0,1,1,0,1,reality television,United States,,5.3,tt1429423
3319,Nostradamus Effect,2009,,35/100,0,1,0,0,1,,United States,,5.2,tt1498094
3320,RocketJump: The Show,2015,16+,35/100,0,1,0,0,1,,,,7.2/10,
3321,Missing,2010,,35/100,0,1,1,0,1,,,,7.3/10,
3322,Countdown to UFC,2010,,35/100,0,1,0,0,1,,,,7.9,tt3137940
3323,For & Against,2012,,35/100,0,1,0,0,1,"LGBT-related film, LGBT-related television series",United States,,,tt2216575
3324,UFC Main Event,2007,,35/100,0,1,0,0,1,,,,,
3325,NASA X,2012,,35/100,0,1,0,0,1,documentary film,United States,English,,tt4319084
3326,Finding the Next,2016,,35/100,0,1,0,0,1,,,,,
3327,Just Josh,2011,18+,35/100,0,1,0,0,1,"LGBT-related film, LGBT-related television series",United States,,,tt1830039
3328,Baldwin Hills,2007,16+,35/100,0,1,0,0,1,reality television,United States,English,4.7,tt1068898
3329,Vegimer,2015,,35/100,0,1,0,0,1,,,,,
3330,Nerds and Monsters,2013,,35/100,0,1,0,0,1,,,,4.8/10,
3331,Doozers,2014,all,34/100,0,1,0,0,1,"fantasy television series, adventure television series, comedy television series, musical","United Kingdom, United States, Canada",English,7.9,tt0085017
3332,Terrific Trucks,2016,all,34/100,0,1,0,0,1,,,,5.7/10,
3333,The Bravest Knight,2019,7+,34/100,0,1,0,0,1,,,,6.4/10,
3334,Chiro and Friends,2007,,34/100,0,1,0,0,1,,,,7.5,tt6959490
3335,UFC Unleashed,2007,,34/100,0,1,0,0,1,,,,10.0,tt0487858
3336,Dress to Impress,2017,,34/100,0,1,0,0,1,,,,6.0/10,
3338,Star Wars Galaxy's Edge: Adventure Awaits,2019,,34/100,0,1,0,0,1,,,,5.4/10,
3339,Fujiko,2015,,34/100,0,1,0,0,1,,,,8.4/10,
3340,Buried secrets of World War II,2019,,34/100,0,1,0,0,1,,,,7.2/10,
3341,Strahan & Sara,2019,,34/100,0,1,0,0,1,,,,3.3/10,
3342,Big Bugs Band,2011,,34/100,0,1,0,0,1,,,,7.5/10,
3343,Cuomo Prime Time,2017,,33/100,0,1,0,0,1,,United States,,9.0,tt7317360
3344,Redacted Tonight,2014,,33/100,0,1,0,0,1,,,,8.1/10,
3345,Egg Birds,2014,,33/100,0,1,0,0,1,,,,,
3346,Activate: The Global Citizen Movement,2019,,33/100,0,1,0,0,1,,,,5.3/10,
3347,Larry King Now,2013,,33/100,0,1,0,0,1,,United States,English,5.5,tt2322438
3348,Sneaker Shopping,2014,,33/100,0,1,0,0,1,,,,7.6/10,
3349,Fox News Sunday,1996,,33/100,0,1,0,0,1,news program,United States,English,1.0,tt0426347
3350,Vets Saving Pets,2018,,33/100,0,1,0,0,1,,,,7.8/10,
3351,Sean in the Wild,2017,,33/100,0,1,0,0,1,,,,7.5/10,
3352,Last Call with Carson Daly,2002,16+,33/100,0,1,0,0,1,,United States,English,1.0,tt0305056
3353,THE REFLECTION,2017,18+,33/100,0,1,0,0,1,,,,6.1/10,
3354,Dish Nation,2011,7+,33/100,0,1,0,0,1,news magazine,United States,English,1.0,tt1973047
3355,Rudy Maxa's World,2008,all,33/100,0,1,0,0,1,,,,7.2/10,
3356,Stick with Mick,2011,,32/100,0,1,0,0,1,,,,6.1/10,
3357,Chiquis 'n Control,2012,,32/100,0,1,0,0,1,,,,8.4/10,
3358,Fill in the Prank,2017,,32/100,0,1,0,0,1,,,,6.2/10,
3359,Pressure Cook,2007,,32/100,0,1,0,0,1,,,,7.3/10,
3360,Man vs. Master: Chef Battle,2019,,32/100,0,1,0,0,1,,,,7.5/10,
3361,Great Chocolate Showdown,2020,,32/100,0,1,0,0,1,,Canada,,6.6/10,
3362,Utawarerumono: The False Faces,2015,16+,32/100,0,1,0,0,1,,,,6.8/10,
3363,Go Eco,2014,,32/100,0,1,0,0,1,,,,,
3364,UFC Fight Flashback,2014,,31/100,0,1,0,0,1,,,,7.8/10,
3365,Los Cowboys,2015,,31/100,0,1,0,0,1,,,,8.8/10,
3366,CNBC Titans,2010,all,31/100,0,1,0,0,1,,United States,,8.2,tt1829880
3367,Day of Gluttony,2014,,31/100,0,1,0,0,1,,,,7.6/10,
3368,Make This Tonight,2020,,31/100,0,1,0,0,1,,,,,
3369,Destiny,2014,,31/100,1,1,0,0,1,,Philippines,,6.0,tt6884318
3370,Survival School,2008,,31/100,0,1,0,0,1,,,,7.3/10,
3371,LittleBabyBum,2011,,31/100,0,1,0,0,1,,,,9.0/10,
3372,Noches con Platanito,2013,,31/100,0,1,0,0,1,,,"Spanish, English",5.3,tt4941556
3373,Beyond the Headlines: The College Admissions Scandal with Gretchen Carlson,2019,,31/100,0,1,0,0,1,,,,5.4/10,
3374,La Diosa Coronada,2010,7+,31/100,0,1,0,0,1,telenovela,Colombia,Spanish,7.0,tt1731860
3375,HobbyKids Adventures,2019,,31/100,0,1,0,0,1,,United States,English,1.0,tt10139982
3376,Night Guard,2015,18+,31/100,0,1,0,0,1,,,,8.0/10,
3377,Top 30,2017,,30/100,0,1,0,0,1,,,,6.2/10,
3378,Consumer 101,2018,all,30/100,0,1,0,0,1,,,,4.5/10,
3379,Page Six TV,2017,7+,30/100,0,1,0,0,1,,,,9.0,tt7395798
3380,Best of BabyTV,2015,,30/100,0,1,0,0,1,,,,,
3381,Holiday Magic,2017,,30/100,0,1,0,1,1,,,,7.0/10,
3382,The Little Rascals Classics,1931,,30/100,0,1,0,0,1,,,,,
3383,Paint Me a Story,2014,,30/100,0,1,0,0,1,,,,,
3384,Tiny Beats,2013,,29/100,0,1,0,0,1,,,,,
3385,Grey's Anatomy: B-Team,2018,,29/100,0,1,0,0,1,,,,,
3386,Corazón Valiente,2017,,29/100,0,1,0,0,1,"drama television series, melodrama, romance television series, romantic thriller",United States,"Spanish, English",8.0,tt2227061
3387,We Day 2017,2017,,29/100,0,1,0,0,1,,,,5.5/10,
3388,En La Boca Del Lobo,2014,,29/100,0,1,0,0,1,telenovela,Colombia,Spanish,8.7,tt4116480
3389,ABC News Specials,2010,,29/100,0,1,0,0,1,,,,4.8/10,
3390,Fields of Glory,2004,,29/100,0,1,0,0,1,,,,5.8/10,
3391,Kids Halloween Baking Championship,2016,,29/100,0,1,0,0,1,,United States,,5.8/10,
3392,Los Caballeros Las Prefieren Brutas,2011,,28/100,0,1,0,0,1,,Colombia,,1.0,tt1615325
3393,The Alec Baldwin Show,2018,,28/100,0,1,0,0,1,,United States,English,2.0,tt8072678
3394,Utano Princesama Revolutions,2015,,28/100,0,1,0,0,1,,,,4.2/10,
3395,Bobby Flay's Barbecue Addiction,2011,7+,28/100,0,1,0,0,1,,United States,,6.8,tt1974228
3396,Videofashion! News,2006,,28/100,0,1,1,0,1,,,,6.3/10,
3397,Behind the Bar,2011,16+,28/100,0,1,0,0,1,,,,4.4/10,
3398,NASA 360,2008,all,28/100,0,1,0,0,1,science podcast,United States,,8.4,tt1327783
3399,Jammers,2011,,28/100,0,1,0,0,1,,,,,
3400,Four of a Kind,2011,,28/100,0,1,0,0,1,reality television,United States,,5.8,tt1859792
3401,The Making of Frozen: A Return to Arendelle,2016,,27/100,0,1,0,0,1,,,,7.1/10,
3402,Hot Gay Comics,2008,18+,27/100,0,1,0,0,1,,,,3.8/10,
3403,Amar y Temer,2011,,26/100,0,1,0,0,1,telenovela,Colombia,Spanish,8.6,tt1895656
3404,Hysterical,2021,,26/100,0,1,0,0,1,,,,,
3405,Walter and Dude,2012,,26/100,0,1,0,0,1,,,,,
3406,Songs & Rhymes,2012,,26/100,0,1,0,0,1,,,,,
3407,She's Living for This,2012,18+,26/100,0,1,0,0,1,"LGBT-related film, LGBT-related television series",United States,,5.9,tt2272627
3408,Pim & Pimba,2011,,26/100,0,1,0,0,1,,,,,
3409,Gordon Ramsay's American Road trip,2021,,26/100,0,1,0,0,1,,,,,
3411,Charlie & the Numbers,2011,,25/100,0,1,0,0,1,,,,,
3412,AwesomenessTV,2013,7+,25/100,0,1,0,0,1,"reality television, sketch comedy",United States,English,1.0,tt3100634
3413,On the Run Eating,2018,7+,25/100,0,1,0,0,1,,,,,
3414,Crafty Rafty,2014,,25/100,0,1,0,0,1,,,,,
3415,Counting On,2015,,25/100,0,1,0,0,1,reality television,United States,,2.0,tt5402696
3416,Los Beltrán,1999,,25/100,0,1,0,0,1,LGBT-related television series,United States,Spanish,8.7,tt0256546
3417,Modd Couples,2015,18+,24/100,0,1,0,0,1,,,,5.3/10,
3418,Draco,2011,,24/100,0,1,0,0,1,,,,,
3419,Tricky Tracks,2012,,23/100,0,1,0,0,1,,,,,
3420,Oliver Discovers,2014,,23/100,0,1,0,0,1,,,,,
3421,Kenny & Goorie,2011,,23/100,0,1,0,0,1,,,,,
3422,In the Giggle Park,2014,,23/100,0,1,0,0,1,,,,,
3423,Concertino,2011,,23/100,0,1,0,0,1,,,,,
3424,Pitch & Potch,2014,,22/100,0,1,0,0,1,,,,,
3425,ABC Primetime Nightline,2011,,22/100,0,1,0,0,1,,,,,
3426,Hippa Hey,2011,,22/100,0,1,0,0,1,,,,,
3427,Absolutely Ascot,2018,,22/100,0,1,0,0,1,,,,,
3428,Cuddlies,2011,,22/100,0,1,0,0,1,children's television series,,,1.0,tt6964616
3429,"Tengo Talento, Mucho Talento",2012,,22/100,0,1,0,0,1,,,,,
3430,Lo Que Callamos Las Mujeres,2012,,21/100,0,1,0,0,1,anthology series,Mexico,,8.0,tt0283755
3431,Grey's Anatomy: Post-Op,2017,,21/100,0,1,0,0,1,,,,,
3432,Unusual Suspects: Deadly Intent,2017,,21/100,0,1,0,0,1,,United States,,7.6,tt16636174
3433,Bride and Prejudice: Forbidden Love,2020,,21/100,0,1,0,0,1,,,,,
3434,Impact Wrestling,2006,,21/100,0,1,0,0,1,"sports entertainment, sports television program",United States,English,8.0,tt0421463
3435,Bath & Bed,2011,,21/100,0,1,0,0,1,,,,,
3436,South Park en Español,1997,,21/100,0,1,0,0,1,,,,,
3437,Savage Kingdom,2016,,21/100,0,1,0,0,1,,,,,
3438,Taraji and Terrence's White Hot Holidays,2015,,20/100,0,1,0,0,1,,,,,
3439,Wilderness Vet,2016,,20/100,0,1,0,0,1,,,,,
3440,What's New With Hulu,2019,,20/100,0,1,0,0,1,,,,,
3441,Mr. Snail,2014,,20/100,0,1,0,0,1,,,,,
3442,Play Time,2008,,20/100,0,1,0,0,1,,,,,
3443,Rosaline,2016,,19/100,0,1,0,0,1,,,,,
3444,Drag Me,2020,,19/100,0,1,0,0,1,,Brazil,,7.1,tt7667398
3445,WildWoods,2017,,19/100,0,1,0,0,1,,,,,
3446,The Shirley Temple Collection,1960,,19/100,0,1,0,0,1,,,,,
3447,31 Nights of Halloween Fan Fest,2019,,19/100,0,1,0,0,1,,,,,
3448,Flip and Flash,2014,,19/100,0,1,0,0,1,,,,,
3449,Sad Hot Girls,2017,,19/100,0,1,0,0,1,,,,,
3450,5 Levels,2017,,19/100,0,1,0,0,1,,,,,
3451,WIRED's Autocomplete Interviews,2016,,19/100,0,1,1,0,1,,,,,
3452,Tinder Takeover,2016,,19/100,0,1,0,0,1,,,,,
3453,Superstructures: Engineering Marvels,2019,,18/100,0,1,0,0,1,,,,7.4,tt11439910
3454,Ryan's World Specials presented by pocket.watch,2019,,18/100,0,1,0,0,1,,,,,
3455,Billy Bam Bam,2011,,18/100,0,1,0,0,1,,,,,
3456,Popcorn With Peter Travers,2010,,18/100,0,1,0,0,1,,,,,
3457,The Oscars,1995,,18/100,0,1,0,0,1,,,,,
3458,BBQuest,2018,,18/100,0,1,0,0,1,,,,,
3459,Pasión de Gavilanes,2003,,18/100,0,1,0,0,1,telenovela,Colombia,Spanish,8.0,tt0387763
3460,Celebrity Living,2015,,18/100,0,1,0,0,1,,,,,
3461,Lost in the Supermarket,2016,,18/100,0,1,0,0,1,,,,,
3462,Maya and Yaya,2014,,18/100,0,1,0,0,1,,,,,
3463,Red Nose Day,2015,,18/100,0,1,0,0,1,,United Kingdom,,,
3464,The Big Vote,2018,,18/100,0,1,0,0,1,,,,,
3465,Sophie La Girafe,2017,,18/100,0,1,0,0,1,,,,,
3466,pocket.watch EvanTubeHD mishmash,2018,,17/100,0,1,0,0,1,,,,,
3467,Wooly,2010,,17/100,0,1,0,0,1,,,,,
3468,Election Cycle,2016,,17/100,0,1,0,0,1,,,,,
3469,Handcrafted,2017,,17/100,0,1,1,0,1,,United States,,,
3470,Ultimate Survival WWII,2019,,17/100,0,1,0,0,1,,,,,
3471,Tasty 101,2016,,17/100,0,1,1,0,1,,,,,
3472,Chief Kim,2017,,17/100,0,1,0,0,1,,,,,
3473,Eating Your Feed,2018,,17/100,0,1,1,0,1,,,,,
3474,A Murder on Orchard Street,2017,,16/100,0,1,0,0,1,,,,,
3475,Grandpa Joe's Magical Playground,2015,,16/100,0,1,0,0,1,,,,,
3476,Mom In Progress,2018,,16/100,0,1,1,0,1,,,,,
3477,Fear Box,2018,,16/100,0,1,0,0,1,,,,,
3478,Canciones infantiles,2012,,16/100,0,1,0,0,1,,,,,
3479,OUT: Face to Face,2010,,16/100,0,1,0,0,1,,,,,
3480,10 Essentials,2013,,16/100,0,1,1,0,1,,,,,
3481,A Brief History,2016,,16/100,0,1,0,0,1,,,,,
3482,"Stop, Breathe & Think Kids: Mindful Games",2017,,16/100,0,1,0,0,1,,,,,
3483,pocket.watch JillianTubeHD Ultimate mishmash,2018,,16/100,0,1,0,0,1,,,,,
3484,pocket.watch HobbyKidsTV mishmash,2018,,16/100,0,1,0,0,1,,,,,
3485,Heritage,2015,,16/100,0,1,0,0,1,,,,,
3486,The Champion Within,2017,,16/100,0,1,0,0,1,,,,,
3487,Real Estate with Rosanna,2017,,16/100,0,1,0,0,1,,,,,
3488,Around The Way,2019,,16/100,0,1,0,0,1,,,,,
3489,TRANsitioning,2017,,16/100,0,1,0,0,1,,,,,
3490,GMA Day,2018,,16/100,0,1,0,0,1,"news program, talk show",United States,English,3.3,tt9114330
3491,Magnificent Obsessions,2014,,14/100,0,1,0,0,1,television documentary,Canada,,,
3492,Jeremiah Bullfrog Forks It,2017,,14/100,0,1,0,0,1,,,,,
3493,MOJO's The Circuit,2008,,14/100,0,1,0,0,1,,,,,
3494,ABC News Documentaries,2015,,14/100,0,1,0,0,1,,,,,
3495,Asia's Underworld,2012,,14/100,0,1,1,0,1,,,,,
3496,pocket.watch CaptainSparklez mishmash,2018,,14/100,0,1,0,0,1,,,,,
3497,Trials of the Wild,2018,,14/100,0,1,0,0,1,,,,,
3498,Ventaneando,2012,,14/100,0,1,0,0,1,,Mexico,Spanish,3.8,tt0386252
3499,Truth and Lies: Watergate,2017,,14/100,0,1,0,0,1,,,,,
3500,Bondi Harvest,2018,,14/100,0,1,0,0,1,,,,,
3501,#ThatsHarassment,2018,,14/100,0,1,1,0,1,,,,,
3502,Caption Contest,2017,,14/100,0,1,0,0,1,,,,,
3503,The 76th Annual Golden Globe Awards,2019,,14/100,0,1,0,0,1,,,,,
3504,Almost Impossible,2017,,14/100,0,1,0,0,1,,,,,
3505,Luke Gamble's Vet Adventures,2010,,14/100,0,1,1,0,1,,,,,
3506,On This Day in Black History Month,2019,,14/100,0,1,0,0,1,,,,,
3507,Rudy Maxa's Travel,2001,,14/100,0,1,1,0,1,,,,,
3508,Health + Happiness with Mayo Clinic,2018,,14/100,0,1,0,0,1,,,,,
3509,ESL: Replay,2017,,14/100,0,1,0,0,1,,,,,
3510,Style Evolution,2018,,14/100,0,1,0,0,1,,,,,
3511,Limomasters (Espanol),2014,,14/100,0,1,0,0,1,,,,,
3512,The Adventures of Dr. Buckeye Bottoms,2017,,14/100,0,1,0,0,1,,,,,
3513,"I Draw, You Cook",2018,,14/100,0,1,0,0,1,,,,,
3514,Triumph,2016,,14/100,0,1,0,0,1,,,,,
3515,Aurora,2010,,14/100,1,1,0,0,1,,,,,
3516,ESL: Player vs Player,2017,,14/100,0,1,0,0,1,,,,,
3517,BabyFirst Nursery Songs,2015,,14/100,0,1,0,0,1,,,,,
3518,Legendary Catch,2019,,14/100,0,1,0,0,1,,,,,
3519,ESL: Defining Moments,2017,,14/100,0,1,0,0,1,,,,,
3520,Dick Clark's Primetime New Year's Rockin' Eve,2013,,14/100,0,1,0,0,1,variety show,United States,English,,
3521,pocket.watch Ryan Toys Review Ultimate mishmash,2018,,14/100,0,1,0,0,1,,,,,
3522,El Sexo Débil,2015,,14/100,0,1,0,0,1,telenovela,Mexico,Spanish,10.0,tt1809550
3523,48 Hours with Kygo,2019,,14/100,0,1,0,0,1,,,,,
3524,Talks at GS,2017,,14/100,0,1,1,0,1,,,,,
3525,Magic Eye Shark Movie,2013,,14/100,0,1,0,0,1,,,,,
3526,Blissful Thinking,2017,,14/100,0,1,0,0,1,,,,,
3527,The Paley Center,2000,,13/100,0,1,0,0,1,,,,,
3528,Mujeres Rompiendo el Silencio,2017,,13/100,0,1,0,0,1,,,,,
3529,24 Hours With,2018,,13/100,0,1,0,0,1,talk show,Netherlands,Dutch,7.1,tt1054686
3530,Crime Shock: Asia Exposed,2013,,13/100,0,1,0,0,1,,,,,
3531,UFC Ultimate Knockouts,2014,,13/100,0,1,0,0,1,,,,,
3532,Thingstarter,2013,,13/100,0,1,0,0,1,,,,,
3533,Derek Does Stuff with a Friend,2016,,13/100,0,1,0,0,1,,,,,
3535,Food Fetish,2011,,13/100,0,1,0,0,1,,,,,
3536,NASA Television Documentaries,2015,,13/100,0,1,0,0,1,,,,,
3537,Dates (US),2015,,13/100,0,1,0,0,1,,,,,
3538,Politicking with Larry King,2013,,13/100,0,1,0,0,1,,United States,,6.0,tt5136220
3539,Especiales de Historia de México,2012,,13/100,0,1,0,0,1,,,,,
3540,It's Alive with Brad,2018,,13/100,0,1,1,0,1,,,,,
3541,Obsessed (WIRED),2017,,13/100,0,1,0,0,1,,,,,
3542,Secrets of Your Mind,2010,,13/100,0,1,0,0,1,,,,,
3543,Secret Talent Theatre,2016,,13/100,0,1,0,0,1,,,,,
3544,The Bravest Knight Who Ever Lived,2014,,13/100,0,1,0,0,1,,,,,
3545,Puertas al Mas Alla,2012,,13/100,0,1,0,0,1,,Peru,,,
3546,Out of Office with Brent Rose,2015,,13/100,0,1,1,0,1,,,,,
3547,Things I Do,2015,,13/100,0,1,0,0,1,,,,,
3548,El Negocio,2014,,13/100,0,1,0,0,1,drama,Brazil,Portuguese,5.0,tt2650940
3549,Pop Trigger,2012,,13/100,0,1,0,0,1,,,,,
3550,Pégate a Mick,2014,,13/100,0,1,0,0,1,,,,,
3551,Bioterrorism: The Truth,2016,,13/100,0,1,0,0,1,,,,,
3552,Get Sweaty,2016,,13/100,0,1,0,0,1,,,,,
3553,Entre Caníbales,2015,,13/100,0,1,0,0,1,telenovela,Argentina,,7.6,tt4262710
3554,Fantasy Forecast,2016,,13/100,0,1,0,0,1,,,,,
3555,Heart of a Champion,2016,,13/100,0,1,0,0,1,,,,,
3556,Raw. Vegan. Not Gross.,2013,,13/100,0,1,0,0,1,,,,,
3557,ABC News | Garage Geniuses,2016,,10/100,0,1,0,0,1,,,,,
3558,Jenni Rivera La Vida de Una Diva,2013,,10/100,0,1,0,0,1,,,,,
3559,UFC Presents,2013,,10/100,0,1,0,0,1,,,,,
3560,Earth From Above,2011,,10/100,0,1,0,0,1,documentary film,France,French,8.4,tt2410576
3561,Strait Talk with Matt & LZ,2016,,10/100,0,1,0,0,1,,,,,
3562,Epic Conversations,2016,,10/100,0,1,0,0,1,,,,,
3563,ESL Bootcamp: Immortals,2017,,10/100,0,1,0,0,1,,,,,
3564,Twitter Tech Support,2017,,10/100,0,1,0,0,1,,,,,
3565,On Stage,2017,,10/100,0,1,0,0,1,,Canada,,,tt0250897
3566,Gen H,2012,,10/100,0,1,0,0,1,,,,,
3567,Because of an Earlier Incident,2012,,10/100,0,1,0,0,1,,,,,
3568,Andy Explores,2019,,10/100,0,1,0,0,1,,,,,
3569,Laughs,2015,,10/100,0,1,0,0,1,,United States,,,
3570,Technique Critique,2016,,10/100,0,1,0,0,1,,,,,
3571,Time for Bed with Punam Patel,2017,,10/100,0,1,0,0,1,,,,,
3572,A Woman's Job,2017,,10/100,0,1,0,0,1,,,,,
3573,Hello World,2016,,10/100,0,1,0,0,1,,,,,
3574,Modern Baby,2019,,10/100,0,1,0,0,1,,,,,
3575,Tiny Nuts,2014,,10/100,0,1,0,0,1,comedy television series,United States,English,1.0,tt3634624
3576,Newsy,2016,,10/100,0,1,0,0,1,,,,,
3577,"Build Small, Live Anywhere",2015,,10/100,0,1,0,0,1,,,,,
3578,Going Si-ral,2016,,10/100,0,1,0,0,1,,,,,
3579,ABC News | Features,2016,,10/100,0,1,0,0,1,,,,,
3581,The Boys,2019,18+,93/100,0,0,1,0,1,"action television series, fantasy television series, crime television series, comedy drama",United States,English,10.0,tt1190634
3583,Dexter,2006,18+,92/100,0,0,1,0,1,"thriller, police procedural, drama television series",United States,"English, Spanish",9.0,tt0773262
3584,House,2004,16+,92/100,0,0,1,0,1,medical drama,United States,English,8.7,tt0412142
3585,Mr. Robot,2015,18+,91/100,0,0,1,0,1,"drama television series, psychological thriller, techno-thriller, LGBT-related television series",United States,"English, Swedish, Danish",10.0,tt4158110
3588,The Expanse,2015,16+,90/100,0,0,1,0,1,"space opera, drama television series, science fiction television program, detective fiction",United States,English,9.0,tt3230854
3590,Bosch,2015,18+,88/100,0,0,1,0,1,"drama television series, police procedural",United States,English,9.0,tt3502248
3591,Invincible,2021,18+,88/100,0,0,1,1,1,,,,8.7/10,
3592,Fleabag,2016,18+,88/100,0,0,1,0,1,comedy drama,United Kingdom,English,8.0,tt5687612
3594,The Americans,2013,18+,87/100,0,0,1,0,1,drama television series,United States,,7.7,tt0054515
3595,Billions,2016,18+,87/100,0,0,1,0,1,drama television series,United States,English,8.0,tt4270492
3597,The Marvelous Mrs. Maisel,2017,18+,86/100,0,0,1,0,1,"historical drama, drama television series",United States,English,9.0,tt5788792
3600,Psych,2006,7+,86/100,0,0,1,0,1,"detective fiction, drama television series, comedy drama, police procedural",United States,English,10.0,tt0491738
3601,The Night Manager,2016,16+,86/100,0,0,1,0,1,"drama television series, crime television series, espionage television series, television series based on a novel",United Kingdom,English,8.0,tt1399664
3603,Unforgotten,2018,18+,85/100,0,0,1,0,1,"crime television series, drama television series",United Kingdom,English,10.0,tt4192812
3604,Orphan Black,2013,18+,85/100,0,0,1,0,1,"science fiction television program, thriller television series, drama television series, LGBT-related television series",Canada,English,9.0,tt2234222
3605,Chuck,2007,16+,85/100,0,1,1,0,1,"action television series, comedy television series, espionage television series, drama television series",United States,English,8.0,tt0934814
3607,The Fall,2013,18+,85/100,0,0,1,0,1,"drama television series, LGBT-related television series","United Kingdom, Ireland",English,9.0,tt2294189
3609,Tom Clancy's Jack Ryan,2018,18+,84/100,0,0,1,0,1,"action television series, political thriller, drama television series",United States,English,8.0,tt5057054
3611,The Pacific,2010,18+,83/100,0,0,1,0,1,"drama television series, war television series, historical television series","United States, United Kingdom, Australia",English,8.0,tt0374463
3612,Good Omens,2019,18+,83/100,0,0,1,0,1,"fantasy television series, television series based on a novel",United Kingdom,English,8.0,tt1869454
3614,The Man in the High Castle,2015,18+,83/100,0,0,1,0,1,"drama television series, alternate history, science fiction television program, thriller television series",United States,English,8.0,tt1740299
3615,Grimm,2011,16+,83/100,0,0,1,0,1,"horror television series, fantasy television series, crime television series, police television drama",United States,"English, German, French",7.0,tt1830617
3616,The Family Man,2019,16+,83/100,0,0,1,0,1,,India,,9.0,tt9544034
3620,Upload,2020,18+,82/100,0,0,1,0,1,"science fiction television program, satire, comedy drama",United States,,8.0,tt7826376
3622,Counterpart,2017,18+,82/100,0,0,1,0,1,"thriller television series, science fiction television program, parallel universe fiction, espionage television series",United States,English,10.0,tt4643084
3624,Monk,2002,16+,81/100,0,0,1,0,1,"police procedural, detective fiction, comedy drama",United States,English,8.1,tt0312172
3626,The Grand Tour,2016,16+,81/100,0,0,1,0,1,"magazine format program, automotive television show, entertainment television program, factual television program",United Kingdom,English,10.0,tt5712554
3627,Black Books,2000,7+,81/100,0,0,1,0,1,comedy television series,United Kingdom,English,8.4,tt0262150
3628,Californication,2007,18+,81/100,0,0,1,0,1,"comedy drama, erotic television series",United States,English,9.0,tt0904208
3629,Eureka,2006,16+,81/100,0,0,1,0,1,"science fiction television program, comedy drama",United States,English,7.9,tt0796264
3630,Animal Kingdom,2016,18+,80/100,0,0,1,0,1,"crime television series, drama television series",United States,English,8.0,tt5574490
3633,Humans,2015,16+,80/100,0,0,1,0,1,"science fiction television program, drama film, LGBT-related television series, alternate history television series","United Kingdom, United States",English,8.0,tt4122068
3634,Endeavour,2013,16+,80/100,0,0,1,0,1,police television drama,United Kingdom,English,9.0,tt2701582
3635,Alias,2001,16+,80/100,0,0,1,0,1,"action television series, espionage television series, thriller television series, science fiction television program",United States,English,9.0,tt0285333
3636,The Missing,2014,18+,80/100,0,0,1,0,1,drama television series,"United Kingdom, Belgium, United States",English,9.0,tt3877200
3637,Sneaky Pete,2015,18+,79/100,0,0,1,0,1,drama television series,United States,English,10.0,tt5011816
3638,Father Ted,1995,16+,79/100,0,0,1,0,1,sitcom,"United Kingdom, Ireland",English,10.0,tt0111958
3639,The Mentalist,2008,16+,79/100,0,0,1,0,1,"police procedural, drama television series, thriller television series",United States,English,7.0,tt1196946
3640,The Thick of It,2005,18+,79/100,0,0,1,0,1,"sitcom, political satire",United Kingdom,English,10.0,tt0459159
3641,The Lost Room,2006,7+,79/100,0,0,1,0,1,,,,8.2/10,
3644,River,2015,7+,79/100,0,0,1,0,1,,,,8.0/10,
3646,The Affair,2014,18+,78/100,0,0,1,0,1,"drama television series, mystery television series",United States,English,8.0,tt2699110
3647,Undone,2019,18+,78/100,0,0,1,0,1,,,,8.2/10,
3649,Poldark,2015,16+,78/100,0,0,1,0,1,"romantic television drama, television series based on a novel",United Kingdom,English,8.3,tt3636060
3650,Carnival Row,2019,18+,78/100,0,0,1,0,1,"fantasy television series, drama television series, urban fantasy, neo-noir",United States,English,7.7,tt0489974
3651,Wayne,2019,18+,78/100,0,0,1,0,1,,,,8.4/10,
3652,Farscape,1999,16+,78/100,0,0,1,0,1,"science fiction television program, adventure television series","Australia, United States",English,8.3,tt0187636
3653,Victoria,2016,16+,78/100,0,0,1,0,1,,,,8.2/10,
3654,Goliath,2016,16+,77/100,0,0,1,0,1,"drama television series, legal drama, LGBT-related television series",United States,English,7.0,tt4687880
3655,Catastrophe,2015,18+,77/100,0,0,1,0,1,comedy,United Kingdom,English,9.0,tt4374208
3656,Hanna,2019,18+,77/100,0,0,1,0,1,"teen sitcom, music television",United States,English,9.0,tt0493093
3659,SpongeBob SquarePants,1999,7+,77/100,0,0,1,0,1,,,,8.2/10,
3660,Extras,2005,18+,77/100,0,0,1,0,1,sitcom,United Kingdom,English,8.3,tt0445114
3661,Two and a Half Men,2003,16+,77/100,0,0,1,0,1,sitcom,United States,English,7.0,tt0369179
3662,Escape at Dannemora,2018,18+,77/100,0,0,1,0,1,,,,8.0/10,
3663,Patriot,2015,18+,77/100,0,0,1,0,1,,,,8.3/10,
3667,Modern Love,2019,18+,76/100,0,0,1,0,1,romantic comedy,United States,,9.0,tt8543390
3668,Clarkson's Farm,2021,7+,76/100,0,0,1,0,1,television documentary,England,British English,10.0,tt10541088
3671,Gavin & Stacey,2007,16+,75/100,0,0,1,0,1,sitcom,United Kingdom,English,10.0,tt0908454
3672,Homecoming,2018,18+,74/100,0,0,1,0,1,,,,7.5/10,
3673,City on a Hill,2019,18+,74/100,0,0,1,0,1,crime television series,United States,English,9.0,tt7187044
3674,Patrick Melrose,2018,18+,74/100,0,0,1,0,1,,,,8.1/10,
3675,Queer as Folk,1999,18+,74/100,0,0,1,0,1,"comedy drama, LGBT-related television series","United States, Canada",English,8.5,tt0262985
3676,Flack,2019,16+,74/100,0,0,1,0,1,comedy drama,United States,,7.0,tt8128344
3677,Mozart in the Jungle,2014,18+,74/100,0,0,1,0,1,comedy drama,United States,English,8.0,tt3502172
3678,The Tick,2016,7+,74/100,0,0,1,0,1,"science fiction television program, superhero television program",United States,English,8.0,tt5540054
3682,Tales from the Loop,2020,18+,72/100,0,0,1,0,1,"science fiction television program, film based on book, alternate history television series",United States,English,8.0,tt8741290
3683,Fortitude,2015,18+,72/100,0,0,1,0,1,"drama television series, detective fiction, thriller television series",United Kingdom,English,8.0,tt3498622
3684,The Tunnel,2013,18+,72/100,0,0,1,0,1,"drama television series, LGBT-related television series","United Kingdom, France","English, French",8.0,tt2711738
3685,The Wilds,2020,16+,72/100,0,0,1,0,1,"drama television series, LGBT-related television series, drama film",United States,English,10.0,tt8633062
3686,A Very English Scandal,2018,16+,72/100,0,0,1,0,1,"comedy drama, LGBT-related television series, television series based on a novel, historical drama",United Kingdom,English,8.0,tt6938856
3687,Salvation,2017,16+,72/100,0,0,1,0,1,"science fiction television program, thriller television series, drama television series",United States,English,6.9,tt6170874
3688,The Underground Railroad,2021,18+,72/100,0,0,1,0,1,,,,7.3/10,
3689,Red Oaks,2014,18+,72/100,0,0,1,0,1,"comedy television series, college life television program",United States,English,8.0,tt3973820
3691,Tell Me Your Secrets,2021,18+,72/100,0,0,1,0,1,,United States,English,8.0,tt7177890
3692,Transparent,2014,18+,72/100,0,0,1,0,1,"comedy drama, LGBT-related television series",United States,English,7.0,tt3502262
3693,Loudermilk,2017,18+,72/100,0,0,1,0,1,comedy,United States,English,8.0,tt5957766
3694,Britannia,2018,16+,72/100,0,0,1,0,1,,,,6.8/10,
3695,ZeroZeroZero,2020,18+,71/100,0,0,1,0,1,"crime film, television series based on a novel",Italy,,10.0,tt8332438
3696,Philip K. Dick's Electric Dreams,2017,18+,71/100,0,0,1,0,1,"anthology series, science fiction television program, film based on literature",United Kingdom,English,7.0,tt5711280
3700,Vinland Saga,2019,,71/100,0,0,1,0,1,,,,8.8/10,
3703,Truth Seekers,2020,16+,71/100,0,0,1,0,1,"horror television series, comedy television program",United Kingdom,English,9.0,tt7907922
3704,"Magnum, P.I.",1980,7+,70/100,0,0,1,0,1,"detective fiction, action television series, drama television series",United States,English,7.0,tt0080240
3705,Hunters,2020,18+,70/100,0,0,1,0,1,"drama television series, alternate history television series",United States,,8.0,tt7456722
3707,"Eerie, Indiana",1991,7+,70/100,0,0,1,0,1,science fiction television program,United States,English,9.0,tt0101088
3708,The Andy Griffith Show,1960,all,70/100,0,0,1,0,1,American television sitcom,United States,English,8.4,tt0053479
3713,Mirzapur,2018,18+,69/100,0,0,1,0,1,"thriller television series, crime television series, action television series",India,,9.0,tt6473300
3714,Sanctuary,2008,7+,69/100,0,0,1,0,1,"paranormal television program, fantasy television series, science fiction television program",Canada,English,6.0,tt0965394
3715,Them,2021,,69/100,0,0,1,0,1,,,,7.3/10,
3716,Detectorists,2014,16+,69/100,0,0,1,0,1,sitcom,United Kingdom,English,10.0,tt4082744
3717,Tin Star,2017,18+,69/100,0,0,1,0,1,thriller television series,"United Kingdom, Canada",English,7.0,tt4607112
3719,The Durrells,2016,7+,69/100,0,0,1,0,1,"drama television series, film based on book",United Kingdom,"English, Greek",9.0,tt5014882
3720,Ordeal by Innocence,2018,,69/100,0,0,1,0,1,"thriller television series, drama television series, television series based on a novel",United Kingdom,English,6.0,tt6118426
3721,Get Shorty,2017,18+,69/100,0,0,1,0,1,"drama film, television series based on a novel",United States,English,8.0,tt5761496
3722,Thirteen,2016,18+,69/100,0,0,1,0,1,,,,7.2/10,
3724,The Returned,2015,18+,68/100,0,0,1,0,1,"paranormal television program, horror television series, drama television series",France,French,10.0,tt2521668
3726,Trapped,2015,7+,68/100,0,0,1,0,1,"thriller television series, crime television series, Nordic noir",Iceland,Icelandic,10.0,tt3561180
3727,ALF,1986,all,68/100,0,0,1,0,1,,,,7.4/10,
3730,Informer,2018,18+,68/100,0,0,1,0,1,"crime film, thriller film",United Kingdom,English,10.0,tt7161312
3732,Alex Rider,2020,16+,68/100,0,0,1,0,1,"espionage television series, thriller television series, action television series, drama television series","United Kingdom, United States",English,8.0,tt6964748
3733,Jesus of Nazareth,1977,7+,68/100,0,0,1,0,1,,,,8.5/10,
3734,The Cosby Show,1984,all,68/100,0,0,1,0,1,comedy television series,United States,English,7.4,tt0086687
3736,Absentia,2017,18+,67/100,0,0,1,0,1,"drama television series, crime television series, thriller television series",United States,English,7.1,tt6794990
3737,Grantchester,2014,16+,67/100,0,0,1,0,1,"drama television series, television series based on a novel",United Kingdom,English,5.0,tt3747572
3738,The Men Who Built America,2012,7+,67/100,0,0,1,0,1,docudrama,United States,English,10.0,tt2167393
3741,Too Old to Die Young,2019,18+,67/100,0,0,1,0,1,"crime film, crime literature",United States,"English, Spanish",10.0,tt6517320
3743,Forever,2018,18+,67/100,0,0,1,0,1,,,,7.2/10,
3744,Dororo,2019,18+,67/100,0,0,1,0,1,,,,8.4/10,
3745,Good Girls Revolt,2015,18+,67/100,0,0,1,0,1,historical drama,United States,English,10.0,tt4687892
3746,Secret Diary of a Call Girl,2007,18+,67/100,0,0,1,0,1,"comedy television series, drama television series, erotic television series",United Kingdom,English,6.0,tt1000734
3747,Mad Dogs,2015,18+,67/100,0,0,1,0,1,"black comedy, psychological thriller",United Kingdom,English,7.0,tt1652218
3749,Home Fires,2015,7+,66/100,0,0,1,0,1,LGBT-related television series,United Kingdom,,9.0,tt4015216
3750,Jean-Claude Van Johnson,2016,7+,66/100,0,0,1,0,1,comedy,United States,English,9.0,tt6682754
3751,The Honeymooners,1952,all,66/100,0,0,1,0,1,American television sitcom,United States,English,8.6,tt0042114
3752,Isabel,2012,7+,66/100,0,0,1,0,1,drama film,Chile,Spanish,10.0,tt14127520
3753,Vanity Fair,2018,7+,66/100,0,0,1,0,1,television series based on a novel,United Kingdom,English,10.0,tt0159090
3754,Lewis,2007,16+,66/100,0,0,1,0,1,,,,8.0/10,
3755,Mad About You,1992,16+,66/100,0,0,1,0,1,sitcom,United States,English,10.0,tt0103484
3757,How the Universe Works,2010,7+,66/100,0,0,1,0,1,documentary film,United States,English,8.0,tt1832668
3759,Mister Rogers' Neighborhood,1968,all,65/100,0,0,1,0,1,,United States,English,8.8,tt0062588
3760,Made In Abyss,2017,18+,65/100,0,0,1,0,1,,,,8.4/10,
3761,Hand of God,2014,7+,65/100,0,0,1,0,1,"drama television series, psychological thriller",United States,English,9.0,tt3973768
3762,Silent Witness,1996,16+,65/100,0,0,1,0,1,"drama television series, crime television series",United Kingdom,English,8.0,tt0115355
3766,Arthur,1996,7+,65/100,0,0,1,0,1,,,,7.3/10,
3767,The Carol Burnett Show,1967,all,65/100,0,0,1,0,1,,United States,English,10.0,tt0061240
3769,Howards End,2017,7+,64/100,1,0,1,0,1,,,,7.3/10,
3770,Wildfire,2005,16+,64/100,0,0,1,0,1,"drama television series, teen drama television",United States,English,7.5,tt0439879
3771,A Gifted Man,2011,7+,64/100,0,0,1,0,1,"fantasy television series, medical drama",United States,English,8.0,tt1820742
3772,Dance Academy,2010,16+,64/100,0,0,1,0,1,"drama television series, children's film, teen drama television, children's television series","Australia, Germany",English,9.0,tt1551948
3773,Making the Cut,2020,16+,64/100,0,0,1,0,1,reality show,United States,,6.7,tt8962394
3776,Man vs. Wild,2006,7+,64/100,0,0,1,0,1,"reality television, nature program","United States, United Kingdom",English,8.0,tt0883772
3777,Breaking In,2011,16+,64/100,0,0,1,0,1,American television sitcom,United States,English,7.0,tt1630574
3778,Bottom,1991,18+,64/100,0,0,1,0,1,sitcom,United Kingdom,English,8.3,tt0103376
3779,Paatal Lok,2020,18+,64/100,0,0,1,0,1,,,,7.8/10,
3780,Alpha House,2013,16+,64/100,0,0,1,0,1,political satire,United States,English,10.0,tt3012160
3781,NOVA,1974,7+,64/100,0,0,1,0,1,,,,8.7/10,
3782,Hustle,2006,16+,64/100,0,0,1,0,1,drama television series,United Kingdom,English,9.0,tt0379632
3783,Doctor Thorne,2016,16+,64/100,0,0,1,0,1,period drama film,United Kingdom,,4.0,tt4938084
3784,The Royals,2015,16+,64/100,0,0,1,0,1,"drama television series, LGBT-related television series",United States,English,6.0,tt3597912
3785,Fresh Meat,2011,18+,64/100,0,0,1,0,1,"sitcom, college life television program",United Kingdom,English,7.8,tt2058303
3787,The League of Gentlemen,1999,18+,64/100,0,0,1,0,1,"comedy television series, LGBT-related television series",United Kingdom,English,8.4,tt0184135
3788,American Experience,1988,7+,64/100,0,0,1,0,1,"documentary film, television documentary",United States,English,10.0,tt0094416
3789,4 Blocks,2017,7+,64/100,0,0,1,0,1,drama film,Germany,"German, Arabic, English",10.0,tt5754602
3790,The A Word,2016,18+,63/100,0,0,1,0,1,drama,United Kingdom,,8.0,tt5311790
3791,Small Axe,2020,18+,63/100,0,0,1,0,1,,,,7.9/10,
3793,Breathe,2018,18+,63/100,0,0,1,0,1,,,,8.3/10,
3794,Panic,2021,16+,63/100,0,0,1,0,1,,,,6.5/10,
3795,Survivorman,2004,7+,63/100,0,0,1,0,1,television documentary,Canada,English,10.0,tt0770659
3796,Utopia,2020,,63/100,0,0,1,0,1,,,,6.7/10,
3797,Banana Fish,2018,,63/100,0,0,1,0,1,"telenovela, LGBT-related television series",Mexico,Spanish,7.1,tt2320524
3799,Sonic the Hedgehog,1993,7+,63/100,0,1,1,0,1,,,,6.8/10,
3800,Mission: Impossible,1966,7+,63/100,0,0,1,0,1,"crime television series, adventure television series, action television series",United States,English,7.9,tt0060009
3802,The Storyteller,1988,,62/100,0,0,1,0,1,,,,8.9/10,
3803,Between Two Ferns with Zach Galifianakis,2008,16+,62/100,0,0,1,0,1,"talk show, comedy",United States,English,10.0,tt1535002
3804,Guilt,2016,16+,62/100,0,0,1,0,1,,,,6.0/10,
3805,Grounded for Life,2001,16+,62/100,0,0,1,0,1,American television sitcom,United States,English,7.5,tt0255734
3806,The Last Tycoon,2016,7+,62/100,0,0,1,0,1,television series based on a novel,United States,English,9.0,tt3390892
3807,Lore,2017,16+,62/100,0,0,1,0,1,,,,6.7/10,
3809,Cops,1989,18+,62/100,0,0,1,0,1,"docu-soap, television documentary",United States,English,8.0,tt0096563
3811,Survivor's Remorse,2014,18+,62/100,0,0,1,0,1,,United States,English,7.0,tt3231022
3812,Comrade Detective,2017,18+,62/100,0,0,1,0,1,"buddy cop film, historical fiction",United States,English,9.0,tt5834198
3813,A Bit of Fry and Laurie,1989,16+,62/100,0,0,1,0,1,comedy television series,United Kingdom,English,10.0,tt0101049
3814,Wolfblood,2013,7+,62/100,0,0,1,0,1,"mystery television series, werewolf television program",United Kingdom,English,10.0,tt2321596
3816,Neverland,2011,7+,62/100,0,0,1,0,1,,,,6.4/10,
3817,Just Add Magic,2015,7+,62/100,0,0,1,0,1,"fantasy television series, television series based on a novel",United States,English,9.0,tt3952746
3818,Malgudi Days,1987,all,62/100,0,0,1,0,1,fiction,India,,10.0,tt0244911
3819,Dark Shadows,1966,7+,62/100,0,0,1,0,1,"paranormal television program, soap opera, vampire television program, werewolf television program",United States,English,9.0,tt0059978
3821,The Widow,2019,18+,61/100,0,0,1,0,1,,United Kingdom,English,5.0,tt7459986
3822,El Cid,2020,16+,61/100,0,0,1,0,1,"historical television series, action television series, drama television series",Spain,Spanish,8.0,tt10689614
3825,All or Nothing: Manchester City,2018,all,61/100,0,0,1,0,1,,United Kingdom,,10.0,tt7653274
3827,Totally Spies!,2001,7+,61/100,0,0,1,0,1,,,,7.0/10,
3828,Underbelly,2008,18+,61/100,0,0,1,0,1,drama television series,Australia,English,8.0,tt1119176
3829,Our Girl,2014,16+,61/100,0,0,1,0,1,drama television series,United Kingdom,English,6.0,tt3815412
3830,DOM,2021,,61/100,0,0,1,0,1,,,,7.2/10,
3832,Reading Rainbow,1983,all,61/100,0,0,1,0,1,,United States,English,8.4,tt0085075
3833,"Kill Me, Heal Me",2015,16+,61/100,0,0,1,0,1,"Korean drama, comedy film, drama film, romance film",South Korea,Korean,9.0,tt4339192
3834,Ted Bundy: Falling for a Killer,2020,18+,61/100,0,0,1,0,1,,,,7.9/10,
3835,"Dr. Quinn, Medicine Woman",1993,7+,60/100,0,0,1,0,1,"drama television series, Westerns on television",United States,English,6.8,tt0103405
3836,Z: The Beginning of Everything,2017,7+,60/100,0,0,1,0,1,historical television series,United States,English,8.0,tt4878612
3837,The Romanoffs,2018,18+,60/100,0,0,1,0,1,drama television series,United States,"English, French",8.0,tt6599482
3838,Republic of Doyle,2010,16+,60/100,0,0,1,0,1,"comedy drama, buddy cop film",Canada,English,8.0,tt1297754
3841,Inside Edge,2017,18+,60/100,0,0,1,0,1,LGBT-related television series,"India, United States",,8.0,tt6112414
3842,The Feed,2019,16+,60/100,0,0,1,0,1,"drama television series, psychological thriller",United States,English,5.0,tt8005176
3844,The Last Post,2017,18+,60/100,0,0,1,0,1,drama television series,"United Kingdom, South Africa",English,8.0,tt5133742
3845,I Shouldn't Be Alive,2005,7+,60/100,0,0,1,0,1,documentary film,United States,,9.0,tt0492429
3846,A French Village,2009,,60/100,0,0,1,0,1,,,,8.4/10,
3848,Halo 4: Forward Unto Dawn,2012,16+,60/100,0,0,1,0,1,,,,6.9/10,
3849,Four More Shots Please,2019,18+,60/100,0,0,1,0,1,"romance, comedy television series, LGBT-related television series",India,English,2.0,tt8242548
3851,James May: Our Man In Japan,2020,,60/100,0,0,1,0,1,,,,8.4/10,
3852,The Lost World,1999,7+,60/100,0,0,1,0,1,"fantasy television series, television series based on a novel","Canada, Australia, New Zealand",English,7.0,tt0240278
3855,All or Nothing: Tottenham Hotspur,2020,16+,59/100,0,0,1,0,1,,United Kingdom,English,9.0,tt11188556
3856,All or Nothing,2016,18+,59/100,0,0,1,0,1,,,,8.6/10,
3857,Appropriate Adult,2011,18+,59/100,0,0,1,0,1,,,,7.5/10,
3858,Mr. Bean: The Animated Series,2002,all,59/100,0,0,1,0,1,,,,6.9/10,
3859,Picnic at Hanging Rock,2018,16+,59/100,0,0,1,0,1,television series based on a novel,Australia,,5.0,tt6038954
3861,Frontline,1983,18+,59/100,0,0,1,0,1,television documentary,United States,English,8.0,tt0133302
3862,Little Women,2017,7+,59/100,0,0,1,0,1,,,,7.2/10,
3863,Solos,2021,,59/100,0,0,1,0,1,,,,5.8/10,
3864,Earth: Final Conflict,1997,7+,59/100,0,0,1,0,1,science fiction television program,"United States, Canada",,6.3,tt0123816
3865,The ABC Murders,2018,16+,59/100,0,0,1,0,1,"mystery television series, television series based on a novel",United Kingdom,English,7.0,tt8463714
3867,Indian Summers,2015,7+,59/100,0,0,1,0,1,drama television series,United Kingdom,English,7.0,tt3706628
3868,Sea Patrol,2007,7+,59/100,0,0,1,0,1,drama television series,Australia,English,9.0,tt0879688
3869,Inside Men,2012,16+,59/100,0,0,1,0,1,crime television series,United Kingdom,English,5.0,tt1989062
3870,The Backyardigans,2004,7+,59/100,0,0,1,0,1,,,,7.0/10,
3871,ReGenesis,2004,18+,59/100,0,0,1,0,1,"thriller television series, science fiction television program, drama television series, biopunk",Canada,English,8.0,tt0429422
3872,Ghost Hunters,2004,7+,59/100,0,0,1,0,1,reality television,United States,English,6.3,tt0426697
3873,September Mornings,2021,,59/100,0,0,1,0,1,"drama film, LGBT-related television series",Brazil,Portuguese,10.0,tt14532744
3875,Blood & Treasure,2019,16+,58/100,0,0,1,0,1,action television series,United States,English,7.0,tt7712598
3876,Betas,2013,18+,58/100,0,0,1,0,1,German television comedy,United States,English,7.0,tt3012184
3877,The Test: A New Era For Australia's Team,2020,16+,58/100,0,0,1,0,1,,Australia,,10.0,tt11347692
3878,Falling Water,2016,16+,58/100,0,0,1,0,1,drama television series,United States,English,10.0,tt4520992
3880,Made in Heaven,2019,18+,58/100,0,0,1,0,1,LGBT-related television series,India,Hindi,10.0,tt6494622
3881,Hunting Hitler,2015,16+,58/100,0,0,1,0,1,,United States,English,8.0,tt5248878
3882,A Different World,1987,7+,58/100,0,0,1,0,1,"youth series, comedy television series, college life television program",United States,English,7.1,tt0092339
3883,Wotakoi: Love is Hard for Otaku,2018,16+,58/100,0,0,1,0,1,,,,7.6/10,
3884,Laakhon Mein Ek,2017,16+,58/100,0,0,1,0,1,,India,,8.2/10,
3885,Dilbert,1999,7+,58/100,0,0,1,0,1,,,,7.3/10,
3887,Time Team,1994,all,57/100,0,0,1,0,1,television documentary,United Kingdom,English,8.5,tt0108961
3890,Cagney & Lacey,1982,7+,57/100,0,0,1,0,1,"drama television series, police procedural",United States,English,6.9,tt0083395
3891,Paradise City,2021,,57/100,0,0,1,0,1,,,,6.9/10,
3893,Cyberchase,2002,all,57/100,0,0,1,0,1,,,,6.8/10,
3894,The Pale Horse,2020,all,57/100,0,0,1,0,1,,,,6.1/10,
3896,Wild Kratts,2011,all,57/100,0,0,1,0,1,,,,7.7/10,
3897,Pingu,1986,all,57/100,0,0,1,0,1,,,,7.4/10,
3898,Breathe: Into the Shadows,2020,,57/100,0,0,1,0,1,,India,Hindi,9.0,tt12405230
3899,Bubble Guppies,2011,all,57/100,0,0,1,0,1,,,,6.4/10,
3900,Clifford the Big Red Dog,2000,all,57/100,0,0,1,0,1,,"United States, Canada",,10.0,tt8447844
3902,The Reagans,2020,7+,57/100,0,0,1,0,1,,,,6.5/10,
3903,Inazuma Eleven,2008,7+,57/100,0,0,1,0,1,,,,8.0/10,
3904,Drifters,2013,18+,57/100,0,0,1,0,1,sitcom,United Kingdom,English,7.0,tt3323824
3905,Touching Evil,1997,,57/100,0,0,1,0,1,drama television series,United Kingdom,,7.8,tt0118497
3906,Thunderbirds,1965,7+,56/100,0,0,1,0,1,"science fiction television program, adventure television series, action television series, children's television series",United Kingdom,English,7.9,tt0057790
3908,Thriller,1960,,56/100,1,0,1,0,1,,,,8.2/10,
3909,Gortimer Gibbon's Life on Normal Street,2014,all,56/100,0,0,1,0,1,children's television series,United States,English,10.0,tt3496764
3910,The Bernie Mac Show,2001,7+,56/100,0,0,1,0,1,"comedy television series, sitcom",United States,English,7.2,tt0285341
3911,Dr. G: Medical Examiner,2004,16+,56/100,0,0,1,0,1,reality television,United States,English,10.0,tt0364314
3912,David Copperfield,1999,7+,56/100,0,0,1,0,1,,,,7.7/10,
3913,Say Yes to the Dress,2007,7+,56/100,0,0,1,0,1,reality television,United States,English,3.0,tt1166709
3914,Red Rock,2015,7+,56/100,0,0,1,0,1,,Ireland,,8.0,tt4320944
3915,Almost Royal,2014,7+,56/100,0,0,1,0,1,,"United Kingdom, United States",English,7.3,tt3727552
3916,Wu-Tang Clan: Of Mics and Men,2019,18+,56/100,0,0,1,0,1,,United States,,7.0,tt9376934
3917,Daniel Tiger's Neighborhood,2012,all,56/100,0,0,1,0,1,,,,7.4/10,
3918,Criminal Minds: Suspect Behavior,2011,16+,56/100,0,0,1,0,1,"police procedural, crime television series",United States,English,8.0,tt1703874
3919,Whites,2010,18+,56/100,0,0,1,0,1,,,,7.6/10,
3920,The Slave Hunters,2010,,56/100,0,0,1,0,1,action television series,South Korea,Korean,10.0,tt2980528
3922,The Devil's Whore,2008,,56/100,0,0,1,0,1,,,,7.1/10,
3923,How the States Got Their Shapes,2010,7+,56/100,0,0,1,0,1,,United States,,8.1/10,
3924,One Mississippi,2016,18+,56/100,0,0,1,0,1,"comedy drama, LGBT-related television series",United States,English,9.0,tt4947608
3925,Rick Steves' Europe,2000,all,56/100,0,0,1,0,1,,United States,,8.0,tt1243815
3926,Our Mutual Friend,1998,,56/100,0,0,1,0,1,,United Kingdom,,10.0,tt0144727
3927,London Kills,2019,16+,55/100,0,0,1,0,1,,United Kingdom,English,8.0,tt8571906
3928,Hell Girl,2005,18+,55/100,0,0,1,0,1,,,,7.5/10,
3930,Grand Blue,2018,18+,55/100,0,0,1,0,1,,,,7.9/10,
3931,Cuffs,2015,16+,55/100,0,0,1,0,1,"police procedural, LGBT-related television series",United Kingdom,English,9.0,tt4568288
3932,She Was Pretty,2015,,55/100,0,0,1,0,1,"romantic comedy, Workplace",South Korea,Korean,8.0,tt5045900
3933,Dora the Explorer,2000,all,55/100,0,0,1,0,1,,,,4.2/10,
3935,Counting Cars,2012,7+,55/100,0,0,1,0,1,reality television,United States,English,7.0,tt2338096
3936,Home and Away,1988,7+,55/100,0,0,1,0,1,soap opera,Australia,English,5.1,tt0094481
3937,Hamish Macbeth,1995,,55/100,0,0,1,0,1,,United Kingdom,Scottish English,9.0,tt0111993
3938,A Very British Coup,1988,18+,55/100,0,0,1,0,1,,,,8.3/10,
3939,Titanic,2012,16+,55/100,0,0,1,0,1,,,,6.0/10,
3940,Edwardian Farm,2010,,55/100,0,0,1,0,1,documentary film,United Kingdom,,7.0,tt1821820
3941,Texas Rising,2015,16+,55/100,0,0,1,0,1,,,,6.7/10,
3942,"Nu, pogodi!",1969,,55/100,0,0,1,0,1,,,,8.6/10,
3944,Oliver Twist,2007,7+,55/100,0,0,1,0,1,,,,7.4/10,
3945,World’s Toughest Race: Eco-Challenge Fiji,2020,16+,55/100,0,0,1,0,1,"reality television, television documentary",United States,,5.0,tt8527842
3946,Father Knows Best,1954,all,54/100,0,0,1,0,1,"American television sitcom, comedy television series",United States,English,7.4,tt0046600
3947,Legend of Earthsea,2004,,54/100,0,0,1,0,1,,,,5.7/10,
3948,I Love Dick,2016,16+,54/100,0,0,1,0,1,comedy,United States,English,6.4,tt5478730
3949,The Ray Bradbury Theater,1985,,54/100,0,0,1,0,1,"science fiction television program, anthology series","United States, Canada",English,6.0,tt0088591
3950,Rocco Schiavone,2016,7+,54/100,0,0,1,0,1,"drama film, crime film, thriller film, film based on literature",Italy,,8.0,tt6231158
3951,WordWorld,2007,all,54/100,0,0,1,0,1,,,,6.7/10,
3952,The Collection,2016,18+,54/100,0,0,1,0,1,,,,7.1/10,
3953,Beecham House,2019,16+,54/100,0,0,1,0,1,period drama film,United Kingdom,English,10.0,tt8451638
3954,The Twelve Kingdoms,2002,16+,54/100,0,0,1,0,1,,,,8.1/10,
3955,The Way We Live Now,2001,16+,54/100,0,0,1,0,1,drama television series,United Kingdom,,8.0,tt0300879
3956,Land of the Lustrous,2017,16+,54/100,0,0,1,0,1,,,,8.0/10,
3957,Rowan & Martin's Laugh-In,1967,7+,54/100,0,0,1,0,1,,United States,English,8.0,tt0062601
3961,Super Wings!,2014,all,54/100,0,0,1,0,1,,,,6.2/10,
3962,Touched by an Angel,1994,7+,54/100,0,0,1,0,1,"drama television series, adventure television series",United States,English,6.1,tt0108968
3963,The Border,2008,7+,54/100,0,0,1,0,1,,Canada,English,9.0,tt0896527
3964,Victorian Farm,2009,,54/100,0,0,1,0,1,documentary film,United Kingdom,,9.0,tt1372211
3965,Crisis in Six Scenes,2016,all,54/100,0,0,1,0,1,comedy television program,United States,English,9.0,tt4354616
3966,American Playboy: The Hugh Hefner Story,2017,18+,54/100,0,0,1,0,1,"docudrama, political drama",United States,,8.0,tt5968748
3967,The Street,2006,18+,54/100,0,0,1,0,1,,United Kingdom,English,10.0,tt0472984
3968,Tales of the Unexpected,1979,7+,54/100,0,0,1,0,1,"anthology series, crime television series, horror television series",United Kingdom,English,8.0,tt0075592
3969,Meerkat Manor,2005,,54/100,0,0,1,0,1,television documentary,United Kingdom,English,8.3,tt0765725
3972,My Mother and Other Strangers,2016,16+,54/100,0,0,1,0,1,,United Kingdom,English,9.0,tt5882386
3973,Charles II: The Power and The Passion,2003,16+,53/100,0,0,1,0,1,,,,7.5/10,
3974,Moby Dick,1998,7+,53/100,0,0,1,0,1,,,,6.5/10,
3975,A Cook's Tour,2002,16+,53/100,0,0,1,0,1,,United States,,8.3,tt0306306
3976,Beat,2018,18+,53/100,0,0,1,0,1,,,,7.4/10,
3977,Long Strange Trip,2017,18+,53/100,0,0,1,0,1,,,,8.2/10,
3978,Middlemarch,1994,,53/100,0,0,1,0,1,,,,7.4/10,
3979,Wahlburgers,2014,16+,53/100,0,0,1,0,1,reality television,United States,English,3.0,tt3333880
3980,Island at War,2004,,53/100,0,0,1,0,1,drama television series,United Kingdom,,10.0,tt0401019
3981,We Children from Bahnhof Zoo,2021,,53/100,0,0,1,0,1,"drama television series, coming-of-age fiction",Germany,German,3.0,tt13138972
3983,Kung Fu Panda: The Paws of Destiny,2018,7+,53/100,0,0,1,0,1,,,,7.6/10,
3984,The Bold and the Beautiful,1987,16+,53/100,0,0,1,0,1,soap opera,United States,English,4.0,tt0092325
3985,Lucky Dog,2013,all,53/100,0,0,1,0,1,,,,8.5/10,
3986,Team Umizoomi,2010,all,53/100,0,0,1,0,1,,,,6.0/10,
3987,GRAND PRIX Driver,2018,7+,53/100,0,0,1,0,1,,,,7.6/10,
3989,Gordon Ramsay's Ultimate Cookery Course,2012,,53/100,0,0,1,0,1,cooking show,United Kingdom,,9.0,tt2438272
3990,Moon Embracing the Sun,2012,7+,53/100,0,0,1,0,1,"historical television series, historical drama, fantasy television series, romance television series",South Korea,Korean,10.0,tt3143378
3992,The Forgotten Army - Azaadi ke liye,2020,18+,53/100,0,0,1,0,1,,,,8.1/10,
3993,RahXephon,2002,16+,53/100,0,0,1,0,1,,,,7.2/10,
3995,Accidentally on Purpose,2009,7+,52/100,0,0,1,0,1,American television sitcom,United States,English,6.4,tt1441096
3996,Hammer House of Horror,1980,18+,52/100,0,0,1,0,1,"drama television series, horror television series, thriller television series, anthology series",United Kingdom,English,10.0,tt0080231
3997,Rescue: Special Ops,2009,,52/100,0,0,1,0,1,"police procedural, drama television series",Australia,English,8.0,tt1442566
3998,Everest: Beyond the Limit,2006,7+,52/100,0,0,1,0,1,reality television,United States,English,8.0,tt0883680
3999,Odd Squad,2014,all,52/100,0,0,1,0,1,educational entertainment,"Canada, United States",English,10.0,tt3900614
4000,Detective Anna,2016,,52/100,0,0,1,0,1,"detective fiction, mysticism, historical film, melodrama",Russia,Russian,10.0,tt6226710
4001,Sarazanmai,2019,7+,52/100,0,0,1,0,1,,,,7.0/10,
4002,One Step Beyond,1959,all,52/100,0,0,1,0,1,,,,7.8/10,
4003,Everyday Driver,2017,,52/100,0,0,1,0,1,,,,9.3/10,
4004,The Island with Bear Grylls,2014,16+,52/100,0,0,1,0,1,reality television,United Kingdom,,8.0,tt3725394
4005,Here's Lucy,1968,all,52/100,0,0,1,0,1,American television sitcom,United States,English,7.0,tt0062570
4006,Hotel Impossible,2012,7+,52/100,0,0,1,0,1,reality television,United States,,10.0,tt2129304
4008,Zoboomafoo,1999,7+,52/100,0,0,1,0,1,"children's television series, live action/animated television series","United States, Canada",English,7.6,tt0190211
4009,Jessica,2004,16+,52/100,0,0,1,0,1,,,,7.6/10,
4010,The Passing Bells,2014,7+,52/100,0,0,1,0,1,,United Kingdom,,10.0,tt3893044
4011,Pandora,2019,7+,52/100,1,0,1,0,1,,,,4.2/10,
4013,Luxe Listings Sydney,2021,,52/100,0,0,1,0,1,reality television,Australia,English,4.0,tt14344354
4014,The Hunger,1997,18+,52/100,0,0,1,0,1,"drama television series, anthology series, erotica",Canada,English,5.0,tt0118346
4015,Lorena,2019,18+,52/100,0,0,1,0,1,,,,7.2/10,
4017,Harmony with A R Rahman,2018,,52/100,0,0,1,0,1,,,,9.2/10,
4018,You Are Wanted,2017,7+,52/100,0,0,1,0,1,thriller,Germany,German,8.0,tt5462886
4019,The Time of Our Lives,2013,,52/100,0,0,1,0,1,,Australia,,9.0,tt2196296
4020,7 Deadly Sins,2014,18+,52/100,0,0,1,0,1,,,,7.1/10,
4021,Grace Under Fire,1993,7+,52/100,0,0,1,0,1,sitcom,United States,English,6.4,tt0106017
4022,Himouto! Umaru-chan,2015,16+,52/100,0,0,1,0,1,,,,7.0/10,
4024,Story of Yanxi Palace,2018,,52/100,0,0,1,0,1,"drama, historical fiction",People's Republic of China,,8.0,tt8865016
4025,The Big Comfy Couch,1993,all,52/100,0,0,1,0,1,comedy,Canada,English,7.2,tt0136634
4026,David the Gnome,1985,all,52/100,0,0,1,0,1,,,,7.4/10,
4028,Free to Choose,1980,,51/100,0,0,1,0,1,,,,9.1/10,
4029,All or Nothing: New Zealand All Blacks,2018,16+,51/100,0,0,1,0,1,,,,8.1/10,
4030,Teen Mom OG,2009,7+,51/100,0,0,1,0,1,reality television,United States,English,3.7,tt1566154
4031,Miami Ink,2005,7+,51/100,0,0,1,0,1,reality television,United States,English,10.0,tt0472014
4033,Beowulf: Return to the Shieldlands,2016,7+,51/100,0,0,1,0,1,,,,5.8/10,
4034,Cosby,1996,7+,51/100,0,0,1,0,1,"comedy film, sitcom, black sitcom",United States,English,6.2,tt0115144
4035,The Boarding School: Las Cumbres,2021,,51/100,0,0,1,0,1,,,,6.5/10,
4036,Mayday,2013,,51/100,0,0,1,0,1,docudrama,Canada,English,9.0,tt0386950
4038,The Real McCoys,1957,16+,51/100,0,0,1,0,1,sitcom,United States,English,7.6,tt0050053
4039,I Love Money,2008,,51/100,0,0,1,0,1,reality television,United States,English,7.0,tt1229295
4040,Bobby's World,1990,all,51/100,0,0,1,0,1,,,,7.3/10,
4041,Leo the Wildlife Ranger,2015,,51/100,0,0,1,0,1,,Singapore,,8.0,tt5375224
4042,Safe House,2015,18+,51/100,0,0,1,0,1,,,,6.4/10,
4044,The Saddle Club,2001,all,51/100,0,0,1,0,1,comedy television series,"Australia, Canada",,6.2,tt0278876
4045,The Principal,2015,,51/100,0,0,1,0,1,drama,Australia,,5.0,tt4146664
4046,Secret Agent,1965,7+,51/100,0,0,1,0,1,,,,8.2/10,
4047,The Vineyard,2021,,51/100,0,0,1,0,1,"period drama film, romance",Spain,Spanish,7.0,tt10681240
4048,Tandav,2021,18+,51/100,0,0,1,0,1,,India,Hindi,7.0,tt11117570
4049,James May: Oh Cook!,2020,,51/100,0,0,1,0,1,cooking show,United Kingdom,,7.0,tt12546678
4051,Amazon,1999,,51/100,0,0,1,0,1,,,,7.6/10,
4052,The New Yorker Presents,2016,18+,51/100,0,0,1,0,1,,United States,English,10.0,tt4115864
4053,Oddities,2010,7+,51/100,0,0,1,0,1,"reality television, documentary film",United States,,9.0,tt1870946
4054,The Secret World of Nature: Spain,2020,7+,51/100,0,0,1,0,1,,,,9.6/10,
4055,Aristocrats,1999,7+,51/100,0,0,1,0,1,drama television series,United Kingdom,English,7.0,tt0204082
4057,Littlest Pet Shop,2012,all,51/100,0,0,1,0,1,,"United States, Canada",,6.7,tt0212670
4058,Hole in the Wall,2008,all,51/100,1,0,1,0,1,game show,United States,English,1.0,tt1277979
4059,The Scholar Who Walks the Night,2015,,50/100,0,0,1,0,1,"vampire film, period drama film",South Korea,Korean,10.0,tt4846958
4060,Murder Calls,2017,16+,50/100,0,0,1,0,1,docudrama,Australia,English,5.9,tt6624166
4061,Hitorijime My Hero,2017,,50/100,0,0,1,0,1,,,,7.1/10,
4062,Charlie and Lola,2005,all,50/100,0,0,1,0,1,,,,6.7/10,
4063,Land of the Lost,1991,all,50/100,0,0,1,0,1,science fiction television program,United States,English,7.1,tt0071005
4064,Continuum,2012,,50/100,0,0,1,0,1,"science fiction television program, drama television series, action television series, thriller television series",Canada,English,8.0,tt1954347
4065,Making Their Mark,2021,,50/100,0,0,1,0,1,,,,8.4,tt13833756
4066,Frank of Ireland,2021,,50/100,0,0,1,0,1,,Ireland,,6.0,tt11909220
4067,Where on Earth is Carmen Sandiego?,1994,all,50/100,0,0,1,0,1,,,,7.3/10,
4068,Bat Masterson,1958,16+,50/100,0,0,1,0,1,Westerns on television,United States,English,7.3,tt0052445
4069,Lillie,1978,,50/100,0,0,1,0,1,,,,8.1/10,
4070,Einstein,2017,,50/100,0,0,1,0,1,,,,6.5/10,
4072,Féminin/Féminin,2014,16+,50/100,0,0,1,0,1,,,,8.4/10,
4073,The Last Place on Earth,1985,,50/100,0,0,1,0,1,drama television series,United Kingdom,English,10.0,tt0088551
4074,Becoming Human,2011,16+,50/100,0,0,1,0,1,"comedy drama, fantasy television series, werewolf television program, vampire television program",United Kingdom,,8.0,tt1829850
4076,The Jury,2002,18+,50/100,0,0,1,0,1,police procedural,United States,English,7.1,tt0398498
4077,James May's Toy Stories,2009,7+,50/100,0,0,1,0,1,documentary film,United Kingdom,English,3.0,tt1536735
4078,Mamon,2015,,50/100,0,0,1,0,1,"crime television series, crime film, thriller film",Czech Republic,Czech,10.0,tt5169608
4079,Prime Suspect: Tennison,2017,16+,50/100,0,0,1,0,1,television series based on a novel,United Kingdom,English,10.0,tt5936838
4080,Ax Men,2008,7+,50/100,0,0,1,0,1,reality television,United States,English,3.0,tt1197649
4081,Inuyashiki Last Hero,2017,,50/100,0,0,1,0,1,,,,6.6/10,
4082,On Death Row,2012,16+,50/100,0,0,1,0,1,documentary film,United States,English,4.0,tt1843894
4083,El Presidente,2020,16+,49/100,0,0,1,0,1,"drama film, thriller",Chile,Spanish,9.0,tt10091306
4084,Celebrity Ghost Stories,2009,7+,49/100,0,0,1,0,1,reality television,United States,English,9.0,tt1320080
4085,Mike Hammer,1984,7+,49/100,0,0,1,0,1,,United States,,7.1,tt0130416
4087,Bridget & Eamon,2016,16+,49/100,0,0,1,0,1,,Ireland,,8.0,tt5237818
4088,Secrets of the Castle,2014,,49/100,0,0,1,0,1,,United Kingdom,,9.0,tt4388710
4089,Le Mans: Racing is Everything,2017,7+,49/100,0,0,1,0,1,,,,7.3/10,
4090,Superheroes: A Never-Ending Battle,2013,7+,49/100,0,0,1,0,1,documentary film,United States,English,8.0,tt3062328
4091,The Busy World of Richard Scarry,1994,all,49/100,0,0,1,0,1,,,,7.5/10,
4092,King of the Road,2016,16+,49/100,0,0,1,0,1,,,,8.9/10,
4093,Secret Smile,2005,,49/100,0,0,1,0,1,drama television series,United Kingdom,English,10.0,tt0462520
4094,The Delivery Man,2015,16+,49/100,0,0,1,0,1,sitcom,United Kingdom,English,8.0,tt4610700
4095,Battle 360°,2008,7+,49/100,0,0,1,0,1,documentary film,United States,,6.0,tt1194698
4096,This Giant Beast That is the Global Economy,2019,16+,49/100,0,0,1,0,1,,,,7.8/10,
4097,LoliRock,2014,all,49/100,0,0,1,0,1,,,,7.3/10,
4098,Strange Empire,2014,16+,49/100,0,0,1,0,1,drama television series,Canada,English,10.0,tt3920814
4099,The Greatest Love,2011,16+,49/100,0,0,1,0,1,drama television series,South Korea,Korean,9.0,tt2304406
4102,Cybersix,1999,16+,49/100,0,0,1,0,1,,,,7.8/10,
4105,The Dangerous Book for Boys,2018,7+,49/100,0,0,1,0,1,film based on book,United States,English,3.0,tt1082583
4107,Empresses In The Palace,2011,7+,49/100,0,0,1,0,1,historical play,People's Republic of China,Chinese,9.0,tt2374683
4108,Captain Scarlet and the Mysterons,1967,all,49/100,0,0,1,0,1,"science fiction television program, thriller television series, adventure television series",United Kingdom,English,7.8,tt0059973
4109,Stingray,1964,,49/100,0,0,1,0,1,"science fiction television program, adventure television series, children's television series, action television series",United Kingdom,English,7.3,tt0057786
4110,Survive This,2009,7+,49/100,0,0,1,0,1,"game show, reality television",Canada,English,7.0,tt1478503
4111,Unscripted,2005,,49/100,0,0,1,0,1,comedy drama,United States,,7.4,tt0413616
4112,Girls' Last Tour,2017,16+,49/100,0,0,1,0,1,,,,7.7/10,
4114,Grimoire of Zero,2017,16+,49/100,0,0,1,0,1,,,,7.0/10,
4116,After the Rain,2018,18+,49/100,0,0,1,0,1,,,,7.4/10,
4118,Gator Boys,2012,,48/100,0,0,1,0,1,,,,8.0,tt2141011
4120,The Adventures of Swiss Family Robinson,1998,,48/100,0,0,1,0,1,"speculative fiction, television series based on a novel",United States,English,2.0,tt0222519
4122,The Roy Rogers Show,1951,,48/100,0,0,1,0,1,Westerns on television,United States,English,7.1,tt0043225
4123,The Ruth Rendell Mysteries,1987,16+,48/100,0,0,1,0,1,drama television series,United Kingdom,,10.0,tt0166458
4124,10.5: Apocalypse,2006,,48/100,0,0,1,0,1,,,,4.5/10,
4125,Thunderbirds Are Go!,2015,all,48/100,0,0,1,0,1,,,,6.8/10,
4126,Blade of the Immortal,2008,16+,48/100,0,0,1,0,1,,,,6.7/10,
4127,Laid,2011,,48/100,0,0,1,0,1,,United States,,7.0,tt21114548
4129,Karakuri Circus,2018,,48/100,0,0,1,0,1,,,,7.1/10,
4130,The Great Escapists,2021,,48/100,0,0,1,0,1,"comedy, mockumentary",United States,English,4.0,tt10948294
4131,The Mill,2013,,48/100,0,0,1,0,1,,,,7.5/10,
4132,Fake or Fortune?,2011,,48/100,0,0,1,0,1,"documentary film, investigative journalism",United Kingdom,English,10.0,tt2033616
4133,Tudor Monastery Farm,2013,,48/100,0,0,1,0,1,documentary film,United Kingdom,,6.0,tt4103600
4135,Peg + Cat,2013,all,48/100,0,0,1,0,1,,,,7.8/10,
4136,Re:Creators,2017,18+,48/100,0,0,1,0,1,,,,7.1/10,
4137,Bounty Hunters,2017,,48/100,0,0,1,0,1,,,,6.0/10,
4138,Just Because!,2017,7+,48/100,0,0,1,0,1,,,,6.9/10,
4139,Chivas: El Rebaño Sagrado,2021,,48/100,0,0,1,0,1,,,,7.4/10,
4140,Yuki Yuna is a Hero,2014,16+,48/100,0,0,1,0,1,,,,6.8/10,
4141,The Pack,2020,,48/100,0,0,1,0,1,"drama television series, thriller television series",Chile,Spanish,5.0,tt9138156
4142,Boarding School Juliet,2018,16+,48/100,0,0,1,0,1,,,,7.1/10,
4143,This Is Football,2019,16+,48/100,0,0,1,0,1,,,,8.2/10,
4144,Valemont,2009,7+,47/100,0,0,1,0,1,"mystery television series, vampire television program",United States,English,5.0,tt1430794
4145,Alice in Paris,2016,all,47/100,0,0,1,0,1,,,,8.7/10,
4146,Fury,1955,,47/100,0,0,1,0,1,,,,7.4/10,
4148,Ronja the Robber's Daughter,2014,7+,47/100,0,0,1,0,1,"adventure television series, drama television series, television series based on a novel",Sweden,Swedish,3.0,tt15379396
4149,The Restoration Man,2010,,47/100,0,0,1,0,1,,United Kingdom,,5.0,tt1632329
4150,Felix the Cat,1958,,47/100,0,0,1,0,1,,,,6.8/10,
4151,Rebel,2017,16+,47/100,0,0,1,0,1,,,,5.4/10,
4153,Yancy Derringer,1958,,47/100,0,0,1,0,1,Westerns on television,United States,,7.8,tt0051329
4154,Curiosity,2011,16+,47/100,0,0,1,0,1,,,,7.8/10,
4155,Hitoshi Matsumoto Presents Documental,2016,,47/100,0,0,1,0,1,,,,6.0,tt6369836
4156,JourneyQuest,2010,,47/100,0,0,1,0,1,fantasy television series,United States,,10.0,tt1715332
4157,Babar,1989,all,47/100,0,0,1,0,1,,,,6.5/10,
4158,Public Enemies,2012,,47/100,0,0,1,0,1,,,,7.1/10,
4159,One Night Stand,1989,18+,47/100,0,0,1,0,1,,,,8.2/10,
4160,The Rebel,1959,,47/100,0,0,1,0,1,,,,7.8/10,
4161,Full Custom Garage,2014,,47/100,0,0,1,0,1,,,,8.5/10,
4162,Hunting ISIS,2018,,47/100,0,0,1,0,1,,United States,,8.3/10,
4163,Rose and Maloney,2002,,47/100,0,0,1,0,1,drama television series,United Kingdom,English,6.0,tt0338655
4165,Mr. Osomatsu,2015,16+,47/100,0,0,1,0,1,,,,7.5/10,
4166,Fetch! with Ruff Ruffman,2006,all,47/100,0,0,1,0,1,"comedy television series, live action/animated television series",United States,English,9.0,tt0496195
4168,The Cyanide & Happiness Show,2014,18+,47/100,0,0,1,0,1,,,,8.0/10,
4169,Welcome to the Ballroom,2017,16+,47/100,0,0,1,0,1,,,,7.8/10,
4170,Flash Gordon,2007,7+,47/100,0,0,1,0,1,science fiction television program,"Canada, United States",English,6.0,tt0959086
4171,Empress Ki,2013,all,47/100,0,0,1,0,1,"historical television series, romance television series",South Korea,Korean,9.0,tt3322566
4172,Enemy at the Door,1978,,47/100,0,0,1,0,1,,United Kingdom,English,8.0,tt0122818
4173,Deal or No Deal,2005,7+,47/100,0,0,1,0,1,game show,Netherlands,,3.2,tt0880823
4174,Pound Puppies,2010,all,47/100,0,0,1,0,1,,,,6.3/10,
4175,Just Add Magic: Mystery City,2020,all,47/100,0,0,1,0,1,,,,7.3/10,
4176,American Ripper,2017,16+,47/100,0,0,1,0,1,,,,6.3/10,
4177,Hoarding: Buried Alive,2010,7+,46/100,0,0,1,0,1,"reality television, television documentary",United States,,1.0,tt1538296
4178,Mr. Wizard's World,1983,all,46/100,0,0,1,0,1,educational television,,English,8.0,tt0085060
4179,Street Fighter: Resurrection,2016,16+,46/100,0,0,1,0,1,,,,6.5/10,
4180,The Tesla Files,2018,,46/100,0,0,1,0,1,,United States,English,10.0,tt8439492
4183,Clifford's Puppy Days,2003,all,46/100,0,0,1,0,1,,"United Kingdom, United States",English,10.0,tt0377156
4184,A Fortunate Life,1986,7+,46/100,0,0,1,0,1,,,,7.9/10,
4185,Troopers,2011,,46/100,0,0,1,0,1,,,,8.0/10,
4187,999: What's Your Emergency?,2012,,46/100,0,0,1,0,1,television documentary,United Kingdom,British English,8.0,tt3321642
4188,Happy Sugar Life,2018,,46/100,0,0,1,0,1,,,,6.5/10,
4189,Tumble Leaf,2013,all,46/100,0,0,1,0,1,,,,8.5/10,
4190,The Gymkhana Files,2018,18+,46/100,0,0,1,0,1,,,,7.9/10,
4191,Life In Squares,2015,,46/100,0,0,1,0,1,LGBT-related television series,United Kingdom,,6.5,tt4034398
4192,Shakespeare Uncovered,2012,,46/100,0,0,1,0,1,,,,8.6/10,
4193,Little Men,1998,,46/100,0,1,1,0,1,,United States,English,10.0,tt0179029
4194,London's Burning,1986,,46/100,0,0,1,0,1,drama television series,United Kingdom,English,10.0,tt0123355
4195,Lost in Oz,2015,7+,46/100,0,0,1,0,1,,,,7.6/10,
4196,Deltora Quest,2007,all,46/100,0,0,1,0,1,,,,7.1/10,
4197,Great Expectations,1999,,46/100,0,0,1,0,1,drama television series,United States,English,9.0,tt0096601
4198,The Eleven,2017,16+,46/100,0,0,1,0,1,,,,6.8/10,
4199,Legend of Master Legend,2017,,46/100,0,0,1,0,1,,,,,
4200,Do You Love Your Mom and Her Two-Hit Multi-Target Attacks?,2019,16+,46/100,0,0,1,0,1,,,,5.1/10,
4201,Big Dogs,2020,,46/100,0,0,1,0,1,,United States,,5.5,tt6599010
4202,Tokyo Girl,2016,,46/100,0,0,1,0,1,"drama television series, television series based on a novel",Japan,,10.0,tt7256504
4203,Jim Gaffigan: The Pale Tourist,2020,,46/100,0,0,1,0,1,,,,6.7/10,
4204,MonsterQuest,2007,7+,46/100,0,0,1,0,1,documentary film,United States,English,7.1,tt1170243
4205,Peep and the Big Wide World,2004,all,46/100,0,0,1,0,1,,,,7.1/10,
4206,Shaktimaan,1997,,46/100,0,0,1,0,1,superhero television program,India,Hindi,10.0,tt0389680
4207,Unsealed: Alien Files,2012,,46/100,0,0,1,0,1,,,,6.5/10,
4208,Flowering Heart,2018,,46/100,0,0,1,0,1,,,,,
4209,Nova ScienceNow,2005,all,45/100,0,0,1,0,1,documentary film,United States,,8.5,tt0449461
4210,Budding Prospects,2017,18+,45/100,0,0,1,0,1,,,,7.3/10,
4211,Sofiya,2016,,45/100,0,0,1,0,1,,,,7.8/10,
4212,I Married Joan,1952,,45/100,0,0,1,0,1,American television sitcom,United States,English,7.7,tt0044269
4214,Baby u,2011,,45/100,0,0,1,0,1,,,,,
4215,This Is Personal: The Hunt for the Yorkshire Ripper,2000,,45/100,0,0,1,0,1,,,,7.6/10,
4216,Tenspeed and Brown Shoe,1980,7+,45/100,0,0,1,0,1,detective fiction,United States,English,7.5,tt0080289
4217,Women in Love,2011,,45/100,0,0,1,0,1,,,,6.1/10,
4218,Marcia Clark Investigates The First 48,2018,16+,45/100,0,0,1,0,1,,United States,,3.0,tt7874718
4219,Goku Midnight Eye,1989,18+,45/100,0,0,1,0,1,,,,6.9/10,
4220,Samurai Girls,2010,18+,45/100,0,0,1,0,1,,,,6.5/10,
4221,Played,2013,,45/100,0,0,1,0,1,police procedural,Canada,English,6.2,tt2886812
4223,City of Vice,2008,,45/100,0,0,1,0,1,,United Kingdom,,5.0,tt1044196
4224,True Tears,2008,7+,45/100,0,0,1,0,1,,,,7.3/10,
4225,Kratts' Creatures,1996,all,45/100,0,0,1,0,1,,United States,English,8.2,tt0159885
4226,Love and Lies,2017,16+,45/100,0,0,1,0,1,thriller television series,Philippines,,7.0,tt2946616
4227,LOL: Australia,2020,,45/100,0,0,1,0,1,,Australia,,5.7,tt10846292
4228,HBO Comedy Half-Hour,1994,7+,45/100,0,0,1,0,1,stand-up comedy,United States,,7.9,tt0251512
4229,Princess Principal,2017,18+,45/100,0,0,1,0,1,,,,7.4/10,
4230,Onihei,2017,,45/100,0,0,1,0,1,,Japan,Japanese,7.8/10,
4231,The Legend of William Tell,1998,,45/100,0,0,1,0,1,fantasy television series,New Zealand,English,7.2,tt0191700
4232,Acapulco H.E.A.T.,1993,16+,45/100,0,0,1,0,1,,United States,English,5.6,tt0105930
4233,Dharmakshetra,2014,,45/100,0,0,1,0,1,,India,Hindi,10.0,tt6803712
4234,UFO Files,2004,7+,45/100,0,0,1,0,1,,United States,English,2.0,tt0433320
4235,Mansfield Park,1983,all,45/100,0,0,1,0,1,"drama television series, television series based on a novel",United Kingdom,,7.0,tt0085052
4236,Porterhouse Blue,1987,18+,45/100,0,0,1,0,1,television series based on a novel,United Kingdom,,8.0,tt0092428
4237,Pete the Cat,2017,all,45/100,0,0,1,0,1,,,,7.6/10,
4239,Ivanhoe,1997,7+,45/100,0,0,1,0,1,,,,7.4/10,
4240,Sigmund and the Sea Monsters,1973,all,45/100,0,0,1,0,1,,United States,,6.9,tt0069632
4241,The Bay,2010,,45/100,0,0,1,0,1,,,,7.3/10,
4242,The Detectives,2015,,45/100,0,0,1,0,1,,Canada,,8.0,tt7921292
4243,100 Years of Horror,1996,,45/100,0,0,1,0,1,,,,8.0,tt0166940
4244,Bikini Destinations,2003,18+,45/100,0,0,1,0,1,,United States,,7.1,tt0445867
4245,Walking Through History,2013,,45/100,0,0,1,0,1,,United Kingdom,,8.2/10,
4246,Civil War Journal,1993,,45/100,0,0,1,0,1,,,,8.2/10,
4248,IRODUKU: The World in Colors,2018,16+,44/100,0,0,1,0,1,,,,7.4/10,
4249,El Desafío: ETA,2020,,44/100,0,0,1,0,1,,,,8.3/10,
4250,Rob the Robot,2010,all,44/100,0,0,1,0,1,,,,7.8/10,
4251,Crime Investigation Australia,2005,18+,44/100,0,0,1,0,1,,Australia,,3.0,tt1552648
4252,Six Dreams,2018,,44/100,0,0,1,0,1,,,,7.8/10,
4253,Sensing Murder,2006,,44/100,0,0,1,0,1,reality television,Australia,English,3.2,tt0344644
4254,I Survived...Beyond and Back,2010,,44/100,0,0,1,0,1,,,,8.1/10,
4255,All or Nothing: The Michigan Wolverines,2018,,44/100,0,0,1,0,1,,,,7.6/10,
4256,The Simple Life,2003,16+,44/100,0,0,1,0,1,reality television,United States,English,4.3,tt0362153
4257,Beatless,2018,,44/100,0,0,1,0,1,,,,5.7/10,
4259,The Kicks,2016,all,44/100,0,0,1,0,1,sitcom,United States,,10.0,tt4196686
4260,Sons of The Soil - Jaipur Pink Panthers,2020,,44/100,0,0,1,0,1,,,,7.8/10,
4262,Pequeñas coincidencias,2018,7+,44/100,0,0,1,0,1,romantic comedy,Spain,Spanish,5.0,tt8597326
4263,On the Spot,2014,,44/100,0,0,1,0,1,reality television,United States,,8.1/10,
4264,UFO Hunters,2008,7+,44/100,0,0,1,0,1,reality television,United States,English,1.0,tt1176951
4265,Transformers: Combiner Wars,2016,16+,44/100,0,0,1,0,1,,,,5.4/10,
4266,Cape Town,2016,,44/100,0,0,1,0,1,drama film,"Germany, South Africa",English,8.0,tt4760616
4267,All or Nothing: Brazil National Team,2020,16+,44/100,0,0,1,0,1,,,,5.0,tt11621718
4269,Kannazuki no Miko,2004,16+,44/100,0,0,1,0,1,,,,6.7/10,
4270,The Roman Empire in the First Century,2001,,44/100,0,0,1,0,1,,,,7.5/10,
4271,The Adventures of Maya the Honey Bee,1975,all,44/100,0,0,1,0,1,,,,6.7/10,
4272,Soviet Storm: WWII in the East,2011,7+,44/100,0,0,1,0,1,,,,8.7/10,
4273,Chiller,1995,,44/100,0,0,1,0,1,,,,6.5/10,
4274,Charlie's Angels,2011,16+,44/100,1,0,1,0,1,"crime television series, drama television series, action television series",United States,English,6.6,tt0073972
4276,The Underground,2006,18+,44/100,0,0,1,0,1,,,,5.6/10,
4277,Eat the World with Emeril Lagasse,2016,16+,44/100,0,0,1,0,1,,,,10.0,tt5860892
4278,Pandora's Box,2012,16+,44/100,0,0,1,0,1,,,,8.5/10,
4279,The Veil,1958,,44/100,0,0,1,0,1,,South Korea,Korean,7.0,tt14482296
4280,Black Widows,2014,,44/100,0,0,1,0,1,drama television series,"Sweden, Norway, Denmark",,7.0,tt5433600
4281,Sea Rescue,2012,all,44/100,0,0,1,0,1,educational television,United States,,8.6,tt2353113
4282,America Revealed,2012,,44/100,0,0,1,0,1,,,,8.1/10,
4283,Hero: 108,2010,all,44/100,0,0,1,0,1,,,,5.7/10,
4284,BBQ with Franklin,2015,all,44/100,0,0,1,0,1,,,,8.1/10,
4285,Oasis,2017,18+,44/100,0,0,1,0,1,,,,8.3/10,
4286,The Fabric of the Cosmos,2011,,43/100,0,0,1,0,1,,,,8.7/10,
4287,Merlin's Apprentice,2006,16+,43/100,0,0,1,0,1,,,,5.3/10,
4288,Fireball XL5,1962,7+,43/100,0,0,1,0,1,"science fiction television program, adventure television series, children's television series, action television series",United Kingdom,English,7.2,tt0055673
4289,Studio One,1948,,43/100,0,0,1,0,1,anthology series,United States,English,9.0,tt0040051
4290,Canimals,2011,all,43/100,0,0,1,0,1,comedy television series,South Korea,,9.0,tt2174349
4291,Wild Boys,2011,7+,43/100,0,0,1,0,1,drama television series,Australia,,8.0,tt1865572
4292,The Annoying Orange,2009,7+,43/100,0,0,1,0,1,,,,,
4293,1st & Ten,1984,,43/100,0,0,1,0,1,American television sitcom,United States,English,6.6,tt0086660
4294,"Lancelot Link, Secret Chimp",1970,,43/100,0,0,1,0,1,comedy television series,United States,,7.5,tt0065309
4295,Lorna Doone,2000,,43/100,0,0,1,0,1,,,,6.9/10,
4296,Wagner,1983,,43/100,0,0,1,0,1,,,,7.7/10,
4297,Niko and the Sword of Light,2017,all,43/100,0,0,1,0,1,,,,7.7/10,
4298,Mata Hari,2017,,43/100,0,0,1,0,1,,,,6.2/10,
4299,Chacha Vidhayak Hain Humare,2018,,43/100,0,0,1,0,1,,India,,7.0,tt8254592
4300,Big Pacific,2017,all,43/100,0,0,1,0,1,,,,8.4/10,
4301,Wildest Islands,2012,,43/100,0,0,1,0,1,,,,8.2/10,
4302,Animal Mechanicals,2008,all,43/100,0,0,1,0,1,adventure television series,"Canada, France",,8.0,tt1516169
4303,Strange Events,2017,,43/100,0,0,1,0,1,,,,4.8/10,
4304,Costume Quest,2019,7+,43/100,0,0,1,0,1,,,,7.0/10,
4305,Spaceballs: The Animated Series,2008,18+,43/100,0,0,1,0,1,,,,4.2/10,
4306,Daughter of Lupin,2019,,43/100,0,0,1,0,1,,,,6.4/10,
4307,The Renaissance Unchained,2016,,43/100,0,0,1,0,1,,,,8.4/10,
4308,Joanna Lumley's Nile,2010,,43/100,0,0,1,0,1,"travel television show, travel documentary",United Kingdom,English,10.0,tt1642494
4309,The History of Tom Jones,1997,,43/100,0,0,1,0,1,"drama television series, television series based on a novel",United Kingdom,English,7.7,tt0123351
4310,Vials,2017,,43/100,0,0,1,0,1,,,,,
4311,Nature Cat,2015,all,43/100,0,0,1,0,1,,,,7.2/10,
4312,Ancient Inventions,1998,,43/100,0,0,1,0,1,documentary film,United Kingdom,,6.0,tt0173523
4313,"Kokkoku, Moment by Moment",2018,18+,43/100,0,0,1,0,1,,,,7.0/10,
4315,Albert & Junior Series,2011,all,43/100,0,0,1,0,1,,,,,
4316,Ella the Elephant,2013,,43/100,0,0,1,0,1,,Canada,,,tt2173199
4317,The Danny Thomas Show,1957,all,43/100,0,0,1,0,1,American television sitcom,United States,English,7.1,tt0045410
4318,Ready Jet Go!,2016,all,43/100,0,0,1,0,1,"children's television series, fantasy television series, science fiction television program","United States, Canada",English,10.0,tt5292052
4319,Ultimate Survival: Everest,2004,,43/100,0,0,1,0,1,,,,7.3/10,
4320,Sex Sent Me to the ER,2013,18+,42/100,0,0,1,0,1,reality television,United States,,1.0,tt3415250
4321,Tornado Chasers,2012,,42/100,0,0,1,0,1,"documentary film, reality television",United States,,10.0,tt2949316
4322,Dino Dan,2009,7+,42/100,0,0,1,0,1,adventure television series,Canada,English,5.6,tt1447487
4323,Tricky Business,2012,,42/100,0,0,1,0,1,drama television series,Australia,,8.0,tt2396275
4324,18 to Life,2010,,42/100,0,0,1,0,1,sitcom,Canada,English,6.9,tt1411254
4325,Annedroids,2014,all,42/100,0,0,1,0,1,children's television series,Canada,English,10.0,tt3012532
4326,Mars Rising,2007,7+,42/100,0,0,1,0,1,television documentary,"Canada, France",,7.9,tt1120412
4327,Rage of Bahamut Virgin Soul,2017,,42/100,0,0,1,0,1,,,,7.3/10,
4328,The Attackers,2013,,42/100,0,0,1,0,1,,,,7.4/10,
4329,Atlantis High,2001,all,42/100,0,0,1,0,1,,New Zealand,English,8.0,tt0295066
4330,All or Nothing: The Dallas Cowboys,2018,18+,42/100,0,0,1,0,1,,,,7.7/10,
4331,Switch,2012,,42/100,0,0,1,0,1,,,,6.8/10,
4332,Angel's Friends,2009,,42/100,0,0,1,0,1,fantasy television program,Italy,Italian,7.0,tt1731708
4334,Girl/Girl Scene,2010,18+,42/100,0,0,1,0,1,LGBT-related television series,United States,,9.0,tt2385242
4335,Nanny 911,2004,7+,42/100,0,0,1,0,1,reality television,United States,English,1.0,tt0433726
4336,Curvy Girls,2011,,42/100,0,0,1,0,1,,,,6.5/10,
4337,Body & Soul,1993,,42/100,0,0,1,0,1,,,,8.1/10,
4338,Very British Problems,2015,,42/100,0,0,1,0,1,,United Kingdom,,7.0,tt4960806
4339,Til Debt Do Us Part,2005,,42/100,0,0,1,0,1,,Canada,English,5.0,tt0981254
4340,The Pitch,2012,,42/100,0,0,1,0,1,,United Kingdom,,7.0/10,tt2548278
4341,Date My Dad,2017,all,42/100,0,0,1,0,1,,"Canada, United States",English,10.0,tt5012346
4342,The Stinky & Dirty Show,2016,all,42/100,0,0,1,0,1,,,,7.3/10,
4344,Doctor in the House,1969,,42/100,0,0,1,0,1,,,,7.6/10,
4345,Little Princess,2007,all,42/100,0,0,1,0,1,,,,5.7/10,
4346,When We Go to War,2015,16+,42/100,0,0,1,0,1,,,,6.7/10,
4347,Bad Guy,2010,16+,42/100,0,0,1,0,1,melodrama,South Korea,Korean,9.0,tt2090230
4348,Warrior Women,2003,,41/100,0,0,1,0,1,,,,7.9/10,
4349,Britain's Busiest Airport: Heathrow,2015,,41/100,0,0,1,0,1,,United Kingdom,,10.0,tt6169802
4350,Sergeant Preston of the Yukon,1955,,41/100,0,0,1,0,1,Westerns on television,United States,,8.0,tt0182633
4351,Crime Stories,1999,,41/100,0,0,1,0,1,documentary film,United States,,7.0,tt0221740
4352,Miami Swat,2009,,41/100,0,0,1,0,1,,,,7.5/10,
4353,Comicstaan,2018,18+,41/100,0,0,1,0,1,reality television,India,,9.0,tt7336778
4354,Junk Drawer Magic,2015,,41/100,0,0,1,0,1,,,,9.1/10,
4355,After Hours,2015,16+,41/100,0,0,1,0,1,,,,7.2/10,
4356,Black Jack,1993,,41/100,0,0,1,0,1,,,,7.6/10,
4357,Horseland,2006,all,41/100,0,0,1,0,1,,,,5.8/10,
4358,Killing Bites,2018,18+,41/100,0,0,1,0,1,,,,6.3/10,
4359,YouTubers React,2012,,41/100,0,0,1,0,1,,,,4.9/10,
4360,Postcards from Buster,2004,all,41/100,0,0,1,0,1,live action/animated television series,Canada,,2.0,tt0426774
4361,Into the Wild,2014,,41/100,1,0,1,0,1,,,,8.5/10,
4362,Bonekickers,2008,,41/100,0,0,1,0,1,"drama television series, treasure hunt film",United Kingdom,English,8.0,tt1148181
4363,ToddWorld,2004,,41/100,0,0,1,0,1,,"United States, Canada, Ireland",English,6.0,tt0435585
4364,Bizarre ER,2008,,41/100,0,0,1,0,1,television documentary,United Kingdom,English,10.0,tt1223157
4365,Music & Murder,2016,18+,41/100,0,0,1,0,1,,,,8.3/10,
4366,Wildest Latin America,2012,,41/100,0,0,1,0,1,,,,,
4367,The Ultimate Civil War Series,2012,,41/100,0,0,1,0,1,,,,6.9/10,
4368,Black Harbour,1996,,41/100,0,0,1,0,1,,Canada,,9.0,tt0115690
4369,Jayde Adams: Serious Black Jumper,2020,,41/100,0,0,1,0,1,,,,7.3/10,
4370,Benito: The Rise and Fall of Mussolini,1994,18+,41/100,0,0,1,0,1,,,,5.7/10,
4372,La Femme Musketeer,2004,7+,41/100,0,0,1,0,1,,,,5.7/10,
4373,Psychic Investigators,2006,7+,41/100,0,0,1,0,1,,,,7.6/10,
4374,Moses the Lawgiver,1975,all,41/100,0,0,1,0,1,,,,6.1/10,
4375,Lunch Monkeys,2009,,41/100,0,0,1,0,1,sitcom,United Kingdom,,5.0,tt1477819
4376,Inventions That Shook the World,2011,all,41/100,0,0,1,0,1,,,,8.3/10,
4377,Italy's Invisible Cities,2017,,41/100,0,0,1,0,1,,,,7.9/10,
4378,Dino Dana,2017,all,41/100,0,0,1,0,1,"popular science, children's television series",Canada,English,8.0,tt5200330
4379,Pet Alien,2005,all,41/100,0,0,1,0,1,,,,5.1/10,
4380,Arthur & George,2015,all,40/100,0,0,1,0,1,television series based on a novel,United Kingdom,English,10.0,tt4439928
4381,The Nightmare Worlds of H.G. Wells,2016,,40/100,0,0,1,0,1,,,,5.9/10,
4383,Fluffy's Food Adventures,2015,7+,40/100,0,0,1,0,1,,,,7.4/10,
4384,Ocean Mysteries with Jeff Corwin,2011,all,40/100,0,0,1,0,1,,United States,,8.5,tt1967678
4386,Confessions: Animal Hoarding,2010,,40/100,0,0,1,0,1,,,,6.0,tt1684397
4387,Queens,2017,,40/100,0,0,1,0,1,,,,5.6/10,
4389,Rob Delaney: Jackie,2020,,40/100,0,0,1,0,1,,,,6.7/10,
4390,Morganville: The series,2014,,40/100,0,0,1,0,1,,,,5.7/10,
4391,Amish Mafia,2012,16+,40/100,0,0,1,0,1,reality television,United States,English,3.1,tt2514488
4392,Gotthard,2016,,40/100,0,0,1,0,1,,,,6.5/10,
4393,Circus,2010,7+,40/100,0,0,1,0,1,,,,8.3/10,
4394,My Girlfriend is Shobitch,2017,,40/100,0,0,1,0,1,,,,,
4395,Geronimo Stilton,2009,all,40/100,0,0,1,0,1,,,,6.8/10,
4396,Becoming a Man,2019,,40/100,0,0,1,0,1,,,,9.2/10,
4397,Catherine,2013,,40/100,0,0,1,0,1,,,,7.3/10,
4398,Flickers,1980,all,40/100,0,0,1,0,1,,United Kingdom,,8.0,tt0081864
4400,Storage Wars: Northern Treasures,2017,18+,40/100,0,0,1,0,1,,,,5.6/10,
4403,Bali,2006,,40/100,0,0,1,0,1,,,,5.5/10,
4404,Drop Kick on my Devil!,2018,,40/100,0,0,1,0,1,,,,6.6/10,
4405,Your Bleeped Up Brain,2013,7+,40/100,0,0,1,0,1,,,,7.8/10,
4406,The Dreamstone,1990,all,40/100,0,0,1,0,1,,,,8.1/10,
4407,Wildest Africa,2013,7+,40/100,0,0,1,0,1,,,,8.2/10,
4408,Barbie Dreamtopia,2017,all,40/100,0,0,1,0,1,animation,United States,English,10.0,tt7533146
4409,Honest Ads,2017,,40/100,0,0,1,0,1,,,,8.6/10,
4410,An American Girl Story: Melody 1963 - Love Has to Win,2016,all,40/100,0,0,1,0,1,,,,7.6/10,
4411,Brum,1994,7+,40/100,0,0,1,0,1,,,,6.3/10,
4412,Private Secretary,1953,,40/100,0,0,1,0,1,sitcom,United States,English,6.0,tt0045435
4413,Most Haunted,2002,7+,40/100,0,0,1,0,1,,United Kingdom,,5.0,tt0362355
4414,Londongrad,2015,7+,40/100,0,0,1,0,1,"comedy television series, adventure television series",Russia,Russian,5.0,tt2115354
4415,7 Day Barre Challenge,2019,,40/100,0,0,1,0,1,,,,,
4416,ABC Galaxy,2015,,40/100,0,0,1,0,1,,,,,
4417,Ghost Stories,1997,,39/100,1,1,1,0,1,anthology series,United States,English,10.0,tt0147766
4418,Wildest Arctic,2012,,39/100,0,0,1,0,1,,,,8.4/10,
4419,Angelina Ballerina,2002,all,39/100,0,0,1,0,1,children's television series,United Kingdom,English,4.0,tt0319935
4420,Shui hu zhuan,2011,,39/100,0,0,1,0,1,television series based on a novel,People's Republic of China,,7.3/10,
4421,Pan y Circo,2020,,39/100,0,0,1,0,1,,,,9.0,tt12675790
4422,Barter Kings,2012,7+,39/100,0,0,1,0,1,reality television,United States,English,1.0,tt2254098
4423,Chi's Sweet Adventure,2016,,39/100,0,0,1,0,1,,,,7.8/10,
4424,The New V.I.P.'s,2017,,39/100,0,0,1,0,1,,,,,
4425,A Woman Named Jackie,1991,7+,39/100,0,0,1,0,1,,,,6.6/10,
4426,Password Plus,1979,all,39/100,0,0,1,0,1,game show,United States,English,7.6,tt0197176
4427,Category 7: The End of the World,2005,7+,39/100,0,0,1,0,1,,,,4.7/10,
4428,Unsolved History,2002,,39/100,0,0,1,0,1,documentary film,United States,,1.0,tt0357400
4430,Immortal Egypt,2016,,39/100,0,0,1,0,1,,United Kingdom,English,10.0,tt6139972
4431,Stories from the Stone Age,2004,all,39/100,0,0,1,0,1,,,,8.5/10,
4432,The Johnny Carson Show,1955,,39/100,0,0,1,0,1,,United States,English,8.3,tt0047746
4433,Wildest Indochina,2014,,39/100,0,0,1,0,1,,,,8.4/10,
4434,For the Love of Jason,2020,18+,39/100,0,0,1,0,1,,,,7.2/10,
4435,Project G.e.e.K.e.R.,1996,all,39/100,0,0,1,0,1,,,,7.5/10,
4436,Down East Dickering,2014,,39/100,0,0,1,0,1,,United States,,8.0,tt3762958
4437,Chloe's Closet,2010,all,39/100,0,0,1,0,1,,,,6.9/10,
4438,The Hive,2010,all,39/100,0,0,1,0,1,,,,6.6/10,
4439,Blockbusters,1980,,39/100,0,0,1,0,1,game show,"Israel, United Kingdom",English,10.0,tt0194597
4440,Popeye and Son,1987,all,39/100,0,0,1,0,1,,,,5.7/10,
4441,Gangstars,2018,,39/100,0,0,1,0,1,thriller television series,India,,6.8/10,
4442,6ixth Sense,2002,,39/100,0,0,1,0,1,reality television,United Kingdom,,10.0,tt0418364
4443,Shadow Force,2008,16+,39/100,0,0,1,0,1,,,,7.3/10,
4445,America Divided,2016,16+,39/100,0,0,1,0,1,,United States,English,10.0,tt5355972
4446,Danger & Eggs,2017,all,39/100,0,0,1,0,1,,,,6.9/10,
4447,Cool McCool,1966,7+,38/100,0,0,1,0,1,,,,7.2/10,
4448,Life with Elizabeth,1953,,38/100,0,0,1,0,1,sitcom,United States,English,7.4,tt0045407
4449,Modern Traveler,2016,,38/100,0,0,1,0,1,,,,,
4450,Crime & Punishment,2002,,38/100,0,0,1,0,1,reality television,United States,,7.3,tt0278250
4451,Inside the Mind of a Serial Killer,2015,,38/100,0,0,1,0,1,,United Kingdom,,,
4452,It's How You Get There,2017,,38/100,0,0,1,0,1,,,,,
4453,Civilizations,2018,,38/100,0,0,1,0,1,,,,,
4454,Curious Traveler,2015,,38/100,0,0,1,0,1,,,,7.9/10,
4455,Road Side Stories,2016,,38/100,0,0,1,0,1,,,,,
4456,The Prosecutors: In Pursuit of Justice,2000,,38/100,0,0,1,0,1,television documentary,United States,,7.9,tt0297607
4457,Busytown Mysteries,2007,all,38/100,0,0,1,0,1,,,,6.2/10,
4458,Starhunter ReduX,2018,,38/100,0,0,1,0,1,,,,5.6/10,
4459,The Aces' War,2018,,38/100,0,0,1,0,1,,,,6.9/10,
4460,Seven Senses of the Re'Union,2018,,38/100,0,0,1,0,1,,,,4.6/10,
4461,The Timeline,2015,,38/100,0,0,1,0,1,American football film,United States,,8.2/10,
4462,Roughing It,2002,,38/100,0,0,1,0,1,,,,7.0/10,
4463,Sneg i pepel,2015,,38/100,0,0,1,0,1,,,,6.2/10,
4464,One Mic Stand,2019,,38/100,0,0,1,0,1,,India,,6.6/10,
4465,Bat Pat,2016,,38/100,0,0,1,0,1,,,,,
4466,Secrets of Archaeology,2014,,38/100,0,0,1,0,1,,,,8.0/10,
4467,Greatest Tank Battles,2010,7+,38/100,0,0,1,0,1,,Canada,,7.0,tt1973370
4468,Nightmare in Suburbia,2008,,38/100,0,0,1,0,1,,,,7.9/10,
4469,Extinct,2001,,38/100,0,0,1,0,1,,,,7.3/10,
4470,We'll Meet Again,1982,7+,38/100,0,0,1,0,1,,,,7.1/10,
4471,Sworn to Secrecy: Secrets of War,1998,16+,38/100,0,0,1,0,1,,,,7.5/10,
4473,The Video Game Years,2012,,38/100,0,0,1,0,1,,,,8.1/10,
4474,The Sheriffs are Coming,2012,all,38/100,0,0,1,0,1,documentary film,United Kingdom,British English,10.0,tt3473178
4475,Jestination Unknown,2019,16+,38/100,0,0,1,0,1,,,,6.1/10,
4476,Impostors,2014,16+,38/100,0,0,1,0,1,,,,7.7/10,
4477,Teens React,2011,,38/100,0,0,1,0,1,,,,5.5/10,
4478,Medieval Dead,2013,,38/100,0,0,1,0,1,,,,7.3/10,
4479,Paranormal Investigators Uncut,2015,,38/100,0,0,1,0,1,,,,,
4480,All Things Adrienne,2018,,38/100,0,0,1,0,1,,,,,
4481,Comedy Brew,2009,,38/100,0,0,1,0,1,,,,,
4482,To Kill or to Cure,2003,,38/100,0,0,1,0,1,,,,,
4483,Ireland's Greatest Robberies,1970,,38/100,0,0,1,0,1,,,,,
4484,Glorious Gardens from Above,2014,,38/100,0,0,1,0,1,,,,,
4485,A Tale of Two Cities,1980,,38/100,0,0,1,0,1,,,,6.6/10,
4486,Extreme Forensics,2008,,38/100,0,0,1,0,1,,,,7.9/10,
4487,Miracle Pets,2001,,38/100,0,0,1,0,1,"reality television, documentary film",United States,,10.0,tt0279543
4488,999: Killer on the Line?,2016,,38/100,0,0,1,0,1,,,,7.1/10,
4489,Time Team America,2009,all,38/100,0,0,1,0,1,documentary film,United States,,2.0,tt1556097
4490,Small Business Revolution: Main Street,2016,,38/100,0,0,1,0,1,,,,7.4/10,
4491,Cosmic Quantum Ray,2010,7+,38/100,0,0,1,0,1,,,,5.7/10,
4492,Final Life,2017,,38/100,0,0,1,0,1,,,,5.4/10,
4493,The Californians,1957,,38/100,0,0,1,0,1,Westerns on television,United States,English,5.0,tt0050002
4494,那年花開月正圓,2017,7+,38/100,0,0,1,0,1,,People's Republic of China,,7.8/10,
4495,Minecraft Villagers,2013,,38/100,0,0,1,0,1,,,,8.0/10,
4496,Boundless,2013,7+,37/100,0,0,1,0,1,,,,7.6/10,
4497,Kids React,2010,,37/100,0,0,1,0,1,,,,4.9/10,
4498,Screen Two,1985,,37/100,0,0,1,0,1,"drama television series, anthology series",United Kingdom,,6.6,tt0297626
4499,The Vigilantes in Masks,2011,16+,37/100,0,0,1,0,1,wuxia,People's Republic of China,,10.0,tt3211050
4500,The Bug Diaries,2019,all,37/100,0,0,1,0,1,,,,7.0/10,
4501,Wild North,2015,,37/100,0,0,1,0,1,,,,7.3/10,
4502,Top Gear: Ambitious But Rubbish,2014,,37/100,0,0,1,0,1,,,,,
4503,Empires,2000,all,37/100,0,0,1,0,1,,,,,
4504,The Snowy Day,2016,all,37/100,0,0,1,0,1,,,,7.5/10,
4505,Hackers of CypherCon,2018,,37/100,0,0,1,0,1,,,,8.6/10,
4506,Snog Marry Avoid?,2008,,37/100,0,0,1,0,1,reality television,Netherlands,,5.4,tt1270230
4507,Wishenpoof!,2015,all,37/100,0,0,1,0,1,,,,5.0/10,
4508,Tokyo Vampire Hotel,2018,,37/100,0,0,1,0,1,,,,6.1/10,
4509,Hot Girl,2016,,37/100,0,0,1,0,1,,People's Republic of China,Chinese,7.0/10,
4510,Wheel Sharks,2013,,37/100,0,0,1,0,1,,,,,
4511,Legends of Power with Tony Robinson,2003,,37/100,0,0,1,0,1,,,,,
4512,DNA Detectives,2011,,37/100,0,0,1,0,1,,,,,
4513,Underground: La Historia del Reggeaton,2020,,37/100,0,0,1,0,1,,,,,
4514,Luxury Life,2016,,37/100,0,0,1,0,1,,,,,
4515,Great Family Adventures,2011,,37/100,0,0,1,0,1,,,,,
4516,Pet Moms,2018,,37/100,0,0,1,0,1,,,,,
4517,Perfect Couple,2014,,37/100,0,0,1,0,1,,People's Republic of China,,10.0,tt5662664
4518,The Other F Word,2017,,37/100,0,0,1,0,1,,,,7.8/10,
4519,World War II The Last Heroes,2011,,37/100,0,0,1,0,1,,,,8.5/10,
4520,Stacey David's GearZ,2010,all,37/100,0,0,1,0,1,,,,8.8/10,
4521,Battlefield Recovery,2016,,37/100,0,0,1,0,1,,,,6.5/10,
4522,LEGO City,2011,all,37/100,0,0,1,0,1,,,,5.4/10,
4523,Creative Galaxy,2013,all,37/100,0,0,1,0,1,,,,5.0/10,
4524,Life on Fire,2010,,37/100,0,0,1,0,1,television documentary,"France, United States",,8.4/10,
4525,Prime Rewind: Inside the Boys,2020,18+,37/100,0,0,1,0,1,,,,5.6/10,
4526,Austin Stevens - Adventures,2009,,37/100,0,0,1,0,1,,,,8.1/10,
4527,Bulge Bracket,2020,,37/100,0,0,1,0,1,,,,5.2/10,
4528,If You Give a Mouse a Cookie,2015,7+,37/100,0,0,1,0,1,,,,6.4/10,
4529,Faster with Finnegan,2020,,37/100,0,0,1,0,1,,,,,
4530,Chillers,1990,,36/100,0,0,1,0,1,,,,1.0,tt0098889
4531,Nature's Power Revealed,2011,,36/100,0,0,1,0,1,,,,9.0/10,
4532,Ground Warfare,2010,,36/100,0,0,1,0,1,,,,,
4533,Billion Dollar Wreck,2016,7+,36/100,0,0,1,0,1,,United States,,1.0,tt5533788
4534,Disasters of the Century,2004,7+,36/100,0,0,1,0,1,documentary film,United States,,5.0,tt1924759
4535,Dino the Dinosaur,2016,all,36/100,0,0,1,0,1,,,,7.1/10,
4536,Sangre Negra,2017,,36/100,0,0,1,0,1,,,,8.5/10,
4537,Tainted Dreams,2017,,36/100,0,0,1,0,1,LGBT-related television series,United States,,7.7,tt3161744
4538,A Craftsman’s Legacy,2014,all,36/100,0,0,1,0,1,,United States,,10.0,tt4958538
4539,Lidia's Kitchen,2013,all,36/100,0,0,1,0,1,,,,7.9/10,
4540,Noveltoon,1943,7+,36/100,0,0,1,0,1,,,,,
4541,Color Crew,2015,all,36/100,0,0,1,0,1,,,,5.5/10,
4542,Nikola Tesla and the End of the World,2015,,36/100,0,0,1,0,1,,,,4.9/10,
4543,Life in the Carolinas,2008,,36/100,0,0,1,0,1,,,,8.0/10,
4544,FBI Takedowns,2015,7+,36/100,0,0,1,0,1,,,,8.0/10,
4545,Bad Ink,2013,16+,36/100,0,0,1,0,1,reality television,United States,English,1.0,tt3116986
4546,Ilana Glazer: The Planet Is Burning,2020,,36/100,0,0,1,0,1,,,,3.9/10,
4547,Diagnosis: Unknown,2002,,36/100,0,0,1,0,1,drama television series,United States,English,5.7,tt0053498
4548,Build a New Life In the Country,2005,,36/100,0,0,1,0,1,,,,7.9/10,
4549,Christmas Through the Decades,2015,,36/100,0,0,1,0,1,,,,8.2/10,
4550,Private Sales,2016,,36/100,0,0,1,0,1,,,,5.7/10,
4551,부릉! 부릉! 브루미즈,2012,,36/100,0,0,1,0,1,,,,4.6/10,
4552,The Curse of King Tut's Tomb,2006,,36/100,0,0,1,0,1,,,,4.4/10,
4553,Eat. Race. Win.,2018,,36/100,0,0,1,0,1,,,,7.1/10,
4554,Nurses Who Kill,2016,,36/100,0,0,1,0,1,television documentary,United Kingdom,English,2.0,tt6264964
4555,Trail of Tears,1999,all,36/100,0,0,1,0,1,,,,8.2/10,
4556,Fight Night: White Collar Boxing,2005,,36/100,0,0,1,0,1,,,,,
4557,Constitution USA with Peter Sagal,2013,,36/100,0,0,1,0,1,,,,,
4558,Kung Food,2011,,36/100,0,0,1,0,1,,,,,
4559,Get the Fork Out,2018,,36/100,0,0,1,0,1,,,,,
4560,Hidden Europe,2002,,36/100,0,0,1,0,1,,,,,
4561,Happy Marriage!?,2016,,36/100,0,0,1,0,1,,,,6.4/10,
4562,Grand Tours of Scotland's Lochs,2017,,36/100,0,0,1,0,1,,,,8.4/10,
4563,WWII in the Pacific,2015,7+,36/100,0,0,1,0,1,,,,,
4564,"Glenn Martin, DDS",2009,16+,36/100,0,0,1,0,1,,,,4.2/10,
4565,Zack Morris is Trash,2017,,36/100,0,0,1,0,1,,,,7.4/10,
4566,The Kacey Musgraves Christmas Show,2019,,36/100,0,0,1,0,1,,United States,,4.0,tt11225428
4567,Thelma's Gypsy Girls,2012,,36/100,0,0,1,0,1,,,,6.6/10,
4568,I Am Innocent,2015,18+,36/100,0,0,1,0,1,,,,7.3/10,
4569,Baby Talk,1991,all,36/100,0,0,1,0,1,,,,4.1/10,
4570,"Rich Bride, Poor Bride",2006,all,36/100,0,0,1,0,1,,,,6.2/10,
4571,Delayed Gratification Series,2017,,36/100,0,0,1,0,1,,,,8.7/10,
4572,Betsy's Kindergarten Adventures,2008,all,36/100,0,0,1,0,1,animation,United States,American English,7.0,tt0458250
4573,Long Haired Businessmen,2013,,35/100,0,0,1,0,1,,,,8.5/10,
4574,Cut the Rope - Om Nom Stories,2012,all,35/100,0,0,1,0,1,,,,6.0/10,
4575,Drovers' Gold,1997,,35/100,0,0,1,0,1,,,,9.0,tt0118305
4576,Dance Moms: Miami,2012,16+,35/100,0,0,1,0,1,reality television,United States,,3.4,tt2190731
4577,Crackanory,2013,,35/100,0,0,1,0,1,,United Kingdom,,8.0,tt3328268
4578,Mary Portas: Secret Shopper,2011,,35/100,0,0,1,0,1,reality television,United Kingdom,English,8.0,tt1823963
4579,Knock Knock Ghost,2015,13+,35/100,0,0,1,0,1,reality television,Canada,English,10.0,tt5124168
4581,Mobile,2007,,35/100,0,0,1,0,1,,,,7.5/10,
4582,Killer Wave,2007,16+,35/100,0,0,1,0,1,,,,4.3/10,
4583,Edward and Mary: The Unknown Tudors,2002,,35/100,0,0,1,0,1,,,,7.4/10,
4584,Big Easy Motors,2016,7+,35/100,0,0,1,0,1,,United States,,3.0,tt5734342
4585,Vanity,2015,,35/100,0,0,1,0,1,,,,7.1/10,
4586,The R.I.P. Files,2012,,35/100,0,0,1,0,1,,,,7.1/10,
4587,Shark Gordon,2000,,35/100,0,0,1,0,1,,,,8.9/10,
4588,Dangerous Encounters,2005,all,35/100,0,0,1,0,1,,United States,,1.0,tt0924555
4589,Foxy Ladies,2016,,35/100,0,0,1,0,1,,,,6.1/10,
4590,Puppy in My Pocket,2010,,35/100,0,0,1,0,1,,,,4.5/10,
4591,The Pickwick Papers,1985,,35/100,0,0,1,0,1,"drama television series, television series based on a novel",United Kingdom,,10.0,tt0278228
4593,Fukuyadou Honpo: Kyoto Love Story,2016,,35/100,0,0,1,0,1,,,,6.8/10,
4594,The Crimean War,2018,,35/100,0,0,1,0,1,,,,7.7/10,
4595,Stories of Saints for Kids,2016,,35/100,0,0,1,0,1,,,,,
4596,Zoo Babies,2009,,35/100,0,0,1,0,1,,,,,
4597,Episode #6.9,1990,,35/100,0,0,1,0,1,,,,,
4598,Cowboy Country: The American Cowboy,2000,,35/100,0,0,1,0,1,,,,,
4599,Cooking at the Academy,1991,,35/100,0,0,1,0,1,,,,,
4600,Islam and the West,2011,all,35/100,0,0,1,0,1,,,,,
4601,Beat the Clock,1979,,35/100,0,0,1,0,1,,United States,,10.0,tt0042080
4602,Enchantimals: Tales from Everwilde,2018,all,35/100,0,0,1,0,1,,,,6.6/10,
4603,Queen Victoria's Letters: A Monarch Unveiled,2014,,35/100,0,0,1,0,1,,,,8.1/10,
4604,Kremen. Osvobozhdenie,2013,,35/100,0,0,1,0,1,,,,5.8/10,
4605,Wipeout (AU),2009,,35/100,0,0,1,0,1,,,,6.1/10,
4606,Kemurikusa,2019,all,35/100,0,0,1,0,1,,,,7.1/10,
4607,Travel With Kids,2011,all,35/100,0,0,1,0,1,,,,6.2/10,
4608,I killed my BFF,2012,,35/100,0,0,1,0,1,,,,7.0/10,
4609,Xploration DIY Sci,2016,all,34/100,0,0,1,0,1,,United States,English,7.0,tt6056924
4610,Rome,2012,,34/100,0,0,1,0,1,,,,5.6/10,
4611,Engineering Giants,2012,,34/100,0,0,1,0,1,,,,8.5/10,
4612,Ladylike,2016,,34/100,0,0,1,0,1,,,,6.1/10,
4613,Inside the Tube: Going Underground,2017,,34/100,0,0,1,0,1,,,,8.2/10,
4614,Beyond,2005,,34/100,0,0,1,0,1,,,,7.0/10,
4615,Interpol Investigates,2004,,34/100,0,0,1,0,1,,United States,,7.2,tt0426722
4616,Hotel GB,2012,,34/100,0,0,1,0,1,,United Kingdom,,6.1/10,
4617,Owlegories,2016,,34/100,0,0,1,0,1,,,,8.5/10,
4618,Teletubbies: Nursery Rhymes,2017,,34/100,0,0,1,0,1,,,,5.2/10,
4619,Big Shrimpin',2011,16+,34/100,0,0,1,0,1,reality television,United States,,6.0,tt2114586
4620,Bordertown: Laredo,2011,,34/100,0,0,1,0,1,,,,6.9/10,
4622,Design Squad,2007,all,34/100,0,0,1,0,1,reality television,United States,,8.4,tt1039872
4623,Elders React,2012,,34/100,0,0,1,0,1,,,,5.8/10,
4624,The Bumble Nums,2017,all,34/100,0,0,1,0,1,,,,7.2/10,
4625,Qumi-Qumi,2012,,34/100,0,0,1,0,1,,,,7.9/10,
4626,Inside Jokes,2018,16+,34/100,0,0,1,0,1,,,,7.3/10,
4627,Plane Resurrection,2016,,34/100,0,0,1,0,1,,,,7.3/10,
4628,Sketch,2018,,34/100,0,0,1,0,1,,,,,
4629,Fanny by Gaslight,1981,18+,34/100,0,0,1,0,1,,United Kingdom,,5.0,tt0327282
4630,72 Hours,2013,16+,34/100,0,0,1,0,1,reality television,United States,,6.0,tt2525840
4631,Cam & Leon,2017,,34/100,0,0,1,0,1,,,,6.7/10,
4632,Ghost Dimension,2016,7+,34/100,0,0,1,0,1,,,,6.0/10,
4633,The Hunt,2014,,34/100,0,0,1,0,1,,,,6.5/10,
4634,Wild About Animals,1995,,34/100,0,0,1,0,1,documentary film,United States,,7.4,tt0257330
4635,Catherine the Great,2015,,34/100,0,0,1,0,1,"historical film, drama film",Russia,Russian,8.0,tt4231140
4636,Bookaboo,2016,all,34/100,0,0,1,0,1,,United Kingdom,,10.0,tt1371652
4637,For the Love of Ray J,2009,,34/100,0,0,1,0,1,reality television,United States,,3.2/10,
4638,Jessy & Nessy,2020,all,33/100,0,0,1,0,1,,,,8.0/10,
4639,Kids on the Edge,2016,,33/100,0,0,1,0,1,,,,7.6/10,
4640,Double Your House for Half the Money,2012,,33/100,0,0,1,0,1,,,,6.9/10,
4641,Bump!,2005,,33/100,0,0,1,0,1,LGBT-related television series,Canada,English,4.0,tt0765489
4642,"Frauen, die Geschichte machten",2013,,33/100,0,0,1,0,1,documentary,Germany,German,7.2,tt3333802
4643,First Civilizations,2018,,33/100,0,0,1,0,1,,,,6.8/10,
4644,Wir Geiseln der SS,2015,7+,33/100,0,0,1,0,1,,,,7.3/10,
4645,Mopar or No Car,2007,,33/100,0,0,1,0,1,,,,,
4646,The Surgeons,2003,16+,33/100,0,0,1,0,1,,People's Republic of China,,9.0,tt6810962
4647,Talking Tom Shorts,2014,,33/100,0,0,1,0,1,,,,,
4648,Fresh Tracks,2016,,33/100,0,0,1,0,1,,,,8.8/10,
4649,Flipping Boston,2012,,33/100,0,0,1,0,1,,,,6.9/10,
4650,American Treasures,2010,,33/100,0,0,1,0,1,reality television,United States,,6.5,tt1844862
4651,Mr Swimmer,2018,,33/100,0,0,1,0,1,,,,7.4/10,
4652,Flying Through Time,2004,all,33/100,0,0,1,0,1,,,,,
4653,Looped,2016,all,33/100,0,0,1,0,1,,,,5.8/10,
4654,PowerNation: Engine Power,2014,all,33/100,0,0,1,0,1,,,,7.7/10,
4655,Pompidou,2015,,33/100,0,0,1,0,1,comedy television series,United Kingdom,,2.0,tt2811472
4656,Immortalized,2013,,33/100,0,0,1,0,1,,,,4.4/10,
4657,Hope and Wire,2014,,33/100,0,0,1,0,1,,,,6.2/10,
4658,Brandi and Jarrod: Married to the Job,2014,7+,33/100,0,0,1,0,1,,,,4.2/10,
4659,Anna's Wild Life,2011,all,33/100,0,0,1,0,1,,,,8.4/10,
4660,New York Confidential,2017,,33/100,0,0,1,0,1,drama television series,United States,,4.9,tt0052496
4661,Handy Bean,2018,,33/100,0,0,1,0,1,,,,6.8/10,
4662,Mix Master,2011,,33/100,0,0,1,0,1,,,,7.9/10,
4663,SciGirls,2010,all,33/100,0,0,1,0,1,"educational television, live action/animated television series",United States,,7.5/10,
4664,Today's Homeowner with Danny Lipford,1998,all,32/100,0,0,1,0,1,,United States,,8.9/10,
4665,Gangster Empire: Rise of the Mob,2013,16+,32/100,0,0,1,0,1,crime film,United States,English,3.0,tt2884504
4666,A Path Appears,2016,,32/100,0,0,1,0,1,,,,7.6/10,
4667,Strictly Ballet,2014,,32/100,0,0,1,0,1,,,,6.5/10,
4668,Beyond the Tattoo,2017,,32/100,0,0,1,0,1,,,,6.7/10,
4669,The Suspects: True Australian Thrillers,2010,16+,32/100,0,0,1,0,1,,,,7.9/10,
4670,UQ Holder!,2017,,32/100,0,0,1,0,1,,,,,
4671,Deals from the Dark Side,2011,,32/100,0,0,1,0,1,,,,6.5/10,
4672,Conversations in L.A.,2017,,32/100,0,0,1,0,1,,United States,,6.7/10,
4673,Making It in Music City,2017,,32/100,0,0,1,0,1,,,,7.3/10,
4675,Infidelity,2015,,32/100,0,0,1,0,1,,,,6.4/10,
4676,Stalkers Who Kill,2016,,32/100,0,0,1,0,1,docudrama,United States,English,1.0,tt6963502
4677,Shelldon,2009,all,32/100,0,0,1,0,1,,"United States, Singapore, Thailand",,6.7,tt1333922
4678,Thurston,2011,,32/100,0,0,1,0,1,,,,6.3/10,
4679,Crime Inc,2010,,32/100,0,0,1,0,1,television documentary,United Kingdom,English,8.0,tt0938980
4680,The Irish Mob,2016,16+,32/100,0,0,1,0,1,,,,7.5/10,
4681,Buried Secrets,2005,,32/100,0,0,1,0,1,,,,7.4/10,
4682,Wendy,2013,7+,32/100,0,0,1,0,1,,,,5.9/10,
4683,Worth It: Lifestyle,2017,,32/100,0,0,1,0,1,,,,7.6/10,
4684,Troy the Train of Car City,2016,,32/100,0,0,1,0,1,,,,7.5/10,
4685,The Underdogs,2010,all,32/100,0,0,1,0,1,,,,8.3/10,
4686,Discovering the World,2019,,32/100,0,0,1,0,1,,,,6.7/10,
4687,Hitler's Propaganda Machine,2017,,31/100,0,0,1,0,1,,,,8.0/10,
4688,A Desert Between Us and Them,2013,,31/100,0,0,1,0,1,,,,7.5/10,
4689,Ancient Warriors,1994,,31/100,0,0,1,0,1,documentary film,United States,,6.2/10,
4690,The Presidents: From Politics to Power,2014,,31/100,0,0,1,0,1,,,,6.4/10,
4691,Napoleon Hill's Master Key,1993,,31/100,0,0,1,0,1,,,,6.8/10,
4692,Outsmarted,2017,,31/100,0,0,1,0,1,,,,7.7/10,
4693,WellieWishers,2016,,31/100,0,0,1,0,1,,United States,,7.0/10,
4694,Monster Hunters,2002,,31/100,0,0,1,0,1,,,,4.7/10,
4695,Steps to the Future,2010,,31/100,0,0,1,0,1,,,,,
4696,edebits,2000,all,31/100,0,0,1,0,1,,,,,
4697,Hey Qween,2018,,31/100,0,0,1,0,1,,,,6.0/10,
4698,The Amazing Gayl Pile,2015,,31/100,0,0,1,0,1,,,,4.6/10,
4699,Voyage of the Continents,2012,,31/100,0,0,1,0,1,"historical film, documentary film",France,,3.0,tt3696480
4701,Serial Swindlers,2018,,31/100,0,0,1,0,1,,,,7.2/10,
4702,Love It or Lose It,2004,,31/100,0,0,1,0,1,,,,6.1/10,
4703,Wrench Wars,2017,,31/100,0,0,1,0,1,,,,5.7/10,
4704,Hollywood Couples,2006,,31/100,0,0,1,0,1,,,,7.2/10,
4705,DoongDoong,2020,,31/100,0,0,1,0,1,,,,6.8/10,
4706,Gordon the Garden Gnome,2005,all,31/100,0,0,1,0,1,,United Kingdom,English,8.0,tt0455255
4707,The Weather Files,2018,,31/100,0,0,1,0,1,,,,7.6/10,
4708,Superships,2001,all,31/100,0,0,1,0,1,,,,7.6/10,
4709,Grand Star,2007,,31/100,0,0,1,0,1,"science fiction television program, post-apocalyptic television series",Canada,French,7.0,tt0830161
4710,Vatican Miracle Examiner,2017,,30/100,0,0,1,0,1,,,,6.5/10,
4711,The Source Series,2014,,30/100,0,0,1,0,1,,,,7.3/10,
4712,The Really Big Flip,2017,,30/100,0,0,1,0,1,,,,6.3/10,
4713,The Urban Vegetarian,2017,,30/100,0,0,1,0,1,,,,5.5/10,
4714,War in the Pacific,2017,,30/100,0,0,1,0,1,,,,5.9/10,
4715,Iconic Characters,2018,,30/100,0,0,1,0,1,,,,6.8/10,
4716,The World's Funniest Moments,2008,,30/100,0,0,1,0,1,reality television,United States,,2.9/10,
4717,Museum Diaries,2014,,30/100,0,0,1,0,1,,,,6.2/10,
4718,Critical Rescue,2003,,30/100,0,0,1,0,1,,United States,,6.3,tt0358809
4719,Vinnie Jones' Toughest Cops,2009,,30/100,0,0,1,0,1,,,,7.1/10,
4720,St. Bears Doll's Hospital,1998,,30/100,0,0,1,0,1,children's television series,"Canada, Australia, United States",English,6.6,tt2647766
4721,Millenniums,2018,,30/100,0,0,1,0,1,,,,6.2/10,
4722,Counting with Paula,2015,,30/100,0,0,1,0,1,,,,6.1/10,
4723,Very Superstitious with George Lopez,2018,,30/100,0,0,1,0,1,,,,6.7/10,
4724,Fashion News Live,2004,,29/100,0,0,1,0,1,,,,6.5/10,
4725,Ultimate Journeys,2013,,29/100,0,0,1,0,1,,,,7.5/10,
4726,A Year to Remember,2011,,29/100,0,0,1,0,1,,Netherlands,Dutch,7.1,tt9228562
4727,The American Dream Project,2015,,29/100,0,0,1,0,1,,,,6.8/10,
4728,American Daredevils,2013,16+,29/100,0,0,1,0,1,,,,6.2/10,
4729,Ritual,2017,,29/100,0,0,1,0,1,,,,7.7/10,
4730,Mission NinetyTwo,2015,,29/100,0,0,1,0,1,,,,4.6/10,
4731,Boing: The Play Ranger,2015,,29/100,0,0,1,0,1,,,,7.3/10,
4732,Mario Lopez: Saved By the Baby,2010,,29/100,0,0,1,0,1,reality television,United States,,5.5/10,
4733,New York Goes to Hollywood,2008,,29/100,0,0,1,0,1,reality television,United States,,4.9,tt1260848
4734,About Him: Freshman Year,2017,,29/100,0,0,1,0,1,,,,,
4735,Innovation Nation,2011,,29/100,0,0,1,0,1,,United States,English,8.0,tt4086030
4736,Hilarious Helmet History,2017,,29/100,0,0,1,0,1,,,,6.6/10,
4737,NOVA Wonders,2018,all,29/100,0,0,1,0,1,,,,7.6/10,
4738,Dangerous Waters,2013,,29/100,0,0,1,0,1,,,,7.0/10,
4739,One-Eyed Horse: The Series,2009,,29/100,0,0,1,0,1,,,,3.9/10,
4740,Sam's Game,2001,,29/100,0,0,1,0,1,,United States,,6.4,tt1476008
4741,Anthony Bourdain Explains Everything,1970,,29/100,0,0,1,0,1,,,,,
4742,Carl's Car Wash - Super Simple,2016,,29/100,0,0,1,0,1,,,,6.2/10,
4743,Nerve Center,2012,7+,29/100,0,0,1,0,1,,,,6.6/10,
4744,Main courante,2012,,29/100,0,0,1,0,1,crime television series,France,,6.7,tt2359700
4745,Xploration Earth 2050,2014,,28/100,0,0,1,0,1,,,,7.7/10,
4746,MegaWorld,2008,all,28/100,0,0,1,0,1,,,,6.8/10,
4747,Gnarfs,2003,,28/100,0,0,1,0,1,,,,6.7,tt1351407
4748,Wildlife Quest,2016,,28/100,0,0,1,0,1,,,,6.1/10,
4750,"The Vietnam War: Before, During, After",2017,,28/100,0,0,1,0,1,,,,7.4/10,
4751,Strange Love,2005,,28/100,0,0,1,0,1,,,,2.4/10,
4752,Instruments of Death,2012,,28/100,0,0,1,0,1,,,,8.0/10,
4753,Fountain Of Youth,2017,,28/100,0,0,1,0,1,,,,5.8/10,
4754,Yaya et Zouk,2015,,28/100,0,0,1,0,1,,,,4.0/10,
4755,Death Unexplained,2012,,28/100,0,0,1,0,1,documentary film,United Kingdom,,7.4/10,
4756,Avoiding Apocalypse,2012,,27/100,0,0,1,0,1,,,,5.6/10,
4757,Could It Be A Miracle,1997,,27/100,0,0,1,0,1,,,,7.2/10,
4758,Stable Wars: Del Mar,2014,,27/100,0,0,1,0,1,,,,,
4759,Liquor House Comedy,2017,,27/100,0,0,1,0,1,,,,,
4760,MegaSpeed,2014,,27/100,0,0,1,0,1,,,,4.4/10,
4761,ViR: The Robot Boy,2013,,27/100,0,0,1,0,1,,India,Hindi,2.8/10,
4762,JFK - A New World Order,2013,7+,27/100,0,0,1,0,1,,,,7.0/10,
4763,"#MeToo, Now What?",2018,,27/100,0,0,1,0,1,,United States,,1.0,tt8195496
4764,Favorite Places,2012,,27/100,0,0,1,0,1,,,,2.4/10,
4765,The Hollywood Puppet Show,2017,16+,27/100,0,0,1,0,1,,,,6.2/10,
4766,Narco Finance,2015,,27/100,0,0,1,0,1,,,,7.8/10,
4767,Treetop Family - Super Simple,2017,,27/100,0,0,1,0,1,,,,6.7/10,
4768,The Lifted Life,2017,,26/100,0,0,1,0,1,,,,4.7/10,
4769,My House of Paranormal,2017,,26/100,0,0,1,0,1,,,,4.0/10,
4770,Talking Tom and Friends Minis,2016,all,26/100,0,0,1,0,1,,,,7.6/10,
4771,Headliners,2017,,26/100,0,0,1,0,1,,,,4.6/10,
4772,Star April,2017,,26/100,0,0,1,0,1,,,,8.0,tt6950542
4773,How Tech Works,2012,,26/100,0,0,1,0,1,,,,6.8/10,
4774,Rev & Roll,2019,,26/100,0,0,1,0,1,,Canada,English,1.0,tt9741332
4775,Ghost Cases,2010,,26/100,0,0,1,0,1,,,,5.2/10,
4776,Family Travel with Colleen Kelly,2013,,26/100,0,0,1,0,1,,,,7.8/10,
4777,Juan Happy Love Story,2016,,26/100,0,0,1,0,1,romantic comedy,Philippines,Filipino,6.9,tt5718960
4778,Murderers and Their Mothers,2016,,26/100,0,0,1,0,1,,,,4.4/10,
4779,House Hazards,2012,,25/100,0,0,1,0,1,,Canada,English,4.8/10,
4780,Paranormal Egypt,2007,all,25/100,0,0,1,0,1,,,,3.8/10,
4781,Makeover Wish,2007,,25/100,0,0,1,0,1,,,,6.0/10,
4782,Ultimate Wheels,2014,,25/100,0,0,1,0,1,,,,5.1/10,
4783,MayDay: Air Disaster Investigations,2010,,25/100,0,0,1,0,1,,,,,
4784,Gok's Clothes Roadshow,2011,,24/100,0,0,1,0,1,,,,6.4/10,
4785,Scandalous Overtures,2014,,24/100,0,0,1,0,1,,,,5.6/10,
4786,Ekaterina: The Rise of Catherine the Great,2014,,24/100,0,0,1,0,1,,,,,
4787,David and Olivia? - Naked in Scotland,2018,,24/100,0,0,1,0,1,,,,,
4788,Rakuen Miyoshi Kazuyoshi to meguru rakuen no tabi,2016,,24/100,0,0,1,0,1,,,,4.8/10,
4789,State Parole,2008,,24/100,0,0,1,0,1,,,,4.6/10,
4790,Best of BabyFirst Art Music Language And More,2015,,24/100,0,0,1,0,1,,,,,
4791,Supersize Structures,2016,,23/100,0,0,1,0,1,,,,4.4/10,
4792,Rat-A-Tat,2015,,23/100,0,0,1,0,1,comedy television series,"United States, India","English, Hindi",10.0,tt11836288
4793,David Hand's Animaland,1948,,23/100,0,0,1,0,1,,,,,
4794,Color Inspirations: Art And Music,2011,,23/100,0,0,1,0,1,,,,,
4795,Betty Boop,1932,all,23/100,0,0,1,0,1,,,,,
4796,It's A Miracle,1998,,22/100,0,0,1,0,1,,United States,English,10.0,tt0197161
4797,Flint,2012,,22/100,0,0,1,0,1,,,,,
4798,A Century of Science Fiction,2001,,21/100,0,0,1,0,1,,,,,
4799,Hidden Agenda - Real Conspiracies that Affect Our Lives Today,2017,,21/100,0,0,1,0,1,,,,,
4801,"I, Caesar: The Rise and Fall of the Roman Empire",1997,,21/100,0,0,1,0,1,,,,,
4802,Snapshots,2016,,21/100,0,0,1,0,1,,Canada,,,
4803,Kongsuni & Friends,2018,,21/100,0,0,1,0,1,,,,,
4804,"Sesame Street: 3,2,1 Let's Go",2010,,21/100,0,0,1,0,1,,,,,
4805,Local Knowledge,2017,,20/100,0,0,1,0,1,,,,,
4806,Trinity and Beyond,2018,,20/100,0,0,1,0,1,,,,,
4807,The Poltergeist Diaries,2018,,20/100,0,0,1,0,1,,,,,
4808,Let's Fall in Love -《咱们相爱吧》,2018,,20/100,0,0,1,0,1,,,,,
4809,Room to Improve,2012,,20/100,0,0,1,0,1,,Ireland,English,8.7,tt14246436
4810,Cleopatra,2018,,20/100,0,0,1,0,1,,,,,
4811,City Slickers In Westworld featuring Billy Crystal,2017,,20/100,0,0,1,0,1,,,,,
4812,Dog Dynasty,2016,,20/100,0,0,1,0,1,,,,,
4813,Chasin the Sun,2017,,20/100,0,0,1,0,1,,,,,
4814,The Very Best Of Kristen Bell,2010,,20/100,0,0,1,0,1,,,,,
4815,La Usurpadora,2019,,20/100,0,0,1,0,1,telenovela,Mexico,Spanish,7.7,tt0211878
4816,Card Sharks 86,1986,,20/100,0,0,1,0,1,,,,,
4817,Police Women,2010,,20/100,0,0,1,0,1,reality television,United States,,10.0,tt1763858
4818,The Notekins,2012,,20/100,0,0,1,0,1,,,,,
4820,Crime Scene Solvers,2018,,19/100,0,0,1,0,1,thriller television series,France,French,5.0,tt9128818
4821,Life and Fate,2012,,19/100,0,0,1,0,1,television series based on a novel,Russia,Russian,10.0,tt2460432
4822,Breaking Homicide,2018,,19/100,0,0,1,0,1,,,,,
4823,60 Second Docs,2016,,19/100,0,0,1,0,1,,,,,
4824,14 Year Old President of the Smallest Country in the World,2017,,19/100,0,0,1,0,1,,,,,
4825,Clip: Lego Jurassic World Video Game Walkthrough,2017,,19/100,0,0,1,0,1,,,,,
4826,Brooklyn Kinda Love,2011,,19/100,0,0,1,0,1,,United States,,,
4827,Lego Set Builds Bionicle - Artifex,2016,,19/100,0,0,1,0,1,,,,,
4828,Auction,2013,,19/100,0,0,1,0,1,,,,,
4829,Harry the Bunny,2011,,19/100,0,0,1,0,1,,United States,,,
4830,The Toque 12 Master Chefs at The Epicurean Market,2013,,18/100,0,0,1,0,1,,,,,
4831,The Queen's Diamond Decades,2013,,18/100,0,0,1,0,1,,,,,
4832,Dark Forest,2015,,18/100,0,0,1,0,1,,,,,
4833,Television Playhouse,1947,,18/100,0,0,1,0,1,anthology series,United States,English,,tt0127399
4834,Babies in Car City,2017,,18/100,0,0,1,0,1,,,,,
4835,Angels,2017,,18/100,0,0,1,0,1,,,,,
4836,Power Battle Watch Car,2016,,18/100,0,0,1,0,1,,,,,
4837,Siege in Fog,2018,,18/100,0,0,1,0,1,,People's Republic of China,,,
4838,Addy Media,2018,,18/100,0,0,1,0,1,,,,,
4839,Two Legends,2014,,18/100,0,0,1,0,1,,,,,
4840,Dirty Dancing,2017,,18/100,0,0,1,0,1,drama television series,United States,English,5.8,tt0094450
4841,5 Facts,2014,,18/100,0,0,1,0,1,,,,,
4842,True Nordic Crimes,2017,,18/100,0,0,1,0,1,,,,,
4843,Peanuts,1965,,18/100,0,0,1,0,1,,,,,
4844,73 Questions Answered By Your Favorite Celebs,2014,,18/100,0,0,1,0,1,,,,,
4845,'About Joey',2017,,18/100,0,0,1,0,1,,,,,
4846,Architects of Darkness,2014,,18/100,0,0,1,0,1,,,,,
4847,Hollywood's 10 Best,2017,,18/100,0,0,1,0,1,,,,,
4848,Katsugeki/Touken Ranbu,2017,,17/100,0,0,1,0,1,,,,,
4849,Classic Popeye,1960,,17/100,0,0,1,0,1,,,,,
4850,History of Westinghouse,1904,,17/100,0,0,1,0,1,,,,,
4851,Garage Dreams,2015,,17/100,0,0,1,0,1,,,,,
4852,Ghost Response - Haunted UK,2018,,17/100,0,0,1,0,1,,,,,
4854,Day of The Gun - The Series,2018,,17/100,0,0,1,0,1,,,,,
4856,Second Sight,2000,,17/100,0,0,1,0,1,drama television series,United Kingdom,English,2.0,tt0187489
4857,Tom The Tow Truck's Paint Shop,2016,,17/100,0,0,1,0,1,,,,,
4858,Mono Mario,2016,,17/100,0,0,1,0,1,,,,,
4859,Inherited Marriage,2010,,17/100,0,0,1,0,1,,,,,
4860,Video Workbench: The Scale Model Show,2016,,17/100,0,0,1,0,1,,,,,
4861,Technological Marvels of the Ancient World,2003,,17/100,0,0,1,0,1,,,,,
4862,Mickey's Farm,2009,,17/100,0,0,1,0,1,children's television series,Canada,,6.6,tt1833426
4863,Baby Einstein's Holiday Special,2009,,17/100,0,0,1,0,1,,,,,
4864,The Splendor of Rome,2018,,17/100,0,0,1,0,1,,,,,
4865,Saving Ghosts,2018,,17/100,0,0,1,0,1,,,,,
4866,Haunted France,2018,,17/100,0,0,1,0,1,,,,,
4867,Killer IQ: Lion vs. Hyena,2015,,17/100,0,0,1,0,1,,,,,
4870,Brand New House On a Budget,2014,,17/100,0,0,1,0,1,,,,,
4871,Bounty Hamster,2003,,17/100,0,0,1,0,1,children's television series,United Kingdom,,10.0,tt1145491
4872,Adam & Eve,2016,,17/100,0,0,1,0,1,,,,,
4873,Graham Kerr's Kitchen,1992,,16/100,0,0,1,0,1,,,,,
4874,Somewhere South,2020,,16/100,0,0,1,0,1,,,,,
4875,300 Million Years,2015,,16/100,0,0,1,0,1,,,,,
4876,Roblox Funny Moments (PairOfDucks),2017,,16/100,0,0,1,0,1,,,,,
4877,Space Mistakes,2016,,16/100,0,0,1,0,1,,,,,
4879,Running Man,2016,,16/100,0,0,1,0,1,reality television,South Korea,Korean,10.0,tt2185037
4880,Spring 1986 TV Line-Up,2012,,16/100,0,0,1,0,1,,,,,
4881,The Complete Story of Hitler and the Nazis,2017,,16/100,0,0,1,0,1,,,,10.0,tt12582850
4882,Ancient Civilizations of North America,2008,,16/100,0,0,1,0,1,,,,,
4884,Lego Pirates of the Caribbean Playthrough,2017,,16/100,0,0,1,0,1,,,,,
4885,Whitney Bjerken Gymnastics Level 9 Competitions,2017,,16/100,0,0,1,0,1,,,,,
4886,The Amazing World of Aviation,2013,,16/100,0,0,1,0,1,,,,,
4887,Strictly Dumpling,2017,,16/100,0,0,1,0,1,,,,,
4888,Gardens of the World,2007,,16/100,0,0,1,0,1,television documentary,United States,,10.0,tt0221199
4889,1Life,2016,,16/100,0,0,1,0,1,,,,,
4890,Life on Mar's: The Home Makeover Show,2015,,16/100,0,0,1,0,1,,,,,
4891,Tomorrow's World,1995,,16/100,0,0,1,0,1,,United Kingdom,English,6.7,tt0299402
4892,Try Guys,2017,,16/100,0,0,1,0,1,,,,,
4893,Make48,2017,,16/100,0,0,1,0,1,,,,,
4894,I've Got a Secret,1961,,16/100,0,0,1,0,1,panel game,"United States, Australia",,7.9,tt0044270
4896,The Order of Victory,2016,,16/100,0,0,1,0,1,,,,,
4897,Morning Glory,2013,,16/100,0,1,1,0,1,,,,,
4898,Where I'd Rather Be,2017,,16/100,0,0,1,0,1,,,,,
4899,Hotel Sacher,2016,,16/100,0,0,1,0,1,,,,,
4900,In Search of Hidden Holy Sites,2013,,16/100,0,0,1,0,1,,,,,
4901,Deals in the Desert,2018,,16/100,0,0,1,0,1,,,,,
4902,She Is Beautiful,2018,,16/100,0,0,1,0,1,drama film,People's Republic of China,Putonghua,5.9,tt10380340
4903,"Miracle of Faith: 2,000 Years of Christianity in the Holy Land",2000,,16/100,0,0,1,0,1,,,,,
4904,Dinosaurs Inside and Out,1996,,16/100,0,0,1,0,1,,,,,
4905,The Wackiest Works of Tex Avery,1945,,16/100,0,0,1,0,1,,,,,
4906,The Family Blend!,2016,,16/100,0,0,1,0,1,,,,,
4907,Focal Point,2019,,16/100,0,0,1,0,1,,,,,
4908,"Mysteries, Magic and Miracles",1994,,14/100,0,0,1,0,1,,,,,
4909,Amber the Ambulance,2017,,14/100,0,0,1,0,1,,,,,
4910,Kings in Grass Castles,1998,,14/100,0,0,1,0,1,,,,,
4911,Review: Gun Stock Reviews,2017,,14/100,0,0,1,0,1,,,,,
4912,I'm a Creepy Crawly,2018,,14/100,0,0,1,0,1,,,,,
4913,Inside Things,2017,,14/100,0,0,1,0,1,,,,,
4914,Crew,1970,,14/100,0,0,1,0,1,,,,,
4915,An Unknown Enemy,2018,,14/100,0,0,1,0,1,,Mexico,Spanish,10.0,tt8946436
4916,Easy Living,2010,,14/100,0,0,1,0,1,crime television series,Hungary,Hungarian,9.0,tt5099020
4917,How Does That Work?,2007,,14/100,0,0,1,0,1,,,,,
4918,Tank Biathlon,2017,,14/100,0,0,1,0,1,,,,,
4919,Celebrity Poker Gala,2018,,14/100,0,0,1,0,1,,,,,
4920,Actually Me,2017,,14/100,0,0,1,0,1,,,,,
4921,Microsoft Outlook 2016 - Training,2017,,14/100,0,0,1,0,1,,,,,
4922,Fluffy Gardens,2007,,14/100,0,0,1,0,1,,,,,
4923,Changelings: cambions,2014,,14/100,0,0,1,0,1,,,,,
4924,Blippi - Videos for Kids,2016,,14/100,0,0,1,0,1,,,,,
4925,Under The Sea: The Great Barrier Reef,2017,,14/100,0,0,1,0,1,,,,,
4926,Backcountry Fly Fishing,2014,,14/100,0,0,1,0,1,,,,,
4927,MANE,2018,,14/100,0,0,1,0,1,,,,,
4928,True Ghost Stories,2017,,14/100,0,0,1,0,1,,,,,
4930,Wild & Crazy,2008,,14/100,0,0,1,0,1,,United States,,9.0,tt0121967
4931,"YTF: Yesterday, Today, Forever",2012,,14/100,0,0,1,0,1,,,,,
4932,Van Der Week,2011,,14/100,0,0,1,0,1,,,,,
4934,Getting Doug with High,2017,,14/100,0,0,1,0,1,comedy podcast,United States,,,
4935,Always and Forever,2003,,14/100,0,0,1,0,1,,,,,
4936,GayTerns,2016,,14/100,0,0,1,0,1,,,,,
4937,Altair: A Record of Battles,2017,,14/100,0,0,1,0,1,,,,,
4938,"Review: Build A Bear, Tsum Tsum and Disney Plushie Toy Reviews",2017,,14/100,0,0,1,0,1,,,,,
4939,Can You Even Sport?,2011,,14/100,0,0,1,0,1,,,,,
4940,Mafia Undercover,2016,,14/100,0,0,1,0,1,,,,,
4941,Super Mario 64 Playthrough,2017,,14/100,0,0,1,0,1,,,,,
4943,Mix Master: Final Force,2011,,14/100,0,0,1,0,1,,,,,
4944,Serial Killer Culture TV,2017,,14/100,0,0,1,0,1,,,,,
4945,"Myths, Magic & Monsters",2007,,14/100,0,0,1,0,1,,,,,
4946,Animal Favorites,2002,,14/100,0,0,1,0,1,,,,,
4947,Sea Power,2005,,14/100,0,0,1,0,1,,,,,
4948,Crimes that Made History,2017,,14/100,0,0,1,0,1,,,,,
4949,Woodwalkers,2017,,14/100,0,0,1,0,1,,,,,
4950,Wolfpack,2013,,14/100,0,0,1,0,1,,,,,
4951,Uncharted Waters with Peter Miller,2019,,14/100,0,0,1,0,1,,,,,
4953,The Magical Adventures of Quasimodo,1996,,14/100,0,0,1,0,1,,,,,
4954,"Cars, Cops & Criminals",2008,,14/100,0,0,1,0,1,,,,,
4955,The Complete History of the Second World War,2017,,14/100,0,0,1,0,1,,,,,
4956,The Red Booth,2017,,14/100,0,0,1,0,1,,,,,
4957,Desperate Love,2012,,14/100,0,0,1,0,1,romance television series,,,8.4,tt6352844
4959,Tales of the Living Dead,2000,,14/100,0,0,1,0,1,,,,,
4960,"Monsters, Madness and Mayhem",2003,,14/100,0,0,1,0,1,,,,,
4961,PRIME JAPAN,2016,,14/100,0,0,1,0,1,,,,,
4962,Heart to Heart,2015,,14/100,0,0,1,0,1,"romance film, medical drama, comedy film",South Korea,Korean,10.0,tt4342564
4963,Hitler's Lost Battles,2017,,14/100,0,0,1,0,1,,,,,
4964,Countdown to Victory: World War II - The Ultimate Timeline,2009,,14/100,0,0,1,0,1,,,,,
4965,Lockout,2016,,14/100,0,0,1,0,1,,,,,
4966,Working 24 Hours At...,2015,,14/100,0,0,1,0,1,,,,,
4967,Dinosaur Britain,2015,,14/100,0,0,1,0,1,,United Kingdom,,8.0,tt8488330
4968,F'd,2015,,14/100,0,0,1,0,1,,,,,
4969,Tea Time with Tayla,2011,,13/100,0,0,1,0,1,,,,,
4970,Wildest Middle East,2015,,13/100,0,0,1,0,1,,,,,
4971,Mafia Queens,2018,,13/100,0,0,1,0,1,,,,,
4972,Home Remedy,2017,,13/100,0,0,1,0,1,,,,,
4973,Food Hacks,2017,,13/100,0,0,1,0,1,,,,,
4974,The Prince of Han Dynasty 1,2001,,13/100,0,0,1,0,1,,,,,
4975,Feed Famous,2018,,13/100,0,0,1,0,1,,,,,
4976,Dermot Bannon's Luxury Homes,2018,,13/100,0,0,1,0,1,,,,,
4977,Blake Griffin's Internship,2011,,13/100,0,0,1,0,1,,,,,
4978,Learn with Ethan The Dump Truck,2016,,13/100,0,0,1,0,1,,,,,
4979,Titipo Titipo,2017,,13/100,0,0,1,0,1,,,,,
4980,On The Bank,2017,,13/100,0,0,1,0,1,,,,,
4981,Paper Mario Color Splash Playthrough,2016,,13/100,0,0,1,0,1,,,,,
4982,Oh My General,2017,,13/100,0,0,1,0,1,,People's Republic of China,,,
4983,Egotastic FunTime!,2017,,13/100,0,0,1,0,1,,,,,
4984,Backline,2017,,13/100,0,0,1,0,1,,,,,
4985,Victorious Living with Kenneth Copeland,2016,,13/100,0,0,1,0,1,,,,,
4986,Partners in Crime,2011,,13/100,0,0,1,0,1,television series based on a novel,United Kingdom,English,6.0,tt3574152
4987,From Beyond,2017,,13/100,0,0,1,0,1,,,,,
4988,Space Curiosities,2017,,13/100,0,0,1,0,1,,,,,
4989,Beginnings,2016,,13/100,0,0,1,0,1,,,,,
4990,Revival Radio TV,2017,,13/100,0,0,1,0,1,,,,,
4991,The Lost Tales of Egypt,2018,,13/100,0,0,1,0,1,,,,,
4992,"Yoga For Back Pain, Neck Pain & Stress Relief - Lindsey Samper",2017,,13/100,0,0,1,0,1,,,,,
4993,Lego Set Builds Spongebob Squarepants - Artifex,2017,,13/100,0,0,1,0,1,,,,,
4994,Spectre Analysis,2017,,13/100,0,0,1,0,1,,,,,
4995,I Declare War: The Series,2016,,13/100,0,0,1,0,1,,,,,
4996,The Bomber: Behind Nazi Lines,2012,,13/100,0,0,1,0,1,,,,,
4997,Blood and Water,2015,,13/100,0,0,1,0,1,,Canada,,4.0,tt4474750
4998,Watch Around the Clock B&W,2017,,13/100,0,0,1,0,1,,,,,
4999,Luxury Travel Show,2018,,13/100,0,0,1,0,1,,,,,
5000,America's Monsters,2013,,13/100,0,0,1,0,1,,,,,
5001,The Evolution of Us,2016,,13/100,0,0,1,0,1,,,,,
5002,How-To,2015,,13/100,0,0,1,0,1,drama film,Germany,German,8.0,tt9184994
5003,Besties,2013,,13/100,0,0,1,0,1,,,,,
5004,Full Body Flexibility Beginners Yoga Workouts - Krystin Scott,2017,,13/100,0,0,1,0,1,,,,,
5005,The Sweet Spot: A Treasury of Baseball Stories,2016,,13/100,0,0,1,0,1,,,,,
5006,Treasure Houses of Britain,2011,,13/100,0,0,1,0,1,,United Kingdom,,,
5007,Homebuddies,2017,,13/100,0,0,1,0,1,,,,,
5008,Cosmic Kids Yoga Adventures,2012,,13/100,0,0,1,0,1,,,,,
5009,Iria: Zeiram The Bounty Hunter,1994,,13/100,0,0,1,0,1,,,,,
5010,The Ridge: Origins,2016,,13/100,0,0,1,0,1,,,,,
5011,SharkBites TV,2017,,13/100,0,0,1,0,1,,,,,
5012,My First INBA Fitness Model Competition,2017,,13/100,0,0,1,0,1,,,,,
5013,Hitler's Holocaust,2001,,13/100,0,0,1,0,1,,,,,
5014,A Century of Lionel Legendary Trains,2005,,13/100,0,0,1,0,1,,,,,
5015,Lucas el Camioncito,2016,,13/100,0,0,1,0,1,,,,,
5016,Subzero,2018,,13/100,0,0,1,0,1,,,,,
5017,Human Nature,2013,,13/100,1,0,1,0,1,,,,,
5018,Aerial Adventures,2010,,13/100,0,0,1,0,1,,,,,
5019,Esovision Relaxation,2007,,13/100,0,0,1,0,1,,,,,
5020,Tasty's Made By Hand,2018,,13/100,0,0,1,0,1,,,,,
5021,Logan's Adventures,2015,,13/100,0,0,1,0,1,,,,,
5022,"In Sanity, Florida",2017,,13/100,0,0,1,0,1,,,,,
5023,Frenemies with Eliza Coupe,2012,,13/100,0,0,1,0,1,,,,,
5024,Philipp Shorts,1998,,13/100,0,0,1,0,1,,,,,
5025,Honolulu P.D.,2003,,13/100,0,0,1,0,1,,,,,
5026,Food Stories,2017,,13/100,0,0,1,0,1,,,,,
5027,Fish Mavericks,2017,,13/100,0,0,1,0,1,,,,,
5028,NHL Road to the Outdoor Classics,2016,,13/100,0,0,1,0,1,,,,,
5029,Troy in Train Town,2016,,13/100,0,0,1,0,1,,,,,
5030,Tried + True,2017,,13/100,0,0,1,0,1,,,,,
5031,Legend of the Fist: Chen Zhen,2008,,13/100,0,0,1,0,1,,,,,
5032,Minecraft Life,2017,,13/100,0,0,1,0,1,,,,,
5033,Tiny Trucks,2018,,13/100,0,0,1,0,1,,,,,
5034,Wonder Balls,2015,,13/100,0,0,1,0,1,,,,,
5035,Game Changers,2012,,13/100,0,0,1,0,1,,,,,
5036,"Montréal: My Love, My Story",2018,,13/100,0,0,1,0,1,,,,,
5037,My Dream Derelict Home,2014,,13/100,0,0,1,0,1,,,,,
5038,Blue Realm,2017,,13/100,0,0,1,0,1,,,,,
5039,Master Lin in Seoul,2012,,13/100,0,0,1,0,1,,,,,
5040,Kingdoms of Sumeria,2018,,13/100,0,0,1,0,1,,,,,
5041,Ruining History,2017,,13/100,0,0,1,0,1,,,,,
5042,Carl Transform of Car City,2016,,13/100,0,0,1,0,1,,,,,
5043,pocket.watch Challenge Squad,2018,,13/100,0,0,1,0,1,,,,,
5044,Cosmo Queens,2017,,13/100,0,0,1,0,1,,,,,
5045,In the Dream to Find the Answer,2015,,13/100,0,0,1,0,1,,,,,
5046,South Bend's Lunkerville,2017,,13/100,0,0,1,0,1,,,,,
5047,The Adventure Series,2016,,13/100,0,0,1,0,1,,,,,
5048,Hardly Working,2008,,13/100,0,0,1,0,1,,,,,
5049,"Abu, The Little Dinosaur",2015,,13/100,0,0,1,0,1,,,,,
5050,Price Points,2017,,13/100,0,0,1,0,1,,,,,
5051,Pinkfong! Dinosaur Musical Stories,2017,,13/100,0,0,1,0,1,,,,,
5053,Warbirds Over the Trenches,2014,,13/100,0,0,1,0,1,,,,,
5054,You Colored My World,2017,,13/100,0,0,1,0,1,,,,,
5055,Last Thing On My Phone,2016,,13/100,0,0,1,0,1,,,,,
5056,X-Files History,2018,,13/100,0,0,1,0,1,,,,,
5057,HowStuffWorks NOW,2015,,13/100,0,0,1,0,1,,,,,
5058,BabyFirst Halloween Special,2017,,13/100,0,0,1,0,1,,,,,
5059,Lego Set Builds Nexo Knights - Artifex,2016,,13/100,0,0,1,0,1,,,,,
5060,The Crusaders,2005,,13/100,0,0,1,0,1,,,,,
5061,World War II Diaries - The Complete War Report,2017,,13/100,0,0,1,0,1,,,,,
5062,Fred Dinenage Murder Casebook,2010,,13/100,0,0,1,0,1,,,,,
5063,I Survived Real Estate,2017,,13/100,0,0,1,0,1,,,,,
5064,Double Dare 76 & 77,1977,,13/100,0,0,1,0,1,,,,,
5066,Learning with Lizzy the Dog!,2015,,13/100,0,0,1,0,1,,,,,
5067,Local Hauntings,2018,,13/100,0,0,1,0,1,,,,,
5068,The War at Sea,2015,,13/100,0,0,1,0,1,,,,,
5069,My Battalion,2014,,13/100,0,0,1,0,1,,,,,
5070,DIY Destinations Budget Travel Show,2017,,13/100,0,0,1,0,1,,,,,
5071,Nordic Wild,2011,,13/100,0,0,1,0,1,,,,,
5072,S.O.S! Winter,2003,,13/100,0,0,1,0,1,,,,,
5073,Shorts in Minecraft,2014,,13/100,0,0,1,0,1,,,,,
5074,Lie Detector Test,2018,,13/100,0,0,1,0,1,,,,,
5075,Review: Pullip Doll Reviews,2017,,13/100,0,0,1,0,1,,,,,
5076,Life of Jesus,2017,,13/100,0,0,1,0,1,,,,,
5077,Microsoft Excel 2016 - Training,2016,,13/100,0,0,1,0,1,,,,,
5078,The World's Best Chefs - The Toque 12,2013,,13/100,0,0,1,0,1,,,,,
5079,Kenneth Copeland Ministries,2016,,13/100,0,0,1,0,1,,,,,
5080,Zumba Awesome Legs & Booty System,2014,,13/100,0,0,1,0,1,,,,,
5081,SMOSH Babies,2013,,13/100,0,0,1,0,1,,,,,
5082,Pinkfong! Animal Songs,2017,,13/100,0,0,1,0,1,,,,,
5083,Flip Flap,2017,,13/100,0,0,1,0,1,,,,,
5084,Geometry,2017,,13/100,0,0,1,0,1,,,,,
5085,Impossible Peace,2017,,13/100,0,0,1,0,1,,,,,
5086,The Duke Of Mount Deer,2014,,13/100,0,0,1,0,1,drama television series,Hong Kong,Cantonese,8.0,tt0449734
5087,See Deng,2017,,13/100,0,0,1,0,1,,,,,
5088,Faaail!,2016,,13/100,0,0,1,0,1,,,,,
5089,Curious?,2017,,13/100,0,0,1,0,1,,,,,
5090,Tesla Road Trip,2017,,13/100,0,0,1,0,1,,,,,
5091,Bigger Questions,2017,,13/100,0,0,1,0,1,,,,,
5092,Fifi: Cat Therapist,2014,,13/100,0,0,1,0,1,,,,,
5093,Gym Class Science,2015,,13/100,0,0,1,0,1,,,,,
5094,This Is Your Brain & Body When...,2016,,13/100,0,0,1,0,1,,,,,
5095,Pinkfong! Dinosaur Songs,2014,,13/100,0,0,1,0,1,,,,,
5096,Pro-Semitism with Elon Gold,2011,,13/100,0,0,1,0,1,,,,,
5098,All Your History Are Belong To Us,2012,,13/100,0,0,1,0,1,,,,,
5099,Best Motorcycle Movies (Biker Documentary Anthology),2017,,13/100,0,0,1,0,1,,,,,
5100,3 Rabbits,2017,,13/100,0,0,1,0,1,,,,,
5101,Inside Scotland Yard with Trevor McDonald,2016,,13/100,0,0,1,0,1,,,,,
5102,Love in Memory,2013,,13/100,0,0,1,0,1,,,,,
5103,Memorization: The Art of The Technique,2017,,13/100,0,0,1,0,1,,,,,
5104,Piux XII,2017,,13/100,0,0,1,0,1,,,,,
5105,The Hunters Club,2014,,10/100,0,0,1,0,1,,,,,
5106,Travel the Road,2016,,10/100,0,0,1,0,1,reality television,United States,,,
5107,Pinkfong! Bedtime Lullabies,2015,,10/100,0,0,1,0,1,,,,,
5108,The Union Series,2016,,10/100,0,0,1,0,1,,,,,
5109,Another Dirty Room,2016,,10/100,0,0,1,0,1,,,,,
5110,Christmas in Car City,2017,,10/100,0,0,1,0,1,,,,,
5111,Please Tell Me I'm Adopted!,2017,,10/100,0,0,1,0,1,,,,,
5112,Pinkfong! Puppet Show,2017,,10/100,0,0,1,0,1,,,,,
5113,Chronicle Of Love,2015,,10/100,0,0,1,0,1,,,,,
5114,Underworld Wrestling,2018,,10/100,0,0,1,0,1,,,,,
5115,Best Laid Plans,2010,,10/100,0,0,1,0,1,,,,,
5116,Mob Squad,2012,,10/100,0,0,1,0,1,,,,,
5117,Designer Guys,2018,,10/100,0,0,1,0,1,,Canada,English,,
5118,Learn with Ted The Train,2016,,10/100,0,0,1,0,1,,,,,
5119,Night In/Night Out,2018,,10/100,0,0,1,0,1,,,,,
5120,Tasting Our Roots,2017,,10/100,0,0,1,0,1,,,,,
5121,FUNnel Vision: Challenges,2018,,10/100,0,0,1,0,1,,,,,
5122,The Flavors of France,2013,,10/100,0,0,1,0,1,,,,,
5123,Earth Shocks: Our Hyperactive Planet,2007,,10/100,0,0,1,0,1,,,,,
5124,Board AF,2016,,10/100,0,0,1,0,1,,,,,
5125,The Wild Life,2014,,10/100,0,0,1,0,1,,,,,
5126,Great Taste No Money,2017,,10/100,0,0,1,0,1,,,,,
5127,Foundations of Freedom with Historian David Barton,2015,,10/100,0,0,1,0,1,,,,,
5128,Alba's Cuban Kitchen,2017,,10/100,0,0,1,0,1,,,,,
5129,Aprender con los Mini Constructores,2016,,10/100,0,0,1,0,1,,,,,
5130,Behind Bars: The World's Toughest Prisons,2016,,10/100,0,0,1,0,1,,,,,
5131,Ghosts of The Caribbean,2017,,10/100,0,0,1,0,1,,,,,
5132,The Story of Furong,2015,,10/100,0,0,1,0,1,,,,,
5133,Waterways: The Royal Canal,2013,,10/100,0,0,1,0,1,,,,,
5134,End of the Big Cats,2012,,10/100,0,0,1,0,1,,,,,
5135,Leo the Truck,2015,,10/100,0,0,1,0,1,,,,,
5136,Celtic Myths,2001,,10/100,0,0,1,0,1,,,,,
5137,US Bounty Hunters,2014,,10/100,0,0,1,0,1,,,,,
5138,SAS Rogue Warriors,2017,,10/100,0,0,1,0,1,,,,,
5139,Concepto de Vida Plena,2016,,10/100,0,0,1,0,1,,,,,
5140,The Fish Guyz,2017,,10/100,0,0,1,0,1,,,,,
5141,Field of Stars,2017,,10/100,0,0,1,0,1,,,,,
5142,All the Pizza,2016,,10/100,0,0,1,0,1,,,,,
5143,Python for Everybody,2016,,10/100,0,0,1,0,1,,,,,
5144,I Pranked My Parents,2014,,10/100,0,0,1,0,1,,,,,
5145,Mad Fabricators Society,2015,,10/100,0,0,1,0,1,,,,,
5146,You Sang My Song,2017,,10/100,0,0,1,0,1,,,,,
5147,Road to the Games 2016,2016,,10/100,0,0,1,0,1,,,,,
5148,Have Steam Engine Will Travel,2013,,10/100,0,0,1,0,1,,,,,
5149,Clip: Adventures of Buttman (Annoying Orange Grand Theft Auto V Gaming),2017,,10/100,0,0,1,0,1,,,,,
5150,Gold War,2016,,10/100,0,0,1,0,1,,,,,
5151,Fin Chasers,2017,,10/100,0,0,1,0,1,,,,,
5152,The F.B.I. Files Specials,2002,,10/100,0,0,1,0,1,,,,,
5153,Flannery's Porch,2016,,10/100,0,0,1,0,1,,,,,
5154,USWA Memphis Wrestling,1989,,10/100,0,0,1,0,1,,,,,
5155,Behind the Scenes,2010,,10/100,0,0,1,0,1,,,,,
5156,Tales of the Unexplained,2004,,10/100,0,0,1,0,1,,,,,
5157,America Unveiled,2018,,10/100,0,0,1,0,1,,,,,
5158,Snowdonia 1890,2010,,10/100,0,0,1,0,1,,,,,
5159,Jesse James Austin Speed Shop,2012,,10/100,0,0,1,0,1,,,,,
5160,Project Restoration,2016,,10/100,0,0,1,0,1,,,,,
5161,Lego Set Builds City - Artifex,2016,,10/100,0,0,1,0,1,,,,,
5162,Tanks aren't afraid of mud,2009,,10/100,0,0,1,0,1,,,,,
5163,Cosmic Journeys,2009,,10/100,0,0,1,0,1,,,,,
5164,Ghost Stories Of Scotland,2017,,10/100,0,0,1,0,1,,,,,
5165,Pinkfong! Christmas Carols,2016,,10/100,0,0,1,0,1,,,,,
5166,Can We Cure,2018,,10/100,0,0,1,0,1,,,,,
5167,Socially Awkward,2017,,10/100,0,0,1,0,1,,,,,
5168,L.A. Cops,1998,,10/100,0,0,1,0,1,,,,,
5169,Smoke & Steam,1990,,10/100,0,0,1,0,1,,,,,
5170,"Cars, Cars",2017,,10/100,0,0,1,0,1,,,,,
5171,Grace for Beginners,2014,,10/100,0,0,1,0,1,,,,,
5172,Raised Hunting,2015,,10/100,0,0,1,0,1,,,,,
5173,K2: The Italian Mountain,2012,,10/100,0,0,1,0,1,,,,,
5174,ANGRY ALIENS,2016,,10/100,0,0,1,0,1,,,,,
5175,The Crack!,2011,,10/100,0,0,1,0,1,,,,,
5176,Pet Medics: New Zealand,2016,,10/100,0,0,1,0,1,,,,,
5177,How2: How to do Amazing Things! (with Annoying Orange & Pear!),2016,,10/100,0,0,1,0,1,,,,,
5178,My Animal Friends,2018,,10/100,0,0,1,0,1,"documentary film, family film","Czech Republic, Australia, United Kingdom",,,tt6764176
5179,Citizens of the World,2010,,10/100,0,0,1,0,1,,,,,
5180,Roomies & Friends,2013,,10/100,0,0,1,0,1,,,,,
5181,Lego Set Builds Star Wars - Artifex,2016,,10/100,0,0,1,0,1,,,,,
5182,Equipo Constructor en Auto City,2016,,10/100,0,0,1,0,1,,,,,
5183,Premier Guitar Rig Rundown,2016,,10/100,0,0,1,0,1,,,,,
5184,The Most Ridiculous Things From The Walking Dead,2017,,10/100,0,0,1,0,1,,,,,
5185,An Egg's Guide to Minecraft,2012,,10/100,0,0,1,0,1,,,,,
5186,The Flavors of Italy,2013,,10/100,0,0,1,0,1,,,,,
5187,Lego Set Builds Minecraft - Artifex,2017,,10/100,0,0,1,0,1,,,,,
5188,The Best Markets On Earth,2017,,10/100,0,0,1,0,1,,,,,
5189,Quark Science,2018,,10/100,0,0,1,0,1,,,,,
5190,Bobby Ashley's Repercussions,2014,,10/100,0,0,1,0,1,,,,,
5191,Life Beyond Earth,2018,,10/100,0,0,1,0,1,,,,,
5192,Moving Machines For Kids,2017,,10/100,0,0,1,0,1,,,,,
5193,Best Arrangement,2017,,10/100,0,0,1,0,1,,,,,
5194,Baking with Toddlers,2017,,10/100,0,0,1,0,1,,,,,
5195,Halloween of Car City,2018,,10/100,0,0,1,0,1,,,,,
5196,Pinkfong! Healthy Habit Songs,2017,,10/100,0,0,1,0,1,,,,,
5197,Pinkfong! Princess Songs,2017,,10/100,0,0,1,0,1,,,,,
5198,Switzerland's Amazing Train Rides,2014,,10/100,0,0,1,0,1,,,,,
5199,All About My Siblings,2014,,10/100,0,0,1,0,1,,,,,
5200,Tatiana's Night,2015,,10/100,0,0,1,0,1,,,,,
5201,Barn Find Hunter,2016,,10/100,0,0,1,0,1,,,,,
5202,Holy Wars,2004,,10/100,0,0,1,0,1,,,,,
5203,Learning Shapes and Colours in Creative Lesson - Education Video for Children,2018,,10/100,0,0,1,0,1,,,,,
5204,World Changers Television,2017,,10/100,0,0,1,0,1,,,,,
5205,Love Tribulations,2009,,10/100,0,0,1,0,1,,People's Republic of China,,,
5206,Gourmet Makes,2018,,10/100,0,0,1,0,1,,,,9.2,tt10162630
5207,Analyse,2017,,10/100,0,0,1,0,1,,,,,
5208,Road Kings,2016,,10/100,0,0,1,0,1,,,,,
5209,Pinkfing! Time Songs,2017,,10/100,0,0,1,0,1,,,,,
5210,OMG!,2016,,10/100,0,0,1,0,1,television news magazine,United States,English,3.0,tt0430836
5211,Car Patrol: The Adventures of Matt the Police Car and Frank the Firetruck,2016,,10/100,0,0,1,0,1,,,,,
5212,Uchimura Summers,2016,,10/100,0,0,1,0,1,,,,,
5213,Finley's Factory - Super Simple,2016,,10/100,0,0,1,0,1,,,,,
5214,Royal Watch,2017,,10/100,0,0,1,0,1,,,,,
5215,The Bacca Chronicles,2015,,10/100,0,0,1,0,1,,,,,
5216,Warriors of the Night,1998,,10/100,0,0,1,0,1,,,,,
5217,Bogus Beauty,2017,,10/100,0,0,1,0,1,,,,,
5218,ReCore Video Gameplay,2017,,10/100,0,0,1,0,1,,,,,
5219,The History Of Ford Trucks,2016,,10/100,0,0,1,0,1,,,,,
5220,Car Collectors,2013,,10/100,0,0,1,0,1,,,,,
5221,Bana: Heart of Darkness,2017,,10/100,0,0,1,0,1,,,,,
5222,Grandma's Cats (Are Trying To Kill Her!),2015,,10/100,0,0,1,0,1,,,,,
5223,Minecraft - Survival Madness Adventures,2016,,10/100,0,0,1,0,1,,,,,
5224,Empires Of Stone,2010,,10/100,0,0,1,0,1,,,,,
5225,Beyond Invention,2004,,10/100,0,0,1,0,1,television documentary,Canada,,,tt0429315
5226,Railway Roundup,2010,,10/100,0,0,1,0,1,,,,,
5227,Review: Disney Toy Review,2017,,10/100,0,0,1,0,1,,,,,
5228,Delinquent Hamsters,2013,,10/100,0,0,1,0,1,,,,,
5229,"Review: Cool Collectibles Dolls, Toys and Vinyl Figures Reviews",2017,,10/100,0,0,1,0,1,,,,,
5230,Planet Wild,2007,,10/100,0,0,1,0,1,,,,,
5231,Genius of Nature,2012,,10/100,0,0,1,0,1,,,,,
5232,Julie Nolke,2015,,10/100,0,0,1,0,1,,,,,
5233,Speaker Meeting,2017,,10/100,0,0,1,0,1,,,,,
5234,Saints & Sinners: The History of the Popes,2013,,10/100,0,0,1,0,1,,,,,
5235,The Lazy Chef,2011,,10/100,0,0,1,0,1,,,,,
5236,Livin' 'Neath The Law with Jack McBrayer,2007,,10/100,0,0,1,0,1,,,,,
5237,Fishstick & Honeybear,2014,,10/100,0,0,1,0,1,,,,,
5238,BigDo2 - Random Hair,2016,,10/100,0,0,1,0,1,,,,,
5239,Car Patrol of Car City,2017,,10/100,0,0,1,0,1,,,,,
5240,Inside Series,2011,,10/100,0,0,1,0,1,television documentary,United States,,,
5241,Eori,2016,,10/100,0,0,1,0,1,,,,,
5242,Desperate Widows,2016,,10/100,0,0,1,0,1,,,,,
5243,Uncaged: The Animated Series,2017,,10/100,0,0,1,0,1,,,,,
5244,Innovations of War,2014,,10/100,0,0,1,0,1,,,,,
5245,Jimmy Blue Shorts,2014,,10/100,0,0,1,0,1,,,,,
5246,Love In Han Yuan,2018,,10/100,0,0,1,0,1,,,,,
5247,Review: Shopkins Shoppies Doll Reviews,2017,,10/100,0,0,1,0,1,,,,,
5248,Review: Blind Bags and Surprise Toy Reviews,2017,,10/100,0,0,1,0,1,,,,,
5249,Pinkfong! Baby Shark & Halloween Songs,2018,,10/100,0,0,1,0,1,,,,,
5250,Astrid Strudelman The Unicorn Whisperer,2014,,10/100,0,0,1,0,1,,,,,
5251,History's Biggest Secrets,2013,,10/100,0,0,1,0,1,,,,,
5252,My Prom Makeover,2014,,10/100,0,0,1,0,1,,,,,
5253,Image Essence,2013,,10/100,0,0,1,0,1,,,,,
5254,How To Self-Publish,2017,,10/100,0,0,1,0,1,,,,,
5255,Bryanboy Goes to College,2014,,10/100,0,0,1,0,1,,,,,
5256,The Coeds,2015,,10/100,0,0,1,0,1,,,,,
5257,Awesome Hot Rods,2017,,10/100,0,0,1,0,1,,,,,
5258,Troy el Tren en Auto City,2016,,10/100,0,0,1,0,1,,,,,
5259,Kickstart or Die,2013,,10/100,0,0,1,0,1,,,,,
5260,Chasing November,2016,,10/100,0,0,1,0,1,,,,,
5261,Quick Bites,2017,,10/100,0,0,1,0,1,,,,5.6,tt1858520
5262,Happy Bear Kid Andrea,2016,,10/100,0,0,1,0,1,,,,,
5263,Totally Real Movies Coming Soon,2010,,10/100,0,0,1,0,1,,,,,
5264,Air Wars,2000,,10/100,0,0,1,0,1,,,,,
5265,Operation Shadow,2017,,10/100,0,0,1,0,1,,,,,
5266,The Special Needs Hotel,2015,,10/100,0,0,1,0,1,,,,,
5267,World War I,2014,,10/100,0,0,1,0,1,,,,,
5268,Clip: Lego Set Builds Minifgures - Artifex,2016,,10/100,0,0,1,0,1,,,,,
5269,High Blood Pressure,2016,,10/100,0,0,1,0,1,,,,,
5270,Supernova,2005,,10/100,0,1,1,0,1,,,,,
5271,Mu Guiying Takes Command,2012,,10/100,0,0,1,0,1,,People's Republic of China,,,
5272,Nordic Road Trip 2018,2018,,10/100,0,0,1,0,1,,,,,
5273,LEGO Dimensions Gameplay,2017,,10/100,0,0,1,0,1,,,,,
5274,Learning with Vehicles,2015,,10/100,0,0,1,0,1,,,,,
5275,Celebrity Snackdown,2017,,10/100,0,0,1,0,1,,,,,
5276,Eat Yourself Sexy,2009,,10/100,0,0,1,0,1,,,,,
5277,Second War Diary - The War Day by Day,2014,,10/100,0,0,1,0,1,,,,,
5278,Warning Men Thinking,2015,,10/100,0,0,1,0,1,,,,,
5279,Space Adventure Legend Quest,2013,,10/100,0,0,1,0,1,,,,,
5280,This Is My City,2013,,10/100,0,0,1,0,1,,,,,
5281,Eyewitness Weather Disasters,2012,,10/100,0,0,1,0,1,,,,,
5282,Health Issues: Alzheimer's,2010,,10/100,0,0,1,0,1,,,,,
5283,Kids Try,2016,,10/100,0,0,1,0,1,,,,,
5284,The Hunting Public,2017,,10/100,0,0,1,0,1,,,,,
5285,Dream Town,2015,,10/100,0,0,1,0,1,,,,,
5286,From the Test Kitchen,2017,,10/100,0,0,1,0,1,,,,,
5287,Killing The Fat Man,2017,,10/100,0,0,1,0,1,,,,,
5288,Game Bang,2013,,10/100,0,0,1,0,1,,,,,
5289,Invisivle TOKYO,2016,,10/100,0,0,1,0,1,,,,,
5290,PINKFONG!,2017,,10/100,0,0,1,0,1,,,,,
5291,Pinkfong! Body Songs,2017,,10/100,0,0,1,0,1,,,,,
5292,Dr. Qin,2018,,10/100,0,0,1,0,1,,,,,
5293,Sirenetta & the Second Star,2017,,10/100,0,0,1,0,1,,,,,
5294,Dibo the Gift Dragon,2012,,10/100,0,0,1,0,1,,,,,
5295,Everyday Elevated With Sharone Hakman,2017,,10/100,0,0,1,0,1,,,,,
5296,Wide World of Kids,2013,,10/100,0,0,1,0,1,,,,,
5297,Tom the Tow Truck,2016,,10/100,0,0,1,0,1,,,,,
5298,Yoga Class for Beginners with Irini Res,2017,,10/100,0,0,1,0,1,,,,,
5299,Trains,2016,,10/100,0,0,1,0,1,,,,,
5300,Finding the Future,2017,,10/100,0,0,1,0,1,,,,,
5301,Puppy Prep,2018,,10/100,0,0,1,0,1,,,,,
5302,Video Wallpaper,2017,,10/100,0,0,1,0,1,,,,,
5303,Five Minute Fairy Tales,2017,,10/100,0,0,1,0,1,,,,,
5304,Gamer Next Door,2015,,10/100,0,0,1,0,1,,,,,
5305,Crazy TV Pranks. Funny Surprises,2013,,10/100,0,0,1,0,1,,,,,
5306,Haus of Schreck,2018,,10/100,0,0,1,0,1,,,,,
5307,The Kingdom and End Times,2016,,10/100,0,0,1,0,1,,,,,
5308,Dombey and Son,1983,,10/100,0,0,1,0,1,,,,,
5309,Drunken Movie Geeks,2017,,10/100,0,0,1,0,1,,,,,
5310,The GCN Show,2016,,10/100,0,0,1,0,1,,,,,
5311,Gloriavale,2014,,10/100,0,0,1,0,1,,,,,
5312,The Laura Show,2017,,10/100,0,0,1,0,1,,,,,
5313,Fonko: Contemporary Africa Through Its Urban Music,2017,,10/100,0,0,1,0,1,,,,,
5314,Cream,2017,,10/100,0,0,1,0,1,,,,,
5315,Tanks!,2005,,10/100,0,0,1,0,1,,,,,
5316,Missy Mila Twisted Tales,2015,,10/100,0,0,1,0,1,,,,,
5317,The Big Flip,2009,,10/100,0,0,1,0,1,,,,,
5318,Reelin' in the Keys,2017,,10/100,0,0,1,0,1,,,,,
5319,Pinkfong! Baby Shark Special,2017,,10/100,0,0,1,0,1,,,,,
5320,Model Diaries,2017,,10/100,0,0,1,0,1,,,,,
5321,Dyches Fam 2016,2016,,10/100,0,0,1,0,1,,,,,
5322,Open Space,2011,,10/100,0,0,1,0,1,,United Kingdom,,,tt1589839
5323,Strange Curiosity,2016,,10/100,0,0,1,0,1,,,,,
5324,Deep Rest: Guided Meditations with Christine Wushke,2017,,10/100,0,0,1,0,1,,,,,
5325,Tales of Morrissa,2017,,10/100,0,0,1,0,1,,,,,
5326,The Golden Age of Toy Trains,2012,,10/100,0,0,1,0,1,,,,,
5327,Meditations on Love,2017,,10/100,0,0,1,0,1,,,,,
5328,The Rise of Mankind,2018,,10/100,0,0,1,0,1,,,,,
5329,Little Big Awesome,2016,,10/100,0,0,1,0,1,,United States,,9.0,tt5615874
5330,Men with Sword 2,2016,,10/100,0,0,1,0,1,,,,,
5331,Best of Ellen's Scares,2012,,10/100,0,0,1,0,1,,,,,
5332,Drawing PS4 Spider-Man,2018,,10/100,0,0,1,0,1,,,,,
5333,Tales of The Wild West,2017,,10/100,0,0,1,0,1,,,,,
5334,Jump Start Your Photography,2011,,10/100,0,0,1,0,1,,,,,
5335,Laver Cup 2018,2018,,10/100,0,0,1,0,1,,,,,
5336,My Sister-in-Law,2015,,10/100,0,0,1,0,1,,,,,
5337,Take On The World Conference 2017,2017,,10/100,0,0,1,0,1,,,,,
5338,Dropping the Soap,2017,,10/100,0,0,1,0,1,,,,,
5339,Onyx Kids,2016,,10/100,0,0,1,0,1,,,,,
5340,Chickenwatch,2018,,10/100,0,0,1,0,1,,,,,
5341,Minecraft Survival with Brick Show Brian!,2016,,10/100,0,0,1,0,1,,,,,
5342,Jelly Jam,2011,,10/100,0,0,1,0,1,,,,,
5343,Tanlines,2011,,10/100,0,0,1,0,1,,,,,
5344,Looi,2014,,10/100,0,0,1,0,1,,,,,
5345,Reading Egg's The Eggsperts,2014,,10/100,0,0,1,0,1,,,,,
5346,Lots & Lots of Fire Trucks,2010,,10/100,0,0,1,0,1,,,,,
5347,Hop Up TV,2016,,10/100,0,0,1,0,1,,,,,
5348,The GiggleBellies - Monster Truck Learning,2017,,10/100,0,0,1,0,1,,,,,
5349,The Contract Terms,2011,,10/100,0,0,1,0,1,,,,,
5350,Designing Ireland,2015,,10/100,0,0,1,0,1,,,,,
5351,Red Dust,2013,,10/100,0,0,1,0,1,,,,,
5352,Great Indian Wars,2009,,10/100,0,0,1,0,1,,,,,
5353,Can I Catch It,2018,,10/100,0,0,1,0,1,,,,,
5354,Blue City,2015,,10/100,0,0,1,0,1,,,,,
5355,Kintoons,2018,,10/100,0,0,1,0,1,,,,,
5356,Wedding Season,2017,,10/100,0,0,1,0,1,,United Kingdom,,8.0,tt15114768
5357,The Fall and Rise of Britain's Railways,2008,,10/100,0,0,1,0,1,,,,,
5358,Flood,2008,,10/100,0,0,1,0,1,,,,,
5359,Our American Family,2012,,10/100,0,0,1,0,1,,,,,
5360,Back to Back Chef,2017,,10/100,0,0,1,0,1,,,,,
5361,True War Stories,2015,,10/100,0,0,1,0,1,,,,,
5362,Top 30 Wonderful Rhymes,2013,,10/100,0,0,1,0,1,,,,,
5363,Inside Hitler's Killing Machine,2016,,10/100,0,0,1,0,1,,,,,
5364,Dowry,2015,,10/100,0,0,1,0,1,,Taiwan,,,
5365,Tales To Get Scared To,2016,,10/100,0,0,1,0,1,,,,,
5366,Review: Mega Construx Dinotrux Reviews,2017,,10/100,0,0,1,0,1,,,,,
5367,What's Up In Space: The Solar System For Kids Series,2010,,10/100,0,0,1,0,1,,,,,
5368,Nursery Rhymes Time,2017,,10/100,0,0,1,0,1,,,,,
5369,Home to Flip,2009,,10/100,0,0,1,0,1,,,,,
5370,Nature Adventures with Terri and Todd,2018,,10/100,0,0,1,0,1,,,,,
5371,Breakfast with Bevan,2013,,10/100,0,0,1,0,1,,,,,
5372,"Gas, Grub, and Ghosts",2017,,10/100,0,0,1,0,1,,,,,
5373,Extreme Constructions,2017,,10/100,0,0,1,0,1,,,,,
5374,Nature's Treasure Islands,2014,,10/100,0,0,1,0,1,,,,,
5375,Lego Set Builds Chima - Artifex,2017,,10/100,0,0,1,0,1,,,,,
5376,Loki,2021,16+,95/100,0,0,0,1,1,"fantasy television series, adventure television series, action television series, superhero television program",United States,English,8.0,tt9140554
5377,The Mandalorian,2019,16+,94/100,0,0,0,1,1,"science fiction television program, space Western, adventure television series",United States,English,9.0,tt8111088
5379,WandaVision,2021,16+,89/100,0,0,0,1,1,"fantasy television series, superhero television program, adventure television series, drama television series",United States,English,7.0,tt9140560
5381,The Falcon and the Winter Soldier,2021,16+,86/100,0,0,0,1,1,"drama television series, superhero television program, buddy film",United States,English,8.0,tt9208876
5382,Star Wars: The Clone Wars,2008,7+,85/100,0,0,0,1,1,,,,8.3/10,
5383,Once Upon a Time,2011,7+,83/100,0,0,0,1,1,"fantasy television series, adventure television series, drama television series, romance television series",United States,English,7.7,tt1843230
5384,Marvel's Agent Carter,2015,7+,82/100,0,0,0,1,1,"drama television series, science fiction television program, detective fiction",United States,English,8.0,tt3475734
5385,The Bad Batch,2021,7+,82/100,1,0,0,1,1,,,,8.2/10,
5387,Star Wars Rebels,2014,7+,79/100,0,0,0,1,1,,,,8.0/10,
5388,The Owl House,2020,7+,78/100,0,0,0,1,1,,,,8.1/10,
5390,The Muppet Show,1976,all,78/100,0,0,0,1,1,"comedy television series, puppetry, sketch comedy, variety show","United States, United Kingdom",English,8.4,tt0074028
5391,The Mysterious Benedict Society,2021,7+,76/100,0,0,0,1,1,"fantasy television series, adventure television series, television series based on a novel",United States,English,8.0,tt11875316
5393,Monsters at Work,2021,all,75/100,0,0,0,1,1,,,,7.2/10,
5394,One Strange Rock,2018,all,74/100,0,0,0,1,1,documentary film,United States,,7.0,tt7651892
5395,High School Musical: The Musical: The Series,2019,7+,73/100,0,0,0,1,1,"LGBT-related television series, teen drama television, mockumentary",United States,English,8.0,tt8510382
5396,Dinosaurs,1991,7+,73/100,0,0,0,1,1,sitcom,United States,English,7.5,tt0101081
5397,Boy Meets World,1993,all,72/100,0,0,0,1,1,"teen sitcom, comedy drama",United States,English,8.1,tt0105958
5398,Big Shot,2021,7+,71/100,0,0,0,1,1,sport film,United States,English,9.0,tt11238096
5399,Disney Gallery / Star Wars: The Mandalorian,2020,7+,71/100,0,0,0,1,1,,,,9.0,tt12162902
5400,Phineas and Ferb,2007,all,71/100,0,0,0,1,1,,,,8.0/10,
5401,Bluey,2018,all,71/100,0,0,0,1,1,drama television series,Australia,,8.0,tt0073966
5402,Spider-Man,1994,all,70/100,0,0,0,1,1,,,,8.4/10,
5403,The Imagineering Story,2019,7+,69/100,0,0,0,1,1,,,,9.0/10,
5404,DuckTales,1987,7+,69/100,0,0,0,1,1,,,,8.1/10,
5406,Wizards of Waverly Place,2007,all,68/100,0,0,0,1,1,"teen sitcom, fantasy television series",United States,English,7.0,tt0799922
5407,Star Wars: Clone Wars,2003,7+,68/100,0,0,0,1,1,,,,7.8/10,
5408,Wolverine and the X-Men,2009,7+,68/100,0,0,0,1,1,,,,8.0/10,
5410,Marvel Studios: Assembled,2021,7+,66/100,0,0,0,1,1,television documentary,United States,English,8.0,tt14094206
5411,Kim Possible,2002,all,66/100,0,0,0,1,1,,,,7.2/10,
5412,Once Upon a Time in Wonderland,2013,7+,66/100,0,0,0,1,1,fantasy television series,United States,English,6.0,tt2802008
5414,Marvel Studios: Legends,2021,16+,66/100,0,0,0,1,1,"action film, superhero film, television documentary, superhero fiction",United States,English,6.5,tt13650480
5415,Girl Meets World,2014,all,65/100,0,0,0,1,1,comedy television series,United States,American English,7.0,tt2543796
5416,The Avengers: Earth's Mightiest Heroes,2010,7+,65/100,0,0,0,1,1,,,,8.3/10,
5417,The World According to Jeff Goldblum,2019,7+,65/100,0,0,0,1,1,non-fiction,United States,English,8.0,tt10196390
5418,Marvel's Ultimate Spider-Man,2012,7+,65/100,0,0,0,1,1,,,,7.2/10,
5420,Amphibia,2019,7+,65/100,0,0,0,1,1,,,,8.1/10,
5421,Gargoyles,1994,7+,64/100,0,0,0,1,1,,,,8.1/10,
5422,The Suite Life of Zack & Cody,2005,all,64/100,0,0,0,1,1,teen sitcom,United States,English,7.0,tt0426371
5423,Darkwing Duck,1991,7+,64/100,0,0,0,1,1,,,,7.6/10,
5424,The Right Stuff,2020,16+,64/100,0,0,0,1,1,"historical drama, anthology series",United States,English,6.0,tt7423322
5425,The Muppets,2015,7+,64/100,1,0,0,1,1,sitcom,United States,English,7.0,tt4651824
5426,TRON: Uprising,2012,7+,64/100,0,0,0,1,1,,,,8.2/10,
5427,The Mighty Ducks: Game Changers,2021,7+,63/100,0,0,0,1,1,comedy drama,United States,English,10.0,tt7939768
5428,Marvel's Avengers Assemble,2013,7+,63/100,0,0,0,1,1,,,,7.0/10,
5429,Recess,1997,7+,63/100,0,0,0,1,1,,,,7.8/10,
5430,Chip 'n' Dale Rescue Rangers,1989,all,63/100,0,0,0,1,1,,,,7.6/10,
5431,Doug,1991,7+,63/100,0,0,0,1,1,,,,7.4/10,
5432,I am Luna,2016,,62/100,0,0,0,1,1,,,,6.8/10,
5434,Lizzie McGuire,2001,all,62/100,0,0,0,1,1,teen sitcom,United States,English,10.0,tt0273366
5435,Cosmos: Possible Worlds,2020,7+,62/100,0,0,0,1,1,"television documentary, documentary film, popular science",United States,English,10.0,tt11170862
5436,The Suite Life on Deck,2008,all,62/100,0,0,0,1,1,teen sitcom,United States,English,8.0,tt1181917
5437,Hannah Montana,2006,all,61/100,0,0,0,1,1,"teen sitcom, music television",United States,English,9.0,tt0493093
5438,Jessie,2011,all,61/100,0,0,0,1,1,"comedy television series, children's television series",United States,English,8.0,tt1865769
5439,Marvel's Inhumans,2017,7+,61/100,0,0,0,1,1,"action television series, science fiction television program, superhero television program",United States,English,5.0,tt4154858
5440,Gordon Ramsay: Uncharted,2019,16+,61/100,0,0,0,1,1,,United States,,7.7,tt9165706
5441,Disney's Adventures of the Gummi Bears,1985,all,61/100,0,0,0,1,1,,,,7.5/10,
5442,Star Wars Resistance,2018,7+,60/100,0,0,0,1,1,,,,5.0/10,
5443,That's So Raven,2003,all,60/100,0,0,0,1,1,"fantasy television series, teen sitcom",United States,English,7.0,tt0300865
5444,Turner & Hooch,2021,7+,60/100,0,0,0,1,1,comedy film,United States,English,8.0,tt11547014
5445,TaleSpin,1990,all,60/100,0,0,0,1,1,,,,7.6/10,
5447,Mickey Mouse Clubhouse,2006,all,60/100,0,0,0,1,1,,,,5.7/10,
5448,Even Stevens,2000,all,60/100,0,0,0,1,1,teen sitcom,United States,English,7.6,tt0206511
5450,Andi Mack,2017,all,60/100,0,0,0,1,1,"comedy drama, LGBT-related television series",United States,English,7.0,tt5195114
5451,Behind the Attraction,2021,7+,59/100,0,0,0,1,1,,United States,,8.0,tt11069436
5452,Secrets of Sulphur Springs,2021,7+,59/100,0,0,0,1,1,"drama television series, mystery television series",United States,English,10.0,tt10329642
5453,Liv and Maddie,2013,all,59/100,0,0,0,1,1,"comedy television series, children's television series",United States,English,8.0,tt2794380
5454,Milo Murphy's Law,2016,all,59/100,0,0,0,1,1,,,,7.6/10,
5456,Lab Rats,2012,7+,59/100,0,0,0,1,1,"science fiction television program, teen sitcom, American television sitcom",United States,English,8.0,tt1991564
5457,Lilo & Stitch: The Series,2003,all,59/100,0,0,0,1,1,,,,6.8/10,
5458,So Weird,1999,7+,59/100,0,0,0,1,1,"neo-noir, science fiction television program, children's television series",United States,English,8.3,tt0169247
5459,Austin & Ally,2011,all,59/100,0,0,0,1,1,"comedy television series, romance television series, music television, youth series",United States,English,7.0,tt1830491
5460,The New Adventures of Winnie the Pooh,1988,all,59/100,0,0,0,1,1,,,,7.7/10,
5461,Raven's Home,2017,all,59/100,0,0,0,1,1,comedy television series,United States,English,8.0,tt6311972
5463,Kickin' It,2011,all,58/100,0,0,0,1,1,"comedy television series, children's television series",United States,English,7.0,tt1765622
5464,Brain Games,2011,7+,58/100,0,0,0,1,1,documentary film,United States,English,8.0,tt2078690
5465,Schoolhouse Rock,1973,7+,58/100,0,0,0,1,1,,,,3.0,tt26231144
5466,Dog Whisperer,2004,all,58/100,0,0,0,1,1,reality television,United States,,9.0,tt0423642
5467,The Proud Family,2001,all,58/100,0,0,0,1,1,,,,6.4/10,
5468,Sonny with a Chance,2009,all,58/100,0,0,0,1,1,teen sitcom,United States,"English, French, Spanish",7.0,tt1252374
5469,Violetta,2012,all,58/100,0,0,0,1,1,"telenovela, youth series",Argentina,Spanish,5.0,tt2171665
5470,The Lion King's Timon & Pumbaa,1995,all,58/100,0,0,0,1,1,,,,7.1/10,
5471,Phil of the Future,2004,7+,57/100,0,0,0,1,1,"science fiction television program, teen sitcom",United States,English,6.9,tt0340281
5472,Little Einsteins,2005,all,57/100,0,0,0,1,1,,,,6.3/10,
5473,Shake It Up,2010,all,57/100,0,0,0,1,1,,People's Republic of China,,4.9/10,
5474,Hercules,1998,all,57/100,0,0,0,1,1,,,,6.6/10,
5475,Rapunzel's Tangled Adventure,2017,all,56/100,0,0,0,1,1,,,,7.7/10,
5476,Marvel's Guardians of the Galaxy,2015,7+,56/100,0,0,0,1,1,,,,7.3/10,
5477,Smart Guy,1997,all,56/100,0,0,0,1,1,"sitcom, youth series",United States,English,9.0,tt0118466
5478,American Dragon: Jake Long,2005,all,56/100,0,0,0,1,1,,,,6.6/10,
5479,Encore!,2019,7+,56/100,0,0,0,1,1,television documentary,United States,English,10.0,tt7759016
5480,Mickey Mouse,2013,all,56/100,0,0,0,1,1,,,,8.1/10,
5481,Marvel's Spider-Man,2017,7+,56/100,0,0,0,1,1,,,,6.1/10,
5482,Diary of a Future President,2020,7+,56/100,0,0,0,1,1,comedy,United States,,8.0,tt9695266
5483,Spider-Man and His Amazing Friends,1981,7+,56/100,0,0,0,1,1,,,,7.2/10,
5484,Goof Troop,1992,all,55/100,0,0,0,1,1,,,,6.8/10,
5485,Spider-Man Unlimited,1999,7+,55/100,0,0,0,1,1,,,,6.4/10,
5486,The Little Mermaid,1992,all,55/100,0,0,0,1,1,,,,6.8/10,
5488,Big City Greens,2018,7+,55/100,0,0,0,1,1,,,,7.2/10,
5489,Zenimation,2020,all,55/100,0,0,0,1,1,,,,7.4/10,
5490,Wicked Tuna,2012,16+,55/100,0,0,0,1,1,reality television,United States,English,2.0,tt2191567
5492,Big Hero 6 The Series,2017,7+,54/100,0,0,0,1,1,,,,7.1/10,
5493,Inside Pixar,2020,all,54/100,0,0,0,1,1,,,,7.3/10,
5494,Iron Man: Armored Adventures,2009,7+,54/100,0,0,0,1,1,,,,6.5/10,
5495,Pair of Kings,2010,7+,54/100,0,0,0,1,1,"teen sitcom, American television sitcom",United States,English,10.0,tt1571313
5496,Mighty Med,2013,7+,54/100,0,0,0,1,1,"science fiction television program, medical drama, American television sitcom",United States,English,6.6,tt2573338
5497,Special Agent Oso,2009,all,54/100,0,0,0,1,1,,,,5.2/10,
5498,Imagination Movers,2008,all,54/100,0,0,0,1,1,children's television series,United States,English,10.0,tt1101237
5500,Secrets of the Whales,2021,7+,54/100,0,0,0,1,1,,,,10.0,tt12824750
5501,Stuck in the Middle,2016,all,53/100,0,0,0,1,1,comedy television series,United States,English,7.0,tt4488724
5503,Jonas,2009,,53/100,0,0,0,1,1,,,,4.7/10,
5504,MECH-X4,2016,all,53/100,0,0,0,1,1,action television series,United States,English,10.0,tt5568740
5505,The Wonderful World of Mickey Mouse,2020,all,53/100,0,0,0,1,1,,,,7.8/10,
5507,The Emperor's New School,2006,all,53/100,0,0,0,1,1,,,,6.6/10,
5508,Hostile Planet,2019,7+,53/100,0,0,0,1,1,,,,8.3/10,
5509,Puppy Dog Pals,2017,all,53/100,0,0,0,1,1,,,,7.0/10,
5511,Fantastic Four,1994,7+,52/100,0,0,0,1,1,,,,6.5/10,
5512,I Didn't Do It,2014,all,52/100,0,0,0,1,1,"teen sitcom, American television sitcom",United States,English,6.0,tt2996052
5514,The Lion Guard,2016,all,52/100,0,0,0,1,1,,,,6.4/10,
5515,Pixar Popcorn,2021,7+,52/100,0,0,0,1,1,,,,6.6/10,
5516,Lab Rats: Elite Force,2016,7+,52/100,0,0,0,1,1,"science fiction comedy, sitcom",United States,English,8.0,tt5118450
5517,A.N.T. Farm,2011,all,52/100,0,0,0,1,1,"sitcom, teen sitcom, teen film, action television series",United States,English,4.0,tt1772752
5518,Silver Surfer,1998,7+,52/100,0,0,0,1,1,,,,7.1/10,
5519,Muppets Now,2020,7+,52/100,0,0,0,1,1,,United States,English,4.0,tt10857210
5520,Car S.O.S.,2013,,52/100,0,0,0,1,1,variety show,United Kingdom,English,10.0,tt3110590
5521,Sydney to the Max,2019,all,52/100,0,0,0,1,1,sitcom,United States,English,9.0,tt8959856
5522,Vampirina,2017,all,52/100,0,0,0,1,1,,United States,English,6.2,tt34385400
5523,Earth to Ned,2020,7+,51/100,0,0,0,1,1,,United States,,6.6,tt11176048
5524,Best Friends Whenever,2015,all,51/100,0,0,0,1,1,"sitcom, science fiction television program, comedy television series",United States,English,7.0,tt4507442
5525,Into the Unknown: Making Frozen II,2020,7+,51/100,0,0,0,1,1,,United States,,10.0,tt10196382
5526,Elena of Avalor,2016,all,51/100,0,0,0,1,1,,,,6.4/10,
5527,Prop Culture,2020,7+,51/100,0,0,0,1,1,,United States,,9.0,tt10162496
5528,Fantastic Four: World's Greatest Heroes,2006,7+,51/100,0,0,0,1,1,,,,6.7/10,
5529,Jake and the Never Land Pirates,2011,all,51/100,0,0,0,1,1,,,,5.6/10,
5530,Fish Hooks,2010,all,51/100,0,0,0,1,1,,,,4.8/10,
5531,Drain the Oceans,2018,7+,51/100,0,0,0,1,1,television documentary,Australia,,2.0,tt8676618
5532,The Replacements,2006,7+,51/100,0,0,0,1,1,,,,5.9/10,
5533,Port Protection Alaska,2015,16+,51/100,0,0,0,1,1,,,,8.4/10,
5534,"Dr. Oakley, Yukon Vet",2014,all,51/100,0,0,0,1,1,,United States,,10.0,tt3593456
5535,Ice Road Rescue,2015,,50/100,0,0,0,1,1,docu-soap,United Kingdom,,9.0,tt5270356
5536,Marvel’s Hulk and the Agents of S.M.A.S.H,2013,7+,50/100,0,0,0,1,1,,,,6.1/10,
5537,Super Robot Monkey Team Hyperforce Go!,2004,7+,50/100,0,0,0,1,1,,,,6.2/10,
5538,Quack Pack,1996,7+,50/100,0,0,0,1,1,,,,6.8/10,
5539,Descendants: Wicked World,2015,all,50/100,0,0,0,1,1,,,,6.6/10,
5540,Muppet Babies,2018,all,50/100,0,0,0,1,1,,,,6.9/10,
5541,T.O.T.S.,2019,all,50/100,0,0,0,1,1,,,,6.9/10,
5542,One Day at Disney,2019,all,50/100,0,0,0,1,1,documentary film,United States,English,9.0,tt10854760
5543,Pixar in Real Life,2019,all,50/100,0,0,0,1,1,,,,2.0,tt11199558
5544,Mighty Ducks: The Animated Series,1996,7+,50/100,0,0,0,1,1,,,,6.5/10,
5545,Star Wars: Ewoks,1985,all,49/100,0,0,0,1,1,,,,6.1/10,
5546,101 Dalmatians: The Series,1997,all,49/100,0,0,0,1,1,,,,6.2/10,
5548,"Heartland Docs, DVM",2020,,49/100,0,0,0,1,1,,,,9.1/10,
5549,BIA,2019,all,49/100,0,0,0,1,1,,,,6.7/10,
5550,Marvel's Hero Project,2019,7+,49/100,0,0,0,1,1,,United States,English,7.0,tt10163846
5551,Iron Man,1994,7+,49/100,0,0,0,1,1,,,,6.7/10,
5552,Coop & Cami Ask The World,2018,all,49/100,0,0,0,1,1,"sitcom, comedy television series",United States,English,6.0,tt8381724
5553,Marvel Rising: Initiation,2018,,49/100,0,0,0,1,1,,,,7.0,tt9073722
5554,My Friends Tigger & Pooh,2007,all,48/100,0,0,0,1,1,,,,5.7/10,
5555,Secrets of the Zoo,2018,,48/100,0,0,0,1,1,documentary film,United States,,8.2,tt14948806
5556,Bizaardvark,2016,all,48/100,0,0,0,1,1,comedy television series,United States,English,6.0,tt4800624
5558,The Mickey Mouse Club,1955,all,48/100,0,0,0,1,1,"children's television series, music program",United States,English,7.0,tt0047757
5559,Marvel's 616,2020,,48/100,0,0,0,1,1,"documentary, anthology series",United States,,7.0,tt10162586
5560,Turning the Tables with Robin Roberts,2021,,48/100,0,0,0,1,1,,,,,
5561,On Pointe,2020,7+,48/100,0,0,0,1,1,,United States,,10.0,tt11097576
5562,Race to the Center of the Earth,2021,,48/100,0,0,0,1,1,,United States,,4.0,tt10370752
5563,Out of the Box,1998,all,48/100,0,0,0,1,1,,United States,English,10.0,tt0277514
5564,Gabby Duran and the Unsittables,2019,all,48/100,0,0,0,1,1,,,,5.5/10,
5565,Dr. Ks Exotic Animal ER,2014,7+,48/100,0,0,0,1,1,,,,8.1/10,
5566,Spin and Marty,1955,all,47/100,0,0,0,1,1,,United States,,8.0,tt0047775
5567,Higglytown Heroes,2004,all,47/100,0,0,0,1,1,,,,5.0/10,
5568,Bonkers,1993,all,47/100,0,0,0,1,1,,United Kingdom,English,7.0,tt0884765
5569,Crash & Bernstein,2012,all,47/100,0,0,0,1,1,teen sitcom,United States,English,10.0,tt2273734
5571,Lego Star Wars: The Freemaker Adventures,2016,,47/100,0,0,0,1,1,,,,7.4/10,
5573,Star Wars Vehicle Flythroughs,2021,,47/100,0,0,0,1,1,,,,6.3/10,
5574,Randy Cunningham: Ninja Total,2012,all,47/100,0,0,0,1,1,,,,6.7/10,
5575,Pick of the Litter,2019,7+,47/100,1,1,0,1,1,,United States,,9.0,tt10855726
5576,Lost Cities with Albert Lin,2019,,47/100,0,0,0,1,1,,,,7.8/10,
5577,Earth Moods,2021,,47/100,0,0,0,1,1,,United States,American English,7.0,tt14260676
5578,Mickey and the Roadster Racers,2017,all,47/100,0,0,0,1,1,,,,6.1/10,
5579,Star Wars: Forces of Destiny,2017,all,47/100,0,0,0,1,1,,,,5.0/10,
5580,Magic of Disney's Animal Kingdom,2020,7+,47/100,0,0,0,1,1,,,,8.3/10,
5581,Goldie & Bear,2015,all,47/100,0,0,0,1,1,,,,6.4/10,
5582,Evermoor,2014,,46/100,0,0,0,1,1,drama,United Kingdom,English,7.0,tt3602560
5583,Europe From Above,2019,,46/100,0,0,0,1,1,television documentary,,,10.0,tt11003514
5584,Dog: Impossible,2019,,46/100,0,0,0,1,1,,,,8.2/10,
5585,Marvel's Ant-Man,2017,,46/100,0,0,0,1,1,,,,6.6/10,
5586,Adventures in Wonderland,1992,7+,46/100,0,0,0,1,1,fantasy television series,United States,English,9.0,tt0088473
5587,The Super Hero Squad Show,2009,7+,46/100,0,0,0,1,1,,,,6.1/10,
5588,Critter Fixers: Country Vets,2020,16+,46/100,0,0,0,1,1,,,,9.0/10,
5589,Great Migrations,2010,all,46/100,0,0,0,1,1,nature documentary,United States,,9.0,tt1769803
5590,Origins: The Journey of Humankind,2017,,46/100,0,0,0,1,1,,United States,,2.0,tt6091694
5591,The Lodge,2016,,46/100,0,1,0,1,1,drama,United Kingdom,English,10.0,tt6176812
5592,LEGO Star Wars: Droid Tales,2015,7+,46/100,0,0,0,1,1,,,,7.5/10,
5593,Minnie's Bow-Toons,2011,all,45/100,0,0,0,1,1,,,,6.2/10,
5594,Chip 'n' Dale: Park Life,2021,all,45/100,0,0,0,1,1,,,,6.9/10,
5595,The Book of Pooh,2001,all,45/100,0,0,0,1,1,,,,6.5/10,
5596,Shark Attack Files,2021,16+,45/100,0,0,0,1,1,,,,,
5597,The Avengers: United They Stand,1999,7+,45/100,0,0,0,1,1,,,,5.5/10,
5598,Walt Disney Animation Studios: Short Circuit Experimental Films,2020,all,45/100,0,0,0,1,1,,,,7.6/10,
5599,"Mira, Royal Detective",2020,all,45/100,0,0,0,1,1,,,,6.5/10,
5601,Legend of the Three Caballeros,2018,all,45/100,0,0,0,1,1,,,,7.8/10,
5602,The Greeks,2016,,44/100,0,0,0,1,1,,,,1.0,tt5848928
5603,Marvel's Future Avengers,2017,7+,44/100,0,0,0,1,1,,,,5.7/10,
5604,Just Roll With It,2019,7+,44/100,0,0,0,1,1,comedy television program,United States,English,5.2,tt9181662
5605,101 Dalmatian Street,2019,7+,44/100,0,0,0,1,1,,,,6.3/10,
5606,Spider-Woman,1979,all,44/100,0,0,0,1,1,,,,5.8/10,
5607,Primal Survivor,2016,,44/100,0,0,0,1,1,,,,8.3/10,
5608,Secrets of the Zoo: Tampa,2020,,43/100,0,0,0,1,1,,,,8.6/10,
5609,Disney's Doug,1996,,43/100,0,0,0,1,1,,,,8.0,tt0122815
5610,Year Million,2017,16+,43/100,0,0,0,1,1,,,,7.4/10,
5611,Rogue Trip,2020,7+,43/100,0,0,0,1,1,,,,7.2/10,
5612,Fancy Nancy,2018,all,43/100,0,0,0,1,1,,,,5.5/10,
5613,America's National Parks,2015,all,43/100,0,0,0,1,1,,,,7.7/10,
5614,Wild Hawaii,2014,,43/100,0,0,0,1,1,,,,7.2/10,
5615,Lego Frozen Northern Lights,2016,all,42/100,0,0,0,1,1,,,,5.7/10,
5616,Dino Ranch,2021,all,42/100,0,0,0,1,1,,,,8.1/10,
5618,Disney's Fairy Tale Weddings,2017,7+,42/100,0,0,0,1,1,,United States,English,6.7,tt6974848
5619,Kingdom of the Polar Bears,2021,,42/100,0,0,0,1,1,,,,,
5620,Teacher's Pet,2000,all,42/100,0,0,0,1,1,,,,6.3/10,
5621,Henry Hugglemonster,2013,all,42/100,0,0,0,1,1,,,,5.3/10,
5622,Shop Class,2020,all,42/100,0,0,0,1,1,"game show, reality television",United States,English,10.0,tt10225108
5623,Alaska Animal Rescue,2020,,42/100,0,0,0,1,1,,,,10.0,tt12188528
5624,The Rocketeer,2019,all,42/100,0,0,0,1,1,,,,6.3/10,
5626,Fast Layne,2019,all,41/100,0,0,0,1,1,,,,5.6/10,
5627,Weird But True!,2016,all,41/100,0,0,0,1,1,,United States,,10.0,tt6057106
5628,Continent 7: Antarctica,2016,7+,41/100,0,0,0,1,1,,,,7.0,tt6244108
5629,Marvel's Rocket & Groot,2017,7+,41/100,0,0,0,1,1,,,,6.8/10,
5630,Take Two with Phineas and Ferb,2010,7+,41/100,0,0,0,1,1,,,,6.5/10,
5631,Be our Chef,2020,all,40/100,0,0,0,1,1,,,,6.3/10,
5632,Japan: Between Earth & Sky,2018,,40/100,0,0,0,1,1,,,,7.6/10,
5633,India from Above,2020,,40/100,0,0,0,1,1,,,,7.7/10,
5634,Prairie Dog Manor,2019,,39/100,0,0,0,1,1,,,,10.0,tt8316986
5635,Marvel Super Hero Adventures,2017,all,39/100,0,0,0,1,1,,,,6.3/10,
5636,Wild Yellowstone,2015,,39/100,0,0,0,1,1,,,,6.0,tt3803728
5637,Tut's Treasures: Hidden Secrets,2018,,39/100,0,0,0,1,1,,,,7.0,tt8174114
5638,Secrets of the Zoo: Down Under,2020,,39/100,0,0,0,1,1,documentary film,United States,,8.2,tt14948806
5639,Disney Channel Games 2008,2008,,39/100,0,0,0,1,1,,,,6.7,tt1229903
5640,UFOs: The Untold Stories,2012,,39/100,0,0,0,1,1,,,,,
5641,Animal ER,2016,16+,39/100,0,0,0,1,1,,,,7.0,tt6208226
5642,Fury Files,2017,,38/100,0,0,0,1,1,,,,,
5643,Disney Parks Sunrise,2020,,38/100,0,0,0,1,1,"slow television, television documentary",,,,
5644,Marvel Funko Shorts,2016,all,38/100,0,0,0,1,1,,,,,
5645,Marvel Video Comics,2016,all,38/100,0,0,0,1,1,,,,6.6/10,
5646,Secrets of Wild India,2012,,38/100,0,0,0,1,1,,,,8.1/10,
5647,Buried Secrets of the Bible with Albert Lin,2019,,38/100,0,0,0,1,1,,,,7.1/10,
5648,Supercar Megabuild,2016,,38/100,0,0,0,1,1,,,,1.0,tt12535708
5649,Kirby Buckets,2014,7+,38/100,0,0,0,1,1,sitcom,United States,English,10.0,tt3544772
5650,Becoming,2020,16+,38/100,1,0,0,1,1,,,,6.8/10,
5652,Kingdom of the White Wolf,2019,,37/100,0,0,0,1,1,,,,8.1/10,
5653,Mickey Mouse Funhouse,2021,all,37/100,0,0,0,1,1,,,,5.6/10,
5654,Disney Junior Music Lullabies,2019,,37/100,0,0,0,1,1,,,,,
5655,Wild Congo,2014,,37/100,0,0,0,1,1,,,,,
5656,Walk the Prank,2016,7+,37/100,0,0,0,1,1,reality television,United States,English,2.0,tt5486088
5657,Meet the Chimps,2020,,37/100,0,0,0,1,1,,,,8.5/10,
5658,X-Ray Earth,2020,,37/100,0,0,0,1,1,,,,6.1/10,
5659,It's a Dog's Life with Bill Farmer,2020,7+,37/100,0,0,0,1,1,television documentary,,,10.0,tt12105232
5660,Unlikely Animal Friends,2012,,36/100,0,0,0,1,1,,,,7.6/10,
5661,Kingdom of the Mummies,2020,,36/100,0,0,0,1,1,,,,7.4/10,
5662,Wild Sri Lanka,2015,7+,36/100,0,0,0,1,1,,,,8.6/10,
5663,LEGO Star Wars: The Resistance Rises,2016,,36/100,0,0,0,1,1,,,,6.1/10,
5664,Marvel Battleworld: Mystery of the Thanostones,2020,,36/100,0,0,0,1,1,,,,5.9/10,
5665,"Dr. T, Lone Star Vet",2019,,35/100,0,0,0,1,1,,United States,,8.4/10,
5666,Made in A Day,2020,,35/100,0,0,0,1,1,,,,7.6/10,
5667,Bug Juice: My Adventures at Camp,2018,,35/100,0,0,0,1,1,,United States,,7.0,tt8693362
5668,Chip 'n Dale's Nutty Tales,2017,,35/100,0,0,0,1,1,,,,7.0/10,
5669,Ancient China from Above,2020,,35/100,0,0,0,1,1,,,,7.3/10,
5670,Wild Cats of India,2020,,35/100,0,0,0,1,1,,,,7.6/10,
5671,Lost Treasures of the Maya,2019,,35/100,0,0,0,1,1,,,,3.0,tt10276578
5672,Star Wars Blips,2017,,34/100,0,0,0,1,1,,,,6.1/10,
5673,Birth of Europe,2012,all,34/100,0,0,0,1,1,,,,7.1/10,
5674,Alaska's Grizzly Gauntlet,2018,7+,34/100,0,0,0,1,1,,,,6.6/10,
5675,Muppet Moments,2015,,34/100,0,0,0,1,1,,,,6.0,tt4555736
5676,Billy Dilley's Super-Duper Subterranean Summer,2017,7+,34/100,0,0,0,1,1,,,,4.4/10,
5677,Mickey Go Local,2019,,34/100,0,0,0,1,1,,,,6.0/10,
5678,Gathering Storm,2020,,33/100,0,0,0,1,1,,,,,
5679,Disney Fam Jam,2020,all,33/100,0,0,0,1,1,,United States,,6.5,tt11138524
5680,LEGO Star Wars: All-Stars,2018,7+,33/100,0,0,0,1,1,,United States,,7.0,tt9297164
5681,Out There with Jack Randall,2019,,33/100,0,0,0,1,1,,,,7.0/10,
5682,Disney Junior Music Nursery Rhymes,2017,all,32/100,0,0,0,1,1,,,,6.3,tt9277788
5683,United States of Animals,2016,,32/100,0,0,0,1,1,,,,6.3/10,
5684,Disney Family Sundays,2019,all,31/100,0,0,0,1,1,,,,6.4,tt11199552
5685,Rocky Mountain Animal Rescue,2018,,30/100,0,0,0,1,1,,,,10.0,tt9395780
5686,Wild Nordic,2019,,30/100,0,0,0,1,1,,,,6.0/10,
5687,Wild Chile,2018,7+,30/100,0,0,0,1,1,,,,7.5/10,
5688,Howie Mandel's Animals Doing Things,2018,all,30/100,0,0,0,1,1,,,,3.2/10,
5690,The Big Fib,2020,all,29/100,0,0,0,1,1,,United States,English,6.0,tt11241096
5691,Vampirina: Ghoul Girls Rock!,2018,all,28/100,0,0,0,1,1,,,,7.7/10,
5692,Jungle Animal Rescue,2020,,28/100,0,0,0,1,1,,,,6.4/10,
5693,Disney Insider,2012,,23/100,0,0,0,1,1,non-fiction,United States,,10.0,tt11998854
5694,First Class Chefs: Family Style,2016,,23/100,0,0,0,1,1,,,,,
5695,101 Dalmatians,1997,,21/100,0,0,0,1,1,,,,,
5696,Spaced Out,2019,,20/100,0,0,0,1,1,,,,,
5697,Party Animals,2016,all,19/100,0,0,0,1,1,,United Kingdom,,10.0,tt0847147
5698,Nature Boom Time,2016,,18/100,0,0,0,1,1,,,,,
5699,Lost Treasures of Egypt,2019,,16/100,0,0,0,1,1,documentary film,United Kingdom,English,9.0,tt10115054
5700,What Sam Sees,2018,,16/100,0,0,0,1,1,,,,,
5701,Scuba Sam's World,2018,,14/100,0,0,0,1,1,,,,,
5702,Calling All T.O.T.S.,2020,,14/100,0,0,0,1,1,,,,,
5703,Destination: World,2018,,14/100,0,0,0,1,1,,,,,
5704,Sam's Zookeeper Challenge,2019,,14/100,0,0,0,1,1,,,,,
5705,Marvel Funko,2017,,14/100,0,0,0,1,1,,,,,
5706,"Weirdest, Bestest, Truest",2018,all,14/100,0,0,0,1,1,,,,,
5707,Roll it Back,2019,,14/100,0,0,0,1,1,,,,,
5709,Animal Showdown,2018,,13/100,0,0,0,1,1,,,,,
5710,Love & Vets,2017,,13/100,0,0,0,1,1,,,,,
5711,Awesome Animals,2020,,13/100,0,0,0,1,1,,,,,
5712,Best Job Ever,2018,,10/100,0,0,0,1,1,,,,,
5713,Paradise Islands,2017,,10/100,0,0,0,1,1,,,,,
5714,Mexico Untamed,2018,,10/100,0,0,0,1,1,,,,,
5715,Wild Centeral America,2020,,10/100,0,0,0,1,1,,,,,
5716,Wild Russia,2018,,10/100,0,0,0,1,1,,,,10.0,tt1489868
5717,Fearless Adventures with Jack Randall,2018,,10/100,0,0,0,1,1,,,,,
